icao24,origin_country,velocity,geo_altitude
e8027e,Chile,184.61,5585.46
aa3cbe,United States,52.43,2217.42
ab6fdd,United States,140.56,1996.44
a5953a,United States,0.0,
8a02ff,Indonesia,69.85,106.68
80163d,India,210.62,8526.78
ab2984,United States,72.24,640.08
aa096a,United States,48.79,944.88
3be3ff,France,0.0,
a3a568,United States,83.72,2735.58
aae316,United States,233.67,11529.06
acdfa3,United States,214.18,10706.1
a2cbaf,United States,58.67,594.36
a36880,United States,68.04,914.4
ab1667,United States,241.18,12618.72
a0e247,United States,57.56,640.08
ad6966,United States,139.5,4960.62
a09260,United States,125.99,1295.4
a5954e,United States,257.28,9410.7
aa9300,United States,142.5,1257.3
acdfbe,United States,40.13,990.6
801623,India,88.09,754.38
801621,India,222.5,12047.22
851914,Japan,224.98,12382.5
80160f,India,227.1,9441.18
aaf656,United States,221.99,12298.68
a6053c,United States,55.8,853.44
a5e550,United States,65.51,1188.72
ad5622,United States,229.89,11308.08
aae333,United States,73.31,541.02
a89eb9,United States,58.73,1066.8
a0e250,United States,236.21,8976.36
a2ded8,United States,0.0,
0d1314,Mexico,242.82,11338.56
a34215,United States,242.12,11292.84
80161e,India,180.67,5455.92
a2355d,United States,240.08,8709.66
e8023b,Chile,192.94,6591.3
ac498d,United States,91.06,3223.26
ab0356,United States,216.02,11978.64
a2228b,United States,142.63,1866.9
aad012,United States,177.15,4724.4
ae6307,United States,78.22,22.86
abacd2,United States,242.51,10515.6
801683,India,183.14,2773.68
801689,India,188.58,4419.6
4bc8c2,Turkey,246.81,11262.36
e80259,Chile,229.62,12390.12
a53eb2,United States,46.71,1051.56
801680,India,227.72,8343.9
e8024c,Chile,192.49,7520.94
a950f7,United States,174.45,11315.7
e8024a,Chile,0.0,
a710fe,United States,48.38,762.0
71c784,Republic of Korea,142.99,3459.48
ad563d,United States,258.85,13159.74
4bc8d6,Turkey,260.94,11033.76
a3eba1,United States,67.91,1059.18
a4d838,United States,265.27,11894.82
a2226b,United States,58.24,784.86
a35592,United States,227.09,11658.6
ad5679,United States,258.16,11277.6
acdffc,United States,237.46,8503.92
e80270,Chile,199.54,10096.5
ac3688,United States,252.77,12527.28
801665,India,248.96,12915.9
e80275,Chile,237.91,10439.4
801666,India,268.42,12420.6
adecb6,United States,75.93,220.98
e8026a,Chile,214.11,8115.3
80165d,India,220.02,6560.82
e8026d,Chile,226.22,11719.56
e8026c,Chile,248.09,13929.36
a3fee7,United States,238.83,12847.32
ae6317,United States,4.89,
e4a7ae,Brazil,256.97,10873.74
a3689e,United States,0.0,
ac1042,United States,104.92,891.54
a3b86c,United States,122.26,2103.12
a4c527,United States,200.28,8900.16
a53ee2,United States,0.0,
e8027a,Chile,131.71,2743.2
505f15,Slovakia,181.44,6103.62
abad94,United States,244.4,10690.86
adda1b,United States,101.28,563.88
a7bbe9,United States,6.94,
adda24,United States,1.29,
ae61b7,United States,75.53,601.98
ac6a65,United States,145.81,2255.52
aae1ea,United States,270.4,12565.38
a9656c,United States,48.79,304.8
86cfa0,Japan,224.9,12054.84
a9a21e,United States,85.16,1844.04
e8020d,Chile,3.09,
44023f,Austria,216.89,12169.14
a6f23d,United States,285.52,11148.06
e8021a,Chile,246.57,9669.78
e8021c,Chile,224.81,10759.44
0d11e6,Mexico,233.8,11993.88
0d11e8,Mexico,220.96,11681.46
0d11e9,Mexico,202.97,6461.76
a71291,United States,119.87,1226.82
3455c1,Spain,0.0,
e48be3,Brazil,169.13,6004.56
ac6a85,United States,52.32,1165.86
ad41cd,United States,232.14,12923.52
e80238,Chile,228.63,12054.84
ab290e,United States,237.52,12009.12
ad41ed,United States,226.71,12306.3
e8022a,Chile,249.74,11308.08
a15d0a,United States,173.99,4945.38
46b82b,Greece,254.76,10896.6
a5d28e,United States,244.35,11277.6
a3428e,United States,227.51,12633.96
a96561,United States,39.07,845.82
c0226c,Canada,163.96,2987.04
a5d28c,United States,231.21,11026.14
a8a87e,United States,0.9,
a96564,United States,24.11,685.8
e48bf8,Brazil,145.3,5821.68
adda5f,United States,247.77,13251.18
46b831,Greece,191.27,4107.18
a091d5,United States,238.4,11666.22
ae0d8f,United States,61.92,594.36
a101c3,United States,230.75,8778.24
a114f4,United States,229.47,11026.14
a4c592,United States,145.69,982.98
a5958c,United States,77.68,83.82
8851e7,Thailand,239.37,10713.72
a1ad44,United States,244.89,12306.3
8851e1,Thailand,227.97,
c81d31,New Zealand,80.81,2735.58
c81d32,New Zealand,66.44,1363.98
46b828,Greece,123.28,1318.26
46b826,Greece,234.76,11986.26
46b827,Greece,161.65,3566.16
c07be8,Canada,0.0,
4cc2a3,Iceland,250.86,11041.38
4cc2a6,Iceland,249.15,11117.58
ab6fbf,United States,271.42,10553.7
ab161b,United States,200.97,6697.98
c80a16,New Zealand,4.6,838.2
851958,Japan,200.09,4876.8
a27d26,United States,206.64,7459.98
a8a82f,United States,0.0,
a85887,United States,244.43,11978.64
e80204,Chile,181.98,5196.84
e80205,Chile,236.74,11094.72
a2ba48,United States,225.61,8442.96
7cf9ee,Australia,122.02,3093.72
8014a5,India,263.67,13190.22
aa07f9,United States,0.0,
5110c8,Estonia,121.96,4808.22
a101f9,United States,270.5,10325.1
c0482a,Canada,187.96,3589.02
a3ed69,United States,173.52,4213.86
ab5d36,United States,208.02,13723.62
c03517,Canada,0.0,
a5f7e9,United States,36.62,373.38
a38a50,United States,81.41,2781.3
e49ec9,Brazil,225.7,12268.2
ac34a1,United States,79.58,3695.7
a38a2d,United States,77.08,594.36
ab14c0,United States,66.51,1882.14
a5f7d9,United States,42.48,1874.52
accd13,United States,241.64,11993.88
7c2f56,Australia,25.85,358.14
ab5d52,United States,276.4,10995.66
7cf9d1,Australia,0.0,
7cf9d2,Australia,248.61,10256.52
e07584,Argentina,250.47,12184.38
a40d46,United States,222.06,14447.52
a0f4f6,United States,287.65,11148.06
e07582,Argentina,230.87,12199.62
ab14d9,United States,112.76,975.36
84d283,Japan,7.72,
c02207,Canada,263.6,11658.6
c04850,Canada,101.4,662.94
87457e,Japan,264.34,11772.9
4aca94,Sweden,94.37,830.58
a3ed96,United States,141.51,7475.22
accd09,United States,113.98,4899.66
a724b2,United States,13.38,365.76
a3ed91,United States,12.35,
a5d1a2,United States,219.01,13799.82
84d28e,Japan,233.74,11422.38
8a0478,Indonesia,143.13,1965.96
a88d10,United States,235.79,13243.56
4aca8c,Sweden,13.89,
ac47de,United States,263.93,11910.06
7c1c23,Australia,64.77,1104.9
a6f28c,United States,6.17,
e49eec,Brazil,241.04,12618.72
e49eef,Brazil,175.63,4831.08
aa3d09,United States,5.92,
e49ef0,Brazil,234.48,11384.28
ac34bf,United States,216.37,12298.68
a3b7d1,United States,53.86,213.36
e49ef1,Brazil,229.48,11711.94
ae74a6,United States,43.29,381.0
85188c,Japan,14.92,
c80a90,New Zealand,43.26,533.4
8a044f,Indonesia,202.88,6979.92
86cec5,Japan,243.13,10507.98
ad67cd,United States,64.43,1623.06
a40d8d,United States,253.09,9372.6
8014f2,India,69.46,144.78
ac6a1f,United States,238.21,11696.7
4400eb,Austria,70.41,480.06
8a0451,Indonesia,76.9,190.5
471f9a,Hungary,204.06,5044.44
e48ba9,Brazil,243.55,11666.22
8014c1,India,189.58,4754.88
8a043a,Indonesia,224.3,8229.6
a40d7a,United States,205.68,10248.9
e49ecd,Brazil,96.72,1318.26
acba1f,United States,82.99,1097.28
acba1b,United States,6.43,
471f6d,Hungary,254.39,11262.36
e49ed5,Brazil,174.41,5227.32
87453a,Japan,233.13,8191.5
8014d3,India,235.66,12077.7
4520eb,Bulgaria,264.43,10637.52
a39d95,United States,225.27,9410.7
abad6c,United States,236.61,7741.92
a3ed58,United States,6.43,
aa91fe,United States,264.86,11269.98
aa0909,United States,0.0,
34310d,Spain,128.51,3116.58
ae6226,United States,48.37,678.18
a09322,United States,177.78,6995.16
a5d1f7,United States,206.91,8374.38
adfedd,United States,93.14,2286.0
a951bc,United States,142.23,9723.12
8a03a6,Indonesia,244.21,11338.56
ac358e,United States,58.25,22.86
ada541,United States,61.62,937.26
4270ed,United Kingdom,227.68,
a9a1b6,United States,54.5,762.0
a03ce5,United States,60.97,3528.06
a63a97,United States,57.05,1706.88
a16ff1,United States,274.67,11414.76
a63a8b,United States,71.11,2019.3
a8a7eb,United States,50.47,1600.2
742838,Jordan,224.71,6667.5
a831ed,United States,217.65,12161.52
7809ac,China,231.63,9860.28
a00973,United States,67.18,2720.34
c07c7b,Canada,181.6,6690.36
a9ea10,United States,54.17,419.1
7809d5,China,205.35,6248.4
a5d1b9,United States,237.72,11818.62
a3696e,United States,214.0,6964.68
a88d47,United States,233.35,9037.32
c046f4,Canada,117.62,1790.7
a76d5a,United States,222.61,11026.14
adebef,United States,29.61,533.4
a8a7cf,United States,149.48,2773.68
a27cdc,United States,71.52,251.46
ae624c,United States,42.88,76.2
a1bff9,United States,199.92,6332.22
a8dd2c,United States,203.26,10447.02
a41fd9,United States,133.24,1577.34
a977f8,United States,41.57,594.36
801606,India,234.22,13037.82
a23675,United States,198.44,6385.56
801608,India,199.75,6484.62
c046e2,Canada,73.77,419.1
00b1fb,South Africa,238.3,12664.44
7809f0,China,110.8,2286.0
7809eb,China,235.11,11125.2
ae627f,United States,74.83,571.5
471f06,Hungary,200.05,7383.78
a63a72,United States,125.65,3749.04
e07542,Argentina,131.54,3063.24
a831b2,United States,234.64,10736.58
e48c8f,Brazil,211.98,12603.48
a08021,United States,61.77,-15.24
0d121b,Mexico,196.27,7284.72
0d121d,Mexico,237.16,11597.64
a3560b,United States,198.96,7589.52
a977d4,United States,240.07,10050.78
a4b1fb,United States,47.51,2385.06
c07e2c,Canada,205.22,9547.86
80174d,India,234.6,12070.08
ab5dd4,United States,191.8,11468.1
a2ccee,United States,61.51,1912.62
a59662,United States,41.18,327.66
ada714,United States,63.16,502.92
a46345,United States,6.17,
e48c05,Brazil,227.7,10165.08
a0806f,United States,173.37,5387.34
ac2412,United States,202.44,11582.4
a7cfb7,United States,2.06,
c07e42,Canada,33.1,358.14
a5e632,United States,46.2,472.44
407b55,United Kingdom,205.0,11399.52
aaf756,United States,68.17,1112.52
c07e1d,Canada,27.85,152.4
505ceb,Slovakia,88.75,1211.58
e49f44,Brazil,224.42,11010.9
c81ac0,New Zealand,54.41,68.58
a60665,United States,62.58,609.6
a3567a,United States,226.47,14417.04
800446,India,124.61,1379.22
c07e33,Canada,198.76,10576.56
c048cb,Canada,135.38,4716.78
a7cfcc,United States,66.81,769.62
c035cc,Canada,202.78,12054.84
a2dffe,United States,235.55,11361.42
a1f00e,United States,230.0,9715.5
a64ce6,United States,224.29,9441.18
a6f312,United States,225.38,7376.16
a47656,United States,232.24,8763.0
801744,India,151.41,2438.4
801745,India,153.24,3992.88
a5e658,United States,59.88,571.5
ad574f,United States,234.39,12611.1
a71337,United States,241.56,9060.18
a1f025,United States,268.77,13174.98
80172e,India,239.8,10774.68
a41fed,United States,281.62,9784.08
a85964,United States,170.57,5029.2
c07e59,Canada,257.3,11696.7
a46310,United States,246.37,9121.14
a2101f,United States,82.87,495.3
a64cdb,United States,261.63,10386.06
a36994,United States,75.7,495.3
0d10e4,Mexico,234.56,11971.02
aae465,United States,201.83,12237.72
407b8b,United Kingdom,201.56,11201.4
a5f938,United States,278.86,11224.26
3c4b34,Germany,168.88,3223.26
3c4b33,Germany,141.69,3863.34
abadf9,United States,202.5,6774.18
a45051,United States,229.6,11330.94
3c4b28,Germany,279.27,10683.24
a9ea61,United States,46.43,769.62
a9b4fe,United States,53.61,243.84
ad9dd9,United States,93.86,1348.74
ac245c,United States,279.01,10538.46
a9ea75,United States,54.53,266.7
3c4b35,Germany,269.9,10485.12
3c4b2c,Germany,286.79,10972.8
a89fa3,United States,192.93,11445.24
a6afb6,United States,157.13,5478.78
a8dd7b,United States,7.72,
800448,India,242.75,8953.5
a3ffeb,United States,48.83,899.16
a85931,United States,0.0,
a9fd78,United States,48.77,320.04
a0808f,United States,286.28,11719.56
801783,India,239.86,10652.76
407b70,United Kingdom,204.52,11300.46
778823,Syrian Arab Republic,220.43,10728.96
a9b4de,United States,244.09,12321.54
ac379a,United States,207.48,9944.1
ad4470,United States,99.1,3512.82
778821,Syrian Arab Republic,241.28,8564.88
80044d,India,178.45,6286.5
a3fffc,United States,246.56,12603.48
a008c9,United States,0.06,
801799,India,227.86,9982.2
a3a65f,United States,232.6,10020.3
801792,India,185.99,5524.5
ac247a,United States,220.92,11635.74
ada5ee,United States,222.17,10972.8
a9534b,United States,82.2,1089.66
8a0309,Indonesia,218.75,7932.42
a6f383,United States,44.7,396.24
a4a082,United States,52.06,1943.1
3c171b,Germany,283.3,11711.94
a9c99a,United States,54.37,342.9
adee5f,United States,8.75,
a4507a,United States,36.54,403.86
ad8b61,United States,190.27,3436.62
a235ac,United States,91.67,1874.52
a2ce05,United States,255.58,11170.92
c0103a,Canada,242.5,11049.0
a88cec,United States,246.74,14401.8
a6e02b,United States,72.89,1402.08
ad42dc,United States,57.59,1562.1
0ac3d1,Colombia,205.6,2689.86
a9b649,United States,164.65,3924.3
ad8b97,United States,49.68,769.62
a45072,United States,0.0,
0d10bc,Mexico,215.06,8130.54
a95345,United States,127.87,929.64
a008ed,United States,239.77,12352.02
a96678,United States,73.61,1889.76
e48ad5,Brazil,207.64,10980.42
4bb4f0,Turkey,246.5,11292.84
a7000a,United States,253.21,10424.16
a84663,United States,1.54,
8016a1,India,237.04,9159.24
4aca64,Sweden,216.85,12915.9
a39e60,United States,149.26,9441.18
4aca68,Sweden,280.41,11826.24
a5e66d,United States,151.52,3596.64
4aca67,Sweden,147.52,2034.54
a7133f,United States,250.58,11338.56
c81c07,New Zealand,38.01,198.12
a222b2,United States,228.67,11650.98
aaf720,United States,48.33,533.4
a6f326,United States,149.58,3078.48
a7cfe6,United States,155.58,3185.16
a89fda,United States,244.0,11338.56
a6f31d,United States,3.34,
a7bcb2,United States,42.23,502.92
a475a3,United States,22.64,
a88cf9,United States,169.67,13616.94
ab1747,United States,4.63,
a5d35c,United States,246.3,11346.18
a6e030,United States,49.97,762.0
a02b4e,United States,53.41,419.1
ab5dab,United States,191.38,6979.92
a355ab,United States,45.1,2613.66
4bb4e3,Turkey,240.45,11079.48
76b86c,Singapore,78.16,571.5
c81c2d,New Zealand,36.25,175.26
a115f7,United States,1.03,556.26
a14b53,United States,79.78,3489.96
ac3731,United States,0.0,
c81c31,New Zealand,74.12,845.82
ac3737,United States,73.07,4053.84
c81c33,New Zealand,32.09,144.78
4bb4e7,Turkey,263.43,11871.96
847114,Japan,124.97,2857.5
46b927,Greece,182.39,9151.62
8015c2,India,240.39,10789.92
ab15ba,United States,194.18,9593.58
a595f1,United States,42.9,861.06
ac7e1c,United States,235.18,12001.5
c81c47,New Zealand,58.24,830.58
ad9e28,United States,76.85,708.66
a8de10,United States,1.54,
a88e29,United States,207.86,6644.64
8015d3,India,234.67,12405.36
a3a5fc,United States,97.09,1234.44
5002e6,San Marino,190.43,7498.08
a76e37,United States,174.14,6957.06
abae2c,United States,209.26,9098.28
8015ca,India,239.41,
ab4b34,United States,219.7,6598.92
885336,Thailand,205.29,4632.96
0180b4,Libyan Arab Jamahiriya,84.31,480.06
a3db5a,United States,256.16,
a3db5e,United States,207.98,9608.82
aae2a5,United States,121.6,1379.22
ae0e36,United States,43.73,381.0
a605f0,United States,35.14,502.92
ab02c6,United States,57.64,1043.94
8015a7,India,241.38,10652.76
781a4b,China,265.46,10142.22
ab5e6c,United States,259.55,8572.5
a9a397,United States,4.89,
a88e2e,United States,10.8,
a64e90,United States,59.72,441.96
a26b4a,United States,223.49,8442.96
873378,Japan,104.77,647.7
ad68e1,United States,94.25,7978.14
e0b110,Argentina,57.79,30.48
ad55b7,United States,60.11,784.86
ac7e60,United States,23.15,
a9b69d,United States,48.69,365.76
ad8b1d,United States,248.87,10965.18
885311,Thailand,12.35,
a09402,United States,2.06,
c06a9b,Canada,269.24,10355.58
7c71f7,Australia,168.6,7825.74
a94078,United States,49.18,1272.54
a3b8f5,United States,249.09,11338.56
abae62,United States,240.05,11193.78
aae2cc,United States,62.67,381.0
c81c8f,New Zealand,74.6,1082.04
a0f70c,United States,112.15,2247.9
ac7e80,United States,131.7,3215.64
0d116b,Mexico,226.85,12275.82
3c4ad9,Germany,295.5,10157.46
a52e58,United States,217.23,9037.32
3c4ad7,Germany,229.83,11673.84
ac7e8a,United States,55.31,160.02
a52e54,United States,8.75,
8015db,India,237.34,10767.06
a5f8e4,United States,175.74,3741.42
8015f7,India,247.37,12031.98
ad9e73,United States,284.31,11666.22
3c4ada,Germany,262.78,9951.72
a38b84,United States,77.38,655.32
a52e5b,United States,247.56,11102.34
aad058,United States,59.73,2156.46
e48b65,Brazil,220.91,11658.6
aae380,United States,57.05,2057.4
a1adab,United States,0.0,
a99b5f,United States,150.71,2491.74
c06a75,Canada,258.77,10538.46
a39da1,United States,123.43,5334.0
4401e4,Austria,2.83,
a0e431,United States,253.64,10629.9
0d111b,Mexico,202.48,8252.46
a23754,United States,25.73,1379.22
a9fe88,United States,212.02,14371.32
a99b83,United States,228.33,12275.82
344557,Spain,146.99,853.44
ada64d,United States,230.59,10744.2
a02aca,United States,43.77,335.28
aa92fc,United States,282.88,11826.24
0d112e,Mexico,222.49,10972.8
c06a7f,Canada,264.92,10332.72
ada699,United States,211.31,8846.82
c06a7b,Canada,239.69,11361.42
0d1140,Mexico,207.24,8016.24
45ba06,Denmark,118.14,6080.76
70204a,Bangladesh,258.46,10774.68
a87b97,United States,74.06,2606.04
a87b8a,United States,249.26,9486.9
728684,Iraq,273.48,12367.26
ad4390,United States,198.23,4983.48
ac1080,United States,2.31,
4bc850,Turkey,4.12,9707.88
0d1154,Mexico,158.18,3322.32
0d1155,Mexico,155.79,3223.26
a35701,United States,138.28,2103.12
4521bf,Bulgaria,243.6,11407.14
aa92f8,United States,292.66,11795.76
c06a82,Canada,178.1,3413.76
4521bb,Bulgaria,100.34,1447.8
c06a80,Canada,172.93,4191.0
a9eb03,United States,33.99,1371.6
4bc88d,Turkey,237.84,7635.24
a1f116,United States,3.09,
87339a,Japan,263.53,10187.94
a582f9,United States,238.52,12801.6
a63b69,United States,176.82,8092.44
c06a38,Canada,275.52,11628.12
a23780,United States,48.88,739.14
a9c8ce,United States,40.07,1333.5
8518ae,Japan,257.98,8084.82
3946e5,France,162.53,5067.3
a2376e,United States,59.36,906.78
ad4397,United States,245.79,12062.46
801733,India,243.51,11742.42
800401,India,199.94,6019.8
a6f2b7,United States,233.39,10218.42
a4fb87,United States,99.93,2887.98
a4fb85,United States,59.16,327.66
ab15a9,United States,26.96,449.58
ad3098,United States,196.52,7360.92
a21108,United States,44.67,594.36
71fcab,Republic of Korea,95.38,1059.18
a5d2f9,United States,253.6,9471.66
4bc883,Turkey,253.08,10149.84
a8de33,United States,1.54,
4bc882,Turkey,236.22,11003.28
a63b85,United States,87.86,6042.66
a2241b,United States,0.06,
ac7e24,United States,122.79,7040.88
8518f2,Japan,122.7,1097.28
ac48d3,United States,230.51,11643.36
4bc889,Turkey,255.54,11201.4
a27dd1,United States,35.5,68.58
4bc895,Turkey,198.06,10911.84
a14abe,United States,80.15,723.9
a75b5e,United States,168.35,4846.32
8a0394,Indonesia,247.15,10759.44
a35743,United States,65.34,754.38
73806b,Israel,235.4,11330.94
a36661,United States,152.78,3886.2
a0f355,United States,193.42,6835.14
73806f,Israel,222.04,11338.56
a86925,United States,197.72,4160.52
801878,India,213.38,8328.66
c2b03f,Canada,154.39,3642.36
c058ae,Canada,254.4,11033.76
ac4717,United States,195.42,5105.4
80187c,India,0.0,
a2467a,United States,221.93,11650.98
ada2fb,United States,51.97,670.56
80187d,India,155.71,3307.08
80187e,India,181.1,4869.18
440096,Austria,217.04,6926.58
a1cffd,United States,243.91,11955.78
ab140a,United States,54.48,731.52
c058cb,Canada,218.76,8694.42
e072d0,Argentina,252.77,
ab1423,United States,92.61,1706.88
801859,India,251.47,11269.98
738061,Israel,238.08,11932.92
c058d5,Canada,0.0,
4bb475,Turkey,260.02,11742.42
738064,Israel,249.06,10820.4
738063,Israel,236.35,12031.98
c07b05,Canada,100.47,1447.8
738069,Israel,252.25,11932.92
a2dca3,United States,39.85,114.3
801864,India,171.18,5715.0
c058cd,Canada,0.0,
ab2760,United States,177.41,3840.48
ac340a,United States,237.85,12306.3
a8da83,United States,57.62,762.0
738072,Israel,253.08,11026.14
738071,Israel,260.8,11948.16
a4e990,United States,41.87,289.56
738075,Israel,241.74,8267.7
a73627,United States,222.57,6873.24
a36636,United States,201.23,11445.24
a2597f,United States,226.14,11254.74
73806a,Israel,250.28,11795.76
a66fdc,United States,46.07,1348.74
80057d,India,152.77,2270.76
c02067,Canada,0.51,
a9fa34,United States,87.0,1143.0
8733bc,Japan,201.26,4480.56
3c4a10,Germany,289.13,11536.68
3c4a09,Germany,232.25,11711.94
3c4a08,Germany,286.89,11178.54
3c4a07,Germany,266.51,11102.34
aa0701,United States,133.25,1714.5
3c4a0c,Germany,0.51,
738050,Israel,39.1,
738053,Israel,243.33,11292.84
738052,Israel,254.87,10645.14
738058,Israel,255.83,11574.78
738057,Israel,224.47,11330.94
c0204f,Canada,112.97,8900.16
ac7aa9,United States,144.02,2232.66
738059,Israel,219.92,11948.16
44003f,Austria,262.15,11323.32
a11380,United States,223.21,12283.44
70209a,Bangladesh,239.41,11940.54
a3534a,United States,197.67,8778.24
a3401a,United States,196.57,10088.88
a3c94c,United States,10.8,
440081,Austria,224.22,12313.92
a74923,United States,243.42,11353.8
80189d,India,272.98,11140.44
ad6755,United States,243.59,11346.18
a2dce1,United States,108.61,1120.14
a8da2b,United States,91.51,3048.0
a841f5,United States,216.16,11582.4
ae1daa,United States,55.9,53.34
a1be03,United States,69.07,213.36
a4c378,United States,39.13,495.3
a73690,United States,236.74,10690.86
a9d966,United States,60.24,1798.32
a6f00d,United States,73.78,419.1
e4a652,Brazil,125.45,2659.38
a59398,United States,169.28,3543.3
874846,Japan,43.21,
a04e3f,United States,77.7,4091.94
ac32cf,United States,227.62,12298.68
a95015,United States,3.6,
a8431a,United States,138.62,2103.12
a8697f,United States,221.63,7696.2
a0e086,United States,235.24,11353.8
a8b964,United States,11.83,
440039,Austria,256.99,10660.38
a47372,United States,34.33,22.86
ae1e5d,United States,96.69,6797.04
aa3ae5,United States,228.67,9494.52
aa9136,United States,242.3,12626.34
aa3ae2,United States,0.0,
8a0636,Indonesia,78.24,525.78
c0468e,Canada,118.61,2811.78
accb50,United States,245.44,12915.9
abab79,United States,64.44,1424.94
a35388,United States,239.2,12626.34
8a061d,Indonesia,222.12,12039.6
a2de24,United States,274.58,14287.5
a4d65c,United States,173.71,3444.24
a39b03,United States,79.92,2354.58
a97628,United States,37.56,701.04
accb65,United States,222.85,8351.52
ae1e7b,United States,94.5,701.04
a3fcfb,United States,216.22,13853.16
a005fc,United States,41.11,411.48
e4a68e,Brazil,5.66,
8840f8,Thailand,131.66,1996.44
3c4a8b,Germany,287.85,11353.8
3c4a8c,Germany,302.84,11018.52
a03b67,United States,222.24,10988.04
8960fa,United Arab Emirates,238.38,13403.58
a65cce,United States,263.49,11826.24
a28e29,United States,78.41,76.2
c04660,Canada,60.07,1059.18
c04662,Canada,51.68,1104.9
ae0b7e,United States,53.94,1615.44
a89caa,United States,50.42,1165.86
a5e339,United States,145.94,2857.5
ad9b94,United States,252.63,8168.64
a9fa9e,United States,173.43,3154.68
a28e0a,United States,215.54,7589.52
8960dc,United Arab Emirates,243.59,12123.42
a78ffa,United States,230.68,12877.8
a2cb33,United States,7.72,
47c1c2,Norway,149.63,2583.18
ab6e28,United States,63.8,1089.66
a3fe56,United States,93.91,1988.82
a2cb32,United States,299.33,11811.0
c81b22,New Zealand,64.67,2369.82
89611f,United Arab Emirates,245.89,10050.78
a1be5c,United States,65.34,571.5
a1be72,United States,210.86,8130.54
c81b2a,New Zealand,36.01,198.12
a28e6c,United States,75.64,381.0
a39b35,United States,74.62,281.94
8016eb,India,50.13,586.74
a245fb,United States,210.57,9486.9
a748b9,United States,39.21,579.12
405631,United Kingdom,188.7,7200.9
a125ef,United States,68.65,510.54
ab38df,United States,56.4,594.36
abbe0c,United States,,
a39b19,United States,185.23,5288.28
a3a2c2,United States,53.08,815.34
a4e8ef,United States,188.85,8968.74
4891b6,Poland,226.77,12199.62
a9638b,United States,30.7,457.2
a39b0b,United States,56.0,2042.16
a748dd,United States,54.88,1394.46
5001e3,San Marino,261.76,11292.84
8016d4,India,210.61,7475.22
a365b7,United States,95.69,754.38
ac8e2a,United States,56.37,2651.76
a03b6d,United States,183.77,3977.64
a615d0,United States,6.17,
a41e29,United States,213.1,10553.7
ac8e1d,United States,256.16,11300.46
a5f5b5,United States,63.45,746.76
4891a6,Poland,216.59,
abbe24,United States,87.47,2217.42
a9768a,United States,3.09,
ab5b1f,United States,64.58,1973.58
a41e94,United States,192.29,6499.86
c1ea42,Canada,0.06,
84715c,Japan,72.88,114.3
a12709,United States,174.95,3611.88
a3c8d1,United States,234.92,11673.84
a2de96,United States,150.85,2232.66
a9b357,United States,5.66,
781b9a,China,234.85,7955.28
ad9b28,United States,168.82,3589.02
ab5b4e,United States,44.95,1409.7
ab5b66,United States,187.22,4305.3
a52b00,United States,68.47,1584.96
a00705,United States,211.64,11742.42
a39b3b,United States,50.33,1706.88
aca97c,United States,52.46,662.94
8470a0,Japan,251.04,8732.52
ad6665,United States,59.44,289.56
a12731,United States,287.64,11719.56
a12732,United States,0.06,
a77e97,United States,258.36,11689.08
abbce5,United States,138.52,1866.9
841c60,Japan,103.54,1897.38
ac8cf1,United States,237.92,11978.64
a90e76,United States,29.34,7.62
89619a,United Arab Emirates,272.4,11026.14
7cb05e,Australia,9.77,
a77e8f,United States,270.21,10637.52
801800,India,117.16,3040.38
a88b46,United States,51.08,944.88
a89e75,United States,39.64,342.9
7cb066,Australia,174.09,7551.42
7cb065,Australia,133.56,2887.98
a2cb9e,United States,252.31,10287.0
7cb063,Australia,189.84,5394.96
a1272d,United States,250.21,11094.72
a9c5c9,United States,237.99,7711.44
aca989,United States,51.62,1097.28
8626cc,Japan,4.89,
a988f0,United States,238.34,12298.68
ac468d,United States,235.01,10363.2
7cb059,Australia,11.32,
a12711,United States,235.02,11445.24
89617b,United Arab Emirates,254.03,11422.38
89617a,United Arab Emirates,277.04,
7cb03d,Australia,56.36,1744.98
a8ee45,United States,32.09,68.58
738102,Israel,236.54,8511.54
ac2038,United States,109.06,777.24
738100,Israel,272.69,12359.64
a64b96,United States,50.24,228.6
738103,Israel,279.02,12291.06
896193,United Arab Emirates,257.94,13136.88
a00739,United States,50.26,1028.7
896192,United Arab Emirates,160.84,3390.9
4a3121,Romania,251.74,11330.94
89618f,United Arab Emirates,163.8,3489.96
89618e,United Arab Emirates,163.23,3108.96
89618d,United Arab Emirates,216.98,6164.58
3c15be,Germany,259.3,12573.0
a90e61,United States,129.43,609.6
3c4b23,Germany,261.84,10690.86
89618b,United Arab Emirates,258.83,
8a05ae,Indonesia,117.03,2278.38
3c4b21,Germany,108.05,3398.52
89618a,United Arab Emirates,282.64,11643.36
aaf37c,United States,88.71,3124.2
a1270a,United States,247.59,11978.64
aa4e80,United States,200.24,8092.44
a12777,United States,223.75,11666.22
a12778,United States,256.11,11894.82
ad402f,United States,189.36,4297.68
801839,India,216.89,
896179,United Arab Emirates,256.07,11742.42
896177,United Arab Emirates,261.34,9128.76
a04dfa,United States,242.64,9159.24
a65e63,United States,41.83,2095.5
a0f427,United States,283.6,10850.88
a0911b,United States,0.0,
ac205f,United States,0.0,
80183a,India,209.18,9204.96
a1010c,United States,240.46,11696.7
a1277a,United States,0.19,
896185,United Arab Emirates,256.91,12816.84
a868d2,United States,45.27,1242.06
a3a2f8,United States,103.06,1516.38
ab38a1,United States,224.97,9692.64
896188,United Arab Emirates,233.59,
a9d8ac,United States,44.88,1074.42
896181,United Arab Emirates,223.35,7002.78
a12753,United States,217.81,12260.58
c07a0f,Canada,8.75,
ad4062,United States,53.11,449.58
a12755,United States,253.2,11986.26
a12756,United States,251.18,11056.62
a12758,United States,228.78,10835.64
ac2082,United States,74.21,22.86
a842a3,United States,36.38,1143.0
c031a0,Canada,211.59,7459.98
a722b1,United States,206.65,10287.0
a8b8b9,United States,171.32,3741.42
801830,India,212.77,8450.58
ab38c6,United States,29.22,259.08
a1279f,United States,32.04,914.4
ab6ebe,United States,248.26,11711.94
a3b75c,United States,44.86,762.0
a52aa2,United States,76.71,541.02
452199,Bulgaria,4.37,
ab285d,United States,25.77,2560.32
47b12e,Norway,147.0,2598.42
a34119,United States,1.29,
a58103,United States,227.13,10995.66
a0079d,United States,57.97,434.34
a12796,United States,141.86,2042.16
017073,Egypt,32.04,182.88
a12797,United States,86.63,2941.32
a12798,United States,203.8,11635.74
a09140,United States,31.82,281.94
a1277b,United States,256.81,11788.14
a4c434,United States,48.83,441.96
ab020d,United States,51.25,1112.52
47b121,Norway,238.05,12054.84
c059db,Canada,6.43,
a5810c,United States,215.98,12260.58
ac8ee5,United States,0.0,
7c7555,Australia,39.06,1592.58
a22123,United States,66.95,2994.66
ac7ba4,United States,59.46,815.34
acdea4,United States,56.44,906.78
c059df,Canada,190.25,11239.5
ac486a,United States,0.0,
aaf553,United States,70.18,137.16
abbee3,United States,207.19,5585.46
a0919c,United States,52.63,1645.92
a9c5ee,United States,71.05,
45213e,Bulgaria,246.09,11536.68
45213d,Bulgaria,227.75,7376.16
ac3558,United States,245.9,11963.4
ab5bf0,United States,239.68,11658.6
a0e17b,United States,42.5,1607.82
452186,Bulgaria,225.35,11612.88
a9c5e2,United States,256.09,13807.44
a09188,United States,11.32,
a40ad3,United States,41.22,60.96
a39add,United States,49.85,342.9
ad554c,United States,45.11,1866.9
452179,Bulgaria,82.23,518.16
a53db2,United States,194.9,10805.16
acdef8,United States,58.79,1089.66
ada51e,United States,209.2,11544.3
a2348d,United States,2.31,
8a03c4,Indonesia,190.45,6035.04
8a03ae,Indonesia,162.13,4488.18
8a03ac,Indonesia,94.67,1036.32
a36799,United States,197.96,10104.12
ac20c4,United States,0.0,
440132,Austria,214.62,12466.32
0d12dd,Mexico,189.92,5189.22
44012f,Austria,4.37,
a28f12,United States,183.02,7002.78
a8a785,United States,203.05,10637.52
a34199,United States,223.78,11330.94
adb6cb,United States,4.63,
8a0536,Indonesia,247.56,
4bd8cb,Turkey,246.87,11757.66
a3ff01,United States,88.32,1417.32
a3c9b4,United States,217.97,7536.18
8018b6,India,235.2,14599.92
8018b9,India,206.5,8671.56
acdf9a,United States,215.94,10919.46
300a62,Italy,267.97,12458.7
300a63,Italy,87.53,419.1
a006b8,United States,34.42,434.34
8a0521,Indonesia,103.33,1303.02
a3c9c5,United States,238.75,10751.82
a9b402,United States,4.89,
452138,Bulgaria,234.61,11033.76
300a5c,Italy,5.66,
ad53fd,United States,75.97,1897.38
a04f49,United States,138.9,2194.56
4bd8c9,Turkey,0.0,
ad9c6c,United States,53.84,144.78
a139d8,United States,49.5,1051.56
a126ea,United States,282.76,11696.7
4bb2b2,Turkey,1.54,
a1ac1a,United States,225.33,10332.72
8a0508,Indonesia,236.0,10027.92
aa3bf0,United States,216.93,10911.84
a77de9,United States,189.17,13594.08
a1ac37,United States,45.51,693.42
a3b79c,United States,0.06,
8005b9,India,238.39,13822.68
7c753b,Australia,101.88,5212.08
a52add,United States,111.25,952.5
ae1f9f,United States,52.81,624.84
7c7534,Australia,135.33,5974.08
a61797,United States,231.3,11041.38
a4b136,United States,125.99,6781.8
ac4801,United States,199.86,10736.58
a7cda7,United States,0.0,
a8a748,United States,240.23,11361.42
a58149,United States,59.3,982.98
a379dd,United States,127.73,1188.72
a6177f,United States,44.4,1272.54
ac4806,United States,51.51,899.16
c04787,Canada,152.57,6979.92
0d12c6,Mexico,118.94,1249.68
a52aed,United States,0.0,
a5e44c,United States,213.32,11597.64
a379d3,United States,0.06,
c0344b,Canada,224.86,10774.68
c0344d,Canada,186.67,4983.48
a1ac11,United States,244.4,10629.9
a379cd,United States,227.51,7924.8
a97722,United States,61.99,769.62
ac4818,United States,50.86,1744.98
a246b0,United States,79.58,922.02
ab6eb9,United States,0.0,
e49bff,Brazil,185.2,7658.1
a15c41,United States,48.97,373.38
846021,Japan,240.14,12397.74
e4a54b,Brazil,69.92,1028.7
aa4ee9,United States,207.12,5303.52
a126e6,United States,254.12,7719.06
a126e7,United States,71.0,1630.68
a499a9,United States,51.66,533.4
a126e8,United States,246.97,9197.34
aaf503,United States,116.99,769.62
a233f0,United States,238.65,13830.3
aca9b6,United States,138.4,2186.94
ab39df,United States,7.46,
a869bc,United States,222.52,12283.44
a1bf9c,United States,98.82,2880.36
abbf11,United States,244.34,8557.26
85e27c,Japan,237.73,11384.28
a090ec,United States,48.19,670.56
4bb1e4,Turkey,223.47,13228.32
4bb1e1,Turkey,4.12,9707.88
a353d2,United States,196.67,6583.68
a749d9,United States,53.17,944.88
a7bc04,United States,223.45,12352.02
89621b,United Arab Emirates,242.73,11414.76
8017e4,India,2.83,
aa06b0,United States,55.16,411.48
aa06b7,United States,198.56,7299.96
ab5c32,United States,44.18,396.24
aca9d4,United States,47.54,1074.42
a53f90,United States,42.44,525.78
adc9b6,United States,191.93,10706.1
ad79e8,United States,221.37,10599.42
a736cc,United States,65.87,906.78
adff07,United States,121.45,3147.06
a9a156,United States,49.91,441.96
8017f2,India,101.14,1684.02
4bb1c5,Turkey,275.53,12649.2
ac33a3,United States,239.45,12313.92
a2cc24,United States,262.56,13167.36
a233cc,United States,101.71,784.86
a353a3,United States,55.05,457.2
a5f6d0,United States,33.82,365.76
a28f80,United States,56.98,-30.48
c04738,Canada,221.5,10675.62
4892c8,Poland,228.62,12252.96
a220a6,United States,32.99,281.94
4892c6,Poland,265.54,12283.44
4bb1c6,Turkey,245.43,11986.26
ad79eb,United States,210.17,4617.72
896209,United Arab Emirates,236.86,11292.84
ae1f45,United States,59.68,693.42
896210,United Arab Emirates,267.17,10713.72
a3b6b6,United States,53.41,1082.04
a629b5,United States,66.51,2506.98
884213,Thailand,207.27,10073.64
ac33c4,United States,7.72,
896215,United Arab Emirates,207.28,5341.62
896219,United Arab Emirates,227.08,8580.12
ab5c69,United States,262.21,9144.0
847294,Japan,251.75,12832.08
a1280a,United States,213.1,13174.98
89620f,United Arab Emirates,249.26,11361.42
ac20a1,United States,3.86,
7380c1,Israel,297.01,11224.26
7380c6,Israel,284.99,11140.44
7380c5,Israel,250.28,11018.52
7380c4,Israel,240.81,11597.64
ac8f7d,United States,17.1,7.62
7380c8,Israel,271.85,12405.36
a9b43f,United States,264.64,9989.82
c81a5a,New Zealand,57.93,236.22
a6af13,United States,86.95,1249.68
a220cb,United States,236.56,10370.82
4bb1ed,Turkey,256.36,12519.66
a2df8f,United States,51.3,1036.32
a96477,United States,49.7,670.56
a9a117,United States,64.67,579.12
a40c60,United States,260.86,12992.1
c81a68,New Zealand,58.72,632.46
e08594,Argentina,201.91,5722.62
a9a113,United States,80.37,1028.7
344344,Spain,243.72,11338.56
a77f02,United States,64.07,2979.42
a6f17a,United States,63.82,434.34
a3ff61,United States,0.0,
7380cb,Israel,268.8,11033.76
7380ca,Israel,271.7,12374.88
a353f2,United States,46.04,381.0
a353f5,United States,169.38,5920.74
ac7c67,United States,226.25,7124.7
aa915f,United States,195.39,14386.56
ac33e2,United States,229.59,10919.46
a8a79c,United States,57.99,701.04
c81a92,New Zealand,80.43,746.76
ad9ac9,United States,90.26,922.02
801913,India,0.0,
801914,India,0.0,
ae0ab2,United States,55.51,510.54
a9fc34,United States,67.42,647.7
80190c,India,244.59,11391.9
ad5460,United States,158.67,2217.42
a16ec2,United States,0.77,
adfdc9,United States,151.78,4000.5
a12861,United States,243.68,11940.54
a76c79,United States,183.67,10789.92
ab1496,United States,149.07,2156.46
ae1dd6,United States,51.61,708.66
ac3477,United States,251.1,10576.56
aaf47c,United States,55.8,1424.94
acdde3,United States,207.24,6819.9
adb782,United States,285.01,11727.18
a9d9f2,United States,223.99,11216.64
ac2154,United States,277.75,11795.76
ac3486,United States,41.67,632.46
adfddf,United States,123.38,3093.72
344304,Spain,290.86,10972.8
344305,Spain,236.75,12298.68
8a04a7,Indonesia,221.02,10279.38
87cd04,Japan,221.54,10447.02
801908,India,8.23,
accabe,United States,200.18,13792.2
a3a503,United States,223.58,10972.8
a4d80a,United States,71.23,1859.28
a40c8c,United States,47.92,762.0
ac2173,United States,203.2,9364.98
a3a509,United States,178.68,11445.24
7c617c,Australia,64.77,632.46
840a7c,Japan,0.0,
a8dc45,United States,240.46,10447.02
c07b0a,Canada,0.0,
a580b8,United States,35.38,449.58
a64c4c,United States,39.7,541.02
a580b6,United States,52.17,906.78
4bb325,Turkey,273.01,11300.46
c032a2,Canada,2.57,
a89f52,United States,65.5,464.82
abaafe,United States,259.85,12512.04
a10231,United States,224.82,11277.6
accaf4,United States,0.9,
ae7466,United States,215.04,5181.6
a1bed9,United States,56.99,922.02
c07b09,Canada,257.47,11308.08
a8a6d0,United States,181.52,4800.6
a4c3de,United States,18.64,243.84
a1bee0,United States,212.62,8740.14
c058dd,Canada,290.38,12214.86
89625c,United Arab Emirates,251.73,12451.08
ae748a,United States,22.46,129.54
a9a18a,United States,32.48,76.2
a12879,United States,71.2,
a4b0bb,United States,226.15,7543.8
e4a3d7,Brazil,8.23,
0d0019,Mexico,189.32,5036.82
aa3c2a,United States,72.65,1021.08
ac59aa,United States,149.03,3863.34
a89f62,United States,226.8,6576.06
a4b0e2,United States,22.62,0.0
a6e327,United States,147.75,7520.94
a0709e,United States,50.22,99.06
ac5ab7,United States,225.24,12291.06
a02e0a,United States,242.71,8244.84
a3338c,United States,197.41,7056.12
abe101,United States,220.58,11666.22
a5d668,United States,254.91,9151.62
3451cf,Spain,9.77,
a2007c,United States,259.93,11300.46
a32052,United States,51.06,167.64
a6f643,United States,237.42,9357.36
aa1ae3,United States,231.98,8694.42
c012a7,Canada,206.38,9494.52
a63ced,United States,30.77,198.12
a44031,United States,199.75,5478.78
ad2103,United States,60.37,1013.46
a32056,United States,189.03,4739.64
4bb21a,Turkey,247.9,11087.1
adddd5,United States,117.65,2011.68
ac145b,United States,254.18,13754.1
a56050,United States,222.13,11026.14
4079cc,United Kingdom,297.82,12359.64
02010d,Morocco,0.0,
a1f36d,United States,28.78,213.36
ab3aeb,United States,49.77,426.72
ac1466,United States,140.48,1676.4
ad7ab8,United States,206.44,10698.48
a0c075,United States,248.47,11292.84
a81000,United States,8.23,
aa1aab,United States,123.31,929.64
8962e6,United Arab Emirates,263.28,11102.34
a81005,United States,175.43,4427.22
a46679,United States,56.63,708.66
ac0143,United States,154.3,2903.22
aa7108,United States,2.31,
a75cf4,United States,46.2,891.54
ac5ada,United States,0.45,
c012bd,Canada,207.98,11841.48
a3dcd6,United States,5.14,
aa2dcc,United States,57.64,1661.16
a118e0,United States,82.24,2514.6
a095ba,United States,115.13,8237.22
a7bfa0,United States,200.16,10988.04
a5d623,United States,203.8,8260.08
a6095c,United States,59.96,1074.42
4bb292,Turkey,141.59,1325.88
addde9,United States,142.81,7962.9
a4b64b,United States,145.29,3238.5
4bb28a,Turkey,221.84,7414.26
adddcb,United States,179.07,5105.4
a57339,United States,52.02,2011.68
ab19a7,United States,259.53,14188.44
ad2160,United States,137.33,2705.1
a6e306,United States,45.17,1386.84
a58672,United States,239.0,11353.8
a4c98f,United States,276.67,10492.74
a82302,United States,66.27,998.22
4bb268,Turkey,242.82,11300.46
4bb275,Turkey,277.48,10645.14
4bb276,Turkey,198.71,10287.0
a238a6,United States,183.42,11483.34
4bb270,Turkey,240.29,11102.34
a5d643,United States,64.92,-7.62
a70328,United States,133.36,6057.9
a9da7a,United States,103.82,4191.0
a8ba8d,United States,45.41,1737.36
ab19af,United States,48.94,777.24
3c5b32,Germany,272.52,12123.42
c06e38,Canada,54.13,594.36
a3206c,United States,220.63,13121.64
ad2169,United States,55.68,579.12
a76fe9,United States,206.36,6179.82
781d05,China,201.63,7597.14
7c637f,Australia,155.2,6652.26
c00089,Canada,84.07,464.82
a01b5c,United States,0.06,
896407,United Arab Emirates,266.08,11879.58
7c7621,Australia,10.3,716.28
020176,Morocco,209.44,11856.72
adde95,United States,276.23,11056.62
a608af,United States,65.9,1706.88
a13b1e,United States,161.64,3329.94
467717,Finland,5.14,
a082ac,United States,232.76,11376.66
c038ac,Canada,234.43,11102.34
a585af,United States,67.52,1371.6
aae725,United States,47.3,2735.58
c038a7,Canada,286.5,11483.34
a105e8,United States,239.45,9471.66
a0e5d7,United States,146.38,2156.46
a238ea,United States,130.17,4655.82
a0d2a9,United States,34.05,289.56
aa7198,United States,201.72,4526.28
a4c8de,United States,165.02,4602.48
a082d8,United States,120.48,2918.46
a358bd,United States,0.39,
781bb6,China,245.41,11719.56
781bb5,China,227.32,10325.1
a465df,United States,169.7,3970.02
a9ffeb,United States,229.64,7459.98
a2be6d,United States,159.53,3589.02
a94358,United States,49.94,1691.64
a5b063,United States,36.76,304.8
ab0763,United States,132.41,8359.14
a6e361,United States,219.73,8869.68
4bb1a4,Turkey,140.23,3009.9
aa8493,United States,77.93,3398.52
abf412,United States,56.14,236.22
aa8499,United States,0.0,
a38e69,United States,240.74,11315.7
34659a,Spain,275.54,11986.26
a3a8c0,United States,228.44,10797.54
a8103e,United States,167.03,4152.9
a93007,United States,7.46,
a25b66,United States,92.29,723.9
a082fd,United States,136.54,4145.28
a99ce1,United States,56.75,2049.78
a25b3f,United States,231.31,10767.06
ac6dd4,United States,256.19,13060.68
c0004c,Canada,66.4,2461.26
a345cd,United States,94.04,2011.68
ad4744,United States,210.9,11559.54
020145,Morocco,219.18,11910.06
a8dffc,United States,232.49,11399.52
e48ffa,Brazil,225.2,8854.44
780a61,China,223.27,11010.9
8005f0,India,248.19,11963.4
a09720,United States,11.83,335.28
a968f8,United States,232.74,11635.74
8005eb,India,239.77,13365.48
acbe3e,United States,238.81,11696.7
ada8d0,United States,53.99,3299.46
7cfa34,Australia,129.89,4381.5
780a64,China,216.18,8671.56
780a5a,China,4.12,
7c61e6,Australia,46.14,236.22
344043,Spain,0.0,
acbe34,United States,210.46,10881.36
c0130c,Canada,0.0,
aae5f7,United States,13.89,
acbe37,United States,75.63,175.26
895053,Brunei Darussalam,253.45,12717.78
aa2e6f,United States,183.44,4732.02
a835c5,United States,270.45,10363.2
e80628,Chile,214.95,10942.32
ac5b43,United States,81.5,182.88
ac12d6,United States,3.6,
acbe63,United States,220.33,8412.48
abf2c2,United States,231.6,12275.82
780a82,China,6.94,
a25b8e,United States,82.67,2529.84
a2ab6c,United States,239.71,10675.62
ac25eb,United States,0.0,
896356,United Arab Emirates,234.46,13319.76
0ac171,Colombia,126.34,7475.22
ac12be,United States,240.54,11986.26
a692e7,United States,55.91,1371.6
e80636,Chile,190.91,5067.3
a37b5a,United States,229.13,11681.46
a99e32,United States,205.79,8130.54
e8062f,Chile,196.2,11148.06
780a96,China,276.58,9966.96
a6f5dd,United States,171.0,9928.86
e8062a,Chile,119.36,1394.46
a332e7,United States,127.59,2552.7
e8062c,Chile,206.51,10058.4
a62b88,United States,225.33,11971.02
7cfa07,Australia,103.65,1219.2
896366,United Arab Emirates,169.85,3276.6
780a97,China,249.11,11414.76
ac5b66,United States,200.62,9563.1
acbe88,United States,244.2,9913.62
acab54,United States,194.7,6743.7
4bb0f4,Turkey,179.64,5311.14
4bb0f5,Turkey,218.6,12908.28
4bb0f3,Turkey,239.89,11323.32
4bb0f0,Turkey,234.57,11963.4
a34729,United States,236.94,9532.62
c07fbb,Canada,198.58,10546.08
4bb0ed,Turkey,241.83,12992.1
4bb0ea,Turkey,219.13,12557.76
4bb0eb,Turkey,217.7,12717.78
c07fb4,Canada,157.82,3619.5
a7f096,United States,223.07,8519.16
c07fb5,Canada,12.35,
ac5b89,United States,245.61,12588.24
a0e751,United States,217.0,7589.52
c07fb1,Canada,121.94,2842.26
a08446,United States,224.02,9517.38
a3de82,United States,81.92,3017.52
acab3f,United States,218.29,12862.56
a01ac4,United States,95.85,2819.4
704946,Myanmar,179.88,
4bb0fa,Turkey,136.92,3063.24
acbe9c,United States,53.41,594.36
896309,United Arab Emirates,263.28,10767.06
896308,United Arab Emirates,278.01,11224.26
34530c,Spain,257.57,12275.82
846098,Japan,237.38,11643.36
abf2ea,United States,204.41,6781.8
a848e3,United States,276.27,14287.5
a51e7d,United States,111.96,1074.42
c07fe9,Canada,5.14,
4bb0e7,Turkey,256.82,12931.14
4bb0e6,Turkey,298.39,11925.3
4bb0e3,Turkey,219.31,12893.04
89630a,United Arab Emirates,271.94,11696.7
4bb0e4,Turkey,224.22,12954.0
4bb0e2,Turkey,235.21,9555.48
896316,United Arab Emirates,243.77,12092.94
a715c6,United States,211.13,11330.94
896319,United Arab Emirates,275.89,
896317,United Arab Emirates,252.0,
a2270f,United States,249.2,7604.76
89630e,United Arab Emirates,121.67,1447.8
884346,Thailand,99.71,3329.94
a715bb,United States,2.06,
884348,Thailand,91.69,457.2
7c0d18,Australia,78.75,1325.88
ad337c,United States,181.2,12740.64
a26df9,United States,253.96,9989.82
a38dd8,United States,140.87,3688.08
ac006d,United States,229.02,11673.84
a9db5f,United States,50.46,655.32
a38dc2,United States,62.05,2506.98
a3473c,United States,125.85,4183.38
a0d456,United States,9.26,
a98b76,United States,191.43,4678.68
c80de6,New Zealand,45.16,441.96
ab18bc,United States,53.41,1112.52
a75da2,United States,215.04,8892.54
a75da8,United States,6.17,
a0e759,United States,48.69,937.26
ad2095,United States,251.82,11292.84
a4a425,United States,42.26,1066.8
a98b7b,United States,32.83,281.94
a9db63,United States,43.66,472.44
781d48,China,208.95,8206.74
780a0a,China,234.82,12710.16
4bb207,Turkey,221.84,10073.64
4bb204,Turkey,270.37,10012.68
a1f46b,United States,0.0,
4bb203,Turkey,231.73,10767.06
a9db1d,United States,53.42,1089.66
a955fd,United States,102.39,647.7
a19162,United States,208.71,13837.92
ab05c3,United States,50.54,762.0
e48fc2,Brazil,82.76,1584.96
780a28,China,243.82,12633.96
4bb20a,Turkey,223.66,10104.12
4bb219,Turkey,267.79,10721.34
0ac138,Colombia,61.01,2613.66
800756,India,228.25,9631.68
4bb213,Turkey,222.24,11018.52
4bb214,Turkey,234.83,10736.58
aaf8f1,United States,247.84,11925.3
a822d6,United States,211.81,11948.16
a2147c,United States,132.27,1653.54
ab3b1d,United States,49.65,944.88
a9db19,United States,39.07,304.8
ac25c4,United States,267.6,10477.5
6832c6,Kazakhstan,235.39,
ac25c5,United States,77.73,3543.3
ad45a4,United States,141.74,2506.98
800733,India,243.36,
a13af4,United States,278.37,10553.7
a07173,United States,0.0,
780a3f,China,272.15,10317.48
780a3a,China,249.7,10271.76
aa1b78,United States,74.7,693.42
a07177,United States,127.59,3665.22
8a07ad,Indonesia,233.29,7978.14
780a58,China,231.24,9144.0
a98b3c,United States,76.64,1371.6
800742,India,252.87,12199.62
781d7a,China,76.61,312.42
a32116,United States,6.17,
ac6e51,United States,223.16,13342.62
e48fb4,Brazil,219.76,9570.72
ac5b20,United States,138.39,3802.38
a86ab5,United States,263.32,11186.16
8830ea,Thailand,99.36,1242.06
a44169,United States,289.13,10553.7
c013d6,Canada,85.27,1059.18
a87de9,United States,38.95,1417.32
a63dff,United States,0.0,
841ebc,Japan,233.94,10698.48
8830f7,Thailand,242.18,10424.16
a69463,United States,244.12,11689.08
a70463,United States,0.0,
c80beb,New Zealand,44.4,624.84
a9a734,United States,94.5,1104.9
ad4873,United States,221.87,11628.12
ac6efc,United States,227.97,6248.4
ac289f,United States,195.97,6271.26
ac5bf6,United States,251.15,11978.64
a4a484,United States,198.67,7833.36
4bb145,Turkey,222.53,11666.22
c05c59,Canada,214.08,11711.94
4bb144,Turkey,223.81,11666.22
a5615b,United States,28.81,144.78
a4a47e,United States,59.83,1889.76
ac157d,United States,0.06,
8963f7,United Arab Emirates,148.53,4091.94
8963f5,United Arab Emirates,274.03,11871.96
4bb109,Turkey,222.88,6073.14
4bb108,Turkey,248.75,12961.62
4bb105,Turkey,261.13,12969.24
aa1bf0,United States,205.03,12740.64
ad7bdf,United States,139.88,1562.1
a45471,United States,45.41,876.3
ae687c,United States,215.16,5981.7
a37af8,United States,229.29,12001.5
ad3581,United States,5.14,
4bb10b,Turkey,269.88,12893.04
a83782,United States,175.59,4556.76
c013da,Canada,231.79,12481.56
aa1be0,United States,96.95,1234.44
a6f788,United States,99.87,2827.02
4bb10c,Turkey,292.05,10485.12
aa720f,United States,7.2,
a106d6,United States,85.4,1653.54
a0e6c4,United States,72.65,243.84
8963d6,United Arab Emirates,244.16,8785.86
c05c0e,Canada,172.93,3939.54
ac159a,United States,0.0,
a02f87,United States,43.46,899.16
a4418c,United States,4.37,
a9a709,United States,160.59,5356.86
8963e6,United Arab Emirates,244.7,7231.38
8963e5,United Arab Emirates,274.72,11148.06
8963e4,United Arab Emirates,261.52,12466.32
a4418d,United States,229.09,11986.26
8963cf,United Arab Emirates,257.58,11521.44
a13c43,United States,242.37,11346.18
4bb188,Turkey,223.1,7360.92
a14f69,United States,58.79,2065.02
4bb185,Turkey,254.85,10843.26
4bb186,Turkey,215.71,12245.34
4bb184,Turkey,245.98,8130.54
8963e8,United Arab Emirates,261.15,11917.68
a359bc,United States,219.77,10942.32
7cfaff,Australia,45.39,1470.66
a4fddb,United States,196.71,10165.08
a106b4,United States,217.65,10789.92
4bb149,Turkey,233.63,11041.38
4bb148,Turkey,224.52,7787.64
aa1ba6,United States,53.5,3139.44
a75de4,United States,251.52,11529.06
a01c1a,United States,210.82,13190.22
aa8529,United States,279.64,13167.36
4bb152,Turkey,286.57,10690.86
c013c3,Canada,191.77,10835.64
a5d762,United States,42.56,487.68
4bb14e,Turkey,258.5,9639.3
4bb14b,Turkey,148.26,2720.34
a01c37,United States,246.18,7825.74
a50adc,United States,262.92,11658.6
4bb159,Turkey,264.77,10043.16
399e86,France,138.12,1836.42
a6810d,United States,148.62,3086.1
4067f0,United Kingdom,217.25,12161.52
a75dd8,United States,191.35,7658.1
a38f5a,United States,52.46,2476.5
a333b5,United States,254.72,12016.74
a75f15,United States,0.0,
ab4ea8,United States,220.47,6560.82
a070d7,United States,229.2,12588.24
896536,United Arab Emirates,249.0,
a4c9f8,United States,267.14,10546.08
a3a9ff,United States,224.55,8549.64
a26f6f,United States,183.28,9311.64
ad4804,United States,256.11,7795.26
a213d9,United States,47.43,769.62
7c0db3,Australia,89.84,1409.7
89652d,United Arab Emirates,232.62,11452.86
a51f4a,United States,189.39,8884.92
a37c1c,United States,201.88,11407.14
781cb8,China,219.93,11399.52
a14f76,United States,57.71,1104.9
4bb199,Turkey,268.63,12443.46
4ac9c4,Sweden,234.27,
4bb196,Turkey,224.84,11483.34
4bb192,Turkey,261.82,12519.66
4bb190,Turkey,228.6,12313.92
ac2836,United States,80.04,518.16
4bb18e,Turkey,239.56,12687.3
4bb18d,Turkey,276.76,12146.28
a9daf0,United States,42.75,556.26
4bb18b,Turkey,282.14,11513.82
896513,United Arab Emirates,186.92,4297.68
a63f4e,United States,210.45,8435.34
c80d44,New Zealand,25.78,830.58
a7f188,United States,60.71,3642.36
781cd4,China,212.31,6880.86
781cd3,China,161.22,4411.98
a98ace,United States,63.63,4465.32
abf513,United States,51.78,601.98
7c777b,Australia,194.37,5951.22
a9ede9,United States,242.16,13182.6
ac2859,United States,149.55,3009.9
7c7770,Australia,125.35,1211.58
aae873,United States,44.67,762.0
a3df0c,United States,203.22,6286.5
a81141,United States,67.3,472.44
7c7778,Australia,196.43,11125.2
ab4eeb,United States,0.0,
ab920d,United States,37.33,411.48
7c7774,Australia,140.53,3299.46
ac5bb0,United States,181.33,4015.74
ac5ba4,United States,43.55,967.74
a9dac9,United States,36.53,320.04
a9a789,United States,52.41,99.06
a8245e,United States,70.91,411.48
acbebd,United States,122.4,1889.76
ad8ed7,United States,212.71,
ad8ed4,United States,193.55,5196.84
a320a6,United States,2.83,
a3df1e,United States,236.81,11018.52
a25c6e,United States,163.75,3467.1
a94450,United States,46.52,320.04
a8115d,United States,49.22,2286.0
846250,Japan,215.01,12275.82
a9a750,United States,246.33,10637.52
a466d2,United States,244.06,11963.4
89647b,United Arab Emirates,96.52,716.28
adcc0c,United States,37.56,723.9
acbf63,United States,79.9,525.78
780b6e,China,228.96,7940.04
ac13d6,United States,226.18,12283.44
c05ac1,Canada,56.48,525.78
a703e8,United States,73.57,91.44
a8bc34,United States,0.0,
ae53a0,United States,57.34,3672.84
e48ee7,Brazil,80.34,2103.12
c05ab2,Canada,119.49,1874.52
780b7d,China,253.78,11049.0
89648e,United Arab Emirates,247.78,11300.46
c06de0,Canada,56.49,457.2
a2ac9c,United States,25.95,922.02
a6f6dd,United States,210.48,10043.16
a09852,United States,200.52,12740.64
a560f4,United States,31.9,
a2280b,United States,65.95,1082.04
344157,Spain,271.76,11551.92
aa70b1,United States,257.19,
ac13f9,United States,0.9,
7c75fd,Australia,88.61,3048.0
aa83d0,United States,100.56,1752.6
896471,United Arab Emirates,76.67,38.1
a9ef0e,United States,35.53,388.62
896474,United Arab Emirates,246.3,12725.4
e48ec6,Brazil,74.06,845.82
89646b,United Arab Emirates,219.99,12100.56
a9dc04,United States,53.67,312.42
0ac02b,Colombia,180.42,4960.62
406832,United Kingdom,256.46,11986.26
896479,United Arab Emirates,276.55,12260.58
7c75ed,Australia,53.84,906.78
abf3da,United States,79.67,251.46
896488,United Arab Emirates,260.86,11346.18
c05acc,Canada,122.97,2613.66
a703ec,United States,76.67,1409.7
896485,United Arab Emirates,100.18,358.14
484f73,Kingdom of the Netherlands,269.53,11559.54
c06db5,Canada,78.19,518.16
a02eee,United States,30.92,106.68
aa1c45,United States,230.85,8008.62
a46822,United States,78.24,1798.32
896451,United Arab Emirates,226.3,10942.32
40688b,United Kingdom,242.19,12313.92
c06dac,Canada,112.11,1120.14
a07228,United States,75.62,640.08
40688f,United Kingdom,231.04,12832.08
a19202,United States,3.86,
89643e,United Arab Emirates,238.35,10805.16
c02749,Canada,0.06,
acbf99,United States,206.68,10751.82
a46819,United States,73.68,777.24
020092,Morocco,278.75,11254.74
a1f503,United States,251.22,12931.14
a98c00,United States,52.93,632.46
896462,United Arab Emirates,247.04,12733.02
896461,United Arab Emirates,275.39,10873.74
a8cf36,United States,32.91,114.3
896464,United Arab Emirates,247.05,12725.4
3c7fd3,Germany,15.43,
a0855d,United States,1.29,
a703c1,United States,175.2,7620.0
a5d6f9,United States,212.38,11536.68
acac8c,United States,51.03,1082.04
a5c3c6,United States,51.37,784.86
e48eff,Brazil,233.18,11887.2
a3cc82,United States,129.64,3657.6
a716f6,United States,232.14,11658.6
a3cc88,United States,200.32,6355.08
a34825,United States,8.23,
abe0df,United States,243.4,12588.24
a6e3b0,United States,226.64,6454.14
a63f8b,United States,281.39,14188.44
896442,United Arab Emirates,272.59,10393.68
a87f41,United States,180.52,5433.06
89642e,United Arab Emirates,218.56,12306.3
aae810,United States,259.11,12077.7
89642d,United Arab Emirates,250.06,11460.48
a703ad,United States,171.95,9700.26
a38ef5,United States,240.03,9852.66
781e35,China,256.42,10622.28
780b07,China,149.2,3520.44
a71816,United States,62.97,1851.66
aaf9c1,United States,193.89,9357.36
a34876,United States,34.42,297.18
a38ee9,United States,44.47,784.86
8963a9,United Arab Emirates,188.18,4991.1
c81ff9,New Zealand,58.95,640.08
a4a533,United States,52.12,541.02
a0c20f,United States,219.96,10035.54
a4b862,United States,54.88,800.1
781e51,China,107.44,1257.3
a57544,United States,52.7,1661.16
a1f543,United States,36.89,1478.28
ad8f18,United States,4.37,
a58873,United States,227.31,11064.24
a2bec7,United States,60.68,38.1
4689d2,Greece,13.38,
a1f526,United States,57.55,243.84
a3defa,United States,97.66,1104.9
a26ee7,United States,62.37,1554.48
aaf9ea,United States,226.6,9083.04
c012ed,Canada,0.0,
addf01,United States,112.32,1021.08
ad59e1,United States,121.81,3794.76
aad3a0,United States,7.2,
406814,United Kingdom,288.8,12352.02
a58813,United States,40.14,
ab06db,United States,33.19,259.08
781e6c,China,199.8,4099.56
aae6d5,United States,270.66,11247.12
a44238,United States,204.19,12214.86
a3489f,United States,243.07,10393.68
4bb101,Turkey,222.77,12946.38
a19292,United States,160.6,5044.44
4bb102,Turkey,248.93,12001.5
a930ce,United States,52.35,388.62
aae6cd,United States,207.2,11506.2
a3355e,United States,131.14,2514.6
ac5c1f,United States,267.0,11071.86
781e8a,China,222.34,10066.02
ac26cf,United States,4.12,
781e8c,China,210.92,8046.72
780b72,China,213.32,8328.66
a44212,United States,202.19,11125.2
aad3c9,United States,76.53,853.44
a44214,United States,209.52,11148.06
c2b5ad,Canada,154.24,3703.32
a38af8,United States,72.09,426.72
ac252a,United States,228.41,9281.16
a4c772,United States,56.15,106.68
3965a3,France,211.24,10888.98
3965a1,France,269.33,10416.54
aa8229,United States,70.73,891.54
840caf,Japan,214.9,12329.16
3965a7,France,280.0,10005.06
c049fd,Canada,107.0,2164.08
ab1890,United States,270.53,8663.94
c049ff,Canada,158.14,5516.88
a63ac1,United States,221.31,12092.94
a9672c,United States,256.19,11026.14
e48f69,Brazil,86.05,2034.54
aa2bc4,United States,221.97,11033.76
3965b3,France,2.57,
7c659a,Australia,55.41,1181.1
840cd2,Japan,97.12,2255.52
a08174,United States,33.2,144.78
a38ad5,United States,226.8,11003.28
a76df1,United States,208.66,4983.48
ac6bd0,United States,245.53,12923.52
a1f12e,United States,52.89,784.86
aa2bc1,United States,228.5,11628.12
c023c5,Canada,230.93,12306.3
a3577d,United States,145.96,3230.88
a3311b,United States,248.02,7330.44
a7143e,United States,64.26,411.48
a5846a,United States,61.15,3063.24
ad9edf,United States,250.07,9867.9
e48f38,Brazil,79.95,1295.4
ac6bbc,United States,74.32,2171.7
a35781,United States,127.63,2590.8
a38ac5,United States,48.02,1402.08
c023aa,Canada,281.4,11536.68
a08181,United States,57.6,1066.8
aa3ee0,United States,30.14,304.8
683273,Kazakhstan,209.59,11033.76
a2bab6,United States,177.49,5890.26
aa2ba5,United States,247.79,11323.32
3475d3,Spain,141.8,3101.34
aa2ba1,United States,258.34,7185.66
aa2ba4,United States,225.06,9502.14
c023ae,Canada,3.34,
acced9,United States,230.44,10332.72
aae582,United States,130.17,2179.32
4064bb,United Kingdom,214.21,11955.78
acbbd0,United States,161.8,4000.5
a129dc,United States,187.73,4602.48
a27f07,United States,230.49,11071.86
4bb068,Turkey,274.21,11986.26
8964fb,United Arab Emirates,110.1,1158.24
8964fa,United Arab Emirates,259.29,10439.4
4bb069,Turkey,236.6,11353.8
4bb066,Turkey,159.04,
750140,Malaysia,74.48,441.96
8964d0,United Arab Emirates,227.91,11460.48
c07f39,Canada,154.42,3688.08
4bb029,Turkey,238.41,12481.56
a4b420,United States,226.58,11140.44
780c01,China,233.05,8427.72
4064a4,United Kingdom,238.16,12039.6
a03f1e,United States,235.98,5699.76
aae59e,United States,218.98,11910.06
e48f6a,Brazil,246.84,11376.66
781f38,China,175.71,4061.46
8964e1,United Arab Emirates,151.06,2202.18
847628,Japan,116.89,1348.74
a0d18d,United States,48.84,579.12
c07f36,Canada,19.03,
a103b7,United States,0.0,
a369e7,United States,255.71,11300.46
e80453,Chile,222.01,10614.66
a8214d,United States,50.31,1257.3
a94156,United States,4.12,
a8cadb,United States,229.61,11559.54
a27f62,United States,85.37,3528.06
ae63e2,United States,189.64,3352.8
a6918c,United States,48.77,2324.1
a369d2,United States,84.89,769.62
e8044e,Chile,225.77,11711.94
abf0dc,United States,56.6,1882.14
40655b,United Kingdom,224.35,12138.66
88596a,Thailand,223.37,8717.28
ae63e6,United States,200.27,3573.78
885974,Thailand,233.73,9220.2
885973,Thailand,74.08,480.06
aaf800,United States,49.52,320.04
780aa3,China,278.62,12839.7
896624,United Arab Emirates,271.55,12237.72
896627,United Arab Emirates,75.97,60.96
780aa8,China,257.22,11330.94
e80475,Chile,251.15,11338.56
ae50db,United States,0.0,
a739b7,United States,55.91,1082.04
a369be,United States,224.64,8115.3
e80472,Chile,249.2,12664.44
89661f,United Arab Emirates,271.32,12428.22
a02c40,United States,283.62,11727.18
a02c41,United States,211.22,13822.68
a26c12,United States,154.0,2506.98
e8046d,Chile,85.3,975.36
4bb06d,Turkey,81.13,220.98
4bb06e,Turkey,236.15,11315.7
780ab3,China,0.0,
a4c6b3,United States,224.91,11445.24
896633,United Arab Emirates,228.39,11292.84
ab1839,United States,280.19,12397.74
a8348b,United States,201.73,13639.8
a3dc23,United States,3.86,
e80488,Chile,228.71,11932.92
abf0fd,United States,109.06,1714.5
e80484,Chile,202.07,10980.42
a236b6,United States,29.4,76.2
a03f84,United States,201.08,6515.1
ab1842,United States,94.81,1440.18
a9a419,United States,234.15,11148.06
ab5eb2,United States,7.2,
346390,Spain,244.38,12923.52
a5c12f,United States,64.17,
ad5817,United States,259.27,10020.3
896604,United Arab Emirates,248.51,11750.04
896603,United Arab Emirates,236.74,11414.76
a330a0,United States,250.15,11315.7
a99ab8,United States,43.12,1760.22
a9b743,United States,190.54,9052.56
e80419,Chile,191.34,6057.9
e80413,Chile,232.07,11765.28
a4a15a,United States,155.99,6377.94
346386,Spain,272.43,11292.84
346385,Spain,283.25,11826.24
e8040e,Chile,145.23,2948.94
c0243e,Canada,125.43,3977.64
e8040c,Chile,213.33,7863.84
e80422,Chile,146.11,2750.82
e80428,Chile,77.79,2613.66
ab184d,United States,255.08,12542.52
a356db,United States,211.36,11315.7
e80426,Chile,244.24,12039.6
a87ae9,United States,35.2,419.1
ab5ed8,United States,69.5,198.12
a8ddb4,United States,104.8,6355.08
a2cf52,United States,41.68,685.8
345042,Spain,232.71,11026.14
345043,Spain,10.8,
7c7889,Australia,228.24,11643.36
ad5837,United States,131.19,2865.12
7c7886,Australia,0.9,
7c7885,Australia,207.43,10500.36
abaeb2,United States,171.7,4853.94
aaf83c,United States,205.84,7284.72
e48f02,Brazil,211.98,11026.14
7c7884,Australia,127.9,1211.58
39a2e1,France,65.29,541.02
885968,Thailand,0.9,
aa956d,United States,0.0,
4ac8da,Sweden,233.53,13456.92
347691,Spain,258.24,11346.18
a14c70,United States,206.28,4107.18
406591,United Kingdom,243.35,12306.3
aaf84c,United States,91.83,2880.36
e8042c,Chile,1.03,
e80444,Chile,253.32,12039.6
a02c94,United States,235.82,11010.9
a02c91,United States,6.43,
a369ee,United States,96.04,937.26
a70156,United States,142.06,1348.74
a94105,United States,242.63,10241.28
e80447,Chile,254.52,11353.8
89659d,United Arab Emirates,227.0,
89659c,United Arab Emirates,249.77,12070.08
a966b1,United States,54.54,2026.92
3009ac,Italy,169.08,6911.34
a3dc75,United States,0.0,
a210e9,United States,20.09,167.64
ab5f6a,United States,209.44,11590.02
780c9a,China,208.83,6530.34
e48dc5,Brazil,240.15,11003.28
8a09e6,Indonesia,6.94,
a8df2c,United States,217.16,7703.82
a9b6a4,United States,46.71,1821.18
aaf6e8,United States,38.12,579.12
a583f5,United States,250.0,11308.08
ab5f87,United States,222.78,11628.12
a3dc7e,United States,229.71,10149.84
a64f85,United States,48.97,541.02
ac7f62,United States,43.18,457.2
a76f87,United States,236.74,11003.28
8a09be,Indonesia,154.87,4968.24
aae3c6,United States,42.2,441.96
34510a,Spain,260.91,11262.36
e06491,Argentina,108.7,1463.04
c06aab,Canada,218.99,4716.78
a690a8,United States,155.38,2895.6
a210c5,United States,93.57,670.56
48af0d,Poland,228.47,11384.28
740826,Jordan,258.73,10995.66
740828,Jordan,252.36,13045.44
a75c40,United States,96.4,2857.5
a1f0b4,United States,117.96,2202.18
abaf6e,United States,260.67,12946.38
a1f0b1,United States,82.58,1409.7
ad9f57,United States,50.64,350.52
a38c66,United States,218.89,11369.04
a38c64,United States,247.59,11315.7
a76f6c,United States,254.18,11224.26
8a09b8,Indonesia,220.19,8351.52
ac36ef,United States,216.33,12268.2
a38c60,United States,80.77,396.24
345109,Spain,0.0,
461f4f,Finland,278.66,12412.98
a9eafb,United States,47.06,944.88
461f4d,Finland,281.4,12672.06
a596c8,United States,58.1,891.54
447c4f,Austria,9.26,
48af05,Poland,248.85,11925.3
a3dc34,United States,218.23,12260.58
a3dc32,United States,92.63,563.88
a739d9,United States,47.37,1889.76
7500e4,Malaysia,133.87,2476.5
a27ea8,United States,10.8,
89655f,United Arab Emirates,268.07,9144.0
a4c6ae,United States,14.73,396.24
a4c6af,United States,211.54,4602.48
a03eca,United States,72.48,236.22
ad9f7f,United States,264.26,11262.36
407862,United Kingdom,247.17,11071.86
44cc47,Belgium,234.13,5265.42
34640e,Spain,261.6,11620.5
396669,France,215.13,10462.26
a09533,United States,75.32,419.1
461f5a,Finland,279.99,11795.76
a8df06,United States,267.2,11612.88
346419,Spain,257.0,12725.4
a7bf22,United States,1.29,
a76f43,United States,220.5,10126.98
aae3fa,United States,86.05,358.14
a99aff,United States,122.1,960.12
89653b,United Arab Emirates,253.0,12031.98
ac10d8,United States,264.74,10934.7
a38c9e,United States,52.76,777.24
a2bc9d,United States,45.17,281.94
c0371f,Canada,94.86,1813.56
a76f48,United States,0.0,
ac23ef,United States,196.87,10515.6
a7bf0d,United States,249.58,13815.06
4b9910,Turkey,526.68,11483.34
7c7803,Australia,157.44,2674.62
461f48,Finland,251.79,12527.28
a859d5,United States,43.73,640.08
781ec3,China,226.12,
a3ef7e,United States,14.4,
a739e1,United States,75.09,594.36
4b9907,Turkey,236.19,11430.0
aa818d,United States,143.67,2110.74
0d1078,Mexico,186.75,6515.1
461f55,Finland,287.21,11209.02
407837,United Kingdom,229.38,11330.94
a3dc5a,United States,146.73,2476.5
aa09ad,United States,200.95,14386.56
8964b2,United Arab Emirates,248.63,
a22539,United States,133.15,1257.3
461f0c,Finland,148.25,2827.02
7c0f55,Australia,,
c81eb4,New Zealand,54.58,807.72
a3a836,United States,52.96,853.44
0ac345,Colombia,116.2,6758.94
a52ea4,United States,295.37,11711.94
a690fd,United States,171.66,7688.58
ae6470,United States,157.81,5989.32
8964b6,United Arab Emirates,251.58,12565.38
0d1005,Mexico,191.15,7383.78
8964b5,United Arab Emirates,271.98,12504.42
7c63a2,Australia,70.46,1173.48
a0822c,United States,204.95,6431.28
ac249e,United States,189.86,9540.24
a27ebf,United States,227.08,12961.62
781f4c,China,256.6,10134.6
8964c3,United Arab Emirates,204.57,4274.82
a3eeb0,United States,180.38,5448.3
4b991a,Turkey,247.21,11864.34
8964c2,United Arab Emirates,254.3,15331.44
a22549,United States,54.53,1310.64
acbae3,United States,36.01,426.72
080010,United Republic of Tanzania,207.64,11315.7
a0f86b,United States,193.15,6553.2
a60814,United States,3.34,
ab5f00,United States,69.86,205.74
a35843,United States,250.55,8450.58
4b990d,Turkey,241.74,11148.06
4b990c,Turkey,250.92,11871.96
4b990b,Turkey,211.5,10957.56
a58504,United States,136.53,8130.54
0d100a,Mexico,228.5,11986.26
c81ebe,New Zealand,68.51,472.44
0d1021,Mexico,48.49,2026.92
a15ebc,United States,235.17,12260.58
05a054,Maldives,1.29,
39666f,France,221.4,12512.04
ac7f02,United States,60.98,1447.8
4076da,United Kingdom,83.8,762.0
addadb,United States,250.15,11315.7
75021f,Malaysia,160.28,3261.36
0d1030,Mexico,243.7,11079.48
af8457,United States,85.06,2964.18
a87c4f,United States,246.4,10721.34
aa80ca,United States,269.62,12854.94
781f7e,China,219.02,
ab5f1b,United States,197.46,8938.26
a846fa,United States,232.68,12268.2
a08278,United States,50.51,2072.64
a966ee,United States,79.36,2324.1
a4fc97,United States,208.92,13830.3
76cc76,Singapore,151.33,4358.64
780c5c,China,246.25,11711.94
780c5d,China,255.3,11635.74
a7ac49,United States,134.04,1242.06
76cc6e,Singapore,201.82,6012.18
ab4c15,United States,8.75,
ab5f43,United States,250.54,7277.1
a75c72,United States,229.25,11673.84
a700ac,United States,205.11,11635.74
750205,Malaysia,197.16,6195.06
a2bba4,United States,154.32,4137.66
a0e54a,United States,207.94,4785.36
ab03a4,United States,196.05,3741.42
c06b76,Canada,56.2,670.56
478129,Norway,60.8,365.76
a9ff49,United States,203.63,6286.5
7cc6aa,Australia,34.82,647.7
ab4c1d,United States,0.0,
780c91,China,203.79,5608.32
ab29ff,United States,38.98,91.44
a1057a,United States,154.26,3307.08
a23892,United States,62.31,1104.9
abaf30,United States,77.78,1112.52
a2254c,United States,58.58,929.64
ac397b,United States,83.23,1249.68
aad333,United States,33.18,457.2
a63bd0,United States,99.45,3489.96
c05a0a,Canada,217.54,10363.2
e0b2c4,Argentina,213.8,6423.66
8a0942,Indonesia,254.97,10850.88
aae65c,United States,99.29,1889.76
ac1325,United States,52.27,1043.94
c06d2c,Canada,153.0,4907.28
accfba,United States,61.5,2415.54
aa9679,United States,125.54,1409.7
496cab,Portugal,8.23,
a4fbf5,United States,192.27,12786.36
496caf,Portugal,2.57,
c06d48,Canada,192.03,7338.06
c81cef,New Zealand,41.11,198.12
4078ae,United Kingdom,191.72,4655.82
846444,Japan,247.61,12992.1
ab0690,United States,47.67,1188.72
a63bf4,United States,232.92,11018.52
a2bbf2,United States,241.7,11323.32
ae5312,United States,43.77,259.08
a3323d,United States,83.53,464.82
a22596,United States,48.04,640.08
484cba,Kingdom of the Netherlands,288.29,10934.7
484cbb,Kingdom of the Netherlands,273.92,10142.22
a2bbcc,United States,136.44,1882.14
a57275,United States,84.66,1036.32
ac0027,United States,97.95,1135.38
a9682e,United States,53.0,1112.52
abf32f,United States,241.96,9425.94
a33243,United States,76.5,670.56
76cd03,Singapore,156.94,4030.98
76cd02,Singapore,5.66,
76cd04,Singapore,222.76,6957.06
aa8315,United States,233.75,13190.22
76cd08,Singapore,227.24,10073.64
a60852,United States,235.01,11330.94
abf351,United States,197.42,4564.38
4078fd,United Kingdom,234.26,11399.52
acbcce,United States,60.04,922.02
ac136d,United States,0.0,
76cd15,Singapore,176.46,2926.08
7c78ac,Australia,9.77,
ac0048,United States,1.29,
ad201e,United States,178.64,3749.04
aa2ca5,United States,236.94,13769.34
7c78af,Australia,142.44,2849.88
75027e,Malaysia,225.01,8450.58
a5986a,United States,232.64,12352.02
7c78ae,Australia,227.41,
4d0263,Luxembourg,186.32,6111.24
a4fbac,United States,226.42,10347.96
4078ef,United Kingdom,145.51,3147.06
a02d0c,United States,243.24,11986.26
8965f7,United Arab Emirates,215.79,7642.86
7c78b0,Australia,0.0,
ab9078,United States,237.99,7917.18
ad2051,United States,41.7,228.6
a57230,United States,47.04,601.98
4078dd,United Kingdom,304.77,12367.26
44ccd1,Belgium,272.81,12321.54
44ccd0,Belgium,283.65,12344.4
8965fa,United Arab Emirates,224.68,12115.8
a76ec5,United States,54.33,388.62
ada98d,United States,59.54,4236.72
a094a3,United States,40.25,815.34
ac138c,United States,247.11,12946.38
a9558b,United States,74.8,838.2
7c530f,Australia,64.19,53.34
7c5324,Australia,198.26,4823.46
7c5322,Australia,268.82,11559.54
896769,United Arab Emirates,175.95,5021.58
a8359c,United States,0.0,
c81e05,New Zealand,189.07,4907.28
c0128f,Canada,55.9,457.2
43bfe1,United Kingdom,7.2,
7c531c,Australia,7.72,
a0f7df,United States,38.17,556.26
a9426f,United States,220.13,12672.06
c01286,Canada,48.4,152.4
780bb9,China,284.43,10073.64
780bb8,China,225.71,7696.2
447cb2,Austria,10.29,
781eda,China,202.01,7284.72
ab192a,United States,33.95,289.56
780bc5,China,217.22,6957.06
e8033f,Chile,227.85,10835.64
7c5301,Australia,67.55,373.38
40666c,United Kingdom,198.19,11224.26
a3ca01,United States,252.83,11285.22
40666d,United Kingdom,5.92,
7c5309,Australia,0.0,
a95584,United States,249.8,10645.14
a237c6,United States,73.71,2095.5
ab060b,United States,53.8,1737.36
43bfec,United Kingdom,6.94,
a4c7ad,United States,61.96,
a9fef5,United States,52.95,944.88
780bd5,China,212.44,6164.58
780bd4,China,241.14,9944.1
40665f,United Kingdom,75.02,182.88
a4fd0e,United States,146.45,1455.42
af0a4c,United States,64.03,1234.44
ad5931,United States,53.7,2194.56
c81e3c,New Zealand,34.2,182.88
780be3,China,191.76,6332.22
a6f581,United States,228.7,11529.06
a88efb,United States,224.61,14843.76
ac3945,United States,236.14,10995.66
780bf2,China,0.0,
84b42f,Japan,206.12,10485.12
89671d,United Arab Emirates,237.76,11369.04
89671c,United Arab Emirates,222.45,
7c5351,Australia,214.93,9456.42
ab1971,United States,128.03,3139.44
ab1979,United States,207.64,12793.98
7c5356,Australia,190.18,9433.56
a331a3,United States,57.65,1264.92
8a0973,Indonesia,233.48,8244.84
ab5fdd,United States,8.23,
aaf968,United States,3.86,
8a095a,Indonesia,101.26,2301.24
8a095b,Indonesia,237.07,11109.96
a9552a,United States,289.63,14729.46
70aa6f,Nepal,233.73,11414.76
c80b2f,New Zealand,39.35,381.0
a1f1a0,United States,258.01,10302.24
ada932,United States,96.33,472.44
7c5343,Australia,131.19,5372.1
8a0963,Indonesia,207.22,7574.28
ac1301,United States,181.79,4015.74
ab197e,United States,126.83,8763.0
a0d1b5,United States,42.44,982.98
846491,Japan,65.89,1165.86
a477d6,United States,58.4,1386.84
ab064e,United States,70.77,1402.08
8a094d,Indonesia,246.05,11727.18
a5c292,United States,53.13,693.42
a6e258,United States,0.0,
abafe1,United States,57.89,388.62
a37a08,United States,58.37,182.88
abf308,United States,191.99,4663.44
abafe4,United States,277.0,11788.14
a13a67,United States,47.72,624.84
896714,United Arab Emirates,245.27,9121.14
a38d36,United States,0.0,
ada922,United States,100.94,
c0258c,Canada,87.89,784.86
a5c289,United States,294.35,10873.74
aad324,United States,98.11,4297.68
8a093b,Indonesia,216.86,8778.24
adca9b,United States,259.69,14950.44
89670b,United Arab Emirates,231.69,11285.22
89405b,Bahrain,197.76,5090.16
ac24c5,United States,240.71,10820.4
89405d,Bahrain,211.2,12435.84
c07ee0,Canada,9.26,
a451cf,United States,92.09,388.62
0201a3,Morocco,7.2,
ad7a08,United States,205.43,9159.24
40660c,United Kingdom,219.57,11971.02
c07eda,Canada,0.0,
ab04e6,United States,206.81,10066.02
8a08c7,Indonesia,240.57,11033.76
a584ef,United States,65.38,2072.64
ae77c2,United States,61.32,579.12
a74a12,United States,225.12,11948.16
a38d8f,United States,250.88,8740.14
a03fae,United States,151.16,1935.48
407943,United Kingdom,258.08,12504.42
aa1a1c,United States,5.4,
aa1a1d,United States,70.55,60.96
aae4ce,United States,65.99,2842.26
aaf7fe,United States,57.01,914.4
a37a4f,United States,64.41,1066.8
c0121e,Canada,5.4,
e49fb3,Brazil,236.22,12603.48
c03898,Canada,264.2,6865.62
a967ae,United States,242.72,12618.72
8462c4,Japan,244.66,10759.44
aa94aa,United States,166.35,3962.4
a211ef,United States,204.01,9022.08
a4ea6d,United States,125.62,1760.22
a834c0,United States,48.94,1440.18
a4ea77,United States,238.66,9738.36
346555,Spain,259.13,11932.92
7501fa,Malaysia,225.65,9951.72
a23949,United States,31.91,883.92
a5e7c9,United States,219.81,6469.38
407994,United Kingdom,177.72,7879.08
89667e,United Arab Emirates,254.89,9098.28
7501fd,Malaysia,201.49,7299.96
406668,United Kingdom,166.45,4396.74
ac5a4a,United States,186.93,4655.82
896688,United Arab Emirates,226.6,11910.06
a4c7e8,United States,4.74,160.02
407992,United Kingdom,306.63,11765.28
781fb4,China,300.9,11369.04
40797c,United Kingdom,204.75,8069.58
896690,United Arab Emirates,247.63,8153.4
a08317,United States,214.56,9654.54
e48ce7,Brazil,200.26,7726.68
89668b,United Arab Emirates,232.6,11346.18
a5e7d5,United States,5.14,45.72
e48ced,Brazil,263.71,13258.8
a584c3,United States,58.66,1112.52
40796b,United Kingdom,223.98,12100.56
addd34,United States,42.85,297.18
40796a,United Kingdom,220.94,12161.52
a584bc,United States,239.12,10721.34
aa2d14,United States,259.85,8542.02
a63d42,United States,206.32,12245.34
a10611,United States,215.04,8221.98
a51d5d,United States,138.86,609.6
400fe2,United Kingdom,235.4,11719.56
896678,United Arab Emirates,212.01,7719.06
700017,Afghanistan,254.14,11353.8
780cb7,China,277.91,11422.38
addd59,United States,45.83,480.06
7501f1,Malaysia,211.0,10751.82
76ccc9,Singapore,238.35,11064.24
a451db,United States,215.01,8991.6
407959,United Kingdom,230.79,11658.6
e0b390,Argentina,4.63,
acbd82,United States,220.77,8602.98
a0e607,United States,236.99,10690.86
a51d6f,United States,231.99,12626.34
8832aa,Thailand,112.56,2133.6
8965d2,United Arab Emirates,229.53,11445.24
aa9600,United States,295.84,11696.7
8832b6,Thailand,199.33,4663.44
7c77f9,Australia,229.27,11468.1
a7ad9b,United States,13.89,
7c77f7,Australia,184.75,4061.46
7c77f5,Australia,249.2,10911.84
152053,Russian Federation,251.07,11300.46
c010dc,Canada,36.04,289.56
a22669,United States,239.5,10157.46
a0d344,United States,269.01,11003.28
c06c8f,Canada,105.2,883.92
8965cc,United Arab Emirates,235.35,11445.24
a9ed96,United States,49.4,967.74
a86a77,United States,224.28,12573.0
780d4d,China,239.6,
a99d87,United States,219.67,11658.6
ae5276,United States,53.57,556.26
a2cfb0,United States,248.31,13213.08
a0f95a,United States,81.23,2346.96
8965b4,United Arab Emirates,205.15,3855.72
76cd71,Singapore,288.14,11353.8
152079,Russian Federation,229.29,
76cd74,Singapore,268.46,11986.26
76cd73,Singapore,291.82,11353.8
76cd75,Singapore,227.77,11605.26
a27fdb,United States,7.72,
abf29f,United States,198.42,4038.6
a3dcc2,United States,74.6,381.0
a64fd8,United States,60.21,1226.82
a63ca0,United States,62.82,1043.94
a0f983,United States,169.47,4975.86
a39fb7,United States,263.59,8534.4
8965c1,United Arab Emirates,238.85,10439.4
a1afc8,United States,112.92,1516.38
a9da44,United States,29.03,243.84
a22642,United States,215.24,10660.38
ad328c,United States,0.0,
c03804,Canada,166.7,4236.72
89409f,Bahrain,269.72,11384.28
89409d,Bahrain,248.02,11125.2
a0d374,United States,74.08,220.98
a941b2,United States,116.39,1211.58
a1903c,United States,75.36,1996.44
780d82,China,227.12,
89409a,Bahrain,256.49,9151.62
aa1a81,United States,229.78,9326.88
152010,Russian Federation,205.78,6728.46
a2cffc,United States,0.0,
15201e,Russian Federation,4.12,9403.08
75031a,Malaysia,228.18,9425.94
a9ed53,United States,81.88,2171.7
a0e69b,United States,53.17,182.88
a691ed,United States,56.66,1531.62
750324,Malaysia,216.27,8763.0
152021,Russian Federation,84.38,274.32
7c77fa,Australia,71.26,99.06
a9ed27,United States,37.56,7.62
780d8f,China,230.39,11338.56
c06c7d,Canada,64.39,281.94
c010e4,Canada,105.73,1234.44
ac6d0a,United States,73.65,22.86
894098,Bahrain,249.4,12054.84
152038,Russian Federation,52.16,175.26
ac37bd,United States,219.16,7078.98
a35997,United States,93.84,3573.78
a4795a,United States,239.92,9364.98
a7ad7c,United States,68.42,342.9
89408e,Bahrain,257.15,11963.4
152052,Russian Federation,248.01,11338.56
ab04bb,United States,228.69,13228.32
780d9e,China,0.0,
a7ad84,United States,248.0,11643.36
a9da02,United States,48.18,2095.5
4b8533,Turkey,219.28,11399.52
4b8532,Turkey,220.55,
c06c86,Canada,101.33,2529.84
a3a93b,United States,69.03,205.74
c06c84,Canada,107.58,792.48
c81deb,New Zealand,57.64,358.14
a33327,United States,4.12,
aa5b9c,United States,2.31,
a66a84,United States,245.3,11056.62
a0130f,United States,48.97,1394.46
89906b,Taiwan,0.0,
a861d0,United States,43.54,411.48
89906d,Taiwan,96.31,883.92
ac52eb,United States,48.46,373.38
a9f7dd,United States,55.23,731.52
a52911,United States,143.84,1905.0
7c1925,Australia,46.23,464.82
a92d6d,United States,263.18,11323.32
c81919,New Zealand,28.38,266.7
ac52f2,United States,205.18,6576.06
a7da2a,United States,223.63,11033.76
899082,Taiwan,243.45,13053.06
ade8ff,United States,238.04,8602.98
ade8fa,United States,5.92,
89907d,Taiwan,270.97,12550.14
89907c,Taiwan,287.8,12214.86
ac52ff,United States,245.09,11650.98
aa5b92,United States,279.99,11879.58
aca2be,United States,186.12,7482.84
a32fa7,United States,171.66,3177.54
e4a00c,Brazil,219.26,12306.3
a02664,United States,60.42,1409.7
a874e1,United States,91.95,1021.08
899097,Taiwan,112.44,-22.86
adc2a7,United States,215.8,6873.24
a1a92e,United States,57.42,274.32
040199,Ethiopia,246.57,12070.08
a92d50,United States,34.99,1234.44
89904f,Taiwan,0.0,
a2791e,United States,1.29,
a7ed98,United States,120.47,4701.54
a1a924,United States,0.0,
ac9b93,United States,65.09,1097.28
71f885,Republic of Korea,62.76,312.42
a6ba85,United States,104.45,5212.08
e4a012,Brazil,220.48,11993.88
c04052,Canada,8.75,
89905d,Taiwan,237.99,11452.86
aa5b6c,United States,48.12,1013.46
c1e986,Canada,6.69,
a06cb6,United States,63.02,1744.98
a07fe8,United States,36.62,464.82
a2ea87,United States,69.36,632.46
040172,Ethiopia,188.08,6949.44
899071,Taiwan,126.73,3345.18
c1e97c,Canada,3.34,
89902f,Taiwan,215.73,6941.82
c07996,Canada,171.75,6576.06
a38641,United States,173.37,5417.82
4bcd85,Turkey,245.8,12557.76
4bcd83,Turkey,242.24,11940.54
c07995,Canada,266.5,12291.06
a2c95a,United States,267.49,13121.64
c07993,Canada,0.0,
a2fcb2,United States,42.3,1089.66
0d085c,Mexico,216.07,11399.52
706202,Kuwait,256.02,11132.82
a2a300,United States,274.08,13152.12
a887e3,United States,266.33,8686.8
a3c1e6,United States,215.92,5006.34
a2fca6,United States,33.82,76.2
899043,Taiwan,269.32,10759.44
e4a071,Brazil,202.3,9403.08
adc2dd,United States,220.92,13837.92
c81975,New Zealand,52.08,952.5
a1efe7,United States,222.36,11117.58
4ca4f8,Ireland,133.57,2720.34
a874a4,United States,120.42,2484.12
a27989,United States,52.6,1874.52
c0797b,Canada,226.44,11247.12
c8195c,New Zealand,119.82,7437.12
899057,Taiwan,1.8,
c8062c,New Zealand,46.47,487.68
899053,Taiwan,71.57,426.72
040155,Ethiopia,249.0,11079.48
a38633,United States,85.5,426.72
a4e1d3,United States,33.45,53.34
a887fd,United States,217.36,5486.4
a2c93c,United States,76.97,2461.26
a54a6a,United States,76.64,1912.62
a79d78,United States,78.77,289.56
899019,Taiwan,296.92,11132.82
a1597a,United States,40.72,1173.48
040128,Ethiopia,247.39,13174.98
c1e932,Canada,7.72,
a1463a,United States,223.2,11010.9
040126,Ethiopia,261.63,12405.36
70620f,Kuwait,232.2,11483.34
899028,Taiwan,218.63,8420.1
a78a52,United States,236.91,11658.6
899025,Taiwan,0.32,
aa6e5f,United States,89.39,1036.32
a0bcb2,United States,234.09,10378.44
49d3bb,Czech Republic,208.72,5562.6
a0bcb7,United States,120.24,1394.46
89901f,Taiwan,255.07,10454.64
49d3d6,Czech Republic,265.53,12184.38
a02681,United States,6.17,
04012a,Ethiopia,236.74,12542.52
a2c931,United States,114.92,4198.62
899037,Taiwan,0.45,
c0799e,Canada,285.18,12969.24
ac6724,United States,148.36,1249.68
040131,Ethiopia,246.35,
a39948,United States,142.09,3284.22
c0799a,Canada,6.69,
899031,Taiwan,153.35,3200.4
a0267b,United States,33.95,
040134,Ethiopia,248.01,12062.46
acfe09,United States,192.59,7589.52
a38682,United States,238.22,11673.84
c06620,Canada,107.96,5631.18
a24039,United States,207.29,10241.28
406f7b,United Kingdom,210.41,10492.74
abde0b,United States,212.45,10972.8
406f86,United Kingdom,218.85,12047.22
ab8e47,United States,69.27,3086.1
a0006a,United States,254.41,13014.96
a50338,United States,83.21,723.9
a13386,United States,286.11,12336.78
a75634,United States,1.03,
a2536f,United States,0.0,
ac9b09,United States,65.79,373.38
a5032a,United States,204.6,3939.54
a6dfb7,United States,74.28,998.22
c0792f,Canada,13.89,
406f75,United Kingdom,253.94,12397.74
e4894e,Brazil,63.18,320.04
406f73,United Kingdom,262.04,13296.9
a3e99c,United States,50.03,480.06
406f79,United Kingdom,273.83,11277.6
406f77,United Kingdom,279.99,12192.0
a6dfaa,United States,137.86,1303.02
a64996,United States,0.45,
c07971,Canada,195.94,10431.78
a5299c,United States,45.11,2659.38
a24014,United States,2.06,
aa6db8,United States,108.71,746.76
e4891e,Brazil,123.19,6469.38
7800a3,China,8.23,
4ca4ee,Ireland,0.51,
a7a60e,United States,253.66,10622.28
aaab1a,United States,108.35,2346.96
a1dcf2,United States,229.88,8359.14
a0004d,United States,106.82,922.02
a7a616,United States,270.17,10637.52
a01395,United States,55.41,701.04
a1336d,United States,111.68,2644.14
a3b02e,United States,232.46,11978.64
a2fcb7,United States,46.48,685.8
7c3a00,Australia,0.45,
ab8e6c,United States,202.04,12214.86
7800af,China,226.08,10370.82
a88904,United States,47.02,617.22
ae08f1,United States,104.32,6484.62
a8b1f4,United States,41.57,586.74
a37389,United States,250.08,11971.02
a76909,United States,210.09,10568.94
7800ba,China,101.26,1135.38
ab7b63,United States,247.7,7589.52
a0be05,United States,233.0,8709.66
a6492f,United States,210.89,11437.62
a7da9c,United States,241.07,12009.12
7800cf,China,223.25,6644.64
a8fa3f,United States,89.68,1546.86
ac65fb,United States,251.62,
a7da8f,United States,239.81,10789.92
a9d1c5,United States,30.6,883.92
a2b691,United States,79.31,617.22
a5bfc9,United States,198.67,8267.7
a50321,United States,201.87,7010.4
a49343,United States,54.8,2339.34
a06e11,United States,227.57,11468.1
a76935,United States,68.56,358.14
e48985,Brazil,69.7,381.0
ac52e2,United States,226.49,12931.14
a9966f,United States,271.8,14196.06
add667,United States,118.23,1539.24
a8a017,United States,145.28,3086.1
a398b5,United States,43.12,365.76
a9e657,United States,51.24,632.46
a038ff,United States,226.69,11963.4
c051e0,Canada,117.3,7490.46
a97029,United States,0.0,
ac668d,United States,249.6,11978.64
a29b04,United States,65.92,708.66
a7302f,United States,232.79,11643.36
ae0994,United States,59.8,1272.54
a06e68,United States,55.14,1737.36
78029d,China,155.97,1996.44
a4d084,United States,33.82,434.34
ae4ffd,United States,40.75,68.58
c051d1,Canada,242.49,11254.74
845ce4,Japan,2.83,
acb679,United States,68.98,304.8
ac536c,United States,240.25,11993.88
a038e6,United States,273.62,13007.34
a9964b,United States,50.95,2499.36
a5f06e,United States,213.23,5410.2
c818c9,New Zealand,126.7,5753.1
a85052,United States,141.52,2705.1
a2a38e,United States,185.87,4937.76
a9e643,United States,52.27,922.02
aa1368,United States,219.96,10317.48
508429,Ukraine,214.96,11521.44
ad6040,United States,1.54,
ac538f,United States,205.37,11559.54
aa6cfa,United States,271.5,9471.66
adc375,United States,44.29,1752.6
c818db,New Zealand,0.0,
a80cd2,United States,34.14,114.3
ad605f,United States,83.78,2583.18
ab58b2,United States,222.64,11338.56
a80cc9,United States,38.74,601.98
a99645,United States,47.33,1097.28
394a04,France,266.36,10706.1
394a03,France,276.07,9883.14
a50370,United States,259.97,11986.26
a05b78,United States,2.83,
a18e6b,United States,161.05,4251.96
394a09,France,270.37,9997.44
a4e35f,United States,232.05,6598.92
aca36c,United States,59.63,1836.42
aa1350,United States,34.85,281.94
394a11,France,251.49,10713.72
394a15,France,282.6,10972.8
add67c,United States,47.51,586.74
ab58c1,United States,176.53,6416.04
7c4d14,Australia,1.54,30.48
0d06de,Mexico,152.32,4655.82
a1a8da,United States,150.52,4602.48
a06e6b,United States,85.13,2484.12
aa3994,United States,218.65,9037.32
a2fe21,United States,78.42,960.12
a2fe18,United States,60.92,601.98
a9961b,United States,291.93,10507.98
ad1e05,United States,228.74,12580.62
a6cce2,United States,49.7,1219.2
a132b5,United States,42.75,723.9
a1cb05,United States,9.26,
a4e389,United States,224.49,8404.86
a398bc,United States,253.25,11940.54
a145da,United States,0.0,
04021d,Ethiopia,245.13,12694.92
a6ce39,United States,134.69,3352.8
a9c078,United States,43.77,403.86
a5ae2f,United States,228.64,7856.22
a4f5ba,United States,80.4,647.7
a6ce36,United States,206.64,8100.06
3c70cb,Germany,260.47,10378.44
a54b2a,United States,5.14,
a42b45,United States,184.97,4107.18
a43e5c,United States,249.64,11300.46
a755a9,United States,58.18,3649.98
899016,Taiwan,271.13,11049.0
ac6622,United States,227.71,12016.74
a67e53,United States,36.58,327.66
780232,China,292.3,10911.84
a9d37b,United States,132.31,3048.0
394a0a,France,285.67,11254.74
a9d390,United States,79.57,762.0
a05b7e,United States,187.43,11551.92
acc954,United States,187.48,4716.78
ae093d,United States,220.18,10698.48
ae4fac,United States,41.78,144.78
a42b21,United States,46.61,662.94
ae4fab,United States,61.79,274.32
ab5993,United States,7.72,
abefba,United States,228.53,12633.96
a4f5f0,United States,228.92,11384.28
a502ce,United States,58.14,
a385ca,United States,50.16,769.62
ac6645,United States,0.0,
a385e3,United States,28.96,304.8
ac0ff9,United States,191.01,11460.48
acc95c,United States,222.12,11666.22
a9704d,United States,243.87,12557.76
780254,China,233.4,9380.22
ae4fd6,United States,38.91,121.92
c05293,Canada,0.0,
ae4fd2,United States,45.1,76.2
ab599b,United States,280.63,11605.26
ae4fd0,United States,67.32,114.3
78024f,China,241.74,9921.24
ac5326,United States,215.6,11209.02
ad1cb6,United States,86.87,1844.04
abefdd,United States,215.31,9159.24
a2eb99,United States,58.62,754.38
a3e8dc,United States,80.7,38.1
a4f5a7,United States,248.94,11285.22
a06db4,United States,9.77,
aca302,United States,224.9,9730.74
acb633,United States,226.3,11650.98
a515ad,United States,205.14,9502.14
acc961,United States,2.57,
a86392,United States,109.28,998.22
acb636,United States,248.67,10721.34
a768c2,United States,224.72,11056.62
a7b8a1,United States,238.64,10370.82
3c70c8,Germany,221.86,10896.6
3c70aa,Germany,262.1,9692.64
a9969b,United States,225.57,9631.68
ae4fed,United States,38.08,45.72
acc96a,United States,68.38,449.58
ae4fe7,United States,60.21,274.32
a2fe8f,United States,188.47,4594.86
ad1cde,United States,200.02,9471.66
a43e7f,United States,195.6,11955.78
a98386,United States,238.88,11658.6
ad864e,United States,49.4,1394.46
a54b30,United States,0.0,
a372f4,United States,118.95,906.78
780295,China,230.57,8839.2
7c055b,Australia,62.19,495.3
a43e83,United States,91.07,1661.16
c1e89b,Canada,6.69,
a05ab3,United States,196.79,5654.04
4ba9ec,Turkey,243.9,12070.08
4ba9eb,Turkey,213.82,12329.16
a00112,United States,71.11,716.28
86ef28,Japan,115.19,1127.76
a0bdb4,United States,126.69,4236.72
add6ed,United States,88.49,3078.48
acec69,United States,54.34,746.76
a26738,United States,215.26,11330.94
e1028c,Argentina,62.21,60.96
a9e5c4,United States,54.37,998.22
a7db7b,United States,58.36,678.18
a92e72,United States,127.92,2087.88
4ba9cb,Turkey,88.62,594.36
a3d725,United States,63.72,495.3
71c015,Republic of Korea,241.97,10119.36
71c013,Republic of Korea,252.8,10759.44
a51723,United States,62.35,2339.34
a9e5ae,United States,50.46,281.94
4ba9e9,Turkey,275.41,12016.74
4ba9e4,Turkey,198.86,6271.26
06a375,Qatar,243.31,9105.9
040047,Ethiopia,234.09,12679.68
71c010,Republic of Korea,7.2,
4ba9e2,Turkey,0.77,
89917f,Taiwan,239.34,10462.26
a92e81,United States,211.15,8679.18
04004a,Ethiopia,241.97,13197.84
71c009,Republic of Korea,241.69,9959.34
c04174,Canada,114.46,2164.08
71c004,Republic of Korea,209.17,7132.32
adb0b4,United States,247.94,11330.94
4ba9f5,Turkey,208.71,8100.06
06a390,Qatar,271.21,11620.5
89914c,Taiwan,128.76,4160.52
89914e,Taiwan,93.35,2872.74
ad8806,United States,50.13,624.84
89914b,Taiwan,134.88,2895.6
a00152,United States,87.46,3162.3
a29abd,United States,174.95,3566.16
a55e9f,United States,271.24,9075.42
aa5c84,United States,60.51,1219.2
c81838,New Zealand,41.48,655.32
a2b759,United States,10.29,
a30ab1,United States,50.94,1097.28
a9e5b2,United States,40.86,1150.62
ab4840,United States,279.66,9837.42
04002f,Ethiopia,192.78,7307.58
adb0e2,United States,59.62,624.84
06a38d,Qatar,248.57,8191.5
a80e4e,United States,215.24,8473.44
8403a4,Japan,79.51,571.5
78162b,China,180.38,4244.34
a0015d,United States,271.47,11696.7
a0144e,United States,0.0,
a6ce7d,United States,204.01,11635.74
899143,Taiwan,47.33,
89913c,Taiwan,55.48,266.7
c80548,New Zealand,27.9,38.1
a7ee64,United States,52.23,2529.84
845f78,Japan,87.16,716.28
ab485e,United States,248.34,11971.02
a6bb54,United States,83.15,1851.66
a0279a,United States,139.38,9852.66
aa6f80,United States,237.57,11986.26
a3b124,United States,215.12,6012.18
8990a5,Taiwan,265.56,11315.7
c06745,Canada,82.93,6469.38
8990a2,Taiwan,234.44,10454.64
8990a4,Taiwan,248.42,11323.32
8990a0,Taiwan,264.77,10111.74
aaac21,United States,207.15,7018.02
a54aaa,United States,5.4,
a54aae,United States,209.37,10911.84
aaac25,United States,35.89,1257.3
ac66aa,United States,204.9,10934.7
a3b11e,United States,183.37,4107.18
71c072,Republic of Korea,124.22,1920.24
a79dc4,United States,207.59,10096.5
71c071,Republic of Korea,224.12,7162.8
a4943f,United States,261.51,11277.6
8990a9,Taiwan,215.2,6278.88
ac66d5,United States,236.77,10507.98
e48846,Brazil,253.49,12222.48
c05403,Canada,161.38,4907.28
a9971b,United States,50.97,1280.16
a36130,United States,245.12,10965.18
8990b2,Taiwan,10.8,
7801b4,China,6.43,
ac9c0d,United States,62.33,449.58
a66ab1,United States,95.16,3695.7
ac79ef,United States,38.39,228.6
0d0724,Mexico,219.08,11018.52
71c064,Republic of Korea,189.39,5516.88
ac53b2,United States,238.48,10629.9
c05430,Canada,150.04,3390.9
7c05d3,Australia,71.43,1295.4
aaac47,United States,202.64,7155.18
acc9f6,United States,249.42,13075.92
a1479f,United States,35.82,213.36
a8773b,United States,48.43,1402.08
7801c2,China,8.75,
71c099,Republic of Korea,144.12,2712.72
7801c9,China,0.0,
a80daf,United States,111.29,662.94
c06756,Canada,77.54,990.6
a2fdcf,United States,52.81,1242.06
71c090,Republic of Korea,3.09,
71c091,Republic of Korea,107.99,883.92
ac9c49,United States,130.5,4366.26
a2a42b,United States,35.94,
aa6ed1,United States,230.11,5775.96
a3875e,United States,101.88,4533.9
ade9c0,United States,0.51,
ad99f9,United States,4.37,
a2a436,United States,55.8,579.12
7801d4,China,168.66,3893.82
a66ad3,United States,144.93,7444.74
84183d,Japan,231.71,12336.78
71c083,Republic of Korea,264.1,11315.7
a12160,United States,48.15,487.68
ac9c45,United States,28.41,297.18
71c087,Republic of Korea,243.43,11993.88
49d2ee,Czech Republic,219.27,6217.92
ac53d5,United States,245.71,11353.8
7801cb,China,1.54,
ac53be,United States,99.19,373.38
a48163,United States,90.66,2164.08
c06709,Canada,109.63,1028.7
71c032,Republic of Korea,200.43,5090.16
71c030,Republic of Korea,131.55,1516.38
aca3a3,United States,248.1,10668.0
06a30d,Qatar,266.87,11064.24
06a30b,Qatar,271.6,10408.92
a026c9,United States,65.72,1181.1
71c025,Republic of Korea,187.66,4472.94
86dc60,Japan,228.99,10279.38
add6de,United States,57.33,1394.46
aa281d,United States,35.11,320.04
c0671b,Canada,205.79,12161.52
ad60b7,United States,250.26,11224.26
040087,Ethiopia,259.43,13007.34
a9e5ea,United States,48.8,1371.6
c06724,Canada,228.99,10477.5
a4945f,United States,245.77,11346.18
a63758,United States,67.84,1394.46
71c046,Republic of Korea,270.65,10088.88
0d0700,Mexico,218.76,13220.7
71c043,Republic of Korea,262.3,11719.56
a146ce,United States,235.14,12245.34
503fc5,Lithuania,253.0,11231.88
ab349c,United States,190.54,5516.88
ac5488,United States,284.05,11719.56
ab2182,United States,39.15,1356.36
a0bf3c,United States,125.14,4899.66
a3e9c5,United States,227.01,8336.28
a8b476,United States,110.15,822.96
06a2e8,Qatar,269.22,10965.18
06a2e9,Qatar,254.29,12092.94
a74491,United States,36.73,449.58
a026fc,United States,226.45,11971.02
a97157,United States,46.52,1440.18
06a2df,Qatar,271.25,9791.7
7cf36a,Australia,16.46,
841794,Japan,117.94,1463.04
06a2f9,Qatar,276.11,11308.08
06a2f8,Qatar,240.77,12778.74
06a2f5,Qatar,278.41,11864.34
7cf372,Australia,14.4,
06a2f4,Qatar,238.58,12763.5
a1a9bc,United States,254.18,12451.08
a5f18f,United States,208.67,12748.26
a769a3,United States,84.88,746.76
a8a110,United States,252.99,10637.52
a17c12,United States,65.85,289.56
a8c772,United States,24.7,312.42
a9d420,United States,0.0,
a279cb,United States,64.39,68.58
49d403,Czech Republic,242.76,11330.94
06a2ed,Qatar,257.91,12077.7
882da4,Thailand,221.27,7924.8
06a2eb,Qatar,266.28,10287.0
7cf35b,Australia,2.83,
4b8df2,Turkey,4.63,
882da2,Thailand,167.19,3345.18
a92dfc,United States,279.61,9250.68
4b8de5,Turkey,0.0,
49d418,Czech Republic,247.77,11269.98
a8b44e,United States,67.08,411.48
7815a0,China,246.49,9121.14
49d414,Czech Republic,206.63,12153.9
4b8de8,Turkey,244.4,11597.64
c817b2,New Zealand,55.79,
06a2fd,Qatar,217.1,5821.68
a5047c,United States,244.95,12542.52
a2a3b5,United States,7.72,
ab8f0d,United States,6.17,
a0bf8c,United States,252.39,9806.94
a373b7,United States,237.74,10088.88
a0bf90,United States,222.76,12260.58
49d421,Czech Republic,175.36,8199.12
7c4e44,Australia,41.17,487.68
49d423,Czech Republic,241.68,9639.3
a4e494,United States,85.1,4320.54
a2c9ec,United States,224.38,10683.24
ab8f36,United States,289.79,11727.18
ad6182,United States,135.06,2164.08
a3b186,United States,243.96,10386.06
a1cc1f,United States,7.46,
49d42b,Czech Republic,237.2,11963.4
a06f8a,United States,239.15,11033.76
acff02,United States,37.47,114.3
c052e0,Canada,136.52,1242.06
adb182,United States,51.26,640.08
a5f162,United States,194.22,9936.48
c065ef,Canada,110.98,7528.56
a9840e,United States,87.48,2461.26
a17c62,United States,237.85,13220.7
845dcc,Japan,3.09,
a013ee,United States,234.76,11673.84
a99754,United States,0.0,
c052d3,Canada,12.35,
a3e9b2,United States,7.72,
a409bf,United States,61.91,571.5
a399de,United States,234.46,11033.76
aa13c7,United States,38.68,236.22
89910a,Taiwan,138.46,1615.44
899119,Taiwan,191.29,7094.22
a503d7,United States,124.3,5113.02
899118,Taiwan,2.06,
a889e1,United States,93.02,2407.92
c804d5,New Zealand,49.14,906.78
040101,Ethiopia,265.96,12900.66
781676,China,226.87,10142.22
89911c,Taiwan,243.91,12580.62
a43f7d,United States,140.32,2560.32
a360b7,United States,258.26,10706.1
899137,Taiwan,88.79,990.6
aa39fd,United States,97.84,746.76
a8fc06,United States,216.86,12268.2
a2b6ff,United States,5.92,
a30c81,United States,77.85,3040.38
899139,Taiwan,173.49,5791.2
a240dc,United States,249.19,12512.04
899138,Taiwan,95.44,640.08
899135,Taiwan,276.74,10888.98
aa5c1c,United States,71.91,1501.14
a8fc09,United States,223.12,10927.08
ac6745,United States,78.8,1577.34
4850e6,Kingdom of the Netherlands,151.97,3512.82
899131,Taiwan,7.72,
ac541b,United States,240.33,10264.14
7c4caf,Australia,67.85,373.38
a78c43,United States,249.72,11673.84
a253dd,United States,50.82,1043.94
899103,Taiwan,98.82,1097.28
c065d4,Canada,62.04,1409.7
899106,Taiwan,228.09,10629.9
aa5c0b,United States,88.7,2461.26
a6cf4a,United States,132.88,6141.72
a31f85,United States,50.81,868.68
a31f88,United States,46.78,236.22
899108,Taiwan,233.61,
aa26c8,United States,222.92,10363.2
aaaaae,United States,68.94,220.98
845f30,Japan,190.7,10629.9
899115,Taiwan,229.36,7741.92
899114,Taiwan,1.54,
a0ac92,United States,252.94,11247.12
a67f8a,United States,235.03,12900.66
78168c,China,291.54,11567.16
ac4107,United States,242.58,11841.48
a92f1d,United States,40.67,281.94
a30c4b,United States,61.22,320.04
7cf359,Australia,0.0,
ab4797,United States,37.17,396.24
ad8766,United States,233.62,10104.12
a13501,United States,236.7,9486.9
851142,Japan,194.62,4434.84
4ba9c5,Turkey,290.95,12534.9
4ba9c8,Turkey,254.09,12390.12
a9c150,United States,64.85,541.02
c0407b,Canada,217.52,4899.66
4ba9c2,Turkey,249.07,13060.68
4ba9c1,Turkey,276.28,12656.82
a8b49a,United States,243.29,7109.46
aceaa6,United States,64.62,746.76
a9c158,United States,231.44,11407.14
ab7ae4,United States,232.83,12306.3
add734,United States,193.22,10599.42
a5af37,United States,79.85,1150.62
a3d6cc,United States,48.38,822.96
a05ba2,United States,244.46,11422.38
a67f2c,United States,239.73,9906.0
a67f38,United States,143.06,2529.84
4ba9d3,Turkey,235.57,12595.86
4ba9d2,Turkey,234.64,12725.4
4ba9d4,Turkey,209.01,5425.44
405bfc,United Kingdom,4.12,
ac9abc,United States,223.85,10378.44
06a2b8,Qatar,252.28,11612.88
acfdf4,United States,179.04,4785.36
a67f3b,United States,0.51,
aaaade,United States,0.0,
e486c2,Brazil,247.59,9791.7
e486c3,Brazil,209.56,10248.9
ad6116,United States,253.85,11971.02
06a2c4,Qatar,254.41,11330.94
ad876e,United States,39.1,
a6cf20,United States,239.05,10713.72
a67b75,United States,189.13,5920.74
8404f3,Japan,107.9,777.24
a02413,United States,192.52,9730.74
ade6d4,United States,50.25,190.5
ae4f77,United States,51.14,701.04
a55b7f,United States,256.61,14401.8
abdc56,United States,239.23,12542.52
a55b98,United States,187.93,3863.34
ab30e6,United States,278.45,12443.46
ae4f4a,United States,26.44,76.2
a6cb48,United States,256.42,10949.94
4ba8f6,Turkey,597.81,
4ba8f2,Turkey,14.85,11285.22
add3bc,United States,215.17,8046.72
a752ea,United States,6.43,
ad83f3,United States,239.01,11033.76
aa10ba,United States,213.07,10751.82
ab30f0,United States,227.19,11026.14
86dd2a,Japan,234.92,10363.2
abdc78,United States,0.0,
a6cb76,United States,48.97,548.64
a752e9,United States,35.68,335.28
a6cb60,United States,38.24,403.86
8511ca,Japan,150.52,3238.5
aa7f8d,United States,235.2,10828.02
0b4150,Guatemala,98.88,4312.92
a885f4,United States,225.9,11658.6
406d95,United Kingdom,216.95,11795.76
a0baa1,United States,0.51,
a68e4c,United States,222.45,9593.58
a1574e,United States,269.13,11094.72
407fad,United Kingdom,233.08,12664.44
407fae,United Kingdom,250.23,11772.9
a55b50,United States,222.09,10995.66
064351,Nigeria,240.14,12801.6
a55b3c,United States,262.23,9174.48
a3e5fa,United States,74.09,457.2
780420,China,243.31,10492.74
ac50fa,United States,121.99,1432.56
a8d5a4,United States,8.23,
abdc9b,United States,237.97,11003.28
a1442f,United States,143.87,1630.68
a39723,United States,240.56,11330.94
aa23b3,United States,176.44,6347.46
a9d070,United States,29.33,121.92
a55b69,United States,32.43,929.64
a03765,United States,240.93,11323.32
a9d069,United States,0.0,
aa7f4e,United States,251.07,9220.2
a4f2d3,United States,246.11,10439.4
a7c8e3,United States,244.18,13754.1
a6cb0d,United States,5.66,
ab4508,United States,201.04,5097.78
a01112,United States,4.37,
a1440c,United States,100.83,1432.56
a39706,United States,45.56,1104.9
aa7ebe,United States,55.29,609.6
c81766,New Zealand,58.21,350.52
aa6ba4,United States,234.07,12123.42
ac0f26,United States,145.17,1844.04
c80430,New Zealand,41.29,304.8
abb9b2,United States,234.58,10355.58
8991be,Taiwan,246.6,12428.22
a51425,United States,256.28,9753.6
aa7ebc,United States,216.45,8214.36
ac89af,United States,92.33,2461.26
adc171,United States,127.73,5052.06
7802bf,China,92.44,1013.46
aa7ec3,United States,0.9,
7cf3a5,Australia,4.89,
c8042b,New Zealand,41.89,609.6
a4f414,United States,190.4,8229.6
a2644a,United States,226.89,11010.9
abef16,United States,1.03,
a44db3,United States,161.28,3733.8
ab56d2,United States,7.46,
c8043a,New Zealand,44.24,320.04
aa3839,United States,235.02,10629.9
a0379c,United States,52.63,2072.64
8991b6,Taiwan,224.3,11605.26
7802dd,China,224.27,8831.58
7c4f5e,Australia,94.52,3131.82
adc17b,United States,237.34,11353.8
abef2f,United States,219.42,12283.44
a1311e,United States,234.49,10363.2
c00da8,Canada,169.21,7223.76
8991af,Taiwan,0.0,
a26439,United States,130.6,5158.74
aabc30,United States,49.77,3002.28
ac76ae,United States,0.06,
8991ab,Taiwan,245.31,13014.96
a50126,United States,5.4,
a7fe9a,United States,40.68,1074.42
a992e4,United States,222.61,12633.96
ad1c11,United States,221.69,11978.64
c80475,New Zealand,37.14,259.08
ab43c6,United States,5.66,
a2a144,United States,223.32,13197.84
c8178e,New Zealand,82.19,1546.86
0b413c,Guatemala,54.99,3467.1
ae4f31,United States,1.8,
a4911f,United States,87.9,4015.74
abb9ff,United States,51.51,1409.7
a40797,United States,226.94,9578.34
ab56ee,United States,164.82,12893.04
e4875e,Brazil,145.83,3916.68
406d77,United Kingdom,79.73,411.48
ac89ff,United States,126.8,7955.28
406d70,United Kingdom,285.86,13114.02
abef54,United States,237.17,10020.3
a4077d,United States,240.9,10066.02
0acabf,Colombia,208.85,6964.68
a992c9,United States,56.81,975.36
acc6d1,United States,182.37,5250.18
a01180,United States,153.84,3825.24
a7eb97,United States,54.74,632.46
0acac1,Colombia,243.21,10104.12
0acac0,Colombia,173.22,3794.76
ae06d8,United States,120.92,7833.36
a3845c,United States,147.19,2179.32
ac0f6c,United States,218.2,7780.02
3e1205,Germany,35.69,114.3
0acaab,Colombia,137.25,2301.24
ac76f2,United States,250.53,10005.06
ac0f93,United States,239.42,12641.58
a39781,United States,238.65,12618.72
ad2f71,United States,0.0,
a3711a,United States,254.85,10050.78
7cf3c8,Australia,16.46,
3c8236,Germany,10.29,
a7b76f,United States,56.1,1104.9
a07f46,United States,244.34,8763.0
4ba954,Turkey,242.46,11666.22
4ba956,Turkey,179.71,3482.34
4ba955,Turkey,215.77,10957.56
4ba950,Turkey,222.45,11689.08
7c19c8,Australia,69.96,281.94
a3c16c,United States,38.29,533.4
a6cad3,United States,3.09,
a19f29,United States,220.91,12763.5
c1e5ad,Canada,6.69,
4ba94f,Turkey,268.65,11346.18
4ba94c,Turkey,213.1,11696.7
4ba94b,Turkey,226.2,11018.52
4ba94e,Turkey,237.52,10995.66
a6cacb,United States,239.69,10408.92
ab4489,United States,1.8,
c1e5d6,Canada,7.72,
a9e41d,United States,38.56,571.5
a88774,United States,5.66,
a81df6,United States,123.22,1965.96
c00e75,Canada,1.54,
aba798,United States,207.12,14394.18
a3c192,United States,237.1,11658.6
a07f60,United States,205.5,5798.82
4ba95a,Turkey,292.84,9966.96
c829ab,New Zealand,225.55,9273.54
c1e5a3,Canada,6.17,
c00e9d,Canada,276.74,11544.3
a50192,United States,221.56,7574.28
a4e181,United States,4.89,
a07f1b,United States,53.78,1706.88
acb469,United States,120.61,1272.54
a79afa,United States,41.19,1112.52
acc799,United States,239.74,12611.1
4ba946,Turkey,125.54,2072.64
acc76b,United States,206.81,10157.46
4ba949,Turkey,218.06,8122.92
c075fc,Canada,157.66,4130.04
a7413c,United States,118.62,944.88
4ba945,Turkey,263.89,11795.76
7cf480,Australia,5.14,
c062e8,Canada,53.89,2011.68
a43adf,United States,50.99,716.28
86eec2,Japan,246.37,11986.26
a7fdf2,United States,219.35,11361.42
8990e9,Taiwan,158.46,3078.48
acb46d,United States,215.73,9151.62
8990e6,Taiwan,251.55,11087.1
8990e5,Taiwan,273.11,10919.46
845ebc,Japan,246.0,9677.4
8990e1,Taiwan,284.41,11041.38
4ba994,Turkey,168.4,3657.6
a5277b,United States,51.1,807.72
aa7df3,United States,72.02,144.78
a5277d,United States,263.79,11064.24
a8d71c,United States,154.89,3398.52
8990da,Taiwan,232.16,11315.7
ab3198,United States,48.75,609.6
a44f0d,United States,126.95,2065.02
8990f6,Taiwan,121.83,1935.48
a396a9,United States,188.99,5417.82
8990f4,Taiwan,254.53,12816.84
a2d9d6,United States,49.48,624.84
a010ac,United States,182.95,11620.5
a143c6,United States,5.92,
a289ee,United States,53.52,1043.94
8990ef,Taiwan,234.63,11292.84
8990eb,Taiwan,8.23,
8990ea,Taiwan,241.5,11148.06
a55af4,United States,82.65,1424.94
4ba979,Turkey,89.55,571.5
aa7dd6,United States,203.89,9029.7
8990c1,Taiwan,248.25,12473.94
ac0f03,United States,0.0,
a6dde2,United States,249.66,13205.46
c062b8,Canada,230.38,6606.54
a8741c,United States,92.84,899.16
49d327,Czech Republic,239.76,11818.62
8990bd,Taiwan,241.98,11125.2
a036f2,United States,27.57,213.36
aa7dad,United States,139.84,1516.38
a7fdab,United States,221.02,12001.5
c00e55,Canada,274.66,12199.62
a19f67,United States,63.57,533.4
a07f6a,United States,0.0,
a3c15d,United States,240.59,11544.3
ab69d0,United States,42.05,609.6
a81dbc,United States,113.64,1371.6
a0cf9a,United States,25.91,510.54
aa7f48,United States,121.0,838.2
781784,China,236.2,10850.88
aa7f46,United States,233.27,11369.04
0d08d1,Mexico,244.84,12885.42
7c3ad6,Australia,90.47,4526.28
a32f82,United States,191.18,10675.62
aa36c8,United States,52.17,2049.78
a3e6e0,United States,33.75,144.78
0d08d9,Mexico,249.09,10073.64
a3e6e3,United States,207.84,14356.08
a010f0,United States,82.75,2903.22
7c3acc,Australia,66.01,1005.84
a539fb,United States,118.08,1569.72
407ed8,United Kingdom,286.76,10828.02
a526e2,United States,225.26,10355.58
a31c42,United States,229.87,13662.66
a9819b,United States,235.34,11094.72
49d357,Czech Republic,217.3,6774.18
a899a2,United States,15.43,
aa7f24,United States,238.62,11643.36
0d08f3,Mexico,134.93,3520.44
0d08f4,Mexico,232.34,10675.62
ab9dab,United States,0.77,
a7c9bf,United States,47.63,76.2
c00e25,Canada,78.23,266.7
aa7f0e,United States,53.82,281.94
a406c9,United States,162.78,4693.92
0d08eb,Mexico,228.27,11300.46
49d369,Czech Republic,5.92,
a06c85,United States,45.81,777.24
49d365,Czech Republic,258.19,11277.6
c00e17,Canada,119.71,2621.28
780488,China,237.19,10317.48
c00e15,Canada,272.36,11422.38
a276dd,United States,200.37,6697.98
a143e9,United States,87.46,1264.92
48e9f6,Poland,11.83,
a5ac1d,United States,55.91,167.64
a31c1a,United States,222.47,13228.32
c0509f,Canada,158.97,7574.28
48e9f4,Poland,76.47,198.12
0d08fd,Mexico,154.86,2232.66
780491,China,133.73,2895.6
48e9f0,Poland,228.44,11925.3
aa7f08,United States,227.73,9570.72
aa7f03,United States,267.93,9166.86
aa7f02,United States,2.06,
aa7f01,United States,246.04,11346.18
86dbba,Japan,114.89,2956.56
aa7f09,United States,240.82,11346.18
c1e678,Canada,2.06,
a539c9,United States,252.98,11719.56
c0637c,Canada,198.33,11102.34
a8c489,United States,140.79,2164.08
4b8e04,Turkey,218.63,11559.54
49d38c,Czech Republic,247.95,10668.0
a98166,United States,0.64,
a2a0aa,United States,142.84,2225.04
c0503d,Canada,33.1,1996.44
ab310e,United States,84.96,1013.46
a2a0ae,United States,206.87,9547.86
c0636a,Canada,173.61,3901.44
c0b383,Canada,39.21,1112.52
acc73a,United States,73.05,2689.86
ab8ac9,United States,70.87,3025.14
abdaa4,United States,257.37,11407.14
c1e666,Canada,0.06,
7cf43a,Australia,5.66,
7cf43c,Australia,5.14,
c0506b,Canada,236.34,11026.14
a92ae9,United States,211.44,9966.96
ab3133,United States,121.24,1676.4
a539f5,United States,13.89,
a5bf21,United States,92.73,5303.52
c05060,Canada,162.96,5082.54
aba75f,United States,148.3,8747.76
a526bb,United States,50.78,586.74
ac6445,United States,241.92,11978.64
a3e6d5,United States,148.43,9730.74
a3d3a9,United States,204.44,14447.52
7c3adf,Australia,41.24,579.12
a03816,United States,121.18,1242.06
881bc4,Thailand,52.46,304.8
c06589,Canada,227.81,12298.68
ad84de,United States,254.14,11849.1
acb4e5,United States,84.63,4168.14
a740c8,United States,41.06,769.62
acb4e1,United States,50.94,1737.36
e4999d,Brazil,254.93,11353.8
c1e885,Canada,1.03,
71c235,Republic of Korea,193.95,4572.0
008d3c,South Africa,186.31,3589.02
a7ff6a,United States,269.83,11041.38
a5ac8a,United States,59.66,967.74
aa6d9a,United States,94.11,1226.82
abdd91,United States,83.67,586.74
abca65,United States,52.65,1379.22
a7ff72,United States,214.15,9471.66
c1e887,Canada,7.2,
a81f83,United States,217.01,8366.76
c0523d,Canada,81.81,3779.52
71c220,Republic of Korea,96.76,1165.86
a8d6bd,United States,88.09,609.6
a9f6b9,United States,207.29,8153.4
71c257,Republic of Korea,1.8,
aaaa92,United States,266.13,11315.7
a620f5,United States,190.56,6164.58
71c259,Republic of Korea,222.03,10424.16
71c250,Republic of Korea,244.0,11445.24
a14502,United States,72.09,213.36
aaaa99,United States,44.25,1912.62
780526,China,237.15,8359.14
c06590,Canada,0.06,
a9f6c2,United States,229.53,11925.3
71c245,Republic of Korea,213.98,7467.6
71c244,Republic of Korea,231.89,8153.4
71c249,Republic of Korea,206.01,7284.72
a43c7a,United States,211.62,6903.72
aa11d3,United States,0.06,
781865,China,221.5,10386.06
aaaa9a,United States,42.7,236.22
7cf635,Australia,1.54,
780531,China,243.44,9494.52
7cf636,Australia,10.8,
a1a861,United States,72.57,754.38
a3d3f0,United States,246.34,11292.84
a3d3f4,United States,53.39,1082.04
c0653d,Canada,268.67,11399.52
a1453b,United States,85.42,838.2
744841,Jordan,240.28,7871.46
c0653f,Canada,222.3,12245.34
74482f,Jordan,77.11,304.8
74482e,Jordan,237.57,10043.16
74482d,Jordan,227.9,10363.2
74482c,Jordan,211.54,6972.3
c05219,Canada,0.51,
a4e0b4,United States,104.6,1463.04
4b8d64,Turkey,188.06,3581.4
a7ff32,United States,242.34,12009.12
a7ec02,United States,41.48,45.72
a92c25,United States,0.0,
744843,Jordan,264.07,11300.46
aca1dd,United States,161.37,4541.52
c1e847,Canada,1.29,
c06539,Canada,215.08,10652.76
ac791d,United States,230.75,11658.6
a67c72,United States,172.48,9281.16
c82953,New Zealand,252.97,10751.82
0c605d,Trinidad and Tobago,235.26,11323.32
0c605e,Trinidad and Tobago,232.14,11628.12
71c218,Republic of Korea,248.86,10934.7
a19ecf,United States,8.23,
0c605a,Trinidad and Tobago,132.81,6111.24
780557,China,212.68,7635.24
a1584a,United States,187.77,4206.24
0c6060,Trinidad and Tobago,227.39,11666.22
71c216,Republic of Korea,204.88,6713.22
040240,Ethiopia,244.88,12550.14
a6cc54,United States,239.22,11628.12
adc1ec,United States,65.09,1272.54
aa6d51,United States,108.21,2834.64
a620b7,United States,101.56,2019.3
780561,China,233.23,9959.34
744828,Jordan,229.31,11666.22
744827,Jordan,197.19,7299.96
744825,Jordan,237.6,11437.62
744823,Jordan,246.17,
adc1f0,United States,84.76,3070.86
c0654b,Canada,221.88,11361.42
a6cc45,United States,244.16,11041.38
ac0fb6,United States,75.12,38.1
a31bcf,United States,65.12,144.78
a44ef8,United States,147.67,1463.04
a43bc6,United States,251.72,12595.86
7cf4d2,Australia,2.31,
a68eaa,United States,89.57,1912.62
c00eb0,Canada,138.69,2971.8
c82986,New Zealand,131.72,5615.94
0d094c,Mexico,222.87,9982.2
7803f6,China,0.0,
a3c21a,United States,5.92,
0d0962,Mexico,134.15,6797.04
abdd00,United States,217.02,8252.46
aa3968,United States,52.24,762.0
7c3d86,Australia,32.99,167.64
ac77d3,United States,171.9,12633.96
aa261d,United States,89.18,1371.6
aa6ca0,United States,32.7,274.32
a5287c,United States,232.65,10988.04
a1589d,United States,202.63,11064.24
a52898,United States,7.46,
aba7c2,United States,0.0,
abca00,United States,256.89,9563.1
abdd1c,United States,201.65,7719.06
a87509,United States,42.23,1539.24
a67bc8,United States,240.97,11041.38
aba7d9,United States,255.55,11666.22
a5bee7,United States,51.14,1859.28
a8881e,United States,215.67,7833.36
a9e3e9,United States,52.87,1021.08
4ba919,Turkey,244.34,11254.74
4ba913,Turkey,205.99,8206.74
ade7af,United States,54.88,1737.36
ad84b1,United States,53.05,1927.86
71c277,Republic of Korea,187.47,6156.96
71c275,Republic of Korea,245.54,11071.86
a037b2,United States,39.1,
a37265,United States,189.22,4701.54
a9d0c2,United States,72.76,1051.56
c81699,New Zealand,46.68,601.98
aa7fa1,United States,231.3,8001.0
a037b9,United States,216.31,12222.48
485000,Kingdom of the Netherlands,194.69,4084.32
a740ee,United States,74.35,495.3
abca17,United States,58.32,396.24
acb4c1,United States,10.29,
abdd64,United States,218.22,10988.04
7cf4eb,Australia,1.29,
a2fbf1,United States,266.09,11795.76
ac64cf,United States,69.03,281.94
a3724b,United States,32.2,106.68
ad1d3d,United States,8.75,
71c293,Republic of Korea,1.54,
7cf4f1,Australia,0.0,
0d0932,Mexico,217.24,11925.3
e49957,Brazil,146.62,2766.06
ad97dd,United States,244.2,9913.62
e49958,Brazil,220.87,12321.54
4ba903,Turkey,5.17,10012.68
aaaa4a,United States,238.66,10660.38
4ba901,Turkey,251.23,11338.56
a3722e,United States,97.74,3619.5
a2b562,United States,215.43,10690.86
acfd2c,United States,5.66,
71c282,Republic of Korea,146.91,1943.1
aabd7f,United States,259.35,10325.1
ac9a49,United States,38.31,739.14
a44eeb,United States,54.96,1051.56
e49955,Brazil,161.47,5326.38
c050ae,Canada,284.65,11673.84
a7b88d,United States,55.06,601.98
0aca5f,Colombia,246.67,11971.02
c050c4,Canada,209.52,10142.22
7c3d11,Australia,40.52,304.8
7817b6,China,224.28,9715.5
a4f59c,United States,0.0,
ade862,United States,84.87,1219.2
ac6596,United States,256.45,11871.96
ad854a,United States,193.75,8435.34
0aca5e,Colombia,244.15,10119.36
adc238,United States,0.0,
acb56f,United States,192.91,9906.0
a9e50e,United States,57.11,1112.52
ad857e,United States,243.21,10721.34
7804a1,China,238.29,
aa6bed,United States,214.85,11597.64
85134a,Japan,0.45,
c063eb,Canada,215.2,11254.74
c828a8,New Zealand,133.97,4724.4
acfbdc,United States,61.07,1043.94
a05a01,United States,241.51,11650.98
c1e6d0,Canada,6.43,
a18d65,United States,71.31,1287.78
0d07f7,Mexico,154.77,3497.58
ad7282,United States,255.18,11209.02
ad7284,United States,234.54,12359.64
3c8165,Germany,6.94,
a0aa2b,United States,16.46,
4ba892,Turkey,227.83,11689.08
aa2552,United States,143.47,8145.78
a9f837,United States,48.8,1866.9
a05a68,United States,223.37,11612.88
3c817c,Germany,6.69,
a264a4,United States,249.58,13167.36
7817fa,China,234.68,10828.02
a79be3,United States,222.7,11910.06
aa253b,United States,256.96,11369.04
8991e1,Taiwan,214.4,8214.36
8991e3,Taiwan,81.15,289.56
a05a1a,United States,54.3,952.5
a8886d,United States,280.68,9220.2
7804e6,China,146.64,5257.8
aa2548,United States,80.53,1912.62
a9d0fe,United States,146.87,1699.26
8991dd,Taiwan,1.03,
0aca8d,Colombia,234.46,11422.38
c828d4,New Zealand,0.0,
8991db,Taiwan,217.51,7711.44
c050a0,Canada,138.92,5006.34
8991da,Taiwan,243.98,11125.2
aa7eda,United States,61.27,1889.76
a7ebb0,United States,63.41,304.8
a86214,United States,34.14,403.86
3c818e,Germany,9.26,
4a1265,Romania,0.0,
a9f818,United States,246.95,10713.72
ad727d,United States,271.09,8602.98
a1a7ad,United States,54.07,1790.7
a011ac,United States,245.0,11369.04
a99514,United States,67.98,548.64
aa6ba6,United States,232.2,12313.92
a67bee,United States,5.4,
a7fed3,United States,206.26,6774.18
a05a48,United States,118.14,822.96
a7a530,United States,63.06,1043.94
ad9811,United States,76.17,22.86
ab4515,United States,189.16,5212.08
780571,China,144.11,3124.2
ab4513,United States,66.37,1196.34
c828ea,New Zealand,89.27,838.2
a527f1,United States,91.65,1905.0
ab450a,United States,57.18,
a9d286,United States,286.16,10607.04
c828f1,New Zealand,65.02,297.18
407ff4,United Kingdom,224.81,11529.06
406caa,United Kingdom,212.07,11803.38
a42a10,United States,172.59,6057.9
8418cc,Japan,256.73,12336.78
a1a7fd,United States,50.72,289.56
a2c7f7,United States,61.14,1363.98
ab4531,United States,4.89,
a7b7c5,United States,231.07,11361.42
780594,China,99.28,640.08
a754b5,United States,269.2,12222.48
704003,Myanmar,125.94,
a384d5,United States,222.09,10995.66
ad2ea9,United States,120.79,1714.5
a55d70,United States,50.61,533.4
ad2ea4,United States,209.93,5676.9
ad2ea1,United States,213.61,11452.86
a1ca0d,United States,289.49,9204.96
a2fd2b,United States,60.07,601.98
c00f37,Canada,59.64,1348.74
7c4ef2,Australia,3.6,
a30a0e,United States,163.59,3870.96
a29a37,United States,219.7,7147.56
a42a5c,United States,216.11,7635.24
a7a59f,United States,0.0,
add507,United States,56.68,929.64
ab321c,United States,286.91,11201.4
ad2ec5,United States,129.17,2735.58
86dce6,Japan,4.37,
ab5894,United States,106.59,876.3
aabbc9,United States,276.37,11879.58
a491d8,United States,58.14,2049.78
ad2eca,United States,69.96,1912.62
aba873,United States,2.12,-53.34
a74296,United States,48.02,449.58
a03954,United States,244.04,13807.44
acc85e,United States,43.26,731.52
49d283,Czech Republic,231.95,11559.54
abeeea,United States,0.0,
a9f87d,United States,139.5,2644.14
a3e7e6,United States,52.39,762.0
a55d31,United States,249.61,11300.46
a2b4ea,United States,248.65,12580.62
a384f8,United States,202.46,11521.44
ac6573,United States,234.43,12595.86
407fff,United Kingdom,91.48,1280.16
8418b4,Japan,3.86,
7817a2,China,283.51,11018.52
a50728,United States,53.2,1592.58
78193a,China,271.23,12016.74
71c353,Republic of Korea,184.35,4960.62
a1cdcf,United States,71.34,640.08
a54da9,United States,62.14,1844.04
78193b,China,218.21,7277.1
a7cb89,United States,205.39,6118.86
a1244d,United States,251.05,10485.12
a30dc5,United States,215.37,11338.56
a54db3,United States,47.43,647.7
a9c2de,United States,5.66,
a0176a,United States,75.62,731.52
880c49,Thailand,239.81,12016.74
880c44,Thailand,249.75,10347.96
c069c9,Canada,50.87,358.14
aa1810,United States,47.1,624.84
a91e9a,United States,104.29,944.88
ab250c,United States,47.85,525.78
a50757,United States,0.0,
ab2520,United States,221.09,8648.7
a13776,United States,35.04,502.92
a0ade2,United States,154.39,3314.7
407e7d,United Kingdom,210.77,11826.24
407e7b,United Kingdom,223.7,12108.18
a1cda8,United States,28.2,617.22
486071,Kingdom of the Netherlands,220.02,5715.0
a1242d,United States,179.81,3764.28
a05dfe,United States,40.06,266.7
aaaec0,United States,59.83,1310.64
71c362,Republic of Korea,183.62,6164.58
71c363,Republic of Korea,95.82,769.62
71c361,Republic of Korea,116.55,1173.48
a7de89,United States,51.01,685.8
a77b76,United States,237.8,11978.64
a7cb53,United States,241.43,11361.42
71c319,Republic of Korea,75.23,373.38
ac583f,United States,0.51,
a90b56,United States,31.14,175.26
780656,China,224.42,7886.7
c82ac1,New Zealand,0.0,1112.52
71c311,Republic of Korea,7.72,
e49c07,Brazil,189.02,5387.34
a9e8ef,United States,45.79,1303.02
71c313,Republic of Korea,230.36,7505.7
7c810d,Australia,142.82,6004.56
71c308,Republic of Korea,259.69,11650.98
a48438,United States,10.8,
71c309,Republic of Korea,220.85,6141.72
71c306,Republic of Korea,130.45,3177.54
ad7828,United States,204.17,11521.44
a029a8,United States,76.88,2644.14
71c305,Republic of Korea,12.35,
71c302,Republic of Korea,168.98,3276.6
a42dd1,United States,129.27,7574.28
a1babb,United States,119.04,1478.28
71c339,Republic of Korea,131.39,2461.26
71c334,Republic of Korea,211.82,6278.88
a1245e,United States,228.52,12359.64
78066c,China,209.95,5334.0
71c331,Republic of Korea,113.6,1310.64
71c337,Republic of Korea,141.61,2263.14
a9e8ce,United States,255.25,11247.12
a8eb21,United States,0.0,
ac5869,United States,85.72,2446.02
ac9ef7,United States,223.62,11018.52
71c329,Republic of Korea,127.69,1943.1
e49c04,Brazil,235.57,10416.54
e49c06,Brazil,232.3,10386.06
71c321,Republic of Korea,152.62,2766.06
71c326,Republic of Korea,142.19,2872.74
71c327,Republic of Korea,178.67,5219.7
aa4c87,United States,242.54,9037.32
a35109,United States,114.31,1562.1
06a064,Qatar,256.27,11346.18
a37765,United States,201.1,7749.54
a4e78d,United States,93.32,1775.46
a3a155,United States,239.65,9471.66
a8b744,United States,38.88,190.5
a8fdb4,United States,206.15,7132.32
ab23e1,United States,53.29,632.46
a9d71a,United States,49.09,937.26
47c98d,Norway,247.54,
406b05,United Kingdom,301.65,11109.96
ab6c5c,United States,0.06,
7448a1,Jordan,239.54,9707.88
a029e1,United States,122.93,8961.12
a4846c,United States,78.74,1607.82
3420c6,Spain,246.88,9723.12
a3514f,United States,251.55,11932.92
ab23f3,United States,46.95,952.5
ad63a1,United States,177.61,4495.8
a149c1,United States,217.42,11986.26
a53afb,United States,35.96,480.06
84084e,Japan,57.61,967.74
a9d737,United States,49.52,266.7
48e95b,Poland,149.45,4861.56
c82afb,New Zealand,233.11,11224.26
a2dadf,United States,226.19,11323.32
a59167,United States,46.54,1219.2
abcf7f,United States,254.54,10713.72
a77ae0,United States,244.47,11971.02
a6aad1,United States,40.77,365.76
a5f46e,United States,102.7,502.92
a24493,United States,12.86,
ad50a9,United States,237.51,12573.0
a42dfb,United States,52.41,510.54
a89ab9,United States,48.88,342.9
c04453,Canada,265.78,11643.36
a6aac2,United States,2.83,
ab6c96,United States,51.81,1470.66
a6147f,United States,159.48,3139.44
acdc40,United States,239.82,7437.12
a6aaba,United States,252.66,9151.62
a6aabc,United States,9.77,
ac30c0,United States,78.59,38.1
7c2b51,Australia,74.1,464.82
e49aa9,Brazil,236.93,11033.76
ab10df,United States,0.77,
a3c775,United States,215.14,11628.12
a149f1,United States,223.68,11597.64
c0572b,Canada,15.96,-15.24
a73410,United States,232.6,11323.32
ad50c9,United States,225.26,11049.0
71c392,Republic of Korea,248.25,12298.68
71c395,Republic of Korea,247.41,10782.3
c05734,Canada,53.42,350.52
c05736,Canada,62.78,472.44
781916,China,247.65,12969.24
880c52,Thailand,230.9,11384.28
407e68,United Kingdom,166.39,4053.84
71c385,Republic of Korea,193.9,6522.72
a6141a,United States,54.41,1211.58
71c382,Republic of Korea,252.86,12512.04
c0440e,Canada,266.65,10843.26
a74764,United States,191.24,3352.8
407e54,United Kingdom,106.81,1638.3
acdc93,United States,66.87,914.4
a029ef,United States,109.5,1554.48
407e45,United Kingdom,225.04,11460.48
a48499,United States,180.81,4800.6
406b12,United Kingdom,281.17,12420.6
a3a152,United States,276.73,9144.0
a04c79,United States,53.41,1043.94
a8a490,United States,199.16,10233.66
a376d6,United States,113.43,2766.06
a123e2,United States,185.47,5440.68
a123e3,United States,251.93,11971.02
a003ea,United States,72.21,1463.04
a4f9bc,United States,194.96,7277.1
8a0024,Indonesia,223.37,10050.78
a1cf6b,United States,213.53,10789.92
7805a9,China,243.14,9867.9
adb476,United States,98.52,1272.54
a84177,United States,240.11,10652.76
a389f8,United States,0.32,
ac69b6,United States,238.28,12923.52
a519ea,United States,201.03,13784.58
ab49d4,United States,54.02,1371.6
86ddb2,Japan,255.16,8191.5
a2a6ad,United States,232.6,10370.82
a66f21,United States,42.8,297.18
a6bf0f,United States,37.17,251.46
a8a478,United States,206.67,6812.28
a269fc,United States,58.85,1120.14
a8418f,United States,119.85,2545.08
ab6c08,United States,3.34,
a3fc34,United States,49.09,899.16
a04c67,United States,167.94,3627.12
a1bc29,United States,244.18,11026.14
407cf7,United Kingdom,5.4,
a123bf,United States,7.72,
a4719e,United States,47.67,
a54f60,United States,141.13,6789.42
a1cf48,United States,219.27,9700.26
a6bf11,United States,42.56,441.96
86ddd4,Japan,255.78,11795.76
a28c23,United States,286.89,11734.8
acef18,United States,246.59,9166.86
a9d75e,United States,59.22,701.04
a350c3,United States,50.43,137.16
7805e0,China,217.57,10386.06
a59197,United States,124.01,1615.44
7805dc,China,258.35,10340.34
a9d770,United States,34.93,0.0
a1bc79,United States,40.8,899.16
a1bc76,United States,53.11,1272.54
a230d6,United States,178.12,9578.34
ad0f29,United States,0.0,
7805f9,China,211.07,6896.1
a90ab9,United States,55.96,731.52
a376ec,United States,221.3,12275.82
a8fdd9,United States,64.72,624.84
a8a434,United States,62.08,1371.6
ac56d9,United States,211.89,7620.0
a8b760,United States,270.11,11490.96
ac56ba,United States,233.67,11003.28
a243cb,United States,230.3,9052.56
a8b75f,United States,269.8,10599.42
a90ac0,United States,86.1,1097.28
ac9f52,United States,224.34,7772.4
48c1a4,Poland,180.25,4221.48
7805fe,China,213.2,6301.74
a89aed,United States,45.6,563.88
ac69fc,United States,255.15,11750.04
a519cc,United States,87.91,4107.18
4b9df5,Turkey,212.47,11658.6
a28c62,United States,96.99,3444.24
ac9f64,United States,73.85,2712.72
a3a0cc,United States,219.49,11003.28
ab1122,United States,222.24,10355.58
a3a0cf,United States,232.37,8100.06
7cf674,Australia,0.0,
aaf111,United States,231.26,11643.36
7cf676,Australia,8.23,
aaaddc,United States,238.7,10927.08
3949ee,France,222.58,11475.72
c055d8,Canada,146.73,6065.52
ac5765,United States,1.54,
a613e3,United States,0.06,
7bb034,China,227.93,9860.28
06a079,Qatar,98.17,2087.88
aca757,United States,253.22,12359.64
ad7760,United States,4.12,
aaadf8,United States,219.47,10972.8
7cf666,Australia,1.8,
06a081,Qatar,291.28,11689.08
a7df59,United States,6.17,
c068eb,Canada,0.77,
7c8023,Australia,137.27,5897.88
ac8ac2,United States,61.54,1013.46
c055c9,Canada,142.31,5791.2
a8b6e2,United States,48.38,182.88
a613f3,United States,50.95,1379.22
a89c23,United States,236.99,11696.7
7cf64a,Australia,0.0,
06a083,Qatar,255.11,10767.06
a90c3f,United States,80.77,1866.9
a3a0ed,United States,178.54,4518.66
7cf658,Australia,0.06,
c055ec,Canada,153.81,7955.28
c055eb,Canada,155.85,7955.28
39cf07,France,261.48,11010.9
a7df86,United States,120.84,944.88
a4c0db,United States,157.41,4274.82
7cf63d,Australia,1.8,
7cf63f,Australia,1.8,
39cf06,France,268.53,10904.22
3949e4,France,207.85,8191.5
a733e6,United States,247.33,11308.08
39cf0b,France,264.06,11917.68
503d73,Lithuania,253.81,11483.34
a65c8f,United States,52.07,1432.56
c055e9,Canada,0.0,
a8b6c0,United States,66.04,1592.58
39cf10,France,237.18,
a5e0d3,United States,250.16,11330.94
155c31,Russian Federation,200.74,10393.68
39cf11,France,293.58,12999.72
a41c69,United States,212.26,5814.06
7cf62d,Australia,8.75,
acdaa5,United States,239.55,10561.32
ac578c,United States,228.13,7818.12
ab2496,United States,248.08,11917.68
ab6afa,United States,0.0,
a4d3b5,United States,80.36,2225.04
a7df23,United States,151.16,2613.66
407ce4,United Kingdom,216.9,11003.28
a879ce,United States,57.88,571.5
a01880,United States,7.72,
a5f3a1,United States,44.58,220.98
a759eb,United States,244.1,8930.64
e4a2d5,Brazil,133.72,2049.78
a3fc58,United States,225.01,7368.54
a7a9c5,United States,166.24,5478.78
a2a823,United States,174.1,8031.48
7c8068,Australia,88.26,853.44
7c8067,Australia,265.5,11871.96
a04bbe,United States,233.13,10050.78
7c8065,Australia,0.0,
7c8064,Australia,258.14,12595.86
a24529,United States,178.47,6644.64
aa03a2,United States,2.83,259.08
49d13f,Czech Republic,218.54,10850.88
a24526,United States,250.33,8587.74
c068b9,Canada,271.63,11407.14
407cd2,United Kingdom,273.12,11346.18
ab249e,United States,12.86,
a3b3e5,United States,228.34,10988.04
a999cb,United States,125.9,4678.68
a29eb6,United States,213.09,7696.2
e4a2c3,Brazil,30.29,845.82
a4e6de,United States,98.92,2247.9
a3fc5c,United States,52.51,594.36
7c8070,Australia,227.72,9723.12
aca788,United States,71.23,312.42
aca79d,United States,88.32,1112.52
aa4c12,United States,46.78,868.68
a6bf4e,United States,201.66,6164.58
7cf698,Australia,4.12,
e4a2b7,Brazil,251.86,12252.96
aa5f41,United States,254.93,12001.5
7cf688,Australia,0.0,
407cb3,United Kingdom,70.6,182.88
7cf684,Australia,6.69,
a25839,United States,186.91,12611.1
a24508,United States,211.91,10287.0
aaf183,United States,228.53,11521.44
a05ee5,United States,57.18,929.64
407cb0,United Kingdom,5.14,
7818ac,China,207.24,7604.76
a7cc00,United States,207.25,9433.56
c068e3,Canada,76.97,2225.04
a1383c,United States,243.87,10027.92
acdae8,United States,63.09,1752.6
a3a0ca,United States,244.77,11346.18
a2587b,United States,0.0,
0ac985,Colombia,135.18,5394.96
a3b529,United States,192.17,5882.64
a1122a,United States,63.37,2095.5
78072a,China,245.47,8846.82
aa5fc2,United States,82.83,990.6
780742,China,183.87,6332.22
acca88,United States,156.43,3261.36
4406de,Austria,264.33,10637.52
a3651c,United States,230.85,13807.44
a28bc9,United States,4.89,
a4e843,United States,60.17,739.14
a2454f,United States,204.02,7932.42
a53ba4,United States,220.42,9776.46
a3b546,United States,67.2,1066.8
a25865,United States,61.21,480.06
a2eeb2,United States,36.79,68.58
0ac95b,Colombia,233.72,9052.56
ab6cb0,United States,170.28,6035.04
406c80,United Kingdom,205.03,11811.0
0ac95d,Colombia,231.64,10195.56
a54ee7,United States,252.82,8976.36
a4d52a,United States,50.94,1264.92
a3a222,United States,235.3,9387.84
a0f221,United States,45.98,358.14
a54edf,United States,82.86,2080.26
78075d,China,218.99,10386.06
a90c9a,United States,140.44,5036.82
ab263e,United States,57.12,929.64
406c71,United Kingdom,72.97,632.46
a8ec94,United States,5.92,
a2452a,United States,206.84,8907.78
a37842,United States,162.92,2880.36
407ea1,United Kingdom,64.47,693.42
a9d6f1,United States,43.73,396.24
ab3982,United States,251.44,11978.64
a35254,United States,234.04,11910.06
abbca1,United States,227.36,7002.78
7c2be7,Australia,182.21,5905.5
76b450,Singapore,148.56,1958.34
78076d,China,308.24,10134.6
76b455,Singapore,106.44,1402.08
a24591,United States,131.2,3482.34
7c2be9,Australia,182.31,5646.42
a42efc,United States,0.0,
a9d6df,United States,264.88,13136.88
a960c0,United States,52.97,914.4
76b44d,Singapore,245.71,9913.62
8514d6,Japan,243.88,9692.64
4b9e56,Turkey,213.46,11582.4
a2dbe5,United States,37.81,304.8
ac9ff2,United States,241.34,11018.52
a47221,United States,222.41,10264.14
ab398a,United States,291.56,11125.2
ac3315,United States,140.05,2506.98
aca948,United States,213.67,10607.04
aca944,United States,45.86,327.66
a1bbe5,United States,220.83,12108.18
abbcc1,United States,225.31,8862.06
7c2bc6,Australia,245.36,12153.9
c88019,Fiji,194.82,12679.68
c88018,Fiji,244.37,12763.5
a24573,United States,255.15,8755.38
a1bbde,United States,49.77,1371.6
7c3eec,Australia,98.94,4792.98
8514f8,Japan,244.0,10088.88
a2eedc,United States,74.85,1356.36
a28be1,United States,149.19,4747.26
a960a9,United States,229.78,12245.34
ac8ce5,United States,132.74,2499.36
7c2bb0,Australia,199.33,11209.02
a62819,United States,31.53,525.78
ac4668,United States,47.69,335.28
a3b50f,United States,237.32,12009.12
4b9e5a,Turkey,1265.37,
a973e0,United States,6.69,
a36556,United States,206.44,6309.36
a8ec57,United States,139.42,1539.24
7cf837,Australia,108.25,6606.54
a90bb9,United States,48.35,853.44
e4a301,Brazil,146.32,8412.48
a8fed6,United States,63.8,632.46
385fff,France,1.03,
abaa1a,United States,246.17,11704.32
a017c9,United States,218.81,11544.3
adc7cd,United States,52.12,487.68
a5f581,United States,3.34,
a8553f,United States,145.15,2567.94
a3a289,United States,65.89,716.28
abbd73,United States,168.23,3124.2
a9d859,United States,56.14,1089.66
adc7bd,United States,45.86,647.7
a98883,United States,76.07,175.26
a9883f,United States,41.49,441.96
a017a8,United States,224.84,6446.52
7c80ae,Australia,140.76,5638.8
c0457f,Canada,171.78,4396.74
abaa43,United States,219.3,9525.0
ac7a52,United States,227.74,11026.14
c03244,Canada,123.89,1676.4
a9c506,United States,2.06,
ad9a33,United States,46.7,594.36
ac7a5b,United States,151.89,3307.08
a86898,United States,48.79,708.66
a7def8,United States,4.37,
ac7a65,United States,173.41,3497.58
aaf1f2,United States,255.44,11292.84
a9d807,United States,152.57,3954.78
a2a7b5,United States,82.83,952.5
407f8c,United Kingdom,216.31,11254.74
407f8d,United Kingdom,227.73,11574.78
84091b,Japan,218.4,11711.94
abbd8d,United States,0.0,
a74865,United States,89.21,2232.66
a6152a,United States,277.86,9166.86
7c80ff,Australia,5.92,
80139b,India,234.9,12397.74
780707,China,260.02,10919.46
c0582b,Canada,284.49,9136.38
407f7a,United Kingdom,1.54,
a8b82a,United States,262.35,8747.76
adea26,United States,238.4,11910.06
a8b836,United States,42.11,129.54
406c3b,United Kingdom,274.58,
a3b588,United States,3.6,
a8b804,United States,1.03,
c88092,Fiji,208.55,11780.52
a8b805,United States,230.7,11003.28
ac590c,United States,71.02,1722.12
407f64,United Kingdom,171.9,3489.96
7c80f6,Australia,140.82,5356.86
406c39,United Kingdom,273.49,11910.06
407f67,United Kingdom,201.23,8534.4
a5e229,United States,238.6,12931.14
a72213,United States,237.62,9281.16
a3a270,United States,64.83,1539.24
7c3f3b,Australia,45.97,480.06
a4e7c9,United States,245.7,11551.92
e4a1f9,Brazil,129.4,8404.86
a231a6,United States,194.37,7018.02
a111bd,United States,193.25,7840.98
7806c7,China,201.63,6972.3
a0f1bb,United States,5.4,
c030fd,Canada,224.59,11422.38
a39a13,United States,131.21,3162.3
86222e,Japan,150.75,2346.96
a9b275,United States,265.33,10698.48
e49a8a,Brazil,225.99,11841.48
a3ea15,United States,100.47,1013.46
a27a35,United States,115.03,8382.0
ad5295,United States,82.07,3688.08
862250,Japan,135.55,3406.14
406ade,United Kingdom,245.74,11803.38
a3b4d6,United States,199.38,11513.82
a27a26,United States,161.08,3985.26
406ae9,United Kingdom,240.7,11734.8
7c3f19,Australia,122.17,7170.42
a004fc,United States,107.11,1790.7
a7226d,United States,49.73,2217.42
ac57d2,United States,132.81,2705.1
ab24aa,United States,60.91,457.2
abbd0a,United States,243.05,11971.02
a27a83,United States,3.6,
c82b32,New Zealand,220.92,10027.92
a1aa4e,United States,231.89,12885.42
a89bec,United States,5.92,
7cf6c7,Australia,2.83,
a39a58,United States,43.08,1927.86
a471a8,United States,69.12,822.96
c82b46,New Zealand,19.45,91.44
aa059e,United States,0.0,
ac8d3c,United States,254.34,10538.46
a364e7,United States,0.06,
abbd2d,United States,223.02,12633.96
e49a9f,Brazil,211.11,6888.48
c82b55,New Zealand,124.8,8679.18
a9755d,United States,48.49,662.94
48c2ac,Poland,96.86,762.0
ab6d76,United States,79.55,1981.2
86220c,Japan,70.81,274.32
abaa0e,United States,256.31,11864.34
a9c53b,United States,73.88,1272.54
a5e29d,United States,,
7cf6a4,Australia,8.75,
868ee4,Japan,242.43,9182.1
c030f3,Canada,0.0,
abbd47,United States,138.97,1668.78
886285,Thailand,234.69,12740.64
a25925,United States,211.23,9235.44
a76a3a,United States,245.99,12870.18
c030a6,Canada,202.18,11757.66
48c2a6,Poland,0.9,
a854d0,United States,107.02,609.6
adc842,United States,50.06,1089.66
a64a73,United States,225.54,11971.02
a12625,United States,14.4,
ad6539,United States,205.73,10568.94
71c506,Republic of Korea,179.12,3505.2
a3c900,United States,136.52,1318.26
71c505,Republic of Korea,0.0,
c043b7,Canada,0.0,
71c509,Republic of Korea,188.34,9319.26
71c502,Republic of Korea,0.0,
a88a11,United States,46.61,937.26
71c501,Republic of Korea,208.65,8313.42
a2ca86,United States,102.5,4160.52
a50900,United States,168.42,5410.2
341049,Spain,5.92,
71c537,Republic of Korea,99.63,533.4
a52a99,United States,232.04,11041.38
aceeee,United States,61.36,1036.32
a8ed0a,United States,46.95,281.94
71c532,Republic of Korea,193.83,5539.74
7c812c,Australia,2.31,
a8a4a2,United States,55.07,731.52
71c530,Republic of Korea,198.14,5722.62
7bb132,China,133.36,1272.54
867d00,Japan,124.05,1036.32
aaf260,United States,0.0,
a2ca5d,United States,296.64,12237.72
a5e1f8,United States,48.38,335.28
ac4587,United States,94.58,1104.9
a841b3,United States,48.97,487.68
a27a94,United States,190.7,6812.28
ad7892,United States,46.7,777.24
a89d0a,United States,106.87,922.02
a1cfd2,United States,34.85,1402.08
e49a59,Brazil,122.78,3002.28
a747e6,United States,53.18,1074.42
a64a18,United States,80.03,2476.5
a987aa,United States,116.64,1295.4
7c818e,Australia,54.57,731.52
acdbec,United States,238.57,11026.14
a3b4f7,United States,229.92,12938.76
a53d70,United States,102.03,868.68
ad6595,United States,209.39,7330.44
adc882,United States,47.51,304.8
c069d8,Canada,243.05,8229.6
ada227,United States,105.86,1059.18
ad789d,United States,43.27,1424.94
a00684,United States,215.41,11803.38
aaf27c,United States,158.46,5577.84
a53d80,United States,230.95,9906.0
86226a,Japan,1.8,
a52a3c,United States,51.98,2735.58
a747cb,United States,254.82,11056.62
a24617,United States,84.89,3649.98
aa17e2,United States,75.5,716.28
ab129a,United States,199.9,10203.18
ad526c,United States,123.14,1249.68
a591d5,United States,0.0,
a04cbf,United States,34.34,289.56
a13972,United States,56.81,601.98
a1cfa3,United States,47.66,929.64
ad5269,United States,220.87,6842.76
a5f4d2,United States,66.97,594.36
a867d1,United States,49.87,2697.48
a2a915,United States,8.75,
a43ea6,United States,275.08,11757.66
a8fc72,United States,219.67,10972.8
a31ead,United States,53.51,906.78
a12216,United States,49.78,1196.34
a3d829,United States,0.0,
71c597,Republic of Korea,257.83,
a1debf,United States,92.92,769.62
a01567,United States,235.54,10690.86
801404,India,220.65,9928.86
71c593,Republic of Korea,202.85,4930.14
a13541,United States,180.41,5814.06
a9e6ec,United States,27.01,160.02
a0288f,United States,49.9,937.26
a14887,United States,55.68,754.38
a78c8f,United States,240.36,9730.74
ab4925,United States,59.15,1219.2
a9c0b5,United States,35.33,91.44
a38836,United States,241.39,11643.36
780872,China,212.95,7620.0
510077,Belarus,196.26,7284.72
a3c514,United States,0.0,
789206,China,236.46,10789.92
789207,China,0.0,
aa4a90,United States,256.44,11734.8
a2b810,United States,223.16,7688.58
a00217,United States,228.61,6515.1
0d0698,Mexico,234.72,11559.54
7c3fca,Australia,121.38,1402.08
e4a236,Brazil,54.77,1424.94
a850dc,United States,226.15,11010.9
48c139,Poland,1925.07,
48c133,Poland,248.17,11795.76
86ce81,Japan,194.26,4556.76
a7dc92,United States,51.08,190.5
a9e6df,United States,4.63,
78921a,China,277.49,12207.24
ac692a,United States,206.32,11582.4
aa01f9,United States,66.62,2186.94
a983b7,United States,224.73,12496.8
3ac5ff,France,14.4,
a43ee5,United States,0.0,
a9f9db,United States,34.74,525.78
a876f4,United States,63.26,906.78
789234,China,7.46,
a2ebb9,United States,127.31,5052.06
a8c6e8,United States,190.22,3962.4
71c555,Republic of Korea,237.12,11064.24
ab8fd2,United States,86.28,1082.04
a3b0ea,United States,42.5,327.66
a80f87,United States,32.83,182.88
a17bfe,United States,192.08,11209.02
e4a28e,Brazil,174.98,4076.7
71c543,Republic of Korea,197.17,5928.36
71c540,Republic of Korea,185.17,4533.9
a756fc,United States,56.4,
71c541,Republic of Korea,156.15,3002.28
71c547,Republic of Korea,200.05,4701.54
a12263,United States,47.4,594.36
a43ec9,United States,234.49,11986.26
ac694f,United States,3.86,
ab3648,United States,177.07,7025.64
a91c28,United States,70.06,624.84
71c576,Republic of Korea,144.11,3116.58
71c573,Republic of Korea,130.75,2750.82
a49510,United States,167.95,3718.56
789254,China,6.43,
ab230f,United States,40.25,388.62
a66c99,United States,81.24,198.12
acffb4,United States,0.0,
a2685b,United States,205.38,7863.84
aa4a49,United States,104.08,1264.92
ab8fee,United States,228.18,11650.98
abcca0,United States,49.9,937.26
a25555,United States,37.86,434.34
71c564,Republic of Korea,248.29,11407.14
801432,India,223.37,8671.56
71c562,Republic of Korea,225.25,8153.4
ad1fc8,United States,125.89,746.76
71c563,Republic of Korea,203.47,5676.9
71c568,Republic of Korea,230.04,7917.18
ab364d,United States,109.76,2903.22
aaacc3,United States,251.93,8542.02
aca608,United States,92.11,487.68
ab7cd1,United States,45.89,647.7
aaad49,United States,227.36,13220.7
a62550,United States,40.97,472.44
a6bba3,United States,224.56,9044.94
aaad47,United States,37.1,198.12
c0552d,Canada,127.06,3108.96
a98516,United States,73.06,922.02
a98515,United States,196.81,5890.26
a8c840,United States,211.35,8336.28
a6cec4,United States,179.69,11483.34
ad0d35,United States,234.38,8382.0
a5f208,United States,208.99,6934.2
e0958f,Argentina,114.73,1973.58
a63897,United States,6.94,
a75864,United States,37.04,198.12
a6387a,United States,75.02,899.16
a9e822,United States,59.04,967.74
3444cc,Spain,214.31,10843.26
7c81cc,Australia,0.0,
a2ebe6,United States,55.19,1402.08
aaad64,United States,27.18,91.44
ab34f3,United States,195.77,5509.26
a1226e,United States,14.4,
7c81cf,Australia,59.2,342.9
7c81e0,Australia,3.09,
ac8a23,United States,68.13,3268.98
a30bf7,United States,30.77,312.42
a92ea0,United States,10.8,
a30bf9,United States,39.86,502.92
a99824,United States,230.89,12633.96
a43eed,United States,230.68,7604.76
ac9d5e,United States,51.91,
aced24,United States,3.09,
a3621e,United States,3.34,
a48216,United States,66.3,3048.0
7c81d6,Australia,153.59,4594.86
aa0310,United States,54.07,1242.06
ac67fc,United States,209.91,12207.24
a73220,United States,237.98,12260.58
aced1c,United States,123.97,1577.34
ad0d3a,United States,204.1,5265.42
abba29,United States,75.45,297.18
abba43,United States,238.37,12123.42
aa1635,United States,257.4,10629.9
a79ea0,United States,214.52,10927.08
78080d,China,216.51,10317.48
a50549,United States,5.92,
aaad8f,United States,224.31,7543.8
ab6a6d,United States,57.32,678.18
407c0a,United Kingdom,224.49,12031.98
a3d87d,United States,2.06,
a3627d,United States,216.4,7437.12
a4e538,United States,230.59,10325.1
a55ef3,United States,215.23,10896.6
80149e,India,239.06,11330.94
acda2c,United States,232.99,7498.08
ac8a78,United States,40.8,502.92
ac41f3,United States,238.54,12131.04
a1cd1d,United States,51.35,1066.8
aca57a,United States,89.35,2834.64
4a482d,Romania,212.31,6987.54
a014db,United States,46.04,495.3
ac4279,United States,241.54,11475.72
a17d3a,United States,36.68,167.64
a04a42,United States,150.25,8694.42
a04a49,United States,200.12,10698.48
a29d27,United States,43.75,594.36
a9e89b,United States,46.2,601.98
ae2be3,United States,27.9,-7.62
c040e8,Canada,3.09,
a30d0d,United States,44.56,175.26
a0ad3e,United States,214.28,12275.82
a014c9,United States,234.13,9486.9
407ac3,United Kingdom,230.32,12832.08
873028,Japan,0.32,
a0ad24,United States,139.16,3825.24
aa0296,United States,54.94,685.8
a16a02,United States,144.11,2392.68
a54d25,United States,59.47,1767.84
a027fa,United States,171.78,3680.46
ac429b,United States,213.91,9654.54
ae2bfc,United States,51.61,76.2
a0ad1d,United States,108.39,1333.5
a29d11,United States,24.32,1120.14
a54d1b,United States,82.81,2948.94
a7456c,United States,0.9,
c066fb,Canada,115.24,1531.62
4bb849,Turkey,251.98,12466.32
4bb846,Turkey,1182.68,
4bb847,Turkey,166.8,3550.92
4bb844,Turkey,269.64,10645.14
a121e1,United States,29.25,335.28
06a1ea,Qatar,260.8,9083.04
a9e850,United States,38.74,403.86
a2b7f5,United States,1.29,
a7dbaa,United States,206.79,10774.68
a28a2c,United States,242.11,10424.16
4bb856,Turkey,248.63,12184.38
4bb853,Turkey,92.18,1089.66
a6bbd2,United States,85.34,914.4
c1e9fe,Canada,15.95,
c1e9fd,Canada,11.83,
a91be1,United States,56.82,731.52
342059,Spain,116.41,1386.84
ab34a7,United States,235.17,11963.4
4bb84c,Turkey,124.58,1844.04
a254f7,United States,288.61,12367.26
a7a89d,United States,246.57,11544.3
c1e9e9,Canada,5.66,
a28a34,United States,52.48,1554.48
a2b7ce,United States,81.49,800.1
a1cd2b,United States,45.79,396.24
407af5,United Kingdom,272.43,11841.48
c053f6,Canada,0.0,
a254d8,United States,265.15,10713.72
a6bbef,United States,255.43,11292.84
a254d6,United States,221.51,10111.74
aa6efa,United States,247.99,7993.38
344699,Spain,226.24,9974.58
8515a2,Japan,243.2,9159.24
c1e9c6,Canada,0.9,
c1e9c9,Canada,2.83,
4bb886,Turkey,253.55,10515.6
4cc52b,Iceland,215.24,11567.16
acb82e,United States,177.0,5478.78
789278,China,98.14,784.86
a877d3,United States,198.59,4030.98
a494eb,United States,0.77,
a744b3,United States,216.26,11811.0
c1e9d4,Canada,1.8,
a3fa60,United States,53.68,1417.32
ad8836,United States,192.82,10142.22
aabedc,United States,46.79,914.4
a1ba75,United States,60.56,426.72
78926b,China,5.92,
789286,China,240.81,12390.12
4cc549,Iceland,205.16,10690.86
789285,China,234.94,11765.28
c1e9d1,Canada,3.34,
a494e9,United States,94.88,1356.36
c066dd,Canada,183.82,11963.4
504e77,Republic of Moldova,250.71,10294.62
78927e,China,232.04,10797.54
8515c4,Japan,92.36,1303.02
78927f,China,4.89,
ab3568,United States,26.44,53.34
4bb868,Turkey,70.05,708.66
4cc50e,Iceland,218.71,11361.42
4cc50f,Iceland,197.55,11285.22
a3fa72,United States,48.69,1905.0
4bb864,Turkey,11.32,
ab355c,United States,252.75,10774.68
c053c6,Canada,0.06,
c053c0,Canada,53.29,556.26
a78d73,United States,239.63,10378.44
789295,China,238.6,11125.2
a121ec,United States,52.08,1112.52
789293,China,231.47,9890.76
a877da,United States,56.96,434.34
4cc530,Iceland,230.74,11414.76
ab2248,United States,75.06,3352.8
4bb879,Turkey,175.53,4716.78
a2ed5a,United States,185.16,4671.06
4bb873,Turkey,251.93,10744.2
a361b6,United States,121.94,6118.86
a1ba59,United States,0.45,
7c2bef,Australia,76.41,411.48
a494c5,United States,243.58,9067.8
4bb86b,Turkey,128.13,2133.6
a30d6b,United States,212.63,11300.46
4bb86c,Turkey,228.67,8435.34
adc531,United States,1.8,
a9d59a,United States,282.19,11681.46
aa5d23,United States,127.68,1021.08
78929b,China,212.72,7665.72
ac4237,United States,227.47,12161.52
504e8e,Republic of Moldova,184.59,9707.88
abdeec,United States,229.2,9067.8
504e8a,Republic of Moldova,261.11,10896.6
4cc576,Iceland,192.4,11239.5
4cc577,Iceland,226.93,11673.84
4cc578,Iceland,229.97,10789.92
ad8895,United States,117.95,2796.54
ac689e,United States,231.98,15064.74
504e86,Republic of Moldova,231.06,9624.06
ac9bf8,United States,1.03,0.0
a3c4d0,United States,221.78,7886.7
a4f7cb,United States,252.61,9265.92
504e7e,Republic of Moldova,263.51,11818.62
4cc57a,Iceland,242.56,11010.9
7807b6,China,3.34,
acb878,United States,238.79,11026.14
7807b3,China,197.4,6987.54
a9c24a,United States,115.76,2933.7
ad6248,United States,42.99,1112.52
acb88c,United States,51.45,937.26
46b8b4,Greece,259.58,12214.86
a13608,United States,7.2,
aa27b5,United States,39.35,373.38
4cc54b,Iceland,239.8,10515.6
a66d33,United States,142.22,2484.12
a13668,United States,250.35,11681.46
a3761c,United States,220.67,11178.54
7c7104,Australia,41.47,769.62
a05cf3,United States,153.25,2560.32
a49610,United States,222.76,13784.58
06a118,Qatar,231.59,9395.46
06a115,Qatar,225.84,5806.44
a851f6,United States,86.94,1219.2
7c1ab8,Australia,4.12,
801523,India,142.58,4061.46
06a114,Qatar,0.0,
406a62,United Kingdom,222.59,11711.94
a29cbf,United States,252.07,10896.6
78096d,China,225.36,9791.7
86cf6f,Japan,130.81,3291.84
a6bd9f,United States,81.63,815.34
7c1aa4,Australia,16.98,
e4a12b,Brazil,204.31,7658.1
406a59,United Kingdom,212.27,12001.5
801532,India,242.86,9593.58
78097d,China,221.25,8305.8
06a128,Qatar,241.41,7315.2
e4a12c,Brazil,210.28,9182.1
06a126,Qatar,183.92,3802.38
06a122,Qatar,203.26,6743.7
780996,China,230.56,9806.94
06a11e,Qatar,275.28,11894.82
e4a128,Brazil,92.03,1470.66
a87913,United States,55.24,1402.08
4a7c26,Romania,2.06,
06a139,Qatar,250.62,11430.0
06a137,Qatar,236.44,
06a138,Qatar,187.18,5387.34
a87907,United States,142.76,2331.72
a51968,United States,233.86,11010.9
ac5700,United States,171.45,4671.06
a37616,United States,265.11,10332.72
a8a1bf,United States,9.26,
06a12f,Qatar,269.05,12306.3
06a12d,Qatar,218.32,5676.9
06a12e,Qatar,177.32,4610.1
a3c649,United States,79.46,434.34
407d5c,United Kingdom,217.48,11833.86
406a34,United Kingdom,223.39,10850.88
406a35,United Kingdom,300.26,11742.42
a55fe9,United States,0.51,
c0307a,Canada,234.02,11673.84
468d07,Greece,247.31,12207.24
c0307c,Canada,1.29,
a13651,United States,186.85,12001.5
a2b98d,United States,48.04,906.78
a984d1,United States,145.4,2080.26
a12378,United States,219.49,11620.5
80154a,India,77.72,15.24
a611db,United States,9.26,
a1ccec,United States,88.22,548.64
06a13a,Qatar,263.67,11094.72
a9d4b5,United States,1.54,
a0acfd,United States,244.01,11963.4
48c22f,Poland,229.51,11574.78
aaadb2,United States,189.61,6172.2
06a153,Qatar,233.0,8206.74
a7ca1c,United States,0.13,
a36348,United States,141.36,4671.06
a78d6b,United States,177.45,3627.12
86cf2b,Japan,0.77,
48e899,Poland,1.54,
abcda2,United States,0.0,
48c235,Poland,229.83,10119.36
a43ff0,United States,55.6,739.14
a24369,United States,12.35,
48e893,Poland,246.17,11833.86
406a93,United Kingdom,197.19,11323.32
a5f1ca,United States,218.62,7155.18
a38981,United States,56.82,1676.4
ab7dd6,United States,31.08,53.34
a48307,United States,87.43,922.02
a7ca57,United States,77.9,3048.0
a48304,United States,144.64,1592.58
a49632,United States,63.07,1722.12
801540,India,225.79,12725.4
ac5746,United States,234.91,11658.6
7c2dfe,Australia,5.14,
aca738,United States,65.48,304.8
aa02f1,United States,134.99,7894.32
a8c7df,United States,0.77,
a23018,United States,222.78,7947.66
7c1ac2,Australia,80.55,335.28
a9e7c9,United States,48.31,1440.18
a8fd41,United States,96.74,1844.04
a0acf8,United States,232.76,12222.48
7c1aba,Australia,192.41,9913.62
ac8b27,United States,92.92,2552.7
a05e02,United States,235.52,8755.38
4b9c62,Turkey,207.44,6591.3
a66ce0,United States,212.23,11376.66
a92fdc,United States,241.02,13174.98
ac8b2e,United States,219.87,11445.24
aaae79,United States,199.14,8244.84
a80fe5,United States,41.7,784.86
a97310,United States,227.45,11650.98
a73322,United States,171.46,4998.72
aa4ac9,United States,212.23,12283.44
a8a309,United States,186.17,8252.46
80156e,India,241.26,9966.96
a4c02d,United States,254.9,12588.24
abbb2c,United States,90.36,548.64
7c1b7b,Australia,58.47,861.06
ad0e61,United States,196.27,11506.2
a7333e,United States,0.9,
c0433e,Canada,50.39,579.12
a24370,United States,129.49,2247.9
a2a686,United States,200.46,9928.86
ac9e77,United States,248.14,11346.18
c03019,Canada,145.13,13563.6
ac8b43,United States,178.43,3878.58
a7598c,United States,147.16,3657.6
86cea3,Japan,237.11,11765.28
a9e927,United States,103.67,845.82
a1239c,United States,243.82,12931.14
a1239d,United States,252.86,11917.68
acdb17,United States,53.41,1082.04
a6135b,United States,45.12,1417.32
801595,India,5.14,
acee50,United States,154.99,3154.68
78091d,China,168.74,5135.88
c03006,Canada,58.41,579.12
801591,India,0.9,
a74679,United States,241.53,11673.84
ab7e9d,United States,43.49,922.02
a73348,United States,186.08,4488.18
add8d7,United States,41.42,312.42
a80fb2,United States,49.12,152.4
a5afc8,United States,37.45,
adb2a4,United States,142.4,975.36
407d52,United Kingdom,232.91,10309.86
a3c662,United States,225.54,11925.3
407d44,United Kingdom,203.19,11430.0
a04b31,United States,109.92,4061.46
a3b345,United States,50.42,457.2
a78cb3,United States,217.82,13190.22
a148b9,United States,214.19,7726.68
06a106,Qatar,249.72,13281.66
a7a91f,United States,116.97,2026.92
a75966,United States,235.83,12047.22
adb34f,United States,7.15,76.2
c06909,Canada,6.69,
ad6394,United States,238.01,10088.88
a9d68b,United States,31.78,76.2
06a0a9,Qatar,270.38,12862.56
7892a4,China,224.11,7566.66
7892a9,China,153.15,1470.66
7c2e55,Australia,54.14,472.44
c819df,New Zealand,122.11,6370.32
06a0b5,Qatar,167.94,4015.74
06a0b3,Qatar,254.37,12397.74
06a0b4,Qatar,267.91,10447.02
a4e5a9,United States,40.59,457.2
ad639e,United States,228.5,11658.6
a2b8c5,United States,249.35,11049.0
a9d663,United States,47.8,1569.72
c819e0,New Zealand,133.61,2278.38
c06928,Canada,108.03,2804.16
a148fd,United States,62.13,1729.74
ab48bf,United States,133.98,2796.54
88510e,Thailand,235.41,13289.28
06a0c0,Qatar,272.72,12961.62
88510d,Thailand,95.22,975.36
06a0be,Qatar,196.94,6720.84
a388af,United States,211.39,8831.58
06a0bc,Qatar,267.82,12169.14
e1040d,Argentina,64.57,76.2
c041bc,Canada,231.5,11010.9
7c1b5e,Australia,43.21,144.78
ab6b02,United States,245.16,12512.04
4bb721,Turkey,245.55,10027.92
a5f36a,United States,52.17,1234.44
a9d63c,United States,47.67,1249.68
a9d63b,United States,200.91,11376.66
c806d1,New Zealand,43.01,289.56
a1ce99,United States,204.88,10744.2
ab35b9,United States,228.53,14386.56
680008,Bhutan,240.06,12382.5
a5f385,United States,46.23,289.56
a86674,United States,208.59,6515.1
a495bf,United States,221.32,11612.88
a78cfc,United States,245.71,11369.04
06a0de,Qatar,279.06,10591.8
06a0df,Qatar,155.25,
ac9e23,United States,246.65,10675.62
a41b22,United States,51.08,937.26
7cf8ef,Australia,137.01,6263.64
a30e67,United States,53.11,388.62
06a0f5,Qatar,254.18,12595.86
06a0f4,Qatar,165.23,5562.6
7cf8f5,Australia,240.08,7825.74
ab35d3,United States,220.5,4823.46
7cf8f1,Australia,241.01,9753.6
a9e956,United States,109.57,2209.8
a8a319,United States,0.0,
a17e7a,United States,71.0,838.2
a2db21,United States,140.57,2270.76
7c1b51,Australia,150.97,4892.04
06a0eb,Qatar,272.41,12938.76
8013b1,India,1.03,
a2b8f0,United States,56.3,411.48
a29e5c,United States,70.48,495.3
a04b7d,United States,137.15,8115.3
a2ee2e,United States,51.35,1729.74
aaae4b,United States,281.6,12451.08
06a0ff,Qatar,188.75,4533.9
abbb03,United States,63.35,678.18
a5f396,United States,53.66,556.26
ac696c,United States,230.19,12306.3
a5f2ac,United States,46.86,2415.54
acb963,United States,74.81,175.26
71c752,Republic of Korea,6.17,
71c753,Republic of Korea,218.95,9144.0
7c7070,Australia,0.0,
a3fb6f,United States,207.17,6286.5
86cf09,Japan,227.04,9403.08
8013fc,India,178.33,5143.5
a865c8,United States,0.0,
aa02c3,United States,94.03,4511.04
a732a2,United States,249.41,14203.68
a65b60,United States,0.0,
a8b5ad,United States,6.69,
a9d5a2,United States,163.6,3276.6
acb953,United States,251.56,10988.04
a00402,United States,43.73,2933.7
a6be58,United States,87.62,1562.1
aa02ac,United States,38.07,388.62
71c743,Republic of Korea,250.05,10561.32
acffc6,United States,92.74,3390.9
a7cb30,United States,285.47,14157.96
a42e7b,United States,28.97,236.22
a9b088,United States,137.38,2407.92
a65b64,United States,253.98,10005.06
aa4b32,United States,176.72,7597.14
acb989,United States,230.88,8641.08
7808a2,China,224.93,6362.7
ac300d,United States,229.08,11666.22
a30e96,United States,45.1,426.72
a7cb20,United States,43.33,7.62
ad763b,United States,231.5,12656.82
7cf98d,Australia,98.99,2865.12
a7cb0b,United States,153.97,2857.5
407bc4,United Kingdom,254.72,13716.0
a13748,United States,247.62,11955.78
71c715,Republic of Korea,250.17,9982.2
a05dd3,United States,6.43,
71c713,Republic of Korea,217.13,9121.14
7808ac,China,276.86,10774.68
71c717,Republic of Korea,256.63,11414.76
ab103f,United States,56.6,891.54
a05dd8,United States,0.0,
abccf3,United States,44.62,1264.92
a0ada2,United States,58.37,289.56
0ac9f2,Colombia,239.1,12092.94
a9b06f,United States,128.43,944.88
a53b38,United States,232.59,11010.9
71c704,Republic of Korea,284.7,12230.1
a12429,United States,245.54,11978.64
7808d1,China,170.62,3489.96
4cc45a,Iceland,99.69,1242.06
a00441,United States,34.0,129.54
ad765e,United States,241.31,9174.48
ac5697,United States,0.0,
71c701,Republic of Korea,248.02,11887.2
a05ddc,United States,230.85,12542.52
a53b2b,United States,247.6,7818.12
a638f5,United States,0.73,114.3
a3c5ea,United States,230.2,11666.22
ab2398,United States,145.58,4099.56
a8a391,United States,0.0,
ac3053,United States,202.37,6789.42
a65b29,United States,59.77,1051.56
0ac9d4,Colombia,11.61,2575.56
a9739c,United States,238.3,10309.86
a12403,United States,230.14,11955.78
adc64a,United States,31.53,236.22
a05dba,United States,183.71,4968.24
0ac9c2,Colombia,168.74,7185.66
a05dbc,United States,88.78,419.1
a41b89,United States,233.01,11018.52
a665ae,United States,184.81,7985.76
7c35e7,Australia,176.21,9936.48
aa8c39,United States,236.13,11612.88
ad4f1d,United States,37.95,1112.52
408120,United Kingdom,206.4,7467.6
a2e5ec,United States,218.69,11010.9
aa56db,United States,124.38,2735.58
c822ab,New Zealand,32.54,373.38
aa56da,United States,202.3,9768.84
7c6b2d,Australia,207.63,5135.88
88044f,Thailand,148.4,3429.0
408121,United Kingdom,188.08,12618.72
7c6b2b,Australia,146.12,3436.62
ade18c,United States,197.09,5600.7
abd9d9,United States,225.34,11673.84
7c6b41,Australia,186.59,8534.4
7c6b40,Australia,226.8,11323.32
842194,Japan,68.33,99.06
880453,Thailand,210.74,10774.68
a9f068,United States,54.89,754.38
a808c2,United States,39.41,1432.56
4b1804,Switzerland,0.19,
a34e6a,United States,229.9,11003.28
aa56d4,United States,225.33,12283.44
aa56d5,United States,274.22,11254.74
ae0195,United States,263.45,11894.82
7c6b1b,Australia,244.01,10805.16
7c6b31,Australia,208.15,6720.84
aa8c0e,United States,38.16,335.28
880443,Thailand,193.76,5760.72
7c6b39,Australia,185.92,7604.76
7c6b38,Australia,217.9,11254.74
a282e5,United States,245.56,10477.5
7c6b37,Australia,152.67,4457.7
a9f078,United States,58.37,1714.5
a665c5,United States,201.51,7589.52
a798f5,United States,0.0,
7c6b19,Australia,183.93,5516.88
ad3c16,United States,214.81,9692.64
7c6b0f,Australia,242.57,9105.9
7c6b0d,Australia,127.37,1066.8
7c6b0c,Australia,244.3,10774.68
aaa6e4,United States,245.0,9067.8
ac96be,United States,226.48,11643.36
a69b26,United States,29.69,342.9
7c6b28,Australia,237.35,10355.58
aaa6dd,United States,92.86,266.7
c08416,Canada,39.31,1706.88
aa56b5,United States,159.09,4389.12
a46e40,United States,201.35,10058.4
a22e91,United States,40.64,1767.84
a1fb33,United States,248.29,9944.1
aa56b4,United States,186.66,10789.92
aa56b3,United States,196.42,8382.0
4952c2,Portugal,225.8,11056.62
c822df,New Zealand,119.68,1943.1
88045a,Thailand,208.65,11993.88
4952c8,Portugal,173.9,3307.08
ab63d7,United States,251.16,7703.82
a33b1e,United States,249.47,11643.36
7c6b18,Australia,1.03,
a46e35,United States,235.74,12131.04
c822e4,New Zealand,244.35,11315.7
4952aa,Portugal,268.36,11262.36
4952ab,Portugal,225.56,12237.72
4952ae,Portugal,266.98,11620.5
7c6b12,Australia,179.12,3436.62
ac2f83,United States,204.86,12230.1
ab0f8b,United States,229.29,12618.72
ac2f88,United States,46.04,525.78
aaef89,United States,271.56,11163.3
ad4f72,United States,187.57,5158.74
ac96df,United States,62.38,632.46
e49446,Brazil,169.57,3573.78
a45b78,United States,66.31,624.84
4952a8,Portugal,127.54,1280.16
ae26ad,United States,36.46,777.24
a2d2eb,United States,70.81,480.06
4952a3,Portugal,119.26,1348.74
4952a4,Portugal,254.29,12367.26
0a00c3,Algeria,244.63,11414.76
ac83d5,United States,257.15,9784.08
a58e1e,United States,251.11,11818.62
a34e9d,United States,194.2,5265.42
a1b2ee,United States,237.07,9906.0
408142,United Kingdom,246.81,10698.48
ad90a3,United States,202.09,10180.32
7c6b4d,Australia,67.06,1912.62
aadc87,United States,78.41,2720.34
40812d,United Kingdom,12.86,
abfc71,United States,192.51,8092.44
a5de28,United States,44.14,213.36
a4ab11,United States,53.88,563.88
a4ab16,United States,39.37,4183.38
7c6b3c,Australia,238.7,10820.4
aadc96,United States,50.75,411.48
a7608e,United States,261.28,11285.22
c01b6c,Canada,146.26,2034.54
a94b51,United States,5.66,
a94b50,United States,235.96,11033.76
861f3c,Japan,232.83,8305.8
ae2786,United States,54.3,76.2
a69b92,United States,233.37,12062.46
a03105,United States,8.75,
3c65a3,Germany,117.83,922.02
a94b4d,United States,10.8,
4b187f,Switzerland,197.62,12580.62
ae5abc,United States,37.94,251.46
3c65ae,Germany,234.7,12626.34
4b187a,Switzerland,214.93,12306.3
ae5ab4,United States,24.01,175.26
ae5ab5,United States,49.85,434.34
a05776,United States,252.0,9745.98
4b1880,Switzerland,0.64,
4b1881,Switzerland,204.72,12504.42
ae143f,United States,66.79,1455.42
a1c70f,United States,38.75,1219.2
ac1afa,United States,242.94,12283.44
8686aa,Japan,0.0,
ae5ada,United States,52.03,609.6
a8f5ba,United States,54.04,2042.16
a10da6,United States,84.03,563.88
abb47f,United States,81.36,3718.56
a94b2e,United States,236.42,11338.56
a17721,United States,44.62,480.06
ae279c,United States,2.06,-38.1
a94b48,United States,228.78,7612.38
ac7188,United States,216.22,9044.94
a94b3d,United States,77.17,3116.58
ae278e,United States,4.63,
e492cf,Brazil,207.41,4876.8
7c237c,Australia,56.41,205.74
3c65ca,Germany,199.09,11399.52
a0dac5,United States,246.33,11978.64
a6eb1e,United States,192.38,7711.44
3c4081,Germany,9.77,
0c4184,Dominican Republic,230.55,12664.44
a0579a,United States,217.25,11163.3
a665f4,United States,147.61,2004.06
a33aa7,United States,98.69,1257.3
a6fe64,United States,50.91,1203.96
0d0aa8,Mexico,75.0,457.2
847c18,Japan,229.73,11330.94
ac2f18,United States,265.26,12496.8
aa9f95,United States,77.05,815.34
a71e5c,United States,210.44,10896.6
ae147a,United States,145.25,1607.82
a808f5,United States,41.78,2644.14
861f1a,Japan,174.46,3649.98
abd9b6,United States,210.76,7437.12
c02e91,Canada,197.31,11064.24
c02e94,Canada,218.49,10911.84
a57b8b,United States,224.55,11650.98
a0311d,United States,184.99,11323.32
c81115,New Zealand,49.34,335.28
c01b3c,Canada,33.15,678.18
aa9f6f,United States,255.46,11330.94
aa56f8,United States,202.92,5204.46
aa56f7,United States,238.78,10637.52
a94b05,United States,4.89,
3c65a1,Germany,286.69,11765.28
a94b08,United States,240.28,11231.88
aaa6b3,United States,29.93,243.84
a08acb,United States,0.77,
aa9f76,United States,84.58,3055.62
ae016d,United States,249.0,12588.24
a928da,United States,65.02,30.48
a2e719,United States,56.17,297.18
a58de0,United States,193.79,3771.9
aa441c,United States,234.46,12077.7
a1515b,United States,241.92,11010.9
a15160,United States,61.74,320.04
a2d44a,United States,54.65,2118.36
782006,China,94.79,929.64
c81136,New Zealand,71.32,304.8
782002,China,209.78,7612.38
aa9dab,United States,77.7,1531.62
aaa754,United States,50.63,1363.98
a0dae2,United States,238.18,11369.04
a57ad0,United States,270.55,10721.34
e4808c,Brazil,235.44,8755.38
a39113,United States,245.78,11300.46
a34ddf,United States,60.59,3406.14
a1512f,United States,44.22,-7.62
aaedcb,United States,62.8,2110.74
7c496c,Australia,191.54,7071.36
7c7ca2,Australia,48.04,647.7
a65454,United States,210.27,10706.1
c82489,New Zealand,42.37,457.2
ac2dcc,United States,38.31,853.44
c82487,New Zealand,56.68,464.82
ac7103,United States,203.52,8229.6
a42752,United States,73.58,525.78
a6b73d,United States,32.23,7.62
a7d725,United States,172.28,3756.66
7c495b,Australia,158.75,5814.06
861e78,Japan,238.02,11605.26
ad0750,United States,193.45,6347.46
c8247f,New Zealand,56.36,883.92
ac2dea,United States,238.74,11369.04
758338,Philippines,78.26,525.78
861e4e,Japan,238.1,12923.52
a189be,United States,56.68,586.74
ac7121,United States,89.76,1074.42
49530a,Portugal,221.75,10980.42
49530d,Portugal,183.94,11422.38
ac7115,United States,235.31,12626.34
78203e,China,261.07,10713.72
abb440,United States,256.37,11269.98
a3915a,United States,0.0,
758306,Philippines,235.37,10812.78
84cb66,Japan,142.44,2598.42
a65408,United States,222.6,5562.6
ae2764,United States,66.64,152.4
495305,Portugal,255.99,9814.56
a94b6b,United States,202.92,11597.64
a6b70d,United States,59.93,1722.12
495307,Portugal,204.76,10911.84
495309,Portugal,196.43,10607.04
abfac6,United States,241.77,11666.22
abc780,United States,235.41,12626.34
ac1ad7,United States,0.06,
a15186,United States,52.35,525.78
a4bdb9,United States,220.97,9669.78
495301,Portugal,153.89,4831.08
495302,Portugal,112.44,1874.52
a4278e,United States,0.39,
a52105,United States,0.0,
84cb5b,Japan,6.17,
aadaed,United States,240.17,12611.1
ac712d,United States,230.82,12923.52
a0a6c5,United States,0.0,
440cff,Austria,156.24,4343.4
aaee9c,United States,120.1,2324.1
acd2be,United States,265.72,10462.26
acd2d3,United States,77.13,441.96
a7b133,United States,162.81,3162.3
a043c8,United States,49.05,449.58
a5218e,United States,54.77,320.04
a1c6a8,United States,0.0,
a8f762,United States,285.21,14211.3
408067,United Kingdom,213.53,11338.56
a40180,United States,36.1,198.12
c87f26,New Zealand,63.23,685.8
c0704c,Canada,54.99,1859.28
c87f23,New Zealand,0.0,
a5df05,United States,50.92,1653.54
873da9,Japan,47.87,1943.1
a189f2,United States,73.57,114.3
3c542d,Germany,0.0,
a9add6,United States,52.16,518.16
3c6701,Germany,4.37,
3c6703,Germany,234.73,7840.98
3c6709,Germany,205.6,12717.78
a10f99,United States,38.49,114.3
c87f3b,New Zealand,78.98,525.78
a7d754,United States,207.23,8214.36
a1fc3b,United States,235.84,11338.56
3c6711,Germany,246.17,11826.24
3c6710,Germany,7.46,
a8e428,United States,41.17,38.1
a163f2,United States,232.17,11894.82
a9175a,United States,62.21,358.14
a2f9dd,United States,216.17,7810.5
75839f,Philippines,221.8,9791.7
4951ef,Portugal,0.0,
c02cf1,Canada,285.07,10949.94
758384,Philippines,230.44,9456.42
a163c2,United States,240.62,10043.16
3c670a,Germany,212.95,5562.6
4951f0,Portugal,192.54,4930.14
e48053,Brazil,0.0,
3c670d,Germany,287.8,12001.5
a8943d,United States,236.28,11049.0
0d0b2c,Mexico,224.23,12024.36
3c670c,Germany,218.03,12931.14
ac9709,United States,223.19,11643.36
a6eacf,United States,137.96,975.36
c08335,Canada,267.97,11452.86
40808b,United Kingdom,256.35,11978.64
aa9de7,United States,8.23,
ac970f,United States,76.7,358.14
40808c,United Kingdom,254.95,12214.86
a33c08,United States,66.44,1356.36
a10f86,United States,138.88,2796.54
7c4927,Australia,285.87,11338.56
e49390,Brazil,227.31,12496.8
3c671a,Germany,222.06,12306.3
ab772d,United States,270.51,11079.48
408092,United Kingdom,288.94,11582.4
a4bf72,United States,31.42,624.84
a7d6a8,United States,226.41,11384.28
aa7a1f,United States,145.67,1501.14
abc7c6,United States,257.12,11910.06
a83f30,United States,198.58,7078.98
ac1d1e,United States,223.12,15582.9
a5cc37,United States,206.58,6134.1
a283ed,United States,187.37,5387.34
a3f3e5,United States,235.82,13213.08
7c6c53,Australia,0.0,
ac97ce,United States,44.29,396.24
abfd23,United States,264.86,11247.12
a413c2,United States,49.14,312.42
ac0a22,United States,217.93,7818.12
aa57e6,United States,227.83,12298.68
40820e,United Kingdom,229.71,12123.42
abc7e9,United States,239.1,12001.5
c0853f,Canada,125.36,2781.3
40820f,United Kingdom,208.04,11902.44
c01bc8,Canada,144.78,1295.4
c08537,Canada,199.98,11277.6
7c7f4b,Australia,31.45,45.72
aa57d2,United States,53.22,1082.04
a2d3b3,United States,133.58,1005.84
a7e9e7,United States,233.25,8267.7
0d0b04,Mexico,229.43,11711.94
7c49fb,Australia,0.0,
a5cc53,United States,51.74,594.36
408210,United Kingdom,211.41,11948.16
c821ba,New Zealand,153.94,5288.28
a5df82,United States,10.29,
a283cf,United States,67.72,
a69c4d,United States,178.97,11498.58
c02ee9,Canada,210.09,12512.04
e49329,Brazil,214.69,11704.32
abfd66,United States,121.25,2179.32
acd4c3,United States,48.68,121.92
a390ed,United States,208.03,5554.98
a4bf39,United States,35.83,289.56
7cbc5a,Australia,54.3,2286.0
a546c9,United States,214.97,9479.28
a390de,United States,141.11,7490.46
e4932b,Brazil,68.63,891.54
a1a0ff,United States,153.52,3459.48
40825f,United Kingdom,225.63,11551.92
7c6c99,Australia,198.89,10629.9
a5a9e6,United States,193.02,13738.86
ae14cd,United States,4.37,
ac71cf,United States,51.1,937.26
a45c6b,United States,6.77,708.66
a05827,United States,197.21,6949.44
4a2aac,Romania,263.36,11216.64
a70c08,United States,59.7,1112.52
c08509,Canada,11.32,
ac0a75,United States,0.0,
acd4d7,United States,245.83,10477.5
a5cc19,United States,231.55,8130.54
a5cc15,United States,1.8,
a5cc12,United States,23.66,
ac71df,United States,240.19,12641.58
ac71dd,United States,246.68,11963.4
7c7f8d,Australia,3.6,
40823f,United Kingdom,223.58,11422.38
a4bf4d,United States,79.41,3528.06
3c6573,Germany,271.36,12336.78
a400b2,United States,11.32,
40823c,United Kingdom,0.0,
758404,Philippines,3.6,
a0586f,United States,41.42,586.74
acc23f,United States,205.38,5715.0
adf567,United States,266.01,10340.34
782079,China,248.66,12397.74
abb595,United States,225.88,11666.22
7c7f08,Australia,183.97,6888.48
a7b0c4,United States,245.6,12626.34
a34eb4,United States,36.54,388.62
0a0051,Algeria,63.81,335.28
ae5bdd,United States,57.11,586.74
4b5dcd,Switzerland,0.13,
ac7283,United States,224.04,11643.36
a8e3dc,United States,240.56,12786.36
3c64a1,Germany,7.46,
a21ba0,United States,1.8,
a94c7b,United States,242.72,11689.08
a03235,United States,237.74,11696.7
e491b0,Brazil,96.7,1455.42
3c64b1,Germany,248.32,10942.32
aa7a83,United States,235.74,10066.02
3c64a7,Germany,219.17,9105.9
0a001a,Algeria,221.8,
abb59e,United States,219.02,8176.26
0a0049,Algeria,246.21,10706.1
aa31ec,United States,238.62,13769.34
a82c98,United States,221.58,9913.62
4b1781,Switzerland,293.09,14097.0
ad928b,United States,240.67,11026.14
a95f67,United States,32.45,121.92
ad928d,United States,7.72,
a45ba2,United States,10.8,
a70c67,United States,185.04,3771.9
7c7f54,Australia,64.03,487.68
aa7a61,United States,222.23,9159.24
a94c2a,United States,207.63,5059.68
a640b2,United States,44.39,594.36
a5cc4c,United States,234.69,11049.0
7c6c24,Australia,132.79,5615.94
a7d6d6,United States,237.36,12009.12
c083aa,Canada,258.2,10020.3
a7c3a2,United States,40.28,944.88
a69c6b,United States,232.09,14417.04
a83f63,United States,218.46,8008.62
a30872,United States,186.78,4297.68
a2d50c,United States,40.74,495.3
ad07a6,United States,148.15,4831.08
e491f1,Brazil,220.83,
02a1aa,Tunisia,235.41,11353.8
abfd00,United States,0.06,
02a1ab,Tunisia,245.77,
e02659,Argentina,57.23,403.86
c82315,New Zealand,99.96,4701.54
a83f8c,United States,248.03,10622.28
a04576,United States,89.0,2179.32
a6ff8d,United States,4.89,
02a1b0,Tunisia,214.27,9540.24
aa44f4,United States,35.04,312.42
abc7a3,United States,236.26,8816.34
a2e830,United States,139.84,1920.24
7c7f26,Australia,75.97,670.56
a1fbff,United States,131.29,5311.14
a5487b,United States,224.09,10248.9
a5354b,United States,50.85,594.36
aa4548,United States,230.36,6164.58
ac8514,United States,50.88,1417.32
3c64fa,Germany,58.58,-15.24
4080a4,United Kingdom,66.44,220.98
a39243,United States,174.43,4419.6
c82349,New Zealand,93.88,1188.72
a6b840,United States,252.32,11300.46
a5dee3,United States,129.81,2834.64
7c6aa0,Australia,59.15,1234.44
a41558,United States,32.43,320.04
a69bcd,United States,0.9,
782133,China,201.17,7056.12
a4abe2,United States,104.45,4838.7
a70bd1,United States,0.0,
a65560,United States,180.2,13517.88
ad0851,United States,212.58,6560.82
a69be8,United States,74.99,243.84
ac7216,United States,19.03,
ad4ebc,United States,156.2,4732.02
ac7218,United States,236.88,11681.46
a1b573,United States,69.97,60.96
782152,China,245.94,11315.7
c8234a,New Zealand,187.63,5554.98
a0a7a0,United States,247.98,11224.26
4080df,United Kingdom,261.62,11269.98
c07193,Canada,146.82,4724.4
4080de,United Kingdom,204.78,11239.5
769104,Singapore,254.91,11087.1
aadbe9,United States,56.37,1424.94
4080e2,United Kingdom,0.0,
7c6af0,Australia,123.78,1607.82
ac8577,United States,75.5,487.68
a057cc,United States,19.55,
86d6c8,Japan,70.54,228.6
782175,China,200.32,5981.7
abb54f,United States,222.5,11910.06
7c6ae2,Australia,134.69,5074.92
a6fea8,United States,56.22,1036.32
3c64f0,Germany,287.03,11635.74
c02f21,Canada,229.18,9204.96
ac8588,United States,264.46,10614.66
ac8587,United States,166.94,4122.42
4080bb,United Kingdom,118.03,2179.32
abb579,United States,215.83,7239.0
7c246e,Australia,5.47,60.96
a71ec1,United States,261.17,14782.8
ad3bd2,United States,42.23,426.72
a5220d,United States,127.42,6797.04
758437,Philippines,260.8,12397.74
abb57a,United States,218.73,8206.74
7c1133,Australia,47.92,1432.56
ac7261,United States,172.64,3185.16
4080ad,United Kingdom,64.95,784.86
ae5bb1,United States,60.42,525.78
3c64ef,Germany,121.06,2552.7
4a08ed,Romania,209.38,12230.1
ad3c78,United States,229.87,10995.66
acd3de,United States,68.98,1303.02
e49246,Brazil,220.78,11010.9
4b15d7,Switzerland,186.57,3497.58
a94bff,United States,245.44,7109.46
ac70da,United States,213.35,5882.64
a1c7c1,United States,282.27,11079.48
7103dc,Saudi Arabia,99.33,
adf3df,United States,48.87,1447.8
408183,United Kingdom,233.68,10934.7
408181,United Kingdom,218.74,12062.46
e49220,Brazil,232.37,11292.84
a7629a,United States,51.98,1127.76
ac70f7,United States,10.29,
c08497,Canada,266.88,9707.88
861ede,Japan,238.52,7391.4
40815b,United Kingdom,218.16,11864.34
a21d70,United States,52.12,944.88
a7888c,United States,91.18,640.08
aba0ff,United States,54.74,716.28
a1ea32,United States,260.11,8884.92
a9aeba,United States,52.48,2217.42
a6b890,United States,39.04,1150.62
a33d62,United States,213.3,9563.1
a9aec5,United States,198.87,6888.48
a32a1b,United States,2.06,
a71efa,United States,247.7,11978.64
a89545,United States,178.09,6492.24
a83ef5,United States,243.75,8618.22
a6a54e,United States,55.34,739.14
a76235,United States,234.97,10690.86
ade0c6,United States,52.81,960.12
e49295,Brazil,211.33,8031.48
aa589c,United States,223.3,6492.24
a271b0,United States,226.69,11666.22
a6b87a,United States,130.68,3162.3
acc0f4,United States,39.11,601.98
c02de7,Canada,165.46,5410.2
a5cbf3,United States,241.99,7589.52
861eb4,Japan,238.04,10073.64
a1b4ab,United States,231.45,11369.04
aa8be5,United States,202.21,13677.9
a031bd,United States,249.91,8763.0
0d0a18,Mexico,224.52,11041.38
a33d33,United States,73.05,548.64
abc80c,United States,137.19,1264.92
7103d8,Saudi Arabia,275.24,8138.16
7103d7,Saudi Arabia,257.94,11445.24
c0712e,Canada,2.83,
0d0a0d,Mexico,163.74,5478.78
90100a,Cook Islands,7.72,
a164cb,United States,52.48,1051.56
ab6526,United States,144.8,3383.28
abb507,United States,57.11,0.0
a19a48,United States,197.06,8968.74
a1c7e4,United States,0.0,
a11f9d,United States,215.6,10683.24
7583fa,Philippines,210.94,7193.28
a59f53,United States,202.41,7078.98
7820a3,China,207.64,7726.68
a6d9c3,United States,203.39,6256.02
a22c59,United States,51.7,2065.02
aaed17,United States,9.77,
a5ef0e,United States,219.24,11612.88
a4bc0a,United States,47.3,2979.42
0d0e3a,Mexico,232.53,11993.88
a34c2f,United States,5.66,
a689e0,United States,32.92,251.46
7c6d78,Australia,258.68,10759.44
a280a4,United States,197.03,8221.98
a0b6f5,United States,0.0,
a5a6c1,United States,231.68,11666.22
aa9d02,United States,73.05,342.9
0d0e4b,Mexico,105.3,1249.68
7820bb,China,237.86,8031.48
a58c2e,United States,222.87,8686.8
a676c4,United States,235.22,12344.4
abd7b4,United States,265.99,13647.42
a09c6b,United States,50.42,312.42
a0ec4d,United States,194.8,12885.42
ac2d33,United States,40.9,601.98
7583ec,Philippines,240.56,12024.36
3c648b,Germany,229.81,10957.56
aaa4b3,United States,239.34,9425.94
aaed2d,United States,44.54,731.52
a60f63,United States,49.78,594.36
7c6d53,Australia,48.94,502.92
c820ab,New Zealand,149.14,5562.6
c080dd,Canada,232.85,11765.28
c080db,Canada,194.48,8747.76
abd7d1,United States,213.47,6728.46
c820b6,New Zealand,157.86,3307.08
e49206,Brazil,201.53,7665.72
46f0a0,Greece,5.92,
a2d0b9,United States,50.93,1432.56
7c6d9f,Australia,152.5,2042.16
7c6d9e,Australia,216.82,10378.44
7c6d9b,Australia,267.46,12062.46
c080cf,Canada,153.88,3931.92
a8913b,United States,72.02,22.86
a7d469,United States,164.27,5715.0
c820c8,New Zealand,32.61,274.32
ab0d76,United States,128.78,1783.08
a8079b,United States,2.57,
86d96c,Japan,249.76,9014.46
a423d7,United States,211.01,11567.16
c080e0,Canada,208.84,11201.4
a6b47c,United States,0.0,
7c6d8e,Australia,214.46,11719.56
7c6d8d,Australia,144.28,1211.58
7c6d8c,Australia,212.81,11879.58
acf7e4,United States,41.09,594.36
84106c,Japan,227.71,11719.56
7c6d8f,Australia,0.0,
a423c4,United States,60.68,228.6
ac1a44,United States,235.2,11948.16
abfa36,United States,47.73,1196.34
7c6d7f,Australia,250.02,8503.92
c080ea,Canada,103.99,4274.82
7583b7,Philippines,228.99,10652.76
0d0e29,Mexico,236.87,11727.18
ac1a2c,United States,229.32,11681.46
7c6d93,Australia,313.5,11689.08
86d98e,Japan,0.0,
a0a3fe,United States,53.52,1066.8
40087a,United Kingdom,6.94,
ac94e0,United States,56.4,1569.72
7c6d99,Australia,138.26,2278.38
7c6d98,Australia,210.2,11864.34
a11eb7,United States,238.21,8252.46
a6fc4d,United States,47.82,2095.5
a0b81e,United States,225.88,8595.36
adaee8,United States,227.29,11650.98
a3f0f7,United States,70.01,594.36
a0b81d,United States,190.49,6835.14
a0b823,United States,5.14,
ab7590,United States,51.06,944.88
8675d8,Japan,76.39,114.3
a0b821,United States,254.44,11056.62
ac2be9,United States,128.63,2232.66
a4bc91,United States,89.0,3352.8
151f48,Russian Federation,119.77,1935.48
a0b826,United States,107.02,3177.54
a9bf60,United States,267.68,11292.84
aaa590,United States,177.9,3642.36
4869bd,Kingdom of the Netherlands,12.86,
758533,Philippines,207.34,6103.62
a72f91,United States,221.57,8031.48
abb245,United States,222.61,12291.06
e490c8,Brazil,183.73,3992.88
a0b82f,United States,288.85,14173.2
a6a0a7,United States,243.73,13792.2
c080a4,Canada,203.13,12519.66
abc573,United States,205.61,3924.3
a0fea6,United States,151.22,3368.04
a9bf4b,United States,252.11,10187.94
a5dc8a,United States,247.55,12954.0
a280fe,United States,234.62,8808.72
a5dc98,United States,192.72,4343.4
a0b802,United States,140.47,2758.44
846b6c,Japan,136.58,1706.88
c080d9,Canada,223.52,11475.72
a0b803,United States,225.09,11666.22
7c1293,Australia,91.95,2766.06
0c4354,Dominican Republic,236.96,11346.18
ab627c,United States,219.91,11932.92
abc592,United States,70.49,2270.76
a0b85c,United States,52.68,213.36
ae1254,United States,267.75,10485.12
ab628c,United States,230.54,7330.44
ac8289,United States,261.65,11010.9
a939e8,United States,4.37,
a0b867,United States,251.05,9189.72
abb271,United States,257.4,11940.54
aa9d69,United States,198.43,9822.18
a96f2b,United States,214.36,8488.68
a0b86c,United States,90.26,1082.04
a0b86a,United States,243.68,11109.96
acd251,United States,99.2,5654.04
a10bbc,United States,154.24,2849.88
a72f56,United States,196.55,13776.96
a6c6c8,United States,246.95,11955.78
e490ee,Brazil,205.11,8199.12
7c6d38,Australia,230.49,7551.42
495155,Portugal,206.85,7018.02
a84f38,United States,45.79,769.62
a35eb0,United States,208.09,10241.28
7c6d32,Australia,208.62,11529.06
7c6d31,Australia,3.86,
a18885,United States,1.54,
a17527,United States,157.39,3131.82
84bb13,Japan,243.06,12367.26
a6b3aa,United States,47.45,1143.0
a0b840,United States,146.09,2369.82
a806e0,United States,218.48,11704.32
ac828f,United States,244.47,8061.96
a0b849,United States,246.16,10599.42
a7e6c7,United States,272.34,10317.48
a806d8,United States,287.53,12016.74
0d0cfd,Mexico,235.81,12641.58
aa8a09,United States,235.77,11079.48
aa8a07,United States,230.01,9479.28
a410fd,United States,32.41,0.0
4246b5,United Kingdom,0.45,
a1624e,United States,93.12,1897.38
a53207,United States,241.36,10721.34
a9ac8b,United States,58.44,929.64
a35efa,United States,266.62,11932.92
aa6842,United States,115.58,6332.22
adf0dd,United States,88.12,2156.46
a54535,United States,248.73,11635.74
ad180d,United States,36.01,30.48
a35ef1,United States,241.13,11353.8
7c3890,Australia,64.75,2011.68
0d0cb0,Mexico,142.87,2537.46
a58bab,United States,43.21,1028.7
a890fe,United States,0.9,
a1d890,United States,136.55,1539.24
4006c3,United Kingdom,249.27,11978.64
a1d873,United States,210.07,8663.94
4006c1,United Kingdom,294.87,11803.38
a0a54a,United States,275.09,7399.02
758584,Philippines,227.15,8237.22
a5320b,United States,214.58,11430.0
485789,Kingdom of the Netherlands,223.52,11666.22
abc504,United States,237.31,11986.26
a0b889,United States,3.6,
a23ef1,United States,,
a0b886,United States,102.69,2270.76
a8e0e3,United States,199.71,10911.84
a72ed5,United States,38.92,396.24
ac3eba,United States,216.92,11498.58
a0b88f,United States,233.83,11323.32
a0b88d,United States,248.17,11391.9
a66545,United States,40.13,-7.62
a29548,United States,54.49,281.94
a30535,United States,49.14,548.64
a0feff,United States,81.48,1744.98
ab7543,United States,85.52,2011.68
0d0cd9,Mexico,225.92,12321.54
a67805,United States,195.33,10195.56
acf848,United States,52.08,281.94
ac2ba0,United States,156.7,3177.54
acf849,United States,245.75,12603.48
a46bf6,United States,254.41,7810.5
75854c,Philippines,218.35,12755.88
151e64,Russian Federation,0.73,9098.28
ab8880,United States,254.12,12489.18
acf846,United States,8.75,
ab6229,United States,218.01,
c82269,New Zealand,146.52,1501.14
a1c599,United States,88.22,1706.88
3991e4,France,161.95,2750.82
78227c,China,71.14,289.56
a28276,United States,42.1,769.62
a2e586,United States,104.44,3718.56
c82268,New Zealand,68.49,53.34
a83c91,United States,89.33,899.16
abb205,United States,224.21,13228.32
a67811,United States,223.4,5524.5
ad1857,United States,212.11,11430.0
ac9535,United States,88.28,3444.24
ac2bb7,United States,199.76,6865.62
a95c8f,United States,82.65,2849.88
ac2bb6,United States,235.38,8305.8
ac3ee9,United States,202.44,11612.88
a1b276,United States,52.45,2346.96
151e57,Russian Federation,254.49,11285.22
3bb9ff,France,0.0,
aab887,United States,97.88,2781.3
a54501,United States,30.47,426.72
a28261,United States,50.42,998.22
a3056a,United States,65.29,1668.78
a0428a,United States,193.97,10721.34
ac2bc6,United States,188.01,10866.12
a0428e,United States,218.83,13738.86
c0817c,Canada,111.46,1211.58
aa40f5,United States,47.92,274.32
758558,Philippines,136.03,2758.44
ab6247,United States,235.73,12306.3
abb222,United States,147.18,2225.04
a43887,United States,57.63,304.8
ac2bd5,United States,134.59,1569.72
ac2bd6,United States,140.9,2156.46
ac2bd9,United States,148.39,1303.02
a54520,United States,228.51,14432.28
acf854,United States,32.45,-7.62
c8226b,New Zealand,39.56,403.86
a8e0b7,United States,98.01,1981.2
a89234,United States,270.39,11079.48
0d0d99,Mexico,68.0,129.54
ad03c4,United States,245.2,9410.7
abd6ed,United States,273.19,10104.12
a0b7b7,United States,211.57,8892.54
a0b7b6,United States,286.16,11125.2
7584a7,Philippines,159.48,3840.48
ac3f7b,United States,231.32,13060.68
ac3f7f,United States,220.38,8732.52
a6c89d,United States,184.25,5143.5
a53287,United States,0.64,
ab60bf,United States,50.73,1173.48
a08a06,United States,53.22,937.26
abc3c6,United States,227.62,11643.36
aa9bfd,United States,60.24,281.94
ac3f92,United States,125.53,2324.1
aaec6f,United States,40.25,899.16
a187ba,United States,0.0,
4a91af,Sweden,260.46,10736.58
ab60e3,United States,235.04,8229.6
a6a266,United States,46.58,495.3
c0813f,Canada,39.26,1996.44
841043,Japan,192.1,5913.12
e49104,Brazil,190.99,8100.06
ac80c1,United States,50.63,152.4
7c6c9c,Australia,203.1,11125.2
151db1,Russian Federation,5.68,9098.28
a3059c,United States,43.84,152.4
151db5,Russian Federation,239.36,
aa9bcb,United States,44.24,480.06
abc3ec,United States,169.26,3131.82
a2d25e,United States,242.72,12595.86
a6b57b,United States,84.51,3192.78
a0b7f4,United States,46.48,548.64
ae6c5e,United States,58.43,251.46
060035,Mauritius,174.4,6073.14
a5a878,United States,239.27,11155.68
a437b9,United States,165.64,4556.76
ae6c60,United States,64.51,160.02
861fa4,Japan,96.55,1272.54
a0b7fa,United States,221.43,8290.56
adf0a3,United States,11.83,
0d0d66,Mexico,172.57,6888.48
86d906,Japan,1.03,
ae10b8,United States,137.44,1234.44
a317ba,United States,232.54,9745.98
a91535,United States,132.75,3329.94
a1c4a8,United States,27.99,121.92
a91536,United States,237.62,11940.54
c08107,Canada,151.93,6812.28
aa9bb7,United States,253.33,12839.7
a067ec,United States,209.42,8526.78
a0b7d8,United States,217.51,10858.5
a0b7ba,United States,190.06,10096.5
a96ea1,United States,47.13,1790.7
aab819,United States,0.06,
0d0d6d,Mexico,226.47,12626.34
a10d2a,United States,239.48,12839.7
a72eeb,United States,123.03,1668.78
acd0ca,United States,216.77,8976.36
aa4200,United States,174.68,3253.74
a08a1a,United States,4.63,
ae6c6f,United States,53.7,480.06
4a91f9,Sweden,241.39,12092.94
a0ed34,United States,120.04,2453.64
48a5f0,Poland,105.23,7703.82
86d90e,Japan,248.78,12717.78
a2d1a7,United States,53.47,922.02
a677be,United States,157.32,3406.14
a797b4,United States,280.77,11010.9
a1b1af,United States,78.99,373.38
aaa5a9,United States,46.2,746.76
ad18b0,United States,199.75,5920.74
aa8b0c,United States,46.94,876.3
a21a3d,United States,41.68,1051.56
4951d8,Portugal,245.99,10881.36
408000,United Kingdom,223.83,11795.76
a57a07,United States,51.59,289.56
ae0089,United States,185.62,3413.76
a08a85,United States,162.75,5006.34
ae0092,United States,253.31,7917.18
ae007f,United States,143.47,944.88
aaa5b8,United States,258.22,11277.6
a8e29c,United States,242.39,10957.56
ae0076,United States,237.99,8427.72
a677ca,United States,206.61,11300.46
a1b1b1,United States,89.79,662.94
a677cd,United States,50.39,396.24
ae0077,United States,199.26,4465.32
aaa5ae,United States,264.18,10317.48
ae0081,United States,157.12,6926.58
abd8c5,United States,49.27,678.18
a437ce,United States,212.92,11597.64
ad18d5,United States,0.0,
3a3688,France,121.33,1973.58
ab75d2,United States,66.88,1394.46
a174f7,United States,168.12,3573.78
a8e279,United States,41.16,
a10d82,United States,211.71,10294.62
a46d29,United States,232.39,11346.18
a0b7fe,United States,7.2,
a0b7fb,United States,6.43,
a46d26,United States,191.86,9570.72
a304bb,United States,112.25,1546.86
a5a7f8,United States,94.23,2918.46
ac1b21,United States,235.64,9738.36
0d0d41,Mexico,218.83,12367.26
ae008a,United States,269.9,4046.22
ab75e2,United States,78.63,2567.94
a1d7f0,United States,83.47,2095.5
aaa5d4,United States,0.0,
a3f1c2,United States,263.02,10317.48
ad18ce,United States,0.0,
ae008f,United States,211.87,4693.92
a34d2f,United States,237.85,12001.5
a531ae,United States,37.84,1409.7
abfb08,United States,58.36,769.62
ab62ad,United States,118.54,1554.48
abfb21,United States,33.44,815.34
a8e24d,United States,65.85,22.86
abfb31,United States,56.37,426.72
c01a7d,Canada,217.77,4450.08
ac2e74,United States,4.37,
a1fa79,United States,42.3,662.94
a11fa3,United States,276.44,11856.72
ad3b27,United States,37.58,982.98
ab62d3,United States,1.8,
408033,United Kingdom,189.77,7482.84
a05614,United States,138.39,2941.32
abb2a1,United States,84.91,3688.08
a8f58b,United States,52.9,320.04
a8f569,United States,56.68,320.04
84118c,Japan,300.72,11330.94
a4bd15,United States,71.11,1752.6
aa3083,United States,61.06,2636.52
a33a55,United States,3.6,
a45a37,United States,36.38,312.42
ab62db,United States,54.26,861.06
c01a9d,Canada,,
a1b1bc,United States,0.0,
ab62f8,United States,294.27,11689.08
a8e247,United States,0.64,
a46d4f,United States,242.1,12009.12
a46d4a,United States,238.31,11353.8
ace5bd,United States,246.09,12062.46
aa305f,United States,240.3,12931.14
a23fb2,United States,92.12,1249.68
75862d,Philippines,40.25,876.3
a82a44,United States,69.81,327.66
a09cad,United States,61.14,
adafef,United States,49.14,571.5
a18951,United States,53.43,1584.96
a5ca4b,United States,251.54,10591.8
a6a1af,United States,34.47,45.72
a784f9,United States,19.47,-7.62
a43905,United States,149.36,3063.24
c01a52,Canada,200.6,11315.7
ace664,United States,120.45,4716.78
ad4cf2,United States,228.72,10507.98
ad9039,United States,104.84,2857.5
a70a86,United States,51.31,1089.66
a95d44,United States,145.83,8694.42
ae2689,United States,65.65,121.92
a891e5,United States,178.09,6240.78
a5ca89,United States,216.35,6629.4
75860f,Philippines,141.37,5257.8
a33a99,United States,113.29,5105.4
aa8b74,United States,9.77,
a05629,United States,284.4,11742.42
a05627,United States,158.31,3352.8
acc02b,United States,4.89,
4857b3,Kingdom of the Netherlands,0.0,30.48
adf337,United States,46.2,1569.72
c01a5a,Canada,12.35,
75861f,Philippines,33.97,563.88
a7d4f4,United States,31.75,403.86
c01a72,Canada,199.24,12481.56
a05633,United States,59.91,2042.16
758629,Philippines,60.77,1661.16
a4bd74,United States,251.35,12504.42
a0b97c,United States,0.0,
a69a32,United States,25.54,563.88
0d0bac,Mexico,194.88,6278.88
ae0047,United States,293.57,3558.54
a23ff3,United States,57.89,1409.7
a23ff1,United States,36.93,327.66
aa55ee,United States,267.39,7741.92
a23fde,United States,231.36,12611.1
a6b4c3,United States,191.4,4114.8
a544ee,United States,122.31,1630.68
a71d40,United States,244.04,11338.56
aa9e6d,United States,232.18,11689.08
760918,Pakistan,269.82,11871.96
a4aa59,United States,63.78,822.96
0d0bbe,Mexico,227.95,9517.38
a7e7c1,United States,31.08,411.48
a28313,United States,1.03,
49526b,Portugal,0.0,
495278,Portugal,220.36,11681.46
a09cfe,United States,209.46,9608.82
a70a0c,United States,43.29,937.26
7821a0,China,247.52,10126.98
a1763b,United States,4.12,
a1763a,United States,167.95,3093.72
a771af,United States,198.43,7261.86
495265,Portugal,118.53,4084.32
ae005c,United States,205.54,4724.4
495266,Portugal,0.39,
a35fc2,United States,93.35,815.34
a6ea35,United States,49.9,3467.1
151e07,Russian Federation,251.26,10637.52
a651e1,United States,10.29,
a1d93b,United States,219.34,12092.94
aa55bd,United States,192.01,5120.64
a0566a,United States,306.3,11064.24
af2030,United States,142.09,3032.76
a0433b,United States,220.09,7048.5
ab7627,United States,216.53,7170.42
151d6a,Russian Federation,135.74,
a59ff4,United States,33.85,304.8
a3f328,United States,73.38,2484.12
a67960,United States,233.29,11993.88
aaffaa,United States,144.52,2529.84
ad1927,United States,231.03,11971.02
a3900e,United States,204.01,9448.8
151d82,Russian Federation,191.66,11620.5
4247bc,United Kingdom,241.54,12443.46
a54650,United States,144.69,2049.78
ac3fb9,United States,82.2,883.92
a1b348,United States,45.58,655.32
782369,China,205.64,7627.62
a5a95b,United States,150.96,3101.34
4007f5,United Kingdom,201.42,4632.96
4007f3,United Kingdom,281.01,11254.74
a29680,United States,140.27,2766.06
a1d99b,United States,288.93,10439.4
a96fb1,United States,178.26,6217.92
151d76,Russian Federation,295.75,11216.64
4007f0,United Kingdom,216.28,11559.54
a6a303,United States,53.15,1120.14
a15027,United States,0.45,
a4bcca,United States,43.81,449.58
782377,China,234.87,9784.08
ab6316,United States,277.7,10195.56
78236c,China,198.76,8877.3
a5dcae,United States,186.02,6278.88
78103a,China,260.93,11940.54
a5598b,United States,120.92,4732.02
7c6ce8,Australia,101.07,5372.1
a2e646,United States,243.04,12390.12
4baad3,Turkey,246.54,12298.68
4baad0,Turkey,240.14,8793.48
782385,China,215.6,6964.68
782384,China,199.9,6705.6
a5a971,United States,60.71,1821.18
a29661,United States,59.15,1158.24
484561,Kingdom of the Netherlands,262.4,10675.62
a28336,United States,240.02,11704.32
a7e934,United States,50.72,624.84
a30657,United States,253.91,12352.02
ac2cb2,United States,243.23,13174.98
495219,Portugal,258.15,11551.92
151d98,Russian Federation,8.23,
ab1ffe,United States,159.18,3543.3
a35ff9,United States,53.13,914.4
a72fe9,United States,73.78,1226.82
ab6339,United States,233.8,10233.66
758685,Philippines,7.72,
abd971,United States,227.26,8831.58
aa6922,United States,259.4,11635.74
a3904c,United States,150.43,2118.36
abc62b,United States,59.64,1066.8
aaa668,United States,177.16,7033.26
ace60c,United States,236.31,10370.82
abc651,United States,258.02,7307.58
78239c,China,219.96,10858.5
adafb5,United States,0.0,
85db54,Japan,117.12,2560.32
ace621,United States,96.57,533.4
a1b395,United States,148.4,2034.54
ab5024,United States,120.38,3322.32
a901fe,United States,0.39,
a7e906,United States,209.59,10965.18
ac7012,United States,233.48,13235.94
ac2cf1,United States,50.55,891.54
a4000f,United States,221.62,10949.94
a42680,United States,226.76,7208.52
7c004a,Australia,213.05,9464.04
acd329,United States,45.81,2065.02
781092,China,203.72,6088.38
ab635d,United States,0.0,
a3901d,United States,243.7,10507.98
aaa68a,United States,234.85,12092.94
a891fa,United States,81.36,2026.92
ac81c9,United States,154.53,4777.74
ad4d5d,United States,47.51,1661.16
a95cde,United States,58.67,1135.38
abb1c2,United States,225.42,11612.88
a34e01,United States,272.43,9966.96
a188d8,United States,0.0,
7c7fb7,Australia,77.76,1485.9
a0ee0a,United States,41.42,960.12
a7869b,United States,233.67,10203.18
a8e32b,United States,170.48,4884.42
7c391d,Australia,134.59,5951.22
440bcb,Austria,0.0,
a89344,United States,57.42,647.7
0d0c86,Mexico,9.26,
a6a354,United States,0.0,
7585d5,Philippines,31.75,609.6
7585d4,Philippines,30.97,1082.04
7c2603,Australia,0.0,38.1
ac81d3,United States,245.49,11673.84
ac81d2,United States,242.43,11330.94
ad4d5a,United States,43.12,1127.76
c08268,Canada,125.31,1958.34
0a00e3,Algeria,113.18,1981.2
adf1b0,United States,99.41,3733.8
c08261,Canada,115.77,1714.5
a95cd5,United States,63.23,175.26
a9034c,United States,0.0,
aa568f,United States,83.34,1135.38
a7c366,United States,0.06,
a10e29,United States,252.09,10172.7
ace4e6,United States,89.59,3368.04
a9acb8,United States,243.76,12542.52
adf1a2,United States,67.1,388.62
a10e23,United States,245.19,11940.54
abb1de,United States,0.9,
ad4d80,United States,53.23,487.68
aa5690,United States,161.37,4213.86
0d0c9c,Mexico,227.44,10698.48
7585b3,Philippines,68.91,266.7
a055ab,United States,66.38,1668.78
aa567c,United States,64.47,1501.14
c8218d,New Zealand,41.67,426.72
a4bcec,United States,175.35,13601.7
a0ee5c,United States,42.42,815.34
ab890a,United States,179.91,5654.04
a9bfb5,United States,211.69,7719.06
4ca9ec,Ireland,98.31,1211.58
ac1a95,United States,234.45,12611.1
a318ea,United States,139.42,1440.18
7c7fe6,Australia,136.35,3070.86
ae11bb,United States,57.89,3810.0
a33b03,United States,41.52,2011.68
a042db,United States,239.48,11986.26
a5dcde,United States,238.28,7299.96
ab1fa7,United States,295.02,12344.4
7c7fdb,Australia,48.94,1371.6
e49050,Brazil,217.93,8084.82
a438c3,United States,230.64,11003.28
aab922,United States,204.02,7947.66
a91616,United States,216.23,9060.18
781003,China,248.31,11673.84
a4009e,United States,5.66,
782332,China,231.33,9982.2
ab1fb0,United States,247.81,10698.48
782331,China,195.6,4419.6
7c6ca6,Australia,214.33,7475.22
a6fce7,United States,51.67,1021.08
a305a0,United States,49.52,960.12
a76028,United States,243.01,11620.5
aab936,United States,235.72,14493.24
78232f,China,264.96,8785.86
440bc2,Austria,156.59,3543.3
acf906,United States,231.61,11026.14
440bc6,Austria,209.17,4655.82
aa5657,United States,68.57,205.74
440bc9,Austria,5.66,
a0ee2e,United States,86.02,731.52
aaffa2,United States,290.76,12710.16
7c260d,Australia,59.34,495.3
781011,China,256.68,11330.94
440bc0,Austria,208.93,11856.72
abd90c,United States,247.23,11681.46
7c7fba,Australia,73.61,4137.66
78100a,China,229.48,11148.06
a0db0d,United States,86.43,1501.14
a042d5,United States,236.83,11041.38
c08887,Canada,204.83,7033.26
a5cf82,United States,192.51,6972.3
aaba41,United States,229.61,7117.08
a81c35,United States,38.39,502.92
846d0c,Japan,124.26,853.44
e49886,Brazil,130.97,7414.26
ae4d31,United States,9.27,45.72
7c5c99,Australia,57.65,777.24
e4988f,Brazil,179.57,5905.5
a03510,United States,234.27,14203.68
ae4d29,United States,60.07,83.82
e49890,Brazil,250.47,12512.04
aa34e8,United States,44.35,2682.24
a883bd,United States,203.27,8214.36
c00bf1,Canada,152.35,5836.92
4867eb,Kingdom of the Netherlands,11.32,
a7b3c2,United States,234.3,10477.5
ac61bc,United States,246.34,12618.72
4bab2e,Turkey,125.83,1546.86
a45f8e,United States,231.99,11658.6
a3d0f5,United States,206.65,10850.88
7c5c74,Australia,152.1,7155.18
7c00c5,Australia,6.17,
c00bf7,Canada,174.27,7947.66
ae4d51,United States,51.01,480.06
a5cf8b,United States,225.19,11506.2
ac74fc,United States,85.23,365.76
a7c6cf,United States,112.23,708.66
84bd16,Japan,4.63,
e49873,Brazil,71.87,2286.0
4ca8fa,Ireland,251.46,
ab9d9e,United States,281.44,12047.22
4ca8fb,Ireland,251.26,11658.6
abed92,United States,197.47,4632.96
ac61db,United States,239.46,12626.34
400683,United Kingdom,143.54,1912.62
a5cf41,United States,239.04,9944.1
a656bf,United States,55.96,990.6
a6dc08,United States,203.44,10203.18
a6a6b2,United States,61.5,1783.08
40066c,United Kingdom,3.34,
c07516,Canada,51.53,213.36
a523c6,United States,244.56,12961.62
aa6a06,United States,217.45,12961.62
ab6909,United States,236.72,10690.86
c8280c,New Zealand,31.7,182.88
acc4df,United States,41.0,937.26
a5cf3c,United States,232.53,11978.64
ad1a4e,United States,0.0,
c07506,Canada,52.35,1607.82
7cac7c,Australia,212.04,7391.4
a3f6fe,United States,38.03,297.18
7cac7a,Australia,71.03,1150.62
c08866,Canada,251.26,11803.38
c08863,Canada,0.77,
c08864,Canada,7.46,
a8d49a,United States,30.12,137.16
400663,United Kingdom,83.57,1120.14
a5cf63,United States,41.16,746.76
a2b0fe,United States,56.63,297.18
a789fe,United States,201.28,4389.12
7585ed,Philippines,156.22,3992.88
c01ed0,Canada,12.35,
c08851,Canada,6.17,
c01ebb,Canada,215.21,8237.22
c0884f,Canada,120.73,2857.5
c8282d,New Zealand,40.34,327.66
a9e167,United States,215.64,9563.1
a8f9a3,United States,207.02,10942.32
a02209,United States,67.67,1379.22
c00ba7,Canada,231.4,8884.92
e49803,Brazil,37.4,373.38
acb285,United States,0.0,
0accd6,Colombia,0.0,
a1ebc4,United States,54.21,312.42
7c39f3,Australia,164.69,5303.52
a07bef,United States,2.31,
758773,Philippines,174.52,6187.44
70c148,Oman,220.69,
a9e0d9,United States,51.57,419.1
a07bfa,United States,39.93,426.72
75875f,Philippines,68.66,60.96
a0cbd6,United States,195.27,5905.5
77170d,Sri Lanka,250.12,7696.2
c82870,New Zealand,135.04,7124.7
a1fec6,United States,50.75,1059.18
a21ed4,United States,234.46,11010.9
a7c806,United States,229.06,12931.14
a9e0a8,United States,54.28,388.62
75872c,Philippines,262.47,11742.42
a02238,United States,60.76,1417.32
aa490a,United States,236.89,12397.74
c08811,Canada,168.29,3566.16
a64529,United States,74.15,1097.28
a03574,United States,100.32,1089.66
a1554c,United States,59.56,792.48
a33eb6,United States,69.31,1104.9
a70ea4,United States,245.67,11300.46
a8c0d2,United States,6.43,
a16883,United States,274.73,11704.32
a33eb1,United States,226.34,11673.84
a6450b,United States,45.17,1417.32
758723,Philippines,235.48,8732.52
c060bc,Canada,199.57,11163.3
c060be,Canada,203.51,11155.68
ab8a03,United States,9.77,
a1559d,United States,68.94,1615.44
8411a4,Japan,101.35,1158.24
c81561,New Zealand,47.43,929.64
70c10e,Oman,134.79,1882.14
70c10b,Oman,250.55,11696.7
70c10d,Oman,247.31,11650.98
aa4903,United States,217.63,8130.54
70c105,Oman,226.58,
a2c54e,United States,43.8,198.12
c073db,Canada,209.63,11155.68
a32bcb,United States,199.83,5334.0
a1427f,United States,47.33,
a9f3ad,United States,93.12,1066.8
4baac2,Turkey,139.93,2004.06
aa21ef,United States,267.48,10477.5
c060c4,Canada,196.03,11125.2
a1a56d,United States,152.3,2194.56
c060c1,Canada,271.24,9715.5
c060c0,Canada,270.82,11369.04
a38237,United States,179.62,10767.06
7822b9,China,240.82,8671.56
a8f9fd,United States,253.31,11315.7
aa21f9,United States,92.03,2179.32
a44bb3,United States,47.3,396.24
7c39fc,Australia,173.94,6324.6
a32bba,United States,240.16,9753.6
aacd50,United States,236.22,10035.54
a8e6e2,United States,192.4,6629.4
ab54ca,United States,36.22,259.08
a38211,United States,238.01,9418.32
a8d3af,United States,137.38,1775.46
a1feea,United States,239.55,11338.56
846d80,Japan,237.58,11376.66
70c124,Oman,245.95,12092.94
a3e503,United States,217.52,9738.36
c060ca,Canada,196.93,8846.82
a27567,United States,253.07,11963.4
a27569,United States,52.39,1440.18
a4184d,United States,55.03,579.12
a8e6f2,United States,250.29,9395.46
a64578,United States,232.54,8130.54
a56bfe,United States,51.32,525.78
ac0bc4,United States,228.13,7368.54
acd83d,United States,4.63,
ae1846,United States,63.07,22.86
7c1475,Australia,0.9,
7c1472,Australia,181.92,4312.92
ac6227,United States,209.81,11003.28
a68bf3,United States,49.14,571.5
ae183b,United States,1.15,-15.24
a2c58b,United States,100.69,1234.44
7c013e,Australia,4.63,
a4f24d,United States,39.67,396.24
a90881,United States,220.21,12961.62
aa7bd6,United States,260.19,9464.04
a7fbbb,United States,171.99,4427.22
ac6243,United States,222.34,11940.54
ac7566,United States,220.91,7467.6
7c1467,Australia,0.06,
c060b2,Canada,139.84,1821.18
a81bcc,United States,196.48,10949.94
a2c56d,United States,0.0,
78116b,China,233.7,9372.6
77044f,Sri Lanka,195.95,5981.7
4ca97c,Ireland,202.17,11894.82
e496e8,Brazil,133.78,9121.14
484204,Kingdom of the Netherlands,4.89,
7c6dea,Australia,8.23,
896f9c,United Arab Emirates,0.06,
aa8ee8,United States,102.61,2964.18
7c6ded,Australia,183.12,3147.06
a20d0e,United States,151.38,3383.28
ac6266,United States,212.4,12192.0
0b4306,Guatemala,87.76,3360.42
702f0f,Bangladesh,5.14,
aa7ba7,United States,258.58,10698.48
aa7ba6,United States,44.9,822.96
abebdf,United States,57.09,480.06
781192,China,225.82,11353.8
ac757e,United States,47.84,937.26
a034d4,United States,52.06,205.74
c01f28,Canada,0.06,
ade541,United States,67.72,685.8
a034cb,United States,285.47,13129.26
872f7e,Japan,2.31,
c827a3,New Zealand,255.13,10828.02
a3f88e,United States,215.24,11590.02
c827a6,New Zealand,234.36,10096.5
a90803,United States,85.7,1257.3
c01f1e,Canada,192.65,6202.68
ad9577,United States,63.16,281.94
a6452d,United States,236.4,11948.16
ade579,United States,38.64,68.58
a287a4,United States,243.46,10660.38
c086bd,Canada,39.93,525.78
a7c849,United States,191.38,7665.72
a5255a,United States,5.14,
ac6289,United States,245.18,12291.06
758794,Philippines,234.9,11475.72
a06a09,United States,224.3,7452.36
a3828f,United States,52.24,952.5
e483dd,Brazil,246.73,12611.1
a3828a,United States,215.08,10774.68
a141ae,United States,48.66,480.06
84cefa,Japan,240.77,12070.08
acb0e7,United States,0.0,
c06189,Canada,227.17,8046.72
c1e481,Canada,7.72,
c06183,Canada,204.71,11109.96
abec9b,United States,119.92,952.5
a44d22,United States,50.46,655.32
c0617c,Canada,179.43,5326.38
c0617b,Canada,27.01,990.6
c0617a,Canada,238.46,11925.3
a56d0c,United States,49.13,967.74
a06a5a,United States,1.29,
a56d29,United States,55.23,800.1
a19d84,United States,49.97,381.0
c06177,Canada,203.89,11132.82
c06179,Canada,263.09,11955.78
c06174,Canada,162.74,2758.44
c06175,Canada,181.52,10622.28
a657ad,United States,235.71,10363.2
a657ac,United States,31.39,114.3
c06171,Canada,264.87,11430.0
7586f7,Philippines,54.69,548.64
c0616c,Canada,196.09,10447.02
a657b9,United States,229.53,11643.36
a68d02,United States,209.46,10317.48
c0616e,Canada,257.54,9867.9
ad2c9f,United States,274.62,14218.92
ab6833,United States,86.88,3169.92
a06a46,United States,88.67,1821.18
c827f0,New Zealand,171.32,2613.66
c827f1,New Zealand,115.13,2293.62
c827f2,New Zealand,23.12,266.7
c0619b,Canada,204.77,12466.32
c0619d,Canada,235.97,11719.56
a524c5,United States,67.91,190.5
7586cf,Philippines,234.72,12755.88
c827ff,New Zealand,62.32,365.76
c06196,Canada,258.12,12230.1
a1ed21,United States,37.09,419.1
a19d68,United States,56.19,1074.42
76d103,Singapore,249.41,13014.96
a56d52,United States,44.77,
a5bd0b,United States,267.54,8595.36
a06a54,United States,227.92,9585.96
c0618c,Canada,159.1,3459.48
781103,China,260.92,10096.5
7c6de9,Australia,134.64,1943.1
7c6de7,Australia,262.6,8877.3
7c6de6,Australia,9.26,
7c6dda,Australia,211.31,10622.28
a63282,United States,77.9,1280.16
4bab27,Turkey,245.47,9410.7
4bab28,Turkey,247.0,11010.9
7c6ddd,Australia,246.75,11551.92
7c6ddc,Australia,231.8,10279.38
a417fe,United States,2.31,
a2fa2c,United States,37.22,38.1
a7c88c,United States,219.25,13228.32
7c6dd4,Australia,2.06,
7586b6,Philippines,42.0,464.82
a9087f,United States,141.29,8023.86
78110d,China,243.35,12580.62
a2c4e0,United States,235.09,11772.9
a2fa33,United States,49.91,243.84
c06167,Canada,256.42,11620.5
c07498,Canada,48.05,1409.7
a1ed5f,United States,0.51,
ac8863,United States,58.77,922.02
78111d,China,163.95,3741.42
7609b6,Pakistan,234.47,10439.4
7609b7,Pakistan,163.14,2697.48
ac0ba7,United States,130.31,3162.3
7609b0,Pakistan,112.46,1424.94
7c6dba,Australia,6.17,
a537b2,United States,106.7,944.88
782468,China,25.72,
c06156,Canada,211.81,11300.46
781134,China,233.34,11719.56
84ceef,Japan,186.32,4267.2
7c6db6,Australia,252.39,12024.36
7c6db4,Australia,268.61,12016.74
7c6db3,Australia,227.44,8450.58
a06a7e,United States,246.68,10782.3
7c6db1,Australia,14.92,
7c6db0,Australia,156.89,1859.28
ac6204,United States,231.66,11010.9
aa7bea,United States,189.89,11346.18
a0cd92,United States,0.06,
c0614d,Canada,142.26,3139.44
7c6db9,Australia,0.19,
782472,China,210.55,10043.16
ac0bb9,United States,8.23,
acd838,United States,126.06,2727.96
aa7e9a,United States,241.84,11049.0
ab8b62,United States,116.47,1257.3
4baa43,Turkey,205.11,10233.66
4baa41,Turkey,23.15,8793.48
a7c7db,United States,229.69,8778.24
a7b4ab,United States,83.07,967.74
acc5cd,United States,47.61,777.24
c1e639,Canada,3.09,
ad1b1e,United States,65.54,922.02
a28928,United States,143.72,1036.32
a67a47,United States,57.29,243.84
4baa48,Turkey,224.44,10447.02
a8d4b0,United States,98.78,1805.94
a1b90d,United States,106.79,655.32
c05004,Canada,45.42,
a2fa6a,United States,217.61,7543.8
a8d4ad,United States,0.0,
c05007,Canada,248.37,11590.02
4baa54,Turkey,4.12,9410.7
a21fa1,United States,2.57,
ac75fa,United States,117.29,975.36
ac62cc,United States,223.61,11635.74
ac75ee,United States,229.59,12237.72
7810e9,China,152.83,3230.88
a93d4e,United States,191.78,5501.64
758806,Philippines,0.0,
a4f1e5,United States,203.87,10888.98
7c4a4a,Australia,203.63,8435.34
e48419,Brazil,261.63,13129.26
c06365,Canada,155.46,6873.24
3a3445,France,29.84,137.16
c06362,Canada,149.37,7520.94
aa7e7c,United States,4.37,
7c4a4f,Australia,243.97,10812.78
aa7e7b,United States,8.75,
aa7e7a,United States,243.4,13091.16
e4972e,Brazil,0.0,
a18a8a,United States,81.48,2529.84
add2a6,United States,164.41,5082.54
c0635c,Canada,210.44,7840.98
c0502e,Canada,258.9,10888.98
c0635e,Canada,148.05,7551.42
acb2ba,United States,256.3,10165.08
c0635b,Canada,156.84,6278.88
c0635a,Canada,157.52,6035.04
7810eb,China,137.77,2506.98
845b1b,Japan,69.03,510.54
acc5e7,United States,39.67,708.66
c06357,Canada,131.47,1600.2
c06359,Canada,164.61,3375.66
7cad4c,Australia,223.76,9204.96
7810ef,China,218.01,10934.7
c0501e,Canada,238.88,10393.68
ab8b8c,United States,54.79,289.56
acb2ad,United States,0.51,
ac62f3,United States,218.13,5897.88
a03618,United States,242.9,11917.68
aa7e74,United States,222.24,12306.3
aa6b43,United States,173.61,3909.06
abdb88,United States,188.67,3169.92
a56d59,United States,58.65,419.1
a511a5,United States,103.45,2796.54
a6dd26,United States,205.76,14394.18
4baa7a,Turkey,200.51,10911.84
a19cb0,United States,84.68,1920.24
a0232a,United States,3.34,
add2ad,United States,99.75,1470.66
a7c7a2,United States,0.0,
a5aa17,United States,83.61,2080.26
3a348e,France,3.64,10317.48
a1697c,United States,119.3,2263.14
70c0fb,Oman,200.74,5920.74
c1e602,Canada,7.2,
a657f4,United States,249.19,11330.94
4baa8c,Turkey,252.8,11033.76
aa7e56,United States,233.19,8260.08
a777bf,United States,248.94,11041.38
4a1923,Romania,176.7,3596.64
aa7e51,United States,257.85,11666.22
4a1921,Romania,243.27,11277.6
a15623,United States,142.86,7505.7
aa7e3a,United States,69.5,53.34
abdb8f,United States,58.64,
a28947,United States,246.85,10515.6
c00cd6,Canada,228.49,11628.12
c82727,New Zealand,73.77,457.2
4baa74,Turkey,76.76,426.72
acfb6e,United States,55.46,1844.04
c01ff1,Canada,51.78,784.86
a7c7c5,United States,206.81,5943.6
a56d7b,United States,214.82,9745.98
400773,United Kingdom,1.03,
400772,United Kingdom,224.36,11650.98
c00cab,Canada,35.66,952.5
e4978e,Brazil,225.48,5074.92
a07cc7,United States,136.8,5166.36
a1b98f,United States,52.43,1097.28
a2b310,United States,53.11,0.0
a19cf6,United States,92.93,1112.52
a0103b,United States,235.04,11049.0
add376,United States,211.85,10736.58
a3962d,United States,4.63,
a2c635,United States,211.3,7429.5
a3e654,United States,153.39,8389.62
c82759,New Zealand,3.86,
ab68cc,United States,71.63,769.62
a21ff9,United States,54.08,693.42
a03681,United States,49.05,2232.66
a07cf3,United States,131.11,7048.5
a1a63d,United States,218.64,10949.94
46f08c,Greece,8.23,
a1fff2,United States,232.77,10698.48
a93d9f,United States,235.82,12626.34
c82764,New Zealand,66.72,3032.76
ab68dd,United States,4.37,
a1433a,United States,227.57,11666.22
abb8c4,United States,200.27,10873.74
c01fb9,Canada,190.97,7764.78
ab68f9,United States,214.92,11635.74
a01037,United States,95.11,914.4
a8990f,United States,49.68,601.98
ab8b0b,United States,292.35,11826.24
a38367,United States,195.85,10629.9
a7fd7b,United States,50.66,502.92
c00d9d,Canada,60.56,723.9
7cad47,Australia,178.78,3337.56
a40682,United States,136.16,6858.0
7cad45,Australia,199.33,7680.96
c81443,New Zealand,40.16,548.64
46f075,Greece,8.23,
46f076,Greece,8.23,
7cad40,Australia,164.67,3291.84
7c4a42,Australia,137.46,2042.16
46f06a,Greece,2.06,
a93d7c,United States,135.38,1135.38
7cad41,Australia,202.26,10668.0
a3f91e,United States,231.25,12001.5
a0107f,United States,241.79,13152.12
a8d4f6,United States,4.89,
7c01c0,Australia,143.68,5699.76
a7b4ea,United States,192.67,5158.74
7c01c1,Australia,0.0,
46f06e,Greece,1.03,
c81456,New Zealand,0.0,22.86
a1a697,United States,200.9,12801.6
a7ea48,United States,244.38,8763.0
888096,Viet Nam,227.6,11430.0
888093,Viet Nam,3.09,
a01097,United States,90.74,967.74
ab55e2,United States,60.8,2324.1
a7b4f2,United States,241.91,10302.24
a8d4ee,United States,87.46,2004.06
7c4a31,Australia,76.79,1043.94
aace63,United States,249.63,13266.42
a2b348,United States,226.39,11026.14
c8276c,New Zealand,85.58,754.38
4ca960,Ireland,232.51,11315.7
4ca961,Ireland,87.53,457.2
7c4a32,Australia,41.27,38.1
ac62a9,United States,213.96,11529.06
3a46ad,France,136.02,2567.94
48436b,Kingdom of the Netherlands,287.47,11590.02
7c4a0f,Australia,0.0,
4ca92b,Ireland,98.97,1066.8
a6ca7f,United States,194.82,11468.1
a4afa0,United States,42.46,487.68
3a46b3,France,137.84,2209.8
71e238,Republic of Korea,30.91,213.36
45d066,Denmark,220.32,11315.7
ab8b3e,United States,228.38,10096.5
48436c,Kingdom of the Netherlands,306.44,11148.06
48436e,Kingdom of the Netherlands,231.46,12672.06
a8d4d2,United States,87.21,152.4
a7a1e8,United States,136.97,1577.34
ab8b56,United States,234.28,11689.08
a1ecdb,United States,34.19,289.56
aa6b7e,United States,293.35,9898.38
ac75dc,United States,255.21,11315.7
a8d4cc,United States,229.0,9761.22
acc5a5,United States,240.28,11079.48
a44cc0,United States,72.13,1874.52
7810c6,China,4.12,10317.48
7823f6,China,239.69,10347.96
758828,Philippines,132.53,4632.96
88809c,Viet Nam,0.0,
a5269c,United States,34.2,60.96
abb995,United States,214.05,11597.64
a9f624,United States,51.45,944.88
aba64a,United States,42.58,640.08
781273,China,253.22,10728.96
4005c0,United Kingdom,286.45,12390.12
c8279f,New Zealand,54.08,990.6
ac765b,United States,203.72,11460.48
ad9645,United States,8.75,
ae0632,United States,73.05,6400.8
ac899f,United States,50.46,952.5
77058f,Sri Lanka,271.52,11247.12
4005b9,United Kingdom,73.71,137.16
ac0cf8,United States,192.67,3840.48
c00d61,Canada,5.14,
770594,Sri Lanka,224.02,12580.62
aa234a,United States,230.99,11620.5
ac501e,United States,168.99,8884.92
0acc95,Colombia,1.54,
a62053,United States,138.86,2484.12
aa3681,United States,58.57,1051.56
4ca857,Ireland,73.06,213.36
a44cfd,United States,203.39,5692.14
ad2ce1,United States,108.36,762.0
a62063,United States,256.0,13159.74
ac5041,United States,193.34,8953.5
a4e075,United States,48.22,1097.28
a3836e,United States,74.77,381.0
a8d62c,United States,53.04,1394.46
a93cc2,United States,34.14,327.66
a3f8a1,United States,153.53,3451.86
a7668a,United States,0.0,
a99318,United States,33.1,106.68
a288e4,United States,123.99,2834.64
aca01a,United States,105.67,982.98
a5cfdd,United States,38.08,342.9
e495fa,Brazil,259.19,11003.28
a20e38,United States,0.0,
ab3076,United States,59.96,2407.92
ae0677,United States,195.49,11254.74
a022c6,United States,221.34,9509.76
3c0c0c,Germany,231.06,12047.22
ac5066,United States,236.29,12519.66
aa3646,United States,3.34,
71e282,Republic of Korea,43.26,182.88
a6dcc8,United States,68.84,1203.96
a07e3e,United States,47.1,716.28
e84070,Ecuador,228.49,12031.98
a4f347,United States,221.53,10782.3
aa8fd9,United States,186.83,5166.36
e495db,Brazil,171.85,6156.96
aca02f,United States,234.65,9090.66
a6a974,United States,72.54,2712.72
a6a973,United States,55.71,1600.2
a7530c,United States,133.73,6446.52
4005be,United Kingdom,261.94,11925.3
aa4953,United States,65.86,312.42
4005bb,United Kingdom,235.02,11323.32
a07e67,United States,46.97,563.88
ab5600,United States,79.25,982.98
0d09f1,Mexico,256.63,14417.04
a262ae,United States,176.26,4732.02
a382b3,United States,243.65,12595.86
a3f8f9,United States,39.21,1455.42
a262d4,United States,231.06,12313.92
aa7e16,United States,181.67,6263.64
43c972,United Kingdom,107.48,7162.8
a395d5,United States,149.91,2834.64
abb90d,United States,243.87,11963.4
43c95a,United Kingdom,25.17,845.82
a68e22,United States,63.8,1699.26
43c95c,United Kingdom,0.32,
c1e59f,Canada,4.89,
781200,China,9.26,
a18b45,United States,75.24,777.24
a44e1c,United States,246.74,11170.92
abb930,United States,240.8,11323.32
a3e5e0,United States,161.65,9738.36
a98051,United States,242.56,11353.8
a9804c,United States,54.76,1082.04
a44e24,United States,117.3,1226.82
ac760d,United States,223.91,10043.16
a2d8d9,United States,201.19,13670.28
a44e18,United States,246.48,10995.66
78120b,China,226.41,11414.76
a6de16,United States,25.89,1074.42
aadfd4,United States,80.62,762.0
a898a9,United States,244.83,11963.4
c813b2,New Zealand,36.88,350.52
a3e5ea,United States,39.0,1546.86
aba623,United States,215.15,11620.5
43c948,United Kingdom,0.06,
ac761e,United States,92.04,830.58
aa1082,United States,34.79,556.26
a2b2da,United States,195.14,7696.2
0d09b9,Mexico,236.97,9631.68
7587af,Philippines,228.08,10523.22
781238,China,230.62,9944.1
4baa10,Turkey,0.0,11772.9
a382ca,United States,222.39,11993.88
4ca7d8,Ireland,271.25,11628.12
ac0cab,United States,294.86,12992.1
a98046,United States,42.34,1272.54
abb94f,United States,237.42,11650.98
ac0cb1,United States,134.79,1645.92
a32e8c,United States,6.17,
a1ee9b,United States,51.67,381.0
a31b5e,United States,51.86,914.4
a9d015,United States,87.13,3703.32
0d09be,Mexico,231.74,11955.78
76d253,Singapore,238.47,11689.08
872fe4,Japan,193.03,3764.28
a32e86,United States,237.15,11003.28
aba62c,United States,48.16,
acd964,United States,144.12,2362.2
aa1056,United States,227.19,12313.92
a32e7b,United States,62.19,2324.1
a8c32a,United States,200.04,7353.3
a405e4,United States,41.18,1028.7
76d24f,Singapore,237.39,10302.24
ad9642,United States,190.5,10812.78
4ca7b9,Ireland,205.79,11308.08
4ca7b5,Ireland,271.39,11574.78
a7405c,United States,54.55,685.8
a7538f,United States,248.21,12885.42
ade609,United States,239.96,8275.32
a31b48,United States,87.38,1066.8
ac8985,United States,247.78,9403.08
a7539d,United States,42.3,205.74
a2fb32,United States,186.6,3901.44
a1ea70,United States,142.24,3230.88
ad3e36,United States,9.26,
a774b7,United States,0.0,
c0730e,Canada,197.76,11315.7
7811f5,China,221.96,10294.62
a19a7c,United States,0.0,
a20a75,United States,56.94,358.14
c02ff6,Canada,172.14,9258.3
a3f4ea,United States,201.69,10904.22
a654cb,United States,242.3,12001.5
a521c0,United States,27.95,320.04
888175,Viet Nam,231.14,10469.88
888170,Viet Nam,183.86,3970.02
a414e8,United States,225.15,5943.6
abfe45,United States,207.44,11330.94
aade5d,United States,30.69,464.82
aa7b33,United States,158.97,3436.62
a0a903,United States,220.55,11978.64
c01cb7,Canada,202.74,11262.36
c02fe7,Canada,198.27,12192.0
abeb31,United States,246.7,11811.0
a2c1b6,United States,163.4,4518.66
7811ff,China,0.0,
5084d2,Ukraine,251.05,11330.94
5084d1,Ukraine,253.6,11231.88
a6ed3b,United States,231.74,9022.08
a414d7,United States,57.37,1524.0
a641b6,United States,224.55,11963.4
a401a9,United States,48.57,640.08
a44a26,United States,64.36,1402.08
a7d7d6,United States,43.85,670.56
a641bf,United States,250.67,10538.46
aa8e47,United States,120.57,6454.14
a33d68,United States,0.06,
888196,Viet Nam,233.16,8511.54
c02fed,Canada,248.78,11353.8
a4ad8a,United States,91.58,3535.68
ac72af,United States,12.86,
acd5ad,United States,220.01,12001.5
8413d7,Japan,70.57,129.54
aacb60,United States,83.44,1082.04
abb5e2,United States,70.25,541.02
abb5e3,United States,231.92,10980.42
abb5e6,United States,148.17,2796.54
ac0b50,United States,167.82,3825.24
888141,Viet Nam,241.16,11765.28
a8d284,United States,267.42,13647.42
abb5ec,United States,199.18,7840.98
e4967f,Brazil,143.94,1965.96
a04635,United States,248.69,11559.54
a03304,United States,44.76,914.4
88812b,Viet Nam,222.26,12306.3
a69d02,United States,201.57,7322.82
ac72d2,United States,217.44,12260.58
a8d27e,United States,230.04,11026.14
a0595d,United States,49.27,1051.56
4878ae,Kingdom of the Netherlands,198.76,
44d2aa,Belgium,209.08,5570.22
a04640,United States,0.0,541.02
a44a6d,United States,1.54,
abeb57,United States,230.14,7330.44
e49697,Brazil,165.83,4320.54
e49699,Brazil,171.95,4366.26
a1c90c,United States,43.22,1135.38
888168,Viet Nam,224.56,12352.02
a0592e,United States,34.05,289.56
ade2b8,United States,224.34,10995.66
ac0b80,United States,228.12,12588.24
c01ca9,Canada,145.81,7490.46
ae5e85,United States,133.74,1325.88
a57d55,United States,61.81,746.76
a0a91f,United States,212.8,9022.08
a667e8,United States,254.93,13129.26
ab9b9d,United States,209.61,12237.72
a94d94,United States,153.15,2415.54
a0eff3,United States,47.22,
a21cb8,United States,125.85,2042.16
a34fbb,United States,39.95,327.66
add00f,United States,25.59,-15.24
a53602,United States,106.16,1005.84
a1c95c,United States,237.68,12283.44
ac737c,United States,126.1,1051.56
7cae0c,Australia,260.35,11003.28
70606d,Kuwait,249.2,12062.46
7cae0a,Australia,230.46,10134.6
add012,United States,41.68,297.18
a2e935,United States,77.71,350.52
acd68a,United States,105.03,1325.88
a7fa3b,United States,205.92,11407.14
a22fda,United States,208.85,12832.08
7cae08,Australia,245.06,11765.28
7c28d4,Australia,58.97,777.24
a03329,United States,96.01,899.16
ac606a,United States,51.86,906.78
8880a1,Viet Nam,149.9,2537.46
a10fe3,United States,32.73,99.06
a2992f,United States,209.84,11254.74
a03332,United States,224.5,8107.68
a1c935,United States,147.59,2339.34
a81a81,United States,5.92,
7811a3,China,222.78,6987.54
a0efca,United States,63.69,1417.32
7cae60,Australia,182.68,7635.24
7811b5,China,216.25,10645.14
4ca837,Ireland,217.65,11117.58
a39338,United States,113.43,1562.1
a2e96b,United States,253.72,13594.08
7cae4a,Australia,96.22,3162.3
a7d7f3,United States,223.3,10073.64
a40312,United States,233.12,12466.32
ac98ac,United States,192.93,3467.1
c01d72,Canada,135.33,2522.22
a761ac,United States,223.71,9654.54
a0205c,United States,266.08,10370.82
aa7b78,United States,210.57,8877.3
ac98c1,United States,11.32,
7c5e87,Australia,59.73,1051.56
a82d7a,United States,53.37,868.68
ad3e16,United States,184.92,11430.0
4ca80d,Ireland,202.15,11925.3
4ca80e,Ireland,5.92,
485344,Kingdom of the Netherlands,9.26,
ab9b13,United States,242.61,11993.88
a6ed7f,United States,245.85,11216.64
706068,Kuwait,137.35,3299.46
aa8e8e,United States,97.77,3246.12
845c86,Japan,91.12,2537.46
a0a996,United States,48.44,1516.38
a0effc,United States,0.0,
7cae43,Australia,171.61,10027.92
706060,Kuwait,249.72,11018.52
7cae41,Australia,169.74,6446.52
abfe12,United States,157.64,3855.72
a68a95,United States,228.46,11681.46
c01d7e,Canada,207.17,12031.98
a5490f,United States,211.23,13799.82
70606b,Kuwait,241.75,12085.32
abfe1c,United States,207.88,5074.92
ab52a2,United States,199.76,5410.2
845c8c,Japan,220.93,12359.64
a02047,United States,218.91,8046.72
a8e4b9,United States,148.36,3147.06
706073,Kuwait,259.93,12428.22
a46fad,United States,94.04,792.48
abb5a2,United States,265.26,10637.52
a69ccb,United States,97.57,609.6
a1a37a,United States,52.72,1318.26
4ca74e,Ireland,5.4,
a6ffe4,United States,239.07,14348.46
a95fbe,United States,263.85,11109.96
4bcde7,Turkey,224.11,11841.48
acd60d,United States,2.83,
4bcdf6,Turkey,239.73,12428.22
c01d2d,Canada,1.03,
846dc8,Japan,222.45,
48664a,Kingdom of the Netherlands,226.32,11361.42
a3f694,United States,59.65,1211.58
4bcdec,Turkey,245.82,12458.7
ac2fea,United States,242.89,12001.5
4bcdea,Turkey,239.99,12542.52
a27380,United States,237.08,10972.8
a3d039,United States,226.48,7551.42
7c0386,Australia,36.03,1409.7
aba316,United States,82.6,3550.92
a77645,United States,240.45,8633.46
a2d686,United States,51.37,1028.7
4ca766,Ireland,205.34,11818.62
4ca761,Ireland,107.84,1531.62
a1a368,United States,81.85,2735.58
aa596c,United States,245.04,10721.34
4bcdd2,Turkey,215.66,
a3d03f,United States,0.06,
4ca739,Ireland,194.18,11917.68
a2869c,United States,71.33,304.8
ab4023,United States,62.63,1371.6
a0339f,United States,221.04,7490.46
ad4fe1,United States,211.96,5044.44
7cace4,Australia,141.39,4137.66
4ca73d,Ireland,145.86,3992.88
aa8cb2,United States,2.31,
4bcde4,Turkey,256.44,11772.9
7335a3,Islamic Republic of Iran,234.17,12672.06
acc302,United States,235.2,8572.5
4bcde1,Turkey,238.69,12573.0
c00a0d,Canada,0.0,
c01d3c,Canada,235.45,12245.34
a38019,United States,0.0,
a15397,United States,124.3,1005.84
7c168a,Australia,71.0,434.34
acc31a,United States,156.93,3817.62
7cf079,Australia,0.0,
acd64b,United States,238.27,11361.42
a26093,United States,87.46,1950.72
a53644,United States,238.95,13776.96
ac733b,United States,221.31,10035.54
a78945,United States,0.0,
ace96c,United States,241.1,10378.44
ad3cde,United States,40.16,198.12
a64305,United States,55.56,312.42
a045bc,United States,36.33,1005.84
ab5383,United States,219.99,8397.24
a4acb8,United States,0.0,
ade339,United States,199.92,14447.52
a6a627,United States,4.63,
a4acbd,United States,258.48,13815.06
acc350,United States,147.22,2948.94
a6ffc3,United States,227.48,6560.82
a9f1d6,United States,64.76,3337.56
a5232b,United States,221.58,9182.1
405e24,United Kingdom,232.28,11650.98
a08e1e,United States,0.06,
405e23,United Kingdom,212.46,11437.62
abb68c,United States,259.45,10584.18
a71fd7,United States,59.55,3307.08
abea73,United States,116.81,701.04
7c162b,Australia,34.58,350.52
a07b3e,United States,246.09,11338.56
7c1642,Australia,47.22,754.38
ae5d6e,United States,55.96,274.32
a8d365,United States,2.06,
ad2a66,United States,44.45,1455.42
a08e82,United States,212.96,7970.52
e48275,Brazil,248.09,11399.52
a7506a,United States,216.31,8633.46
a9903a,United States,15.43,
a88380,United States,231.61,12291.06
7705c6,Sri Lanka,239.56,9753.6
a6308b,United States,46.44,342.9
7705c3,Sri Lanka,220.73,11277.6
a19b49,United States,171.47,6278.88
a9067b,United States,278.2,11170.92
7c6fcc,Australia,36.53,182.88
aaa90c,United States,247.35,7932.42
ade1cd,United States,130.26,5151.12
a5ce02,United States,241.51,9913.62
acc1eb,United States,192.09,5867.4
781329,China,242.39,9319.26
a058fa,United States,235.11,14356.08
a8c028,United States,5.92,
491d81,Portugal,270.28,13098.78
87c40b,Japan,0.0,
846f00,Japan,259.75,11894.82
4a29f9,Romania,227.17,11026.14
ae01cb,United States,244.8,11330.94
a548e3,United States,242.2,13830.3
a0a8de,United States,208.16,5029.2
a19b18,United States,228.62,11026.14
a0a8df,United States,164.04,3657.6
aa336f,United States,55.53,944.88
c08564,Canada,7.65,144.78
a6a681,United States,10.8,
a82cf9,United States,52.27,548.64
ad0919,United States,140.23,1630.68
aaa944,United States,56.08,1211.58
a75039,United States,80.5,487.68
c0855e,Canada,44.82,350.52
7c1689,Australia,63.88,754.38
ac2fa4,United States,215.94,10965.18
ae2909,United States,30.63,68.58
a9f302,United States,118.84,2270.76
14fa2b,Russian Federation,9.77,
a1eb43,United States,66.81,670.56
a8d332,United States,45.17,1432.56
abb601,United States,216.86,12915.9
4851af,Kingdom of the Netherlands,164.55,3268.98
ae4a7d,United States,93.79,1135.38
a6a66f,United States,55.38,228.6
a77687,United States,213.08,5974.08
a1b5f9,United States,61.56,1706.88
a6303b,United States,44.82,518.16
a33e5e,United States,87.47,746.76
02a260,Tunisia,202.62,11026.14
aaa954,United States,269.25,8877.3
abc948,United States,245.7,12047.22
4851b0,Kingdom of the Netherlands,211.71,5966.46
7c164d,Australia,61.51,944.88
aaefbf,United States,49.68,396.24
a32b21,United States,87.89,2811.78
ab0fdc,United States,55.53,2049.78
ac2fc3,United States,198.55,5433.06
781371,China,213.91,6438.9
a7c683,United States,260.56,13213.08
ab5315,United States,240.36,9326.88
ac861e,United States,38.58,160.02
aa8cf4,United States,74.59,838.2
abb624,United States,233.18,11932.92
a0de84,United States,36.49,2270.76
a1a2a2,United States,0.0,
a63073,United States,50.73,1028.7
4853d0,Kingdom of the Netherlands,111.33,1021.08
a57e89,United States,141.57,7467.6
4866ed,Kingdom of the Netherlands,165.84,4000.5
4ca5c6,Ireland,9.26,
a402dd,United States,232.87,11018.52
4866ee,Kingdom of the Netherlands,182.78,3063.24
a5bb1e,United States,54.21,1135.38
7cf0d9,Australia,2.31,
ae5f45,United States,99.04,960.12
a5bb1b,United States,215.1,10942.32
e49522,Brazil,1.03,
e49526,Brazil,230.07,12306.3
48ea01,Poland,253.13,12298.68
a16707,United States,51.3,746.76
706130,Kuwait,245.65,11460.48
ab53e4,United States,219.92,9639.3
e4952d,Brazil,252.12,11963.4
a6a5c3,United States,49.73,1341.12
a392f2,United States,40.13,
a6a5c0,United States,34.85,91.44
4bce43,Turkey,216.47,11978.64
c06126,Canada,44.47,358.14
4bce42,Turkey,182.51,
ac0c64,United States,120.67,1920.24
4866e0,Kingdom of the Netherlands,158.69,3360.42
aacc5b,United States,279.01,8625.84
c06120,Canada,281.95,11620.5
501c2f,Croatia,203.69,11551.92
a69e7a,United States,0.06,
a82e63,United States,4.89,
7cf0b4,Australia,4.37,
7cf0b6,Australia,4.37,
a6a5f3,United States,47.16,952.5
ac73e9,United States,152.58,5318.76
42450d,United Kingdom,176.09,10782.3
aa8f5d,United States,66.81,1066.8
a2d5eb,United States,223.78,11666.22
acd6d8,United States,45.6,1607.82
7cf0a7,Australia,4.37,
a642e3,United States,251.23,9761.22
aa7c1c,United States,64.17,1516.38
a4ae48,United States,3.86,
a04758,United States,188.22,5097.78
a6ee11,United States,39.72,342.9
ae03d4,United States,130.7,5295.9
3a4593,France,101.84,1935.48
c08727,Canada,68.35,1082.04
a9e071,United States,37.26,1257.3
ab40f8,United States,245.19,11643.36
48ea3a,Poland,220.87,11658.6
ac0c8b,United States,245.36,11681.46
48ea3b,Poland,215.91,12237.72
abec6c,United States,219.23,11658.6
e4953d,Brazil,183.35,6842.76
a535e4,United States,52.27,754.38
a5ce40,United States,235.91,13243.56
48ea4e,Poland,229.87,12153.9
8414a9,Japan,243.32,10469.88
845d1c,Japan,0.0,
a788d3,United States,197.6,10759.44
781411,China,222.63,11049.0
acb0b6,United States,8.23,
ab6800,United States,243.88,12001.5
ae5f99,United States,226.39,7940.04
c00b9d,Canada,175.28,6934.2
c00b9c,Canada,185.46,3688.08
a65703,United States,61.74,1333.5
a81b98,United States,206.67,12755.88
a53720,United States,262.94,11262.36
a41722,United States,256.82,11102.34
c00b8a,Canada,192.09,9540.24
7c16d6,Australia,42.14,563.88
a3e408,United States,49.52,228.6
e480f9,Brazil,136.28,2392.68
388381,France,2.83,
86da1e,Japan,254.29,11414.76
7caf1c,Australia,201.96,11239.5
a2d728,United States,188.49,14302.74
a1a401,United States,41.19,320.04
a15429,United States,128.77,2811.78
a8e5ee,United States,40.18,441.96
3a3280,France,298.21,11673.84
a28749,United States,190.49,5181.6
484186,Kingdom of the Netherlands,9.26,
ab79d3,United States,216.04,10713.72
a2d710,United States,161.89,4564.38
7caf18,Australia,205.29,11033.76
e480d1,Brazil,180.14,4617.72
a27406,United States,37.98,68.58
7c29da,Australia,227.27,8260.08
ab79e3,United States,243.74,13213.08
a2b10b,United States,76.65,609.6
a2b10f,United States,227.09,11529.06
a68b85,United States,52.68,1737.36
a2b10d,United States,188.05,11978.64
a1b796,United States,213.74,7711.44
aacc07,United States,271.45,14203.68
4bcda2,Turkey,244.56,11917.68
a2b112,United States,151.44,2720.34
4bcdaa,Turkey,223.83,12070.08
a5bb88,United States,51.59,403.86
a2b110,United States,222.06,10965.18
4bcdb4,Turkey,507.21,11986.26
a32ac6,United States,47.47,
a7fb1c,United States,148.63,3741.42
7caf5f,Australia,163.03,5974.08
7caf5e,Australia,152.95,7970.52
4bcdae,Turkey,5.14,
7c03f1,Australia,3.6,
7caf5c,Australia,4.89,
ac0c24,United States,242.84,12618.72
c00b7d,Canada,145.47,3451.86
a3f701,United States,48.37,2346.96
a1eaad,United States,69.71,1150.62
7812f1,China,189.95,4732.02
ab53b9,United States,287.72,12954.0
a81b77,United States,96.6,4008.12
a1a435,United States,245.58,11292.84
ac1f61,United States,224.28,10347.96
ad2c19,United States,219.42,12230.1
ad3f47,United States,44.45,266.7
aadf64,United States,128.79,6461.76
a6ee8e,United States,209.38,10187.94
4bcda1,Turkey,96.84,1440.18
a0ddfb,United States,235.18,11689.08
857d90,Japan,85.88,746.76
c00b86,Canada,144.49,2354.58
4243c4,United Kingdom,230.35,10363.2
a7b40e,United States,216.01,9494.52
a81aa7,United States,244.83,9906.0
c085d5,Canada,225.96,11338.56
a70df8,United States,53.71,1447.8
aa7abe,United States,196.36,10294.62
aa7abd,United States,0.0,
c87efe,New Zealand,0.0,
abfdaf,United States,8.23,
c87efd,New Zealand,0.0,
ab4126,United States,237.0,13799.82
a56af2,United States,56.7,944.88
c085aa,Canada,57.07,
ac0aac,United States,228.28,11315.7
a64462,United States,15.43,838.2
a2b150,United States,268.15,10995.66
aa7ac8,United States,127.33,3162.3
8880ed,Viet Nam,232.51,10431.78
ad3dba,United States,175.89,4808.22
a2b153,United States,262.91,8557.26
a75103,United States,304.45,11125.2
a68ad4,United States,227.58,12367.26
a2b12e,United States,224.89,10789.92
a2b12d,United States,221.28,5455.92
a89773,United States,73.57,
a38141,United States,197.55,3665.22
ab678e,United States,18.52,
abb775,United States,302.74,11742.42
a2b136,United States,171.2,3573.78
a2b135,United States,223.36,11620.5
a7b433,United States,178.77,4572.0
405f13,United Kingdom,8.75,
78018f,China,242.46,11788.14
ac1df7,United States,5.66,
a3813a,United States,156.8,3611.88
a88440,United States,50.22,1394.46
4bccaa,Turkey,10.8,
a2615e,United States,132.53,2217.42
abfded,United States,46.44,1188.72
478df1,Norway,63.69,563.88
4ca61f,Ireland,0.0,
a6447a,United States,95.47,2308.86
aa7aa6,United States,239.8,12001.5
a32acf,United States,89.51,929.64
a6ede5,United States,153.24,5219.7
4bccb9,Turkey,216.19,12024.36
c00b35,Canada,59.68,129.54
abfdf8,United States,240.84,11673.84
a81ab4,United States,51.88,563.88
a2b130,United States,242.48,11361.42
ab9af3,United States,190.14,4975.86
7c0488,Australia,282.59,8587.74
c085e6,Canada,119.74,5105.4
a26162,United States,41.7,1089.66
ab4151,United States,210.42,8854.44
4bccae,Turkey,213.02,9860.28
ad8126,United States,54.53,1036.32
7c29d8,Australia,120.57,2026.92
c01e10,Canada,0.0,
a0cc06,United States,1.03,
448466,Belgium,259.02,11117.58
ac878c,United States,2.57,
a0a9f6,United States,228.89,7467.6
a2b198,United States,243.94,11452.86
a0a9f8,United States,190.06,5676.9
a033ae,United States,255.6,11300.46
a77721,United States,67.67,152.4
a3d10f,United States,0.26,
a2b17a,United States,243.86,9204.96
a53774,United States,192.68,6438.9
a046f2,United States,92.74,609.6
a059e3,United States,279.12,11163.3
3b77cc,France,75.79,3810.0
a4f110,United States,45.05,396.24
3b77cd,France,84.9,3390.9
a3e460,United States,78.1,1554.48
8880e1,Viet Nam,226.05,11681.46
a0a9ac,United States,194.18,5539.74
a0a9d4,United States,118.61,2019.3
a0a9d1,United States,237.25,10675.62
49d67d,Czech Republic,132.69,3169.92
a6eda1,United States,253.41,7139.94
a38171,United States,78.1,2247.9
c01e28,Canada,211.64,10668.0
a2b176,United States,206.43,6880.86
e493b9,Brazil,196.98,6164.58
a4f117,United States,51.8,944.88
a44aee,United States,48.0,1584.96
c01e1f,Canada,207.89,11833.86
888227,Viet Nam,242.66,10789.92
e4814b,Brazil,253.39,12573.0
abeb7c,United States,235.81,12306.3
7c175a,Australia,51.84,266.7
a32c1e,United States,121.6,2042.16
78141f,China,278.63,10675.62
a5cf19,United States,231.52,10607.04
a536b6,United States,71.89,1104.9
a8847f,United States,208.78,10942.32
c0737c,Canada,195.49,11978.64
a20c44,United States,227.46,8260.08
a88491,United States,32.67,1028.7
a2d6a2,United States,79.55,609.6
ab6716,United States,48.97,1066.8
a7a17b,United States,260.8,11300.46
a57f42,United States,68.52,251.46
a8d465,United States,224.58,11643.36
abeb9f,United States,246.95,11658.6
a033d6,United States,217.52,13655.04
a21f57,United States,220.93,11582.4
7c0402,Australia,241.35,9585.96
a4af3b,United States,65.5,
a6ef00,United States,34.27,792.48
a8d46a,United States,239.99,12016.74
e4818a,Brazil,248.89,10721.34
a88467,United States,2.83,
ab6737,United States,287.83,11605.26
4bce0e,Turkey,234.2,12428.22
a82dfb,United States,201.81,11209.02
a1ec6e,United States,168.07,11658.6
a1a3eb,United States,90.65,3192.78
a8e76a,United States,85.5,784.86
781479,China,233.7,8587.74
7cade1,Australia,121.76,1211.58
a1a3cc,United States,228.63,10370.82
a8c121,United States,295.76,9685.02
a1ff90,United States,65.88,510.54
a45f66,United States,25.77,342.9
a81abe,United States,252.49,11978.64
7c045c,Australia,59.54,419.1
a273f5,United States,223.02,12146.28
e4949a,Brazil,152.3,2750.82
a57f04,United States,1.29,
a8e751,United States,64.03,2880.36
a033ff,United States,0.0,
e48175,Brazil,253.11,12557.76
a9f409,United States,22.13,228.6
a4f17b,United States,49.82,617.22
4bce06,Turkey,52.05,
a1ec4d,United States,35.29,1767.84
4bce05,Turkey,281.26,
a1ec4b,United States,84.59,1066.8
a153de,United States,241.55,9738.36
4bce01,Turkey,251.62,11734.8
a403a2,United States,63.89,1036.32
a2c3a0,United States,0.0,-15.24
a4af13,United States,63.91,2400.3
a286ed,United States,7.72,
a9077b,United States,216.89,10866.12
a2d6ba,United States,79.77,167.64
4bce19,Turkey,240.46,12496.8
c0868b,Canada,227.03,10698.48
4bce15,Turkey,229.47,11650.98
780172,China,2.83,
a13f3c,United States,56.27,1722.12
a8aac8,United States,127.58,3093.72
a61afb,United States,53.03,3383.28
ad2573,United States,0.0,
ac4bfe,United States,253.83,8702.04
4d0102,Luxembourg,239.26,11628.12
a349b8,United States,39.25,220.98
4d0101,Luxembourg,290.45,11300.46
a01f73,United States,210.74,10949.94
71cb17,Republic of Korea,39.86,259.08
4d0105,Luxembourg,157.39,3695.7
a25f26,United States,47.02,739.14
ad6bdc,United States,244.35,11163.3
a43184,United States,62.82,358.14
a24c02,United States,181.25,12618.72
a349a6,United States,33.02,800.1
a6717a,United States,87.21,1394.46
a1d18f,United States,296.23,11109.96
a43175,United States,235.35,12626.34
a9ddb0,United States,81.28,441.96
851bba,Japan,84.37,1013.46
a0d6a8,United States,243.15,10683.24
a00c20,United States,227.01,13708.38
a73afc,United States,203.69,4747.26
a00c27,United States,66.55,838.2
872841,Japan,244.97,9707.88
a67197,United States,78.91,2933.7
8940d2,Bahrain,64.67,335.28
a6e767,United States,250.43,7955.28
8940d5,Bahrain,164.46,3604.26
8940d3,Bahrain,2.57,
a5a10a,United States,227.66,10797.54
a0c3c9,United States,53.79,769.62
a060ae,United States,206.72,6225.54
8940ca,Bahrain,242.56,11650.98
a25f6e,United States,75.11,464.82
4075b3,United Kingdom,276.58,12512.04
4075b4,United Kingdom,259.29,12001.5
8940cb,Bahrain,184.23,4579.62
a2af3e,United States,259.3,11269.98
3869ff,France,6.69,
a00c85,United States,261.43,13182.6
a0d6fb,United States,231.0,9395.46
a5a11a,United States,212.14,11399.52
a00c7a,United States,0.0,
a456a9,United States,201.46,5577.84
a336bd,United States,48.0,228.6
a73ab6,United States,242.06,8709.66
4d0113,Luxembourg,267.75,10378.44
4d0115,Luxembourg,280.06,11216.64
4d0114,Luxembourg,266.05,10355.58
a6c120,United States,249.62,7330.44
780e2d,China,195.39,
780e3c,China,175.16,5974.08
a2af23,United States,213.79,8420.1
7c79b5,Australia,80.27,1440.18
c05f93,Canada,208.62,11186.16
a193aa,United States,225.27,10393.68
aad7bd,United States,83.54,1676.4
a3cf6d,United States,141.87,2247.9
a49f87,United States,195.84,6057.9
ab951a,United States,42.9,411.48
507c88,Uzbekistan,245.36,11971.02
c016b4,Canada,118.67,2613.66
ac5eb4,United States,213.46,8252.46
a2af91,United States,199.14,10363.2
ac1846,United States,233.98,11734.8
a24c77,United States,184.5,10980.42
76cccf,Singapore,257.9,12390.12
a8bf0a,United States,71.66,1394.46
a7e18a,United States,150.29,2506.98
a24c7e,United States,65.12,2720.34
a7e18d,United States,154.24,3093.72
a7e18b,United States,238.56,11521.44
a696d5,United States,201.58,12176.76
a7e198,United States,231.92,11666.22
a323c8,United States,261.17,14698.98
a1d0a3,United States,192.44,8907.78
a826bb,United States,48.82,2049.78
a959a1,United States,50.34,472.44
a61c3e,United States,67.06,2331.72
ad2517,United States,109.65,3276.6
ac5ed9,United States,245.52,12618.72
a336ef,United States,6.43,
a24c73,United States,225.72,11003.28
407642,United Kingdom,226.05,12222.48
a683d0,United States,56.75,251.46
7502d8,Malaysia,201.67,5715.0
a959b4,United States,258.15,14409.42
a336e3,United States,231.03,11521.44
a4ef7f,United States,140.27,2148.84
a85c01,United States,208.85,8694.42
a61c53,United States,2.31,
ac4bb8,United States,193.89,6263.64
a193ea,United States,83.34,2529.84
a61c51,United States,53.2,1242.06
7c6749,Australia,62.98,731.52
a5b3ad,United States,211.69,11559.54
40762c,United Kingdom,3.86,
a719ff,United States,77.01,205.74
507c8e,Uzbekistan,226.92,10020.3
84657c,Japan,229.93,6964.68
ad385f,United States,229.71,10332.72
c05f01,Canada,203.42,6652.26
40769a,United Kingdom,226.58,12268.2
a62f15,United States,45.18,373.38
851bdc,Japan,240.78,8503.92
5140de,Georgia,233.83,10706.1
a2f0d9,United States,219.31,6332.22
a443ed,United States,42.52,579.12
872863,Japan,141.5,1463.04
ab823c,United States,26.52,434.34
ad7ece,United States,196.03,6149.34
a5a19c,United States,217.78,8427.72
ad1218,United States,234.25,12291.06
40768d,United Kingdom,237.19,11109.96
40768b,United Kingdom,235.51,11818.62
ac5efa,United States,251.6,12329.16
407698,United Kingdom,286.18,12352.02
ac4bdd,United States,228.02,9220.2
a3cf4f,United States,143.33,1851.66
7c6796,Australia,81.71,807.72
abd230,United States,238.52,12306.3
e8814f,Paraguay,109.19,5768.34
c05f0c,Canada,254.41,8549.64
a24c99,United States,280.68,12382.5
a86f03,United States,45.0,1356.36
851bfe,Japan,234.61,12656.82
407688,United Kingdom,7.72,
7c6789,Australia,0.0,60.96
c05f08,Canada,175.43,4907.28
c05f04,Canada,130.16,3962.4
a6f9b3,United States,220.92,11506.2
a19526,United States,45.46,571.5
8463b5,Japan,226.36,10454.64
ac03ee,United States,245.56,11353.8
8463b4,Japan,224.03,7132.32
a25ec2,United States,55.59,708.66
c04aed,Canada,89.51,2042.16
a800c5,United States,45.42,2042.16
abe3e6,United States,205.54,6431.28
a37ea4,United States,8.23,
851c20,Japan,110.1,1722.12
aa60da,United States,144.62,3070.86
a97c74,United States,83.82,449.58
ac4c8a,United States,138.25,1767.84
ac03ff,United States,216.0,11574.78
a9df82,United States,52.93,152.4
aa60de,United States,30.97,106.68
ad7f96,United States,227.92,12649.2
aa60e2,United States,54.18,381.0
750404,Malaysia,235.5,8862.06
a933c2,United States,47.51,1722.12
a07522,United States,226.78,11033.76
7c52ff,Australia,150.61,5867.4
a70801,United States,217.74,14295.12
851c42,Japan,209.23,6934.2
a8bf72,United States,,
a8ac42,United States,192.52,4191.0
a21839,United States,7.72,
ad10e9,United States,250.77,10988.04
aa60bb,United States,147.98,2560.32
76cda6,Singapore,218.99,12954.0
a57830,United States,35.51,441.96
acf0da,United States,216.99,10980.42
acf0db,United States,8.75,
a44521,United States,144.21,1752.6
780da9,China,231.33,10035.54
a62f93,United States,75.2,601.98
a0757f,United States,195.15,7879.08
a33872,United States,86.69,3672.84
a19566,United States,54.54,800.1
a37ed3,United States,4.63,
76cdad,Singapore,217.99,12976.86
a3bc8e,United States,136.28,1866.9
76cdae,Singapore,261.87,
aa1f97,United States,142.64,3177.54
76cdc3,Singapore,288.17,9997.44
a8ac35,United States,266.32,10279.38
a706ea,United States,226.94,11315.7
76cdba,Singapore,284.0,11894.82
ad10ec,United States,126.04,1744.98
a6e6e2,United States,256.69,12298.68
acf0e0,United States,110.09,1234.44
ac181d,United States,211.73,10957.56
a44502,United States,227.55,11955.78
a813d1,United States,70.91,1524.0
7c6714,Australia,45.38,426.72
a7f3ae,United States,198.42,6202.68
a1f860,United States,90.13,1684.02
a5b3da,United States,43.88,1021.08
a37eb0,United States,250.46,11978.64
a85c3e,United States,238.74,10416.54
ac0504,United States,265.67,11231.88
a07579,United States,249.43,11833.86
aa1f5a,United States,248.02,11346.18
a33843,United States,169.37,4602.48
780e4e,China,1.03,
8966f2,United Arab Emirates,269.77,11041.38
c05da4,Canada,247.95,11079.48
a4a879,United States,74.35,350.52
a44565,United States,233.19,11666.22
8966eb,United Arab Emirates,245.67,9578.34
aa6209,United States,32.41,1127.76
a44560,United States,238.14,12298.68
a6d50b,United States,41.21,601.98
8966f9,United Arab Emirates,266.28,13060.68
8966f7,United Arab Emirates,236.29,13350.24
780e69,China,236.23,10066.02
a70865,United States,65.22,899.16
c01734,Canada,199.52,10957.56
8940a0,Bahrain,232.03,12595.86
8966fa,United Arab Emirates,243.15,13327.38
780e76,China,199.28,5669.28
75047c,Malaysia,202.64,5135.88
aa8859,United States,200.1,11597.64
75047d,Malaysia,238.01,12313.92
a18284,United States,75.12,403.86
c01725,Canada,282.59,10835.64
a4453e,United States,241.06,8930.64
c01723,Canada,243.24,11049.0
a3bbf6,United States,69.06,1866.9
c05dc3,Canada,212.75,8305.8
ac4c21,United States,0.0,
780e80,China,227.19,11109.96
a4dbe3,United States,29.46,182.88
abf6ae,United States,123.99,2362.2
a44544,United States,236.99,10584.18
4074b8,United Kingdom,242.26,11490.96
ac16bb,United States,8.23,
750457,Malaysia,6.94,
a70885,United States,2.06,
c01754,Canada,284.88,10370.82
c01753,Canada,8.75,
750459,Malaysia,4.63,
a1d242,United States,40.65,784.86
c01759,Canada,280.34,11049.0
8966d3,United Arab Emirates,230.72,
a36bd6,United States,66.19,861.06
ab2c3a,United States,223.49,13022.58
ad36c8,United States,198.16,5463.54
ad7f1d,United States,44.25,213.36
c0172e,Canada,56.37,8793.48
adcf00,United States,54.94,525.78
aac3ab,United States,216.6,10866.12
750466,Malaysia,157.09,3916.68
ac4c44,United States,256.02,11940.54
a920f4,United States,74.81,426.72
3a2b01,France,72.07,358.14
7c52f9,Australia,175.67,5387.34
7c52f8,Australia,185.22,7269.48
a2f270,United States,45.1,777.24
750452,Malaysia,221.4,8519.16
a3126c,United States,58.13,1684.02
a44591,United States,225.74,12595.86
8966c7,United Arab Emirates,241.65,12733.02
a6981a,United States,224.41,9029.7
750445,Malaysia,217.03,11833.86
a44588,United States,203.73,7780.02
a3bbaa,United States,22.22,22.86
abe3c8,United States,251.05,12580.62
ae56e3,United States,19.37,114.3
ae56e0,United States,54.06,586.74
851c86,Japan,76.14,571.5
a1e58f,United States,151.93,3032.76
75041b,Malaysia,178.24,7254.24
a55218,United States,109.89,1699.26
84b3eb,Japan,185.65,4518.66
8966a9,United Arab Emirates,232.14,9128.76
750424,Malaysia,214.43,9997.44
8966a6,United Arab Emirates,215.58,5821.68
ae56d4,United States,60.54,121.92
4074e2,United Kingdom,212.83,10843.26
a337b9,United States,201.45,9486.9
aaa05d,United States,52.74,571.5
a7926c,United States,57.42,457.2
a217ce,United States,52.21,792.48
abc058,United States,240.07,12870.18
aa638a,United States,102.28,3108.96
0c21b5,Panama,114.22,2720.34
a12d48,United States,212.78,6652.26
a074e2,United States,50.35,2080.26
851cca,Japan,147.43,3169.92
ae2047,United States,50.92,167.64
0c21a4,Panama,227.39,11719.56
84b64e,Japan,120.62,1417.32
a7928f,United States,35.21,198.12
0c21a7,Panama,229.47,11430.0
a7e24a,United States,5.14,
851cec,Japan,221.57,12352.02
abc07b,United States,247.21,11643.36
a74efc,United States,218.57,6781.8
a5fbdc,United States,170.03,3459.48
aa635d,United States,144.62,8100.06
a5c895,United States,239.75,11681.46
ad0074,United States,214.92,11551.92
0c21fb,Panama,246.56,11170.92
780f3c,China,231.54,9944.1
a204f0,United States,60.71,2308.86
c03a1e,Canada,154.53,7094.22
ace063,United States,245.97,12291.06
a324b0,United States,3.34,
0100df,Egypt,138.16,1402.08
0c21f9,Panama,232.28,11422.38
a6e86d,United States,53.53,1424.94
7c67d3,Australia,46.11,266.7
7c67d0,Australia,52.08,708.66
a6c248,United States,248.69,11765.28
a6d579,United States,50.63,586.74
0c21df,Panama,224.15,11391.9
4076b1,United Kingdom,209.12,5867.4
780f63,China,219.57,9669.78
851ca8,Japan,248.07,11384.28
a23a09,United States,36.03,236.22
a6e89f,United States,145.1,1524.0
a23a03,United States,128.65,2788.92
a23a02,United States,100.83,2217.42
a23a01,United States,0.0,
a24d53,United States,51.37,754.38
a194e0,United States,65.85,1158.24
a7e20a,United States,227.96,11041.38
a12d67,United States,205.57,8298.18
a204c9,United States,49.18,739.14
aa7668,United States,128.62,1310.64
4caff7,Ireland,0.06,
ac18cd,United States,46.86,1059.18
a8021b,United States,241.52,12009.12
780de4,China,218.95,7277.1
01024f,Egypt,3.86,
a5fd2d,United States,227.29,7840.98
780de2,China,190.86,5539.74
407799,United Kingdom,266.73,12092.94
86804f,Japan,235.48,11109.96
407793,United Kingdom,76.17,236.22
a0b1ea,United States,0.0,
a431ad,United States,,
010255,Egypt,71.82,510.54
40777c,United Kingdom,144.98,2430.78
a24d8c,United States,50.28,350.52
ac5fd6,United States,269.33,11033.76
ac4ca8,United States,4.12,
a684b5,United States,117.58,1684.02
a85d15,United States,43.14,312.42
01023a,Egypt,240.09,10927.08
a47a32,United States,51.3,1219.2
c04d0a,Canada,8.75,
01023e,Egypt,9.77,
aad981,United States,5.66,
aa75d6,United States,96.13,3520.44
86803a,Japan,138.63,1287.78
e0a5c1,Argentina,40.33,60.96
780df1,China,218.95,7924.8
a5b4c0,United States,52.51,472.44
010243,Egypt,262.37,9159.24
a23a6c,United States,25.23,297.18
010248,Egypt,232.43,12092.94
010247,Egypt,74.81,220.98
4b8392,Turkey,64.09,6149.34
ab8331,United States,43.85,1074.42
406445,United Kingdom,232.46,12108.18
01026e,Egypt,258.63,10081.26
346291,Spain,278.76,11269.98
010280,Egypt,222.19,11109.96
010282,Egypt,1099.56,
010283,Egypt,259.79,13007.34
010275,Egypt,263.88,11971.02
c03a24,Canada,104.38,2621.28
a4dd5e,United States,241.46,11887.2
010276,Egypt,238.38,11963.4
868089,Japan,223.58,12687.3
c017ed,Canada,143.55,1463.04
01026b,Egypt,230.92,11330.94
a47a17,United States,221.93,6454.14
01025e,Egypt,266.68,12443.46
a85d1b,United States,59.16,1638.3
a4ca56,United States,51.3,1744.98
aab342,United States,73.14,1394.46
a11a81,United States,192.19,11430.0
010264,Egypt,243.16,11094.72
a35a31,United States,65.45,662.94
a0fa64,United States,75.74,1988.82
010265,Egypt,226.16,11993.88
ac4cd4,United States,3.86,
010268,Egypt,227.67,11353.8
7c4209,Australia,244.44,11231.88
abf96c,United States,5.66,
a707a3,United States,77.17,281.94
a8028a,United States,214.45,7726.68
a92299,United States,9.77,
aa88d2,United States,236.42,11277.6
a01fd9,United States,62.38,434.34
ac066b,United States,131.84,1440.18
a7f59d,United States,44.59,426.72
a577d4,United States,223.49,12626.34
717c8b,Saudi Arabia,236.63,
abc012,United States,242.33,12443.46
010206,Egypt,241.69,11978.64
ad3997,United States,10.29,
010205,Egypt,242.31,10043.16
a7e279,United States,175.4,5295.9
a19610,United States,58.71,1409.7
01022d,Egypt,223.0,11551.92
a4dd35,United States,60.67,137.16
a23a95,United States,53.28,
01022c,Egypt,223.1,12085.32
abc024,United States,40.26,350.52
ad000d,United States,3.6,
a564ab,United States,95.97,1165.86
abc035,United States,159.79,2987.04
a564c2,United States,61.43,1653.54
a697cf,United States,4.12,
ace008,United States,53.98,365.76
ab7067,United States,1.03,
abd1e3,United States,221.02,9921.24
7c6811,Australia,135.82,4968.24
aab1f8,United States,51.97,495.3
a00ce0,United States,216.16,8008.62
8464d2,Japan,242.08,10477.5
48ae24,Poland,287.28,11742.42
7c6816,Australia,60.56,1737.36
a7f4ec,United States,0.0,
485e2d,Kingdom of the Netherlands,259.33,11475.72
a84a55,United States,223.17,10919.46
a06348,United States,132.7,8999.22
a33946,United States,54.55,487.68
84b4b7,Japan,102.88,1668.78
ac3a83,United States,116.73,906.78
a6c1e4,United States,52.72,1363.98
a97d63,United States,1.54,
a8ad4e,United States,109.75,1005.84
a0762d,United States,166.41,2788.92
a19629,United States,52.69,373.38
8464f4,Japan,204.24,6507.48
34764a,Spain,200.43,10248.9
48ae02,Poland,192.67,4907.28
adbd84,United States,30.19,1264.92
48ae03,Poland,246.08,12504.42
48ae01,Poland,222.03,8976.36
485e30,Kingdom of the Netherlands,266.78,10904.22
a13fe4,United States,89.29,2186.94
a01fee,United States,229.85,9525.0
346319,Spain,125.11,2194.56
780eaf,China,11.32,
ad11eb,United States,182.06,5448.3
a84a1a,United States,202.21,7101.84
01028e,Egypt,225.64,10683.24
a20676,United States,54.02,1744.98
a43312,United States,77.21,2537.46
40773b,United Kingdom,216.86,12123.42
a29019,United States,98.65,3444.24
4d24d4,Malta,250.57,11117.58
c05efd,Canada,0.0,
c05efc,Canada,62.38,541.02
a1e674,United States,52.08,411.48
a791c0,United States,0.0,
40772f,United Kingdom,204.78,11917.68
7c6843,Australia,0.77,
a4ca6a,United States,1.54,
a2f306,United States,66.27,944.88
010288,Egypt,253.08,13121.64
40772d,United Kingdom,222.47,11643.36
40772e,United Kingdom,230.72,11666.22
a2afe1,United States,37.95,480.06
a19691,United States,227.72,9425.94
ac1934,United States,225.61,13586.46
c00558,Canada,48.11,746.76
4d24ae,Malta,67.36,129.54
a671f2,United States,243.44,11955.78
ac5fad,United States,234.59,10408.92
780ede,China,227.67,9570.72
a4460d,United States,233.82,11353.8
76cef6,Singapore,202.69,7414.26
a59a96,United States,37.64,373.38
ab3fcc,United States,266.15,10614.66
a814f1,United States,30.32,1089.66
76ceeb,Singapore,225.8,9867.9
76ceec,Singapore,0.0,
ab9630,United States,304.9,11696.7
84c7d2,Japan,227.19,11094.72
507c57,Uzbekistan,195.02,11650.98
a4ca8c,United States,41.32,457.2
a4ca8e,United States,34.47,655.32
a814e1,United States,44.66,365.76
a0a005,United States,89.94,2849.88
ab962d,United States,171.99,4366.26
507c4d,Uzbekistan,240.51,
a18342,United States,50.42,487.68
a5ea5c,United States,231.57,11026.14
a8bfb6,United States,102.06,929.64
aa1ffc,United States,104.66,914.4
a5a30a,United States,227.66,7269.48
a98fad,United States,59.87,922.02
a1c03a,United States,136.41,1783.08
75058c,Malaysia,218.83,12016.74
a42020,United States,7.72,
a5c973,United States,29.82,213.36
a98fc5,United States,28.61,99.06
0101e0,Egypt,289.84,12016.74
4075f3,United Kingdom,224.88,12054.84
750597,Malaysia,78.19,403.86
a4200d,United States,67.81,91.44
a30030,United States,53.15,1767.84
aa763f,United States,237.07,10553.7
4075df,United Kingdom,197.94,11262.36
a1d368,United States,119.99,1889.76
a81624,United States,69.45,114.3
ac4d1a,United States,256.08,11262.36
7c66f1,Australia,43.97,754.38
a97ca0,United States,87.97,3474.72
0101bc,Egypt,32.41,
75059d,Malaysia,240.92,11033.76
ad6d03,United States,5.92,
a93631,United States,6.94,
aa630b,United States,232.66,12039.6
c05eb6,Canada,264.03,10218.42
c05ee5,Canada,240.48,10279.38
750583,Malaysia,218.67,8991.6
478058,Norway,5.37,975.36
a86ff5,United States,50.72,1409.7
a2f32e,United States,70.28,3406.14
aac4c4,United States,2.83,
ae57aa,United States,53.48,609.6
c0185d,Canada,205.96,13639.8
a1e67a,United States,40.68,624.84
a3133c,United States,241.7,11018.52
75056f,Malaysia,221.07,11407.14
c05edd,Canada,0.0,
c05edf,Canada,0.06,
a44660,United States,226.97,12672.06
ac04c5,United States,5.14,
a1d365,United States,46.96,678.18
ac04c3,United States,192.73,11277.6
750579,Malaysia,204.88,7825.74
ac04c2,United States,2.06,
c05ee9,Canada,47.55,411.48
a93604,United States,240.41,10256.52
ab1a2d,United States,62.36,1744.98
750594,Malaysia,168.91,3848.1
a86fe4,United States,42.23,1066.8
c05ed0,Canada,0.0,
a6d645,United States,139.95,12679.68
ac04be,United States,227.12,10721.34
0101db,Egypt,266.29,12405.36
0101de,Egypt,146.06,2628.9
0101dd,Egypt,251.56,11033.76
87ad71,Japan,3.86,
ac04d3,United States,229.61,11262.36
c05ed8,Canada,147.35,4335.78
750586,Malaysia,112.5,815.34
c05ed7,Canada,48.26,624.84
abe4b9,United States,209.82,10934.7
750562,Malaysia,208.92,11445.24
ac3a38,United States,226.44,12611.1
a2e078,United States,77.17,3672.84
75054e,Malaysia,50.46,365.76
ad24ab,United States,225.74,11567.16
750556,Malaysia,82.61,373.38
750552,Malaysia,234.57,9235.44
aab1af,United States,243.58,12298.68
750573,Malaysia,218.44,
e47ffc,Brazil,136.09,2278.38
e47ffe,Brazil,208.62,10523.22
a4dca5,United States,115.05,670.56
a4a95b,United States,40.21,1104.9
e03059,Argentina,194.42,5006.34
ac04f5,United States,216.24,12298.68
c05ea2,Canada,253.07,9502.14
0101c8,Egypt,158.53,3794.76
3461cb,Spain,256.89,12062.46
a6d611,United States,40.85,175.26
a1c05d,United States,173.68,4808.22
adbd46,United States,47.39,2095.5
a97d9e,United States,43.95,2080.26
8691cc,Japan,290.86,11003.28
abe4db,United States,221.97,10988.04
a57988,United States,60.44,784.86
c00502,Canada,54.49,1264.92
750532,Malaysia,87.46,807.72
c05ea6,Canada,212.59,10027.92
a088c8,United States,44.76,1417.32
a70947,United States,52.79,617.22
750551,Malaysia,205.68,8336.28
a1d391,United States,68.5,2019.3
a4a97b,United States,0.06,
750547,Malaysia,63.64,1112.52
ac3a60,United States,0.64,
7c68b9,Australia,1.8,
a9a859,United States,276.24,10888.98
acbffa,United States,144.34,1882.14
a107b4,United States,29.77,281.94
7c68b4,Australia,113.73,1303.02
a6d234,United States,247.51,9204.96
abd018,United States,246.47,8679.18
c04a59,Canada,165.73,8519.16
7c68ae,Australia,98.02,944.88
aac35d,United States,43.78,662.94
a95881,United States,229.32,12489.18
a9eec0,United States,54.08,1013.46
7c68a8,Australia,214.04,9022.08
7c3096,Australia,26.95,365.76
a097ce,United States,243.99,10919.46
406177,United Kingdom,150.05,4404.36
a8bbbc,United States,117.29,861.06
a7aee8,United States,52.16,480.06
71ba18,Republic of Korea,177.35,4099.56
4caeb0,Ireland,237.64,11658.6
4caeb1,Ireland,221.16,11871.96
abf68a,United States,135.35,5494.02
c001da,Canada,0.0,
a68275,United States,49.91,
a44262,United States,244.29,11369.04
7c68a2,Australia,61.24,624.84
abf67f,United States,60.65,1447.8
c05d7c,Canada,111.8,6080.76
a86be4,United States,0.0,
a44257,United States,4.37,
a45586,United States,234.59,11666.22
a097ac,United States,78.56,807.72
ae6997,United States,0.51,144.78
ad7cec,United States,44.73,601.98
a44258,United States,248.22,11300.46
a9eeb8,United States,31.42,350.52
c001e4,Canada,206.46,11109.96
84b77f,Japan,88.4,899.16
aa733b,United States,210.95,8450.58
a87eac,United States,33.6,129.54
c027dc,Canada,129.14,2750.82
4caee5,Ireland,241.02,10782.3
a9450d,United States,269.57,12481.56
ad237f,United States,240.25,9380.22
ad237c,United States,212.04,10683.24
aa9991,United States,51.75,922.02
a83839,United States,251.41,8999.22
abd063,United States,201.04,8854.44
a227e9,United States,35.03,312.42
a0e7f4,United States,150.75,3314.7
ab08b2,United States,125.02,3116.58
a00a50,United States,60.53,396.24
a071c8,United States,197.16,9471.66
ad2386,United States,257.11,8663.94
ad2384,United States,2.06,
71ba12,Republic of Korea,158.96,3246.12
a097e9,United States,215.82,12275.82
71ba16,Republic of Korea,150.23,4457.7
71ba15,Republic of Korea,245.91,12054.84
a0e7c2,United States,56.78,396.24
a4a575,United States,51.06,472.44
a5d87a,United States,271.76,10096.5
c014e0,Canada,198.42,11224.26
ac5e01,United States,162.61,4145.28
71ba01,Republic of Korea,88.58,1363.98
347296,Spain,238.91,11376.66
71ba05,Republic of Korea,276.58,10972.8
71ba04,Republic of Korea,245.67,12108.18
71ba03,Republic of Korea,17.49,
4caecb,Ireland,73.36,434.34
a81205,United States,173.64,4168.14
84b750,Japan,12.86,
a8251b,United States,75.47,1394.46
84b73b,Japan,221.75,10492.74
7c68d4,Australia,129.69,2895.6
7c4351,Australia,27.31,15.24
a321a9,United States,229.83,11475.72
a467de,United States,225.31,9090.66
a49d2f,United States,51.49,2423.16
a717b6,United States,238.35,12001.5
a36a19,United States,195.03,11346.18
7b103c,China,21.09,
8466a0,Japan,177.22,5402.58
a214ed,United States,60.5,2385.06
a24a3a,United States,113.41,3870.96
a1f4cd,United States,11.32,
a7f286,United States,236.55,11544.3
a49d22,United States,244.77,11353.8
a4da13,United States,0.0,
a467bc,United States,73.95,876.3
a24a0a,United States,9.26,
717cb2,Saudi Arabia,239.51,11102.34
a4b7da,United States,68.56,914.4
a49d15,United States,85.52,4495.8
a24a16,United States,0.0,
717cb6,Saudi Arabia,229.51,12100.56
a9327a,United States,238.35,12588.24
a24a31,United States,220.92,8961.12
a837a6,United States,126.13,1508.76
a5c4b8,United States,67.19,1082.04
ad493b,United States,204.97,12466.32
c05d08,Canada,5.4,
a9dbfc,United States,30.57,1653.54
a227fa,United States,62.59,1135.38
a01d8f,United States,53.62,967.74
a694b2,United States,232.58,8816.34
a3cd6b,United States,225.44,8846.82
a837a5,United States,238.83,11277.6
7504fe,Malaysia,217.53,9479.28
a071e6,United States,136.81,6263.64
39b1ab,France,50.91,198.12
a0990d,United States,46.47,441.96
a37d8a,United States,195.81,11544.3
aad63f,United States,83.99,3215.64
7c3067,Australia,31.96,220.98
40745e,United Kingdom,258.75,12611.1
a441c9,United States,221.37,12024.36
a5b285,United States,86.6,1699.26
a9a89a,United States,34.71,106.68
7504eb,Malaysia,180.94,9349.74
a441ac,United States,0.0,
a12a9e,United States,251.99,10995.66
7504c9,Malaysia,52.38,381.0
a9a86f,United States,232.82,14325.6
a12a82,United States,10.29,
7504c8,Malaysia,49.65,396.24
7c4374,Australia,29.4,22.86
ad8fea,United States,217.64,14409.42
ac5cd7,United States,239.12,11666.22
aa605b,United States,68.91,259.08
a2ad5b,United States,61.54,1074.42
348544,Spain,213.65,12473.94
7c3031,Australia,118.57,777.24
a5d7a2,United States,47.12,411.48
a81289,United States,53.23,1767.84
7504d0,Malaysia,202.53,12054.84
7b1060,China,14.4,
ac1675,United States,153.82,4747.26
a98bf6,United States,49.99,556.26
40742e,United Kingdom,296.03,12390.12
ac033e,United States,0.0,
a93257,United States,9.26,
a12a7c,United States,142.93,1752.6
a12a7f,United States,249.7,9814.56
a46909,United States,34.98,160.02
acad53,United States,234.55,11353.8
a9ca08,United States,89.46,3070.86
a09961,United States,227.36,8374.38
a441fb,United States,0.77,
3a4dc0,France,238.4,11666.22
a6d1c4,United States,29.82,259.08
a97a32,United States,233.19,12428.22
a73a47,United States,244.87,12001.5
c05bd2,Canada,258.87,10431.78
abe1c2,United States,1.03,
a837fa,United States,51.86,792.48
ae67ce,United States,91.58,960.12
a441ef,United States,246.7,11628.12
ad34e5,United States,303.5,14188.44
abf4df,United States,3.09,
a704f9,United States,248.06,10698.48
c05bcf,Canada,213.39,9380.22
c05bcb,Canada,207.51,10096.5
347303,Spain,205.77,9791.7
347302,Spain,245.19,9982.2
a8bd1b,United States,239.45,11170.92
a441f5,United States,202.55,12854.94
a944b9,United States,190.48,8305.8
a24a8e,United States,246.28,7391.4
a24a8d,United States,217.37,7795.26
acad6b,United States,52.99,1584.96
a10931,United States,234.43,10363.2
7c41fd,Australia,67.0,144.78
adba0a,United States,208.82,7094.22
a14fb6,United States,51.26,1188.72
8a0a00,Indonesia,113.21,571.5
4072dc,United Kingdom,208.83,11757.66
a01ca5,United States,260.84,10424.16
ad21bc,United States,0.0,
780fce,China,202.88,4732.02
adcd6d,United States,190.83,5181.6
780fdd,China,224.41,7269.48
a32309,United States,0.73,327.66
ad7d9f,United States,244.04,11612.88
c05ba9,Canada,214.92,11300.46
a3cd7d,United States,102.65,1417.32
adba40,United States,52.41,784.86
868094,Japan,73.95,99.06
4d23c4,Malta,217.63,12230.1
7c4306,Australia,60.9,304.8
881059,Thailand,233.45,11704.32
86808a,Japan,248.13,10119.36
76bcca,Singapore,261.56,12412.98
c05bc8,Canada,227.32,12275.82
c01551,Canada,153.06,3268.98
c0153b,Canada,232.84,9768.84
a5c4e2,United States,201.45,10088.88
a01cd4,United States,44.38,2209.8
a10973,United States,242.08,11529.06
a48a9c,United States,45.58,1760.22
a4ed84,United States,60.62,411.48
ac291f,United States,290.55,12275.82
a08663,United States,252.88,11330.94
ab4fae,United States,275.39,10538.46
a0c34e,United States,29.84,22.86
aa9963,United States,282.47,14150.34
a38fff,United States,49.4,2461.26
4d23f9,Malta,195.47,11567.16
a4eca6,United States,178.3,6362.7
a1d00f,United States,119.0,
4d23ea,Malta,254.39,12451.08
ab3d17,United States,68.03,259.08
a70625,United States,32.99,121.92
514005,Georgia,0.0,
514004,Georgia,74.59,
a9a901,United States,221.96,9159.24
a3dffe,United States,95.85,944.88
a44308,United States,248.32,11955.78
300619,Italy,230.89,9486.9
a1099f,United States,155.9,3307.08
a4b985,United States,187.87,8587.74
a3ccf3,United States,205.07,9608.82
a25cdc,United States,164.51,3893.82
a9ca72,United States,64.29,1082.04
8a0a89,Indonesia,138.29,2636.52
4d23f4,Malta,249.3,13761.72
a5c640,United States,244.04,13182.6
a19357,United States,272.36,9692.64
a06094,United States,71.54,1546.86
ac27cf,United States,0.0,
a5fa9f,United States,22.62,15.24
ac27f0,United States,236.25,12633.96
acad02,United States,203.25,8328.66
4072c8,United Kingdom,242.0,12016.74
a8aa77,United States,178.92,4686.3
a1804c,United States,250.84,10629.9
ad34b4,United States,219.47,12298.68
8a0a3e,Indonesia,133.41,2446.02
a0d69c,United States,43.24,655.32
a49ce2,United States,109.31,1226.82
ac01a4,United States,37.93,617.22
a32368,United States,84.45,571.5
a06089,United States,50.97,746.76
39b225,France,252.79,11323.32
4072a4,United Kingdom,211.07,11910.06
a98d7e,United States,83.34,45.72
a1d01e,United States,58.27,1135.38
ae67c7,United States,71.54,518.16
abf4c6,United States,51.26,1379.22
abd135,United States,247.71,9349.74
a82688,United States,151.76,3139.44
aab13d,United States,33.12,449.58
a98ce1,United States,39.13,548.64
86953e,Japan,228.82,9395.46
39a04c,France,98.88,944.88
a25e0f,United States,6.69,
84b86d,Japan,117.94,1417.32
ac046e,United States,5.14,
a6837d,United States,227.75,11910.06
a7f31f,United States,4.89,
a6c013,United States,239.7,9083.04
a9a97f,United States,85.19,571.5
a67050,United States,9.26,
acadf5,United States,60.11,228.6
ab8173,United States,267.82,11041.38
abe475,United States,239.89,12298.68
a12b07,United States,236.81,11338.56
aab169,United States,203.91,12214.86
a12b09,United States,131.44,2125.98
aedab9,United States,55.66,274.32
ac047d,United States,156.74,3169.92
a2f05b,United States,146.32,2103.12
86d215,Japan,206.83,5707.38
e47f70,Brazil,180.62,5166.36
a1d06d,United States,83.14,3771.9
a6d374,United States,8.79,259.08
a3239c,United States,202.87,12352.02
a8268d,United States,204.81,11430.0
ac048d,United States,224.09,9425.94
acf131,United States,224.02,10797.54
c002eb,Canada,74.41,777.24
abe496,United States,235.1,12001.5
86d200,Japan,247.46,11071.86
ac049e,United States,259.16,9410.7
a7f343,United States,38.08,457.2
a12b2b,United States,221.9,11003.28
a12b2d,United States,221.79,8001.0
a12b2e,United States,287.11,10500.36
a12b2f,United States,233.15,11338.56
a25e58,United States,55.69,1524.0
a0d5d6,United States,237.19,8587.74
3c459a,Germany,273.75,10408.92
aae9a3,United States,2.06,
4cadbb,Ireland,227.36,11650.98
a7197d,United States,200.78,10660.38
a24b0a,United States,185.66,8138.16
c05e62,Canada,89.16,678.18
a5634a,United States,53.84,640.08
4cadc7,Ireland,241.79,11635.74
a12b3e,United States,0.0,
4cade2,Ireland,172.77,5524.5
a12b51,United States,194.46,10683.24
4cadca,Ireland,271.63,11879.58
3a3a20,France,98.74,2346.96
a12b54,United States,224.09,11628.12
a75fdf,United States,181.27,4381.5
3988f4,France,54.66,510.54
c80f25,New Zealand,45.81,624.84
a71980,United States,6.94,
adbaca,United States,222.02,11308.08
846888,Japan,246.18,10797.54
a192ae,United States,139.56,6568.44
a202a1,United States,239.0,10157.46
a12b0a,United States,231.79,10142.22
a82662,United States,236.99,11940.54
a12b0e,United States,211.97,8823.96
aa0aab,United States,63.28,182.88
a7066e,United States,42.79,563.88
a5635d,United States,48.94,419.1
a348c4,United States,234.53,10210.8
aa6113,United States,226.91,9738.36
4d2418,Malta,70.51,967.74
c04b57,Canada,209.92,10370.82
a215a9,United States,49.92,1051.56
aa7439,United States,263.05,11323.32
84b860,Japan,241.17,8755.38
84b84b,Japan,192.0,5372.1
a8397c,United States,188.7,4160.52
4d2425,Malta,209.66,8260.08
abd19e,United States,233.34,12931.14
aedabb,United States,57.11,487.68
a55055,United States,192.08,6294.12
346082,Spain,143.13,1973.58
c04b39,Canada,46.93,647.7
a12b32,United States,211.0,10058.4
aa7427,United States,251.71,8633.46
ab3f49,United States,79.16,510.54
a86cae,United States,240.73,9174.48
a192f3,United States,83.5,3002.28
3c7a42,Germany,210.36,12245.34
a455cd,United States,167.08,13563.6
3c7a45,Germany,230.62,11986.26
a4ee2e,United States,239.62,9136.38
ac1720,United States,69.85,320.04
40753f,United Kingdom,214.95,11818.62
a335eb,United States,215.76,7353.3
a322bc,United States,46.04,
4bd14f,Turkey,1.63,10020.3
a37e5a,United States,0.9,
a4ee53,United States,0.39,
a4ee59,United States,57.03,434.34
a25e7b,United States,47.69,1493.52
a1f5f1,United States,34.39,137.16
e47f21,Brazil,246.32,12588.24
a61b0b,United States,84.76,1303.02
a25e7f,United States,53.11,1234.44
a12b89,United States,59.24,701.04
86d266,Japan,260.24,13304.52
aad745,United States,5.66,
a12b4d,United States,149.25,4632.96
ad7da2,United States,232.32,6819.9
ac0418,United States,175.94,3627.12
ac0417,United States,153.31,3345.18
a25e79,United States,49.52,1615.44
347386,Spain,72.65,297.18
aad73b,United States,141.07,5044.44
c80f6b,New Zealand,48.79,937.26
a4ee4c,United States,84.45,2225.04
40751b,United Kingdom,0.0,
a37e63,United States,37.31,2095.5
a2ae3e,United States,49.05,289.56
84b7a1,Japan,214.92,9982.2
a562aa,United States,114.97,906.78
aa1f2f,United States,224.17,12679.68
a825a6,United States,251.0,11064.24
4cade5,Ireland,217.62,11711.94
3c7a4d,Germany,5.66,
a12b4c,United States,259.55,9349.74
a4db48,United States,53.5,998.22
ab942f,United States,0.0,
a00b91,United States,202.26,4937.76
a202c7,United States,55.16,617.22
a13e8c,United States,202.21,5532.12
4cadf7,Ireland,155.85,4076.7
a442f3,United States,0.45,
86d237,Japan,109.72,1562.1
e47f50,Brazil,211.42,13258.8
ac1765,United States,137.37,2491.74
a92058,United States,40.85,640.08
ad6aa2,United States,73.54,2385.06
ac0448,United States,219.15,11506.2
ab2ad8,United States,287.42,12275.82
a6c061,United States,43.69,510.54
40756d,United Kingdom,242.86,12009.12
ab2ae0,United States,240.31,11384.28
86d222,Japan,148.49,4427.22
347348,Spain,259.65,12176.76
40756a,United Kingdom,217.92,11841.48
347349,Spain,258.86,11940.54
acadb6,United States,58.9,3383.28
a98ceb,United States,31.3,1775.46
ae5752,United States,120.1,2910.84
407574,United Kingdom,241.03,12039.6
aa617c,United States,139.76,2514.6
ab2add,United States,45.1,609.6
a36b73,United States,234.95,11346.18
a3bb19,United States,0.06,
4d2491,Malta,257.08,10995.66
acade8,United States,52.16,1455.42
a335fa,United States,81.28,1836.42
a50e46,United States,51.01,502.92
a25e9c,United States,36.66,350.52
a62e1c,United States,90.75,3215.64
40621b,United Kingdom,129.18,2004.06
acadd3,United States,236.72,8542.02
40621d,United Kingdom,261.09,10721.34
abe450,United States,239.78,11536.68
40621c,United Kingdom,192.86,8092.44
a08702,United States,28.37,426.72
a92043,United States,90.29,2194.56
ad2445,United States,1.29,
a7907c,United States,200.53,13510.26
a7e059,United States,77.39,586.74
ad7e6f,United States,255.57,11041.38
4cae05,Ireland,139.98,1348.74
c01696,Canada,105.48,6880.86
ac5e8d,United States,188.85,11376.66
aa72fd,United States,56.6,1059.18
a33716,United States,251.41,11963.4
a19404,United States,189.21,5516.88
a8ab3c,United States,237.29,11010.9
abe2e1,United States,242.31,13845.54
4cae17,Ireland,227.19,10706.1
4cae18,Ireland,167.13,6012.18
a0d72b,United States,243.58,10401.3
4060ed,United Kingdom,217.39,7528.56
aa72ec,United States,56.82,800.1
ac4b72,United States,81.13,152.4
acae93,United States,25.73,1287.78
abe2f6,United States,232.24,7513.32
a0d706,United States,104.47,617.22
ad22e1,United States,220.61,8938.26
a5fb91,United States,45.55,1089.66
c0168f,Canada,130.8,4663.44
a9a8f4,United States,31.08,251.46
a7f2d2,United States,114.35,952.5
aa72d6,United States,47.87,327.66
ac4b95,United States,149.41,2308.86
a12ac5,United States,170.79,5920.74
a12ac8,United States,291.35,11650.98
a12ac9,United States,103.67,868.68
aedb56,United States,141.99,1173.48
a0c42c,United States,247.72,11033.76
a50e93,United States,279.38,11597.64
a5b2b0,United States,6.94,
7c4439,Australia,54.49,1539.24
7c4437,Australia,56.36,929.64
adce8b,United States,53.35,1729.74
a12ac0,United States,219.77,11620.5
a12ac1,United States,246.2,11003.28
a12ac2,United States,191.24,6880.86
a4ee82,United States,279.77,11498.58
a61b4e,United States,113.85,2468.88
acae9a,United States,94.18,1630.68
a562e8,United States,241.64,8633.46
a695ea,United States,206.96,6766.56
a37db9,United States,270.12,11369.04
a4570a,United States,200.81,4160.52
a25dca,United States,41.3,502.92
a37da1,United States,235.25,9585.96
a12aa4,United States,214.72,10622.28
a12aa5,United States,152.89,2514.6
a682e3,United States,3.34,
a08774,United States,49.84,1386.84
a74e7a,United States,182.17,3756.66
ac1701,United States,224.47,11635.74
a825e3,United States,184.54,3832.86
c80ed7,New Zealand,58.46,167.64
a12ab8,United States,52.24,1226.82
4cae34,Ireland,204.57,10805.16
4cae31,Ireland,233.67,7338.06
4cae1c,Ireland,13.38,
a812a2,United States,49.18,358.14
a13de2,United States,252.67,10888.98
a3cde4,United States,152.3,2918.46
a32460,United States,126.77,4892.04
300751,Italy,64.51,541.02
c80ee4,New Zealand,37.47,259.08
a6e720,United States,254.24,10568.94
a3244f,United States,10.29,
7c42cc,Australia,166.99,8724.9
7c42e1,Australia,167.41,4023.36
7c42e2,Australia,208.89,11811.0
a56432,United States,38.06,350.52
4cae6d,Ireland,3.6,
ac5e23,United States,220.8,12252.96
a1f77c,United States,249.09,11300.46
aa8741,United States,91.99,2255.52
4cae97,Ireland,240.69,10797.54
a3376c,United States,205.13,12085.32
aa7409,United States,119.02,2232.66
a74da1,United States,91.61,3078.48
4cae93,Ireland,76.62,304.8
a32459,United States,35.62,320.04
a31122,United States,223.72,8442.96
a31120,United States,146.74,7848.6
846844,Japan,118.19,3246.12
7c42d2,Australia,0.64,
a62de4,United States,78.63,2941.32
a12ae9,United States,125.04,2834.64
a9cb83,United States,149.53,3489.96
ac28e5,United States,0.0,
a1f76c,United States,107.74,2750.82
4cae65,Ireland,124.01,2758.44
4cae66,Ireland,230.71,5875.02
a4dab6,United States,265.35,11239.5
a69761,United States,243.59,8702.04
a12ae3,United States,249.83,11018.52
a12ae4,United States,234.47,11750.04
a12ae5,United States,237.96,11315.7
a44416,United States,173.37,13601.7
a21799,United States,58.44,914.4
a12aeb,United States,0.0,
c0293e,Canada,274.29,9212.58
a32437,United States,109.61,906.78
c80efd,New Zealand,65.13,2186.94
a5a106,United States,37.68,617.22
a57796,United States,0.0,
a0e9b7,United States,0.0,
ab3e82,United States,33.97,38.1
ad48df,United States,205.41,10149.84
a36afa,United States,43.41,1066.8
a6e706,United States,245.95,9654.54
4cae9c,Ireland,219.13,11734.8
a1949c,United States,38.73,1112.52
ad6b0c,United States,207.34,6019.8
a01f13,United States,242.45,8702.04
ac5e6e,United States,241.08,11361.42
adce29,United States,290.72,12839.7
846822,Japan,234.62,10477.5
a327df,United States,96.55,1402.08
a7d276,United States,269.82,9311.64
a0ea0f,United States,90.96,2560.32
a47d11,United States,216.39,8023.86
abb089,United States,225.93,11361.42
a207fa,United States,88.47,2354.58
a687a8,United States,201.7,14439.9
8a0ac1,Indonesia,159.0,5791.2
ac08b1,United States,10.29,
a47d05,United States,164.06,3474.72
adf030,United States,36.79,350.52
a7d267,United States,251.93,11993.88
ac3e13,United States,205.92,9601.2
a11d51,United States,77.19,1066.8
86d31d,Japan,228.64,12672.06
adf068,United States,230.19,9578.34
a23d25,United States,220.7,7360.92
a58a04,United States,33.26,243.84
a687c8,United States,9.77,
abe8b6,United States,164.17,3177.54
ac08d4,United States,184.05,6781.8
ac3e31,United States,49.7,800.1
a7824e,United States,6.94,
a6c586,United States,31.9,129.54
a09a90,United States,200.88,7139.94
a47d4f,United States,33.09,220.98
7c7a36,Australia,209.49,11239.5
aa405f,United States,228.17,13769.34
05e0e3,Mauritania,229.21,13152.12
a314ed,United States,152.16,5463.54
a7e54f,United States,231.01,11681.46
71bc23,Republic of Korea,8.23,
a8f236,United States,41.65,259.08
86960c,Japan,182.2,4701.54
a1c1c7,United States,196.28,3924.3
4cacb9,Ireland,224.79,
a47d46,United States,143.49,2712.72
a314d9,United States,138.8,1455.42
7c44b9,Australia,132.53,1798.32
a051da,United States,202.1,3467.1
ac3e3a,United States,237.87,11041.38
aaa2b0,United States,250.78,10637.52
a22a34,United States,77.21,350.52
4d2300,Malta,120.41,2392.68
a1d4bc,United States,217.02,11620.5
a2f4b5,United States,48.55,358.14
a9cecf,United States,254.35,8907.78
a9cecd,United States,248.71,11330.94
a22a3d,United States,68.0,1539.24
a35d53,United States,26.32,1203.96
4cacf1,Ireland,6.69,
ac4ffb,United States,232.26,10988.04
850e14,Japan,205.73,7239.0
aaa32d,United States,249.21,12969.24
aa9b65,United States,13.89,
ace314,United States,75.29,2225.04
ace312,United States,55.69,769.62
aaa342,United States,236.16,10507.98
a794e1,United States,196.57,11407.14
3c56eb,Germany,54.61,137.16
a71a29,United States,213.56,12489.18
a301f3,United States,216.63,11567.16
a661bf,United States,206.36,10073.64
ac8016,United States,6.71,9113.52
ab6032,United States,74.34,1158.24
a4ba76,United States,225.97,12214.86
348351,Spain,211.35,10949.94
aaa34c,United States,74.17,1577.34
ab868b,United States,58.36,762.0
adacc9,United States,236.6,9433.56
acd008,United States,49.01,320.04
ab7376,United States,272.67,11125.2
8468ee,Japan,228.12,6644.64
a434f9,United States,167.64,3688.08
a46a42,United States,83.37,807.72
a2e1c7,United States,232.87,11673.84
ac9362,United States,42.29,426.72
a434de,United States,222.88,12931.14
ac801e,United States,2.31,
ac3cfc,United States,173.95,4130.04
a20957,United States,226.7,6431.28
a1e946,United States,0.0,
abb035,United States,224.98,6088.38
e03613,Argentina,244.7,12085.32
a44916,United States,245.92,11155.68
abd69d,United States,250.83,11338.56
4d239a,Malta,185.21,5509.26
4d239b,Malta,245.55,11704.32
4d239c,Malta,139.28,3147.06
a1863b,United States,270.4,10995.66
a12fda,United States,209.0,11330.94
ad1697,United States,103.97,914.4
a36fa4,United States,161.45,3147.06
348310,Spain,270.43,11856.72
4d236c,Malta,236.64,11186.16
ad036b,United States,187.34,6217.92
a46a7e,United States,230.73,11696.7
a59d5f,United States,244.39,12329.16
a71a0b,United States,170.64,6408.42
a84d25,United States,154.35,3429.0
c03d1a,Canada,113.87,1066.8
86837c,Japan,242.06,8458.2
800b81,India,240.12,10782.3
800b80,India,210.84,7231.38
c007d0,Canada,205.03,10637.52
a06646,United States,254.29,11254.74
a541d0,United States,78.22,2011.68
4d2383,Malta,212.94,6217.92
4d2385,Malta,1.03,
a0c945,United States,164.09,2202.18
4d2382,Malta,214.26,10629.9
ac0912,United States,0.06,
a44960,United States,214.54,8206.74
a44964,United States,245.2,10850.88
a44963,United States,4.37,
a29337,United States,0.0,
a3bfcc,United States,55.75,1950.72
84b7fa,Japan,164.83,4191.0
0d0ee9,Mexico,241.98,12001.5
a36ff7,United States,5.14,
a6fa94,United States,208.12,7429.5
7c4501,Australia,63.53,723.9
862d50,Japan,66.65,121.92
3c5827,Germany,229.09,10302.24
a4493f,United States,246.19,9654.54
a4493e,United States,206.87,10911.84
a4493c,United States,223.02,8237.22
a3acac,United States,228.13,8534.4
a1d63d,United States,246.11,13220.7
a0536d,United States,68.24,914.4
a4493a,United States,215.6,10050.78
a36fe3,United States,59.2,1775.46
a23ccb,United States,216.52,10157.46
a0a30e,United States,216.84,12268.2
a44943,United States,198.09,7932.42
a4dfd2,United States,231.92,11231.88
a4dfd8,United States,236.98,14424.66
a56972,United States,43.22,1394.46
a8f1d2,United States,125.43,6873.24
a54312,United States,156.66,3086.1
0d0efb,Mexico,268.83,8702.04
a44939,United States,225.62,8435.34
a0fcd4,United States,214.53,10896.6
a3293e,United States,52.22,609.6
ae6a81,United States,59.27,441.96
8681b0,Japan,200.34,6591.3
8681b3,Japan,160.8,3398.52
a06682,United States,53.78,1188.72
abe930,United States,261.65,10645.14
8681b9,Japan,228.35,
a4491d,United States,237.42,10995.66
a4491a,United States,138.73,1874.52
ac4fb5,United States,236.64,11993.88
a1d61b,United States,56.41,2392.68
a4491f,United States,211.1,11582.4
8681ad,Japan,213.66,4785.36
8681ab,Japan,139.57,2476.5
8681ac,Japan,234.73,8542.02
4cad28,Ireland,225.48,6918.96
a04070,United States,38.35,586.74
ad292a,United States,206.74,12192.0
ad6fb5,United States,25.72,30.48
aa9a7a,United States,0.0,
aa51fe,United States,27.78,
a35cfe,United States,39.1,
ad1605,United States,225.66,13243.56
85d7c0,Japan,234.48,12694.92
aafca8,United States,240.72,11993.88
ab9972,United States,37.98,228.6
0d0ea9,Mexico,71.36,236.22
c03bf7,Canada,75.41,525.78
aab62f,United States,49.9,2247.9
c03bf2,Canada,1.29,
a1b024,United States,64.94,2743.2
7c585f,Australia,237.02,10447.02
c03bf5,Canada,194.67,8915.4
c83354,New Zealand,53.55,708.66
4cad30,Ireland,241.44,10104.12
a924fc,United States,80.85,929.64
0d0eb6,Mexico,216.51,12298.68
4070eb,United Kingdom,206.51,11277.6
a44983,United States,230.78,11658.6
a44982,United States,204.35,11308.08
4070ea,United Kingdom,212.21,11292.84
a36fff,United States,0.0,
4070ed,United Kingdom,204.73,6050.28
a924d9,United States,198.18,3977.64
a95a1c,United States,80.26,
84b7e5,Japan,159.04,3421.38
0d0ec2,Mexico,144.99,5143.5
a16037,United States,246.46,11315.7
4070f0,United Kingdom,218.16,12565.38
4cad10,Ireland,241.69,12214.86
4cad11,Ireland,139.42,2438.4
a6b1dc,United States,199.52,13815.06
aa9a57,United States,281.85,11742.42
4070e3,United Kingdom,216.38,11422.38
a0405b,United States,200.97,14310.36
a4495d,United States,129.76,2819.4
4070e6,United Kingdom,238.64,10751.82
a4495c,United States,215.37,11597.64
4070e4,United Kingdom,214.73,11353.8
4070e5,United Kingdom,16.98,
a6b337,United States,49.56,594.36
151fe5,Russian Federation,245.64,12077.7
a8f302,United States,68.12,701.04
a198a3,United States,49.23,464.82
4cad62,Ireland,178.75,
a92650,United States,244.88,12313.92
abe7e3,United States,261.04,9532.62
4c01e1,Serbia,223.17,10066.02
a6766e,United States,60.54,167.64
846954,Japan,202.53,6438.9
4cad4c,Ireland,202.67,11605.26
ac2a33,United States,219.49,12275.82
c04ee3,Canada,161.12,8877.3
a85ff5,United States,190.39,5791.2
4c01e5,Serbia,143.98,3543.3
ae47ad,United States,75.45,1744.98
a80651,United States,261.01,13274.04
ac07fd,United States,235.83,6995.16
a3f04a,United States,153.42,3520.44
7c43f1,Australia,47.04,1066.8
4c01f5,Serbia,166.54,3268.98
86d1de,Japan,141.26,3489.96
ac3d60,United States,45.0,342.9
c00879,Canada,30.35,
a7e630,United States,137.98,3840.48
a065b0,United States,49.65,388.62
3c4589,Germany,212.65,10454.64
a29391,United States,236.83,13220.7
ad4a1d,United States,45.42,373.38
ac2a45,United States,234.22,10317.48
ab1d90,United States,56.0,137.16
aa4011,United States,60.52,1722.12
4cad48,Ireland,268.81,11955.78
ae47dc,United States,51.94,365.76
4cad49,Ireland,262.05,12679.68
7c43cc,Australia,44.74,502.92
3482d6,Spain,267.77,11323.32
4cad4a,Ireland,199.12,11003.28
846978,Japan,228.92,12893.04
a6504b,United States,215.58,12268.2
ab0a73,United States,255.0,8587.74
c82086,New Zealand,26.0,891.54
3c458c,Germany,292.22,11689.08
ab0a72,United States,44.04,388.62
a92640,United States,1.03,1623.06
3c4592,Germany,83.46,365.76
3c4591,Germany,160.78,3017.52
a6a00b,United States,0.0,
c00899,Canada,221.37,10363.2
3c4595,Germany,262.03,10149.84
ab1d9e,United States,52.46,777.24
ad01c0,United States,8.23,
a66314,United States,123.81,1036.32
a66316,United States,181.55,5905.5
ad01ab,United States,202.18,6111.24
a052b0,United States,78.25,2407.92
846910,Japan,232.47,10645.14
86e4da,Japan,242.11,11666.22
a6c615,United States,33.32,1013.46
ad5d5f,United States,226.33,11978.64
abc1cd,United States,43.95,1363.98
a0c8f2,United States,50.16,838.2
a85fb8,United States,257.63,11849.1
aaea6a,United States,118.6,3688.08
ab0a95,United States,230.28,11666.22
c0081c,Canada,37.48,1013.46
aaea84,United States,188.47,10812.78
8694fa,Japan,130.0,1783.08
a9aa82,United States,16.41,1341.12
151fc3,Russian Federation,256.2,11955.78
a5fffe,United States,105.24,3489.96
4c01ee,Serbia,143.58,1935.48
abc1db,United States,82.16,3078.48
a23e04,United States,48.15,975.36
ab0a9d,United States,280.48,10942.32
a5a65e,United States,62.66,845.82
4d21f2,Malta,81.32,670.56
a1b092,United States,58.24,
a1b091,United States,64.95,3718.56
a5a665,United States,182.44,8389.62
ae21c6,United States,59.93,449.58
ac0906,United States,93.75,975.36
a292ab,United States,36.72,1394.46
a448db,United States,6.69,
a23e5a,United States,50.0,1234.44
a7d394,United States,41.56,373.38
861ae4,Japan,6.17,
0c43a8,Dominican Republic,150.43,3108.96
abe9a3,United States,177.73,8077.2
881424,Thailand,226.62,10561.32
71bd87,Republic of Korea,187.18,8282.94
abb19c,United States,37.04,
a0fe7a,United States,188.51,10812.78
a4ce33,United States,100.55,883.92
39c494,France,223.14,12466.32
a448d6,United States,256.33,10736.58
a448d5,United States,218.14,7749.54
a4ce1e,United States,67.23,556.26
a448d3,United States,232.55,10370.82
abe9b1,United States,180.29,12557.76
a448d1,United States,217.55,10698.48
a4ce43,United States,49.18,1097.28
a448ba,United States,200.12,11391.9
a555c3,United States,205.17,10005.06
a35e31,United States,51.26,
a23e44,United States,28.81,30.48
ac2c10,United States,237.77,11346.18
a09b65,United States,242.26,9768.84
86e75e,Japan,253.27,11269.98
ac3f2f,United States,137.66,1226.82
a89086,United States,241.97,12291.06
a22b28,United States,128.39,1005.84
ac2c23,United States,191.98,6050.28
0d0f14,Mexico,138.9,1943.1
a46b3e,United States,43.8,868.68
7c7b56,Australia,64.89,510.54
34718e,Spain,251.81,10561.32
ac2c33,United States,175.42,7299.96
862db6,Japan,73.92,205.74
485a86,Kingdom of the Netherlands,219.6,7551.42
800c48,India,221.95,12009.12
a5307f,United States,265.99,10629.9
4c0221,Serbia,275.87,11597.64
800c3e,India,256.94,9425.94
4c0223,Serbia,278.76,10896.6
ae49c1,United States,84.5,
adf194,United States,232.85,12291.06
a77077,United States,136.98,2278.38
a448fc,United States,0.45,
a65086,United States,209.56,7421.88
aa9afc,United States,225.61,11978.64
71bd62,Republic of Korea,230.26,11750.04
a4ce11,United States,117.15,2682.24
862dd8,Japan,245.98,11955.78
71bd61,Republic of Korea,215.07,6720.84
0d0f49,Mexico,243.92,10187.94
a7e68e,United States,82.93,800.1
0c43b7,Dominican Republic,235.77,12344.4
a60e04,United States,43.57,
a448f6,United States,207.18,5623.56
a7e699,United States,54.04,289.56
0d0f3e,Mexico,39.79,1988.82
a65092,United States,6.94,
7c3381,Australia,39.38,289.56
ac3dec,United States,236.16,11643.36
ac2abd,United States,209.5,11559.54
4cabd3,Ireland,273.25,10500.36
ab6137,United States,67.74,358.14
4d2234,Malta,78.1,693.42
a9ab05,United States,0.9,
4d221e,Malta,240.1,11582.4
4d221d,Malta,141.55,2674.62
a805d8,United States,82.4,2613.66
a71b43,United States,207.25,4846.32
a6d8ff,United States,218.13,7604.76
4d2245,Malta,132.92,2781.3
ab879f,United States,189.17,5204.46
abc455,United States,0.0,
c03e67,Canada,56.14,754.38
ab0aed,United States,40.26,1051.56
a0540a,United States,196.43,10698.48
4cabd4,Ireland,289.4,10553.7
a422f7,United States,208.15,9479.28
ae6aaa,United States,130.17,3055.62
acd120,United States,228.09,10363.2
a4bb8a,United States,216.05,10980.42
aa9c5b,United States,187.73,3924.3
800c4a,India,171.0,4838.7
a7d2ae,United States,1.03,
a302fd,United States,61.64,800.1
ab6162,United States,205.12,9593.58
a292ff,United States,231.48,12923.52
4c0241,Serbia,28.81,
aaeafd,United States,121.78,1424.94
a46b56,United States,57.66,1127.76
a4ce61,United States,77.72,1295.4
acd12f,United States,51.31,632.46
4d2278,Malta,252.6,11910.06
acd12e,United States,42.15,502.92
4d2279,Malta,156.4,4960.62
a5a5c0,United States,58.77,1127.76
ac9499,United States,1.8,
a04112,United States,166.19,3436.62
40600e,United Kingdom,140.11,2186.94
c008f0,Canada,224.43,8031.48
a0543b,United States,56.54,2529.84
a0a41f,United States,267.51,14218.92
406015,United Kingdom,214.42,11506.2
406017,United Kingdom,82.15,1226.82
a938d0,United States,31.93,670.56
4d227d,Malta,69.09,464.82
4d227f,Malta,205.91,10248.9
406012,United Kingdom,252.93,11247.12
a84e0c,United States,0.0,
a4ce5c,United States,51.9,381.0
a0544e,United States,184.53,8397.24
40731c,United Kingdom,238.5,12915.9
4d2251,Malta,132.8,2019.3
a0541b,United States,228.25,10995.66
a72e5f,United States,51.31,1242.06
4d2268,Malta,249.81,11887.2
a05434,United States,258.26,11971.02
ad4afb,United States,242.64,11612.88
ad4afe,United States,74.22,525.78
ac3f09,United States,239.5,10538.46
aa9c10,United States,54.76,1066.8
a4bb4b,United States,46.13,457.2
ad049a,United States,99.54,739.14
ab1f27,United States,61.18,1965.96
a662c4,United States,71.14,1112.52
4cabf8,Ireland,152.26,2087.88
a60da2,United States,44.6,784.86
a22ac6,United States,244.85,8321.04
4d218c,Malta,229.04,12893.04
a34ab3,United States,112.88,1379.22
04c115,Kenya,230.25,11323.32
a3add3,United States,243.05,10187.94
04c119,Kenya,244.52,12412.98
ace2fc,United States,61.64,3695.7
850e9c,Japan,230.56,11689.08
c08081,Canada,77.68,1074.42
861b47,Japan,7.2,
0d0dd1,Mexico,91.94,2446.02
86e5ab,Japan,169.6,10424.16
a9ab7f,United States,60.77,1036.32
a42405,United States,169.38,14218.92
a3040e,United States,37.57,121.92
aafda1,United States,222.35,12085.32
a3040b,United States,61.13,1005.84
a11df8,United States,83.05,1729.74
a66411,United States,46.83,876.3
4071d7,United Kingdom,210.66,11170.92
a60dad,United States,41.54,1356.36
a60dab,United States,63.23,1264.92
a35dc2,United States,182.24,5295.9
a9ab72,United States,166.64,4160.52
a05470,United States,235.36,7924.8
a2941c,United States,85.5,1539.24
a079a5,United States,49.27,228.6
a41131,United States,207.6,10256.52
a41133,United States,34.27,1432.56
7c3340,Australia,38.58,723.9
ad1729,United States,46.48,929.64
ab6101,United States,8.75,
a1b162,United States,199.77,10881.36
a34ae0,United States,248.08,9982.2
4b19fd,Switzerland,244.83,10317.48
4cac12,Ireland,224.92,11384.28
ab742e,United States,242.41,11910.06
861b06,Japan,69.93,190.5
ac3dc8,United States,60.05,1135.38
a1c482,United States,62.5,670.56
a46ab3,United States,237.41,12283.44
0d0da4,Mexico,68.07,228.6
a30460,United States,4.37,
abc40d,United States,239.94,8511.54
710057,Saudi Arabia,267.56,11094.72
a22aeb,United States,54.21,647.7
abc432,United States,224.55,7048.5
7c3314,Australia,32.22,731.52
a3adb9,United States,112.26,944.88
ab0acb,United States,236.62,13807.44
861b28,Japan,0.9,
7c3315,Australia,30.94,30.48
abc430,United States,57.16,944.88
a3adaa,United States,125.27,4655.82
a9be4c,United States,42.53,769.62
a209b9,United States,232.97,11376.66
a0c9c2,United States,92.84,2095.5
aaeb48,United States,206.79,8793.48
7c7a5d,Australia,0.0,
ab1e90,United States,70.12,1059.18
71be27,Republic of Korea,234.15,11780.52
71be26,Republic of Korea,283.04,11597.64
a28195,United States,37.04,1440.18
c03cd1,Canada,37.04,281.94
a23f0c,United States,96.9,609.6
7c7a4a,Australia,276.29,11361.42
7c7a4b,Australia,251.57,11468.1
4cac55,Ireland,170.51,5379.72
7c7a68,Australia,54.85,1181.1
c04fff,Canada,206.38,12001.5
7c7a60,Australia,38.89,609.6
ac3e80,United States,223.31,12313.92
7c7a65,Australia,48.88,731.52
7c7a3e,Australia,211.04,11269.98
a3f17d,United States,48.94,510.54
a6b470,United States,198.98,4091.94
3470c5,Spain,283.08,
4cac0d,Ireland,147.62,2849.88
ac2b61,United States,195.94,4838.7
a066a3,United States,224.32,9456.42
a41144,United States,218.65,9677.4
aafe9a,United States,31.08,419.1
a7d43c,United States,229.23,9425.94
ac2b6c,United States,212.39,10325.1
7c7a48,Australia,175.05,4594.86
7c7a49,Australia,179.89,2011.68
a11f5a,United States,221.43,11376.66
c04fd4,Canada,33.54,129.54
a65104,United States,249.84,11346.18
885b4c,Thailand,229.71,10721.34
c0094f,Canada,12.04,1569.72
aa9ab6,United States,236.03,10424.16
ad4b73,United States,83.51,1866.9
ac2b6e,United States,43.26,312.42
a449af,United States,245.52,12260.58
a66442,United States,38.16,739.14
3483c9,Spain,271.18,11887.2
a60df8,United States,33.44,1082.04
aa5428,United States,273.14,11864.34
885b45,Thailand,2.83,
39b10b,France,248.57,12618.72
885b46,Thailand,203.2,7056.12
c04fbb,Canada,228.86,5356.86
a5edbf,United States,169.93,4122.42
c04ff4,Canada,13.38,
04c149,Kenya,225.43,11391.9
a71aad,United States,264.41,11285.22
39c421,France,80.83,99.06
c03caf,Canada,0.06,
a9ab8d,United States,80.15,2209.8
a449a8,United States,4.89,
86d2ee,Japan,6.69,
a066e3,United States,212.86,5775.96
39b101,France,255.54,10020.3
c04fe4,Canada,154.56,2103.12
c03cb4,Canada,105.01,922.02
a5313d,United States,59.34,1546.86
7c7a6c,Australia,0.0,
0d0e9b,Mexico,202.93,6195.06
aa6735,United States,183.9,4107.18
0d0e9f,Mexico,247.92,12009.12
a71ab8,United States,98.27,2499.36
7c7a85,Australia,30.29,167.64
acf486,United States,220.81,10942.32
ae2146,United States,64.39,617.22
a075df,United States,203.47,8968.74
aa0f13,United States,46.31,1089.66
861bec,Japan,3.6,
ad5afe,United States,190.66,7734.3
a9ccde,United States,256.04,11932.92
a2e09a,United States,231.43,11673.84
a4a8a2,United States,207.69,14348.46
a5408e,United States,49.82,1348.74
a12e57,United States,201.63,6393.18
a1f8e4,United States,120.02,1889.76
ace14e,United States,61.9,655.32
a0d8dd,United States,65.34,1493.52
0c20a8,Panama,224.84,11399.52
7c33b1,Australia,71.66,1508.76
0ae0a3,Costa Rica,71.66,3048.0
408357,United Kingdom,220.45,11468.1
408352,United Kingdom,226.88,11460.48
ace149,United States,55.41,457.2
a0c5d0,United States,55.22,655.32
a1f8d3,United States,226.59,7741.92
a7f684,United States,246.22,11018.52
408347,United Kingdom,126.92,1668.78
408346,United Kingdom,205.75,11308.08
a4207c,United States,181.06,12595.86
a2e098,United States,207.03,10896.6
40832c,United Kingdom,243.62,12108.18
a338ac,United States,199.93,10873.74
aaa19e,United States,34.28,-7.62
c00708,Canada,55.16,320.04
a075d6,United States,43.42,160.02
a6c39f,United States,228.42,8930.64
acf492,United States,86.94,1280.16
4cab8a,Ireland,253.9,12085.32
acf497,United States,248.58,11330.94
a218cb,United States,256.99,13114.02
a92362,United States,104.04,1021.08
acf48f,United States,214.68,10759.44
a92365,United States,195.35,5638.8
a92367,United States,74.6,289.56
ac4f29,United States,200.77,6697.98
a5669f,United States,151.18,2293.62
a35b39,United States,233.16,12313.92
a6c340,United States,124.46,6141.72
0c20f2,Panama,237.86,11643.36
a062ef,United States,245.18,11353.8
7c7c77,Australia,0.0,
a48e3a,United States,276.56,10126.98
a35b42,United States,249.76,11940.54
a36e73,United States,234.14,10881.36
ac06a1,United States,103.62,601.98
abf9b1,United States,43.21,
40838a,United Kingdom,73.26,205.74
a1e5eb,United States,44.94,53.34
7c7c74,Australia,0.0,
7c33d8,Australia,86.51,1059.18
0c20cf,Panama,226.41,10454.64
a35b27,United States,244.76,12016.74
a80329,United States,216.91,9387.84
0c20d6,Panama,244.47,11704.32
a5fcef,United States,221.82,11650.98
40837b,United Kingdom,233.62,10408.92
a445b0,United States,228.23,12237.72
a23b55,United States,240.6,10050.78
0c20bd,Panama,229.47,12070.08
7c7c3d,Australia,37.56,68.58
86d538,Japan,148.96,3230.88
7c7c3e,Australia,59.04,1363.98
800d36,India,234.15,12085.32
86e866,Japan,253.86,13174.98
a338f3,United States,61.81,640.08
a182c4,United States,94.81,1630.68
aad9f2,United States,32.39,304.8
a062ca,United States,41.16,144.78
a12e80,United States,192.51,7840.98
0c20c9,Panama,230.74,11094.72
a9dfb6,United States,133.68,2011.68
a1e5d4,United States,68.01,236.22
40836b,United Kingdom,208.26,11521.44
a445a4,United States,251.66,11757.66
40836c,United Kingdom,209.62,11026.14
a35b0b,United States,217.08,7002.78
ac4f51,United States,53.51,251.46
a9dfbc,United States,63.97,1409.7
a6c358,United States,90.45,1394.46
aa6466,United States,220.88,7284.72
a5a37d,United States,48.68,457.2
ace19a,United States,239.64,13197.84
7c7c45,Australia,56.11,830.58
ab1c42,United States,44.26,975.36
ad39cd,United States,107.83,952.5
ac3c0e,United States,233.34,11658.6
7c7c41,Australia,64.58,441.96
861bd2,Japan,191.44,4724.4
710107,Saudi Arabia,156.84,3223.26
a3be7c,United States,221.1,10866.12
a72b25,United States,58.5,1935.48
a0fb97,United States,68.98,1051.56
aa76ef,United States,229.78,7940.04
a48e7b,United States,234.13,12313.92
c005bf,Canada,67.56,2011.68
800d8b,India,0.0,
c018ee,Canada,31.93,441.96
a73e48,United States,139.18,6134.1
30019c,Italy,238.71,11673.84
a445ef,United States,237.9,11010.9
a445ee,United States,5.14,
ac3aa8,United States,178.64,6309.36
710100,Saudi Arabia,276.97,9723.12
7c7afc,Australia,83.9,2202.18
a445f2,United States,153.1,3238.5
710103,Saudi Arabia,259.48,11315.7
710102,Saudi Arabia,0.0,
aafac1,United States,59.87,2339.34
a72b40,United States,184.07,4008.12
7c7af0,Australia,57.45,769.62
a0b2ea,United States,47.31,617.22
71011d,Saudi Arabia,275.97,11269.98
010163,Egypt,99.76,952.5
abc107,United States,180.99,6278.88
ac9113,United States,71.51,289.56
010154,Egypt,254.07,10767.06
710132,Saudi Arabia,15.95,
aaa125,United States,286.95,11170.92
c04e70,Canada,99.71,1219.2
a1d2dc,United States,221.25,9494.52
ae340a,United States,47.33,60.96
a24e99,United States,80.67,853.44
710119,Saudi Arabia,303.19,9837.42
01013d,Egypt,260.4,11826.24
a72b34,United States,235.38,14401.8
aa76cb,United States,228.72,12915.9
010144,Egypt,226.26,8275.32
ac3ac9,United States,166.65,5669.28
7c479f,Australia,253.32,10927.08
a432a5,United States,285.69,14279.88
7c7add,Australia,99.63,1882.14
408329,United Kingdom,75.74,297.18
a7d085,United States,187.13,5852.16
4d214b,Malta,130.28,1645.92
a7d06f,United States,53.17,762.0
4d214d,Malta,236.21,11338.56
4c0178,Serbia,144.71,5516.88
4c0177,Serbia,108.18,2468.88
a00dc7,United States,51.37,426.72
4d2153,Malta,103.68,1676.4
ac911d,United States,82.85,1554.48
ac3adf,United States,224.88,11536.68
adbdc1,United States,194.27,10744.2
abc12a,United States,0.0,
a7808a,United States,84.63,4069.08
a5c8bb,United States,68.94,175.26
aab47b,United States,79.1,1051.56
ad0122,United States,9.26,
a6b07e,United States,227.41,12565.38
408305,United Kingdom,251.85,11384.28
c018d3,Canada,81.93,1463.04
ae2125,United States,0.0,
a2f2fa,United States,234.84,7315.2
4d211b,Malta,269.94,12633.96
c018c8,Canada,210.55,10233.66
4d2145,Malta,254.18,11269.98
abc14d,United States,7.2,
79a04d,China,216.19,7635.24
4d212d,Malta,0.0,
4d206e,Malta,286.89,10020.3
adbe91,United States,273.87,11003.28
39d2aa,France,0.0,
39d2ad,France,222.85,12245.34
0c210e,Panama,225.24,10439.4
39d2b2,France,288.26,11971.02
39d2b4,France,297.67,12169.14
39d2b5,France,277.23,11871.96
a3271e,United States,242.8,11955.78
a9bb67,United States,67.03,1203.96
4081aa,United Kingdom,218.54,12009.12
adab47,United States,162.06,9730.74
acf2e4,United States,188.67,6065.52
4d2087,Malta,8.75,
a3bdb3,United States,59.24,2872.74
a3bdac,United States,255.1,11269.98
a19758,United States,80.81,3649.98
a11aa6,United States,46.92,2065.02
adab68,United States,50.03,1127.76
a00df9,United States,232.35,11689.08
39d2a0,France,218.1,12755.88
39d2a2,France,214.68,12481.56
39d2a4,France,100.35,822.96
7c7ad6,Australia,78.01,3063.24
a85e6e,United States,62.29,944.88
7c4798,Australia,192.41,8252.46
a35aae,United States,187.36,10690.86
7c7ad5,Australia,39.13,0.0
a1d44e,United States,197.85,12801.6
711486,Saudi Arabia,203.98,6598.92
710139,Saudi Arabia,238.01,10431.78
71145e,Saudi Arabia,231.76,11437.62
71012f,Saudi Arabia,185.68,3497.58
ac071f,United States,256.4,11277.6
a35ab8,United States,278.8,10546.08
a922bf,United States,182.09,12702.54
7c7ab4,Australia,182.59,5844.54
a11ad4,United States,229.86,11719.56
a0fac3,United States,240.43,8702.04
7c7ab5,Australia,205.5,10546.08
a43418,United States,135.31,1607.82
7c7ab9,Australia,203.5,11170.92
3480ce,Spain,137.31,1432.56
a8ae2e,United States,153.2,2811.78
3480cc,Spain,199.59,12816.84
a7e2d2,United States,248.86,13174.98
a59b9c,United States,179.62,4030.98
a24de8,United States,239.54,10012.68
7c7ab0,Australia,0.0,
a23ab5,United States,37.45,784.86
7c7ab1,Australia,0.0,
7c7ab2,Australia,107.53,670.56
7c7aac,Australia,149.4,3261.36
a30104,United States,164.34,2994.66
a24dcd,United States,138.45,6949.44
01018d,Egypt,253.31,11772.9
7c7aa4,Australia,87.26,1630.68
4081cf,United Kingdom,0.0,
7c7aa5,Australia,214.64,11719.56
7c7aa6,Australia,258.99,11049.0
7c7aa7,Australia,219.51,12306.3
a8ae3e,United States,216.9,8458.2
7c7aa0,Australia,175.64,3208.02
7c7aa1,Australia,233.36,8816.34
aac73d,United States,75.26,1051.56
a7e2af,United States,0.0,
af9b93,United States,90.02,2240.28
0c211d,Panama,241.52,11422.38
71bf50,Republic of Korea,241.23,7757.16
c01970,Canada,213.66,9997.44
a8ada4,United States,45.72,350.52
a54137,United States,287.21,11597.64
a5b760,United States,220.25,11567.16
a92416,United States,0.06,
75818a,Philippines,27.5,83.82
71bf40,Republic of Korea,228.32,10294.62
a4cace,United States,28.41,266.7
ac3b28,United States,51.11,373.38
71bf43,Republic of Korea,270.41,12054.84
800bfa,India,226.45,9090.66
ac3b0f,United States,197.87,3543.3
a93754,United States,74.27,2362.2
a12f08,United States,227.72,11635.74
a12f09,United States,0.9,
ab1b3e,United States,81.28,1630.68
a48dea,United States,246.99,7543.8
71bf75,Republic of Korea,253.16,11445.24
c0064c,Canada,10.29,
a68799,United States,36.07,358.14
a43458,United States,168.78,4914.9
aa0dd3,United States,55.51,1699.26
a6b10c,United States,231.33,10066.02
a35ae9,United States,64.36,1828.8
850edc,Japan,105.48,2118.36
ac3b45,United States,52.78,784.86
c0196c,Canada,1.54,
a1d45a,United States,5.4,
a3144c,United States,36.44,1958.34
7c7b63,Australia,55.71,1066.8
a67407,United States,234.92,6179.82
ac4e85,United States,51.96,1630.68
a339b1,United States,0.0,
c01938,Canada,133.56,3078.48
aa6402,United States,71.76,1729.74
ac3b51,United States,232.7,12321.54
71bf08,Republic of Korea,198.71,6362.7
ab2e9f,United States,229.25,11269.98
71bf01,Republic of Korea,234.66,12397.74
ad25f0,United States,61.18,2072.64
a67416,United States,0.77,
ac3b78,United States,136.17,3108.96
a9bb70,United States,0.9,
0100a6,Egypt,0.0,
aa7718,United States,219.13,12496.8
71bf27,Republic of Korea,6.17,
ab1b8a,United States,77.86,914.4
71bf24,Republic of Korea,230.88,6827.52
c01945,Canada,89.33,1150.62
a1c183,United States,68.34,350.52
a12f6d,United States,110.94,1554.48
a61f08,United States,39.79,403.86
a326c7,United States,290.16,13243.56
a196f3,United States,234.97,10904.22
a12f73,United States,256.66,11140.44
4b191d,Switzerland,0.0,
a0fc32,United States,39.62,1501.14
4b191e,Switzerland,221.53,10995.66
a61f05,United States,235.78,11346.18
a699a1,United States,150.22,3017.52
4b191a,Switzerland,285.99,10698.48
a183d3,United States,120.2,1897.38
ab1d05,United States,86.47,518.16
a7816a,United States,250.53,9182.1
86d68f,Japan,148.3,2964.18
407131,United Kingdom,202.28,12710.16
a12f52,United States,236.55,10668.0
a196c8,United States,239.19,11361.42
ac929c,United States,201.95,9022.08
a92478,United States,241.31,7277.1
a1e6b9,United States,76.14,723.9
4caa6d,Ireland,278.88,12428.22
a12f71,United States,246.27,10012.68
a12f72,United States,10.29,
ac07b8,United States,236.42,12938.76
a206c9,United States,2.31,
7c47bd,Australia,95.25,1310.64
a7818f,United States,96.2,754.38
a300a9,United States,219.63,9464.04
a5eaf8,United States,48.02,929.64
71bf94,Republic of Korea,7.2,
aafd0a,United States,191.26,14333.22
71bf93,Republic of Korea,210.71,8054.34
a48f5d,United States,65.66,617.22
a6d793,United States,89.61,3619.5
a23c5d,United States,215.23,9448.8
86d61c,Japan,253.35,13335.0
a1d3e9,United States,136.41,6522.72
40717e,United Kingdom,218.85,11125.2
86d629,Japan,219.1,12390.12
ac07be,United States,48.48,228.6
a73dfe,United States,0.0,
a326f8,United States,58.03,1363.98
71bf86,Republic of Korea,86.26,137.16
7100c3,Saudi Arabia,258.16,10767.06
7c6a53,Australia,110.87,822.96
407181,United Kingdom,213.79,11399.52
7100bc,Saudi Arabia,5.92,
a7f765,United States,179.32,4114.8
71bf79,Republic of Korea,98.45,975.36
ad5d0f,United States,167.9,6149.34
407177,United Kingdom,147.8,2933.7
407176,United Kingdom,207.77,3017.52
a8adbb,United States,25.72,0.0
abe7c5,United States,0.0,
a206f0,United States,71.47,1089.66
868688,Japan,248.99,8702.04
ad14a8,United States,205.73,4518.66
a72aec,United States,41.27,914.4
ac3d48,United States,57.31,754.38
a97dcb,United States,74.59,320.04
aac7f5,United States,128.98,3810.0
ad14a0,United States,143.81,2225.04
a12f9b,United States,33.47,160.02
a2f3fe,United States,224.69,12687.3
ae4840,United States,60.26,815.34
abc201,United States,265.51,10195.56
498b28,Czech Republic,23.17,815.34
ad6ecb,United States,0.0,
3c66c5,Germany,152.61,3787.14
c03c44,Canada,100.88,723.9
a4df7d,United States,13.73,205.74
ab2eff,United States,13.38,746.76
ac086b,United States,144.79,1889.76
aaa224,United States,231.45,11620.5
ad6ec6,United States,245.86,10363.2
4d2003,Malta,215.82,11986.26
a673cf,United States,43.02,868.68
aaa21d,United States,43.07,990.6
a96c29,United States,96.86,4076.7
a923a7,United States,224.55,10812.78
a793a9,United States,70.06,1325.88
a923a8,United States,155.37,4107.18
a48f8c,United States,43.19,701.04
a290f3,United States,215.3,10721.34
abe872,United States,235.78,11658.6
ad2862,United States,214.36,11643.36
aa9a30,United States,178.23,6233.16
abe87b,United States,66.27,1203.96
a793d5,United States,203.27,13197.84
abd559,United States,231.38,11635.74
aafbdf,United States,262.73,7978.14
861e56,Japan,143.33,4160.52
0c204c,Panama,241.2,10835.64
a60c79,United States,33.44,982.98
a2f3e2,United States,57.8,2987.04
0c2061,Panama,239.56,12344.4
0ae04e,Costa Rica,0.0,
86e8ac,Japan,5.66,
4692d3,Greece,233.83,9067.8
a5ec61,United States,206.87,11186.16
abe892,United States,231.21,11064.24
a446f1,United States,144.42,2270.76
47ae38,Norway,262.58,12428.22
7c47b9,Australia,242.2,10820.4
adbef0,United States,223.09,10995.66
a4df56,United States,216.03,10980.42
a4df59,United States,63.31,601.98
acf54f,United States,219.58,11430.0
a73f35,United States,115.18,1021.08
ab7270,United States,179.65,3726.18
a0b503,United States,42.44,1097.28
ac3beb,United States,233.7,11003.28
a6b19d,United States,62.76,960.12
7c47a4,Australia,201.05,6751.32
7c47a3,Australia,226.14,8206.74
ae4879,United States,65.43,388.62
4d203b,Malta,239.66,11300.46
a32817,United States,40.64,182.88
a0b510,United States,45.93,891.54
a2082d,United States,95.69,2994.66
a19853,United States,32.72,396.24
711539,Saudi Arabia,226.87,
a9249c,United States,0.0,
c006c3,Canada,154.82,5989.32
a32806,United States,45.38,731.52
a32803,United States,241.63,11353.8
abd57e,United States,258.28,10546.08
0c208e,Panama,245.55,11338.56
c03c05,Canada,253.68,12306.3
a3ac77,United States,203.1,11597.64
0c2093,Panama,249.03,12039.6
4d2021,Malta,219.18,8923.02
a85f29,United States,237.38,11018.52
a0c825,United States,90.94,2552.7
a96c96,United States,1.54,
a0c881,United States,23.35,1371.6
a8f0bd,United States,250.54,10652.76
a0b550,United States,227.15,10027.92
ac90f3,United States,244.1,12580.62
a0fbb7,United States,4.37,
adac5d,United States,189.37,6979.92
a20883,United States,245.81,12664.44
a36eae,United States,200.94,6156.96
4082cc,United Kingdom,220.45,12031.98
4082cd,United Kingdom,232.43,12291.06
4082cb,United Kingdom,211.01,7597.14
a11bdb,United States,80.99,2811.78
a32851,United States,230.65,6400.8
ace0d2,United States,77.68,266.7
a3aba0,United States,41.2,716.28
a5fea7,United States,61.15,2415.54
a68831,United States,239.11,12512.04
4a2d24,Romania,267.51,12748.26
a32844,United States,202.71,8305.8
a923ef,United States,270.66,11193.78
a12ee0,United States,237.64,11376.66
a3bee2,United States,99.63,3444.24
04c332,Kenya,216.5,7475.22
a11bc8,United States,5.92,
a8f0ab,United States,34.99,175.26
c019a2,Canada,43.58,914.4
7c3515,Australia,43.66,754.38
a56862,United States,254.37,7650.48
7c3581,Australia,37.61,434.34
a540eb,United States,229.68,9418.32
86e7bc,Japan,221.23,12938.76
0c202c,Panama,234.61,11414.76
86e7c4,Japan,259.34,13296.9
a18597,United States,43.23,510.54
a923cd,United States,204.45,8404.86
a47bac,United States,3.6,
a84c4d,United States,36.83,
0d0fba,Mexico,242.32,10995.66
a7f6f6,United States,241.48,10828.02
a96c69,United States,49.24,1630.68
a72c78,United States,235.47,8275.32
a5ec84,United States,134.83,8069.58
a6c3ca,United States,243.36,12009.12
a32893,United States,221.1,10980.42
0c2026,Panama,237.9,12321.54
0c2025,Panama,231.75,12915.9
a3286d,United States,80.76,1211.58
7c7bd1,Australia,150.32,3840.48
a9bc12,United States,157.09,2727.96
0c200b,Panama,236.17,11414.76
7c7bce,Australia,0.0,
0c200c,Panama,135.92,2667.0
abe82c,United States,0.0,
7c7bcc,Australia,0.0,
0c2012,Panama,117.05,3710.94
7c7bc6,Australia,209.8,11719.56
7c7bc7,Australia,84.88,
a9cf59,United States,230.89,14363.7
0d0fde,Mexico,2.83,
c03af2,Canada,241.2,11590.02
aafbaa,United States,93.26,3291.84
abd50f,United States,5.92,
a4350c,United States,8.75,
0d0ff5,Mexico,9.26,
0d0ff4,Mexico,158.97,5715.0
0d0ff7,Mexico,245.31,11155.68
ad2840,United States,0.0,
0d0ff6,Mexico,209.63,7825.74
a2e276,United States,47.95,320.04
7c7c9b,Australia,161.02,1844.04
7c7c9c,Australia,148.35,2979.42
abe6bc,United States,46.77,381.0
ad39f1,United States,58.37,1417.32
3481d5,Spain,216.53,11894.82
ae59e2,United States,59.08,1257.3
7114db,Saudi Arabia,78.92,1074.42
a4cbed,United States,31.14,7.62
a5fef4,United States,155.79,3131.82
3c4214,Germany,6.17,
a6623a,United States,182.72,9395.46
4b17fc,Switzerland,,
a6b200,United States,55.24,1249.68
a9385d,United States,43.36,952.5
3481c9,Spain,82.83,579.12
c00757,Canada,213.0,9425.94
a72bda,United States,231.05,8031.48
a2f584,United States,255.21,11170.92
ab83e8,United States,235.33,11689.08
aa7876,United States,94.81,2575.56
ac4f6f,United States,237.14,11993.88
a0b59d,United States,0.0,
ad5c3a,United States,141.56,3985.26
800cfe,India,222.29,
a43569,United States,39.68,182.88
ac90a8,United States,99.62,1546.86
ab2f9d,United States,51.51,670.56
ae59df,United States,70.0,548.64
a8aeb6,United States,209.65,5090.16
ad5c30,United States,4.37,
a9250d,United States,139.21,3200.4
c04ddc,Canada,209.73,11788.14
a47bd2,United States,47.65,693.42
a5427b,United States,161.54,4488.18
a6d87f,United States,257.74,14371.32
ac90a0,United States,189.27,3413.76
7c7c84,Australia,46.57,960.12
abd3c7,United States,229.15,11010.9
aa6533,United States,202.09,8313.42
4caa41,Ireland,234.76,12313.92
aa0ed8,United States,61.88,1645.92
a8180d,United States,265.04,11049.0
abc0c1,United States,161.76,3482.34
a81815,United States,202.75,6606.54
a7f804,United States,6.94,
a051a5,United States,72.43,1082.04
c00714,Canada,58.46,411.48
451cc1,Bulgaria,84.78,998.22
4b1916,Switzerland,290.43,10690.86
4b1919,Switzerland,264.34,10050.78
a6d857,United States,199.93,8298.18
a80522,United States,96.21,2407.92
ad5c89,United States,148.42,2964.18
a5b867,United States,58.44,1546.86
a68871,United States,37.1,304.8
75824e,Philippines,151.28,3101.34
3b7ba7,France,43.92,441.96
c00741,Canada,214.27,11247.12
ae20b7,United States,152.47,8420.1
a4cbd5,United States,80.05,3086.1
a09a04,United States,3.29,68.58
