icao24,origin_country,velocity,geo_altitude
39de4f,France,241.76,11887.2
39de4e,France,209.12,8267.7
80162d,India,253.55,11681.46
39de4a,France,227.18,12397.74
39de4d,France,217.41,12115.8
39de57,France,248.2,10675.62
801640,India,234.0,11376.66
39de58,France,241.91,11833.86
3cf0b8,Germany,142.16,4328.16
39de51,France,245.5,11186.16
39de50,France,229.85,12207.24
39de53,France,0.0,
39de55,France,0.0,
39de54,France,209.4,8900.16
a53eef,United States,73.98,579.12
801657,India,245.77,11536.68
8a02ea,Indonesia,166.68,5859.78
acdfa3,United States,77.4,464.82
801616,India,238.22,11978.64
aa9300,United States,279.24,11391.9
abacb6,United States,141.74,2362.2
801621,India,226.0,12100.56
851914,Japan,229.54,9159.24
a4b228,United States,216.68,11529.06
80161c,India,247.86,9768.84
801625,India,224.6,11948.16
407a05,United Kingdom,242.5,11841.48
39de48,France,241.35,12001.5
39de49,France,265.2,11536.68
51113f,Estonia,95.57,1135.38
407a06,United Kingdom,236.14,11902.44
a0e249,United States,203.4,4411.98
39de40,France,66.01,312.42
407a01,United Kingdom,104.04,4206.24
39de43,France,243.28,11475.72
511187,Estonia,257.47,11521.44
80166d,India,226.34,10927.08
80166a,India,189.63,6583.68
adeca5,United States,0.0,
511188,Estonia,1.03,
aad012,United States,69.66,175.26
511189,Estonia,241.31,12039.6
4acb01,Sweden,204.51,7178.04
4acb03,Sweden,3.6,
470bee,Hungary,43.23,594.36
4acb02,Sweden,0.0,
4acb04,Sweden,189.69,8404.86
488242,Poland,42.52,556.26
4bc8c6,Turkey,0.06,
4bc8c7,Turkey,210.82,11071.86
4bc8c5,Turkey,221.73,11026.14
e80259,Chile,0.64,
4bc8c2,Turkey,227.25,11033.76
801681,India,234.37,10728.96
4bc8c3,Turkey,213.23,8046.72
4bc8c1,Turkey,238.25,11506.2
4bc8d0,Turkey,203.79,10370.82
511171,Estonia,227.59,12100.56
511172,Estonia,218.28,12237.72
511170,Estonia,275.44,11254.74
801697,India,236.19,10767.06
aaf67e,United States,152.16,3314.7
e80268,Chile,79.23,2613.66
801698,India,160.81,4069.08
4bc8d5,Turkey,215.41,10843.26
841a6c,Japan,216.53,11795.76
4bc8d6,Turkey,228.12,10668.0
4bc8d3,Turkey,218.6,11551.92
4bc8d2,Turkey,259.6,11056.62
3442cc,Spain,101.17,6149.34
80164f,India,3.09,
80164c,India,143.7,4251.96
471efa,Hungary,210.73,11384.28
47b217,Norway,242.0,12390.12
471efe,Hungary,250.7,11673.84
471eff,Hungary,207.01,6271.26
471efc,Hungary,214.23,10226.04
505f1d,Slovakia,31.4,403.86
801662,India,229.62,10469.88
51118a,Estonia,0.0,
44029f,Austria,235.36,10660.38
8744d4,Japan,237.37,11498.58
80165c,India,76.66,1043.94
ae1ff9,United States,38.24,2743.2
511195,Estonia,247.11,10096.5
407a3f,United Kingdom,265.67,11536.68
e4a7ae,Brazil,199.35,6606.54
801669,India,3.86,
7c7239,Australia,34.61,53.34
511194,Estonia,63.23,381.0
801671,India,234.4,11765.28
505f15,Slovakia,258.16,11536.68
7c70ff,Australia,0.39,
47885f,Norway,115.15,2171.7
4acb45,Sweden,2.83,
4acb58,Sweden,68.54,365.76
0800ae,United Republic of Tanzania,237.79,12679.68
44023f,Austria,212.92,9067.8
3c5ee8,Germany,194.8,3299.46
4bc8e1,Turkey,187.79,5501.64
3c5ee6,Germany,177.14,7848.6
80168c,India,186.61,4122.42
3c5ee5,Germany,97.73,1371.6
0d11e4,Mexico,232.03,11346.18
4bc8cf,Turkey,227.17,11033.76
4bc8ce,Turkey,83.38,243.84
4bc8cb,Turkey,221.94,10972.8
4acb23,Sweden,238.01,12039.6
4bc8cc,Turkey,255.49,11216.64
4bc8ca,Turkey,213.76,11437.62
e48be3,Brazil,232.58,11658.6
3c5ee3,Germany,94.81,777.24
3c5ee1,Germany,241.63,11468.1
3c5ef8,Germany,240.69,10774.68
3c5ef6,Germany,220.39,12108.18
3d1209,Germany,53.23,830.58
a34291,United States,233.11,11468.1
46b82a,Greece,224.63,10683.24
46b82b,Greece,215.28,11308.08
46b82c,Greece,237.0,11041.38
3c5eec,Germany,240.36,12176.76
80169c,India,113.67,998.22
46b82f,Greece,203.5,11231.88
4bc8da,Turkey,177.58,6004.56
3c5eeb,Germany,231.05,11826.24
3c5eea,Germany,269.88,10873.74
500416,San Marino,127.17,2308.86
c0226c,Canada,0.0,
3c5ef0,Germany,237.79,9982.2
3c5ef5,Germany,239.12,12024.36
3c5ef2,Germany,222.13,11795.76
440219,Austria,138.54,2179.32
8851ec,Thailand,230.66,7787.64
a5823e,United States,179.93,3924.3
46b831,Greece,9.26,
46b832,Greece,208.9,8321.04
46b835,Greece,243.06,11353.8
851936,Japan,7.2,
46b836,Greece,89.21,
46b833,Greece,78.3,601.98
44020a,Austria,219.72,5585.46
46b838,Greece,217.19,11391.9
a6189c,United States,131.93,716.28
8851e5,Thailand,223.4,11384.28
8851e2,Thailand,95.32,1379.22
8851e1,Thailand,241.39,11064.24
46b825,Greece,108.03,1760.22
46b823,Greece,117.71,2331.72
a114ed,United States,199.29,6804.66
46b826,Greece,235.59,10972.8
46b827,Greece,209.36,10751.82
440237,Austria,196.96,9334.5
a0f4b5,United States,251.46,11391.9
4cc2a6,Iceland,184.91,4648.2
ab6fbf,United States,166.1,3680.46
44022d,Austria,210.02,10805.16
44022b,Austria,199.37,9364.98
47880f,Norway,242.71,11247.12
00b29f,South Africa,172.05,13540.74
440224,Austria,227.72,11079.48
47b0e7,Norway,261.72,11750.04
a091fd,United States,220.52,7246.62
8014a4,India,72.55,937.26
4aca9a,Sweden,210.2,9806.94
34318a,Spain,156.2,4130.04
885226,Thailand,237.9,10965.18
8014b0,India,136.34,3802.38
8014b3,India,177.07,4709.16
7cf9e8,Australia,2.83,
e0b211,Argentina,217.71,11262.36
7cf9e4,Australia,6.94,
8014ad,India,233.29,10812.78
a4c4bb,United States,198.15,5935.98
8a0490,Indonesia,190.93,5021.58
4aca84,Sweden,233.48,11551.92
4aca85,Sweden,153.15,3680.46
ab5d52,United States,197.94,7033.26
4aca88,Sweden,203.54,11292.84
4aca87,Sweden,218.45,11498.58
a64d4d,United States,0.0,
4aca89,Sweden,258.13,11330.94
a234db,United States,57.98,1203.96
e07584,Argentina,154.42,2712.72
7cf9d3,Australia,152.11,2438.4
c81d82,New Zealand,137.01,2514.6
84d283,Japan,228.67,11780.52
4aca93,Sweden,230.37,10210.8
4aca95,Sweden,138.92,2926.08
7cf9c9,Australia,191.08,6659.88
34448d,Spain,142.44,3230.88
4aca8c,Sweden,71.77,144.78
0d126d,Mexico,74.0,175.26
8014e8,India,73.85,99.06
e49eec,Brazil,159.81,5158.74
e49eed,Brazil,149.14,3619.5
c81d9d,New Zealand,65.89,121.92
3c5eef,Germany,216.38,12009.12
8014da,India,217.04,9144.0
3c5eee,Germany,1.54,
e49ef1,Brazil,254.19,12009.12
4aa947,Sweden,14.23,182.88
344487,Spain,234.67,10828.02
85188c,Japan,0.0,
4520ce,Bulgaria,196.91,6888.48
471f8e,Hungary,260.31,12443.46
3d385c,Germany,90.08,4320.54
a39d9b,United States,0.26,
8014c1,India,148.16,3025.14
4520fb,Bulgaria,193.61,
8014c4,India,199.07,7147.56
e49eca,Brazil,252.83,12626.34
8a0448,Indonesia,111.72,1882.14
8014bb,India,184.24,3832.86
471f6f,Hungary,239.19,9829.8
8a0441,Indonesia,225.33,11666.22
a26a93,United States,205.99,4320.54
471f6a,Hungary,251.3,11590.02
8014c8,India,8.75,
471f6d,Hungary,260.62,10858.5
471f6e,Hungary,245.29,11788.14
8014d6,India,217.48,10645.14
38bcfc,France,45.62,
68252e,Mongolia,225.05,11711.94
4520f4,Bulgaria,59.73,1295.4
8014ca,India,90.51,
ae74b7,United States,48.75,388.62
344459,Spain,165.32,5699.76
3d122d,Germany,56.18,1562.1
ae74b4,United States,36.31,167.64
ae74b2,United States,1.54,
471f68,Hungary,134.82,3329.94
4a2021,Romania,1.54,
8a03b2,Indonesia,97.37,678.18
4a2022,Romania,217.22,10988.04
4a2023,Romania,247.89,11620.5
471f65,Hungary,89.55,609.6
471f63,Hungary,255.68,11064.24
505f3d,Slovakia,51.37,937.26
3d37be,Germany,46.99,320.04
344449,Spain,239.42,12161.52
344446,Spain,90.03,1303.02
4400b0,Austria,105.61,1059.18
471f78,Hungary,259.07,10767.06
7809a9,China,249.68,9700.26
471f71,Hungary,258.97,11224.26
471f70,Hungary,211.21,9791.7
aae270,United States,137.27,6118.86
7809b6,China,5.14,
343104,Spain,51.65,2796.54
a16ff1,United States,214.0,9845.04
7809b7,China,77.19,434.34
471f5c,Hungary,244.06,10050.78
4bb64b,Turkey,231.8,12854.94
51119a,Estonia,231.11,12230.1
4400b3,Austria,3.34,
51119b,Estonia,218.2,7063.74
4400e3,Austria,215.2,12268.2
471f44,Hungary,233.71,11620.5
a99a22,United States,0.06,
5003b3,San Marino,279.71,11216.64
7809ae,China,218.19,7627.62
4400dc,Austria,259.98,11071.86
e48c4c,Brazil,72.93,1226.82
a59601,United States,275.51,12031.98
e48c4d,Brazil,218.24,12252.96
469c25,Greece,46.52,990.6
c81ca7,New Zealand,61.91,1150.62
471f58,Hungary,261.56,11635.74
34440a,Spain,206.06,9959.34
471f3e,Hungary,256.26,11087.1
471f3d,Hungary,264.8,9814.56
a3a61b,United States,225.74,7482.84
392090,France,38.88,350.52
344416,Spain,5.4,
344417,Spain,120.66,2049.78
4400d6,Austria,186.65,4693.92
3c4d4a,Germany,197.49,6812.28
a08030,United States,117.92,4747.26
801602,India,236.85,10431.78
0d1201,Mexico,241.99,11948.16
471f35,Hungary,100.65,1341.12
4ba35a,Turkey,59.87,1470.66
801603,India,113.93,2407.92
801604,India,237.4,9730.74
742824,Jordan,122.68,1135.38
471f31,Hungary,186.49,6431.28
801612,India,239.1,8564.88
471f03,Hungary,0.0,
471f06,Hungary,242.32,11049.0
471f04,Hungary,158.31,2042.16
a51a7b,United States,133.43,7795.26
46c9a1,Greece,191.12,5524.5
488189,Poland,62.35,777.24
44bf33,Belgium,161.49,9768.84
a3560b,United States,0.19,
885282,Thailand,155.1,3360.42
885281,Thailand,259.33,10218.42
0d1234,Mexico,212.42,12557.76
5003e8,San Marino,62.96,259.08
a3b90e,United States,217.66,11529.06
3ffb08,Germany,57.7,
80174c,India,115.22,3558.54
801759,India,223.99,11871.96
aa8114,United States,247.52,11757.66
407b4d,United Kingdom,1.54,
e48c04,Brazil,165.07,9304.02
00c463,South Africa,211.07,11681.46
800436,India,195.79,10888.98
407b54,United Kingdom,267.14,10866.12
80175a,India,109.76,1661.16
505ceb,Slovakia,170.19,6065.52
801768,India,181.65,5181.6
801775,India,182.37,7368.54
ad4404,United States,253.66,11277.6
4ba24b,Turkey,73.26,807.72
a40cd9,United States,256.99,11932.92
a7cfcc,United States,40.13,
80172c,India,75.65,373.38
801736,India,97.57,1165.86
a64ce6,United States,148.82,2407.92
801745,India,103.61,2156.46
80172e,India,234.7,9502.14
73926a,Israel,65.79,137.16
801748,India,181.37,4053.84
801749,India,118.66,670.56
4045be,United Kingdom,62.64,1036.32
00c45f,South Africa,6.17,
a64cdb,United States,251.71,12992.1
490688,Portugal,105.91,2270.76
0d10e4,Mexico,220.91,11338.56
ab4ae9,United States,218.32,12710.16
3c4b33,Germany,252.99,10035.54
407b8f,United Kingdom,6.43,
a008cb,United States,73.65,2468.88
3c4b2e,Germany,149.91,1912.62
3430cd,Spain,145.74,1539.24
3c4b45,Germany,64.93,441.96
e49f89,Brazil,92.85,1783.08
800449,India,239.46,11750.04
3c4b49,Germany,222.42,12131.04
0d10fd,Mexico,214.53,12626.34
801785,India,6.94,
407b70,United Kingdom,183.2,11285.22
80177c,India,244.01,11757.66
778821,Syrian Arab Republic,227.73,10812.78
80044d,India,246.68,11635.74
801793,India,16.46,
800463,India,260.12,12382.5
a3a65f,United States,5.66,
801792,India,241.45,12100.56
3c4b4c,Germany,135.22,1859.28
394831,France,0.0,
3443d4,Spain,188.01,11193.78
8a0301,Indonesia,234.14,11696.7
3443d1,Spain,143.26,3223.26
506fc3,Slovenia,67.29,1790.7
c01049,Canada,244.61,10523.22
a3ee0b,United States,203.37,10850.88
c01074,Canada,247.92,10744.2
4aca06,Sweden,261.53,8496.3
4aca05,Sweden,210.69,11125.2
a008ed,United States,161.31,2026.92
38151a,France,0.0,
440389,Austria,231.56,11551.92
4aca13,Sweden,213.06,12207.24
4aca12,Sweden,8.23,
4aca15,Sweden,269.6,9814.56
3d3731,Germany,4.15,350.52
e48ad5,Brazil,170.87,6233.16
4aca0c,Sweden,144.69,2788.92
4bb4f0,Turkey,223.19,11483.34
46a60f,Greece,131.18,1821.18
4aca67,Sweden,260.69,12512.04
440331,Austria,240.37,11148.06
7c1cb4,Australia,61.44,1851.66
8016a4,India,227.67,9745.98
4aca72,Sweden,63.49,167.64
4aca75,Sweden,122.14,2263.14
440325,Austria,176.75,6149.34
7c1ca2,Australia,115.26,2727.96
a9b62c,United States,243.13,9730.74
4aca78,Sweden,241.71,10622.28
76b862,Singapore,153.24,4213.86
76b864,Singapore,244.23,11178.54
76b866,Singapore,92.68,1348.74
4aca6b,Sweden,0.51,
4aca6a,Sweden,68.95,137.16
76b869,Singapore,238.73,11079.48
4aca6d,Sweden,222.28,8496.3
4aca6c,Sweden,141.37,1859.28
4aca6e,Sweden,131.22,1417.32
ad5711,United States,41.93,236.22
471fa9,Hungary,120.35,1386.84
a15e70,United States,234.59,12268.2
4aca46,Sweden,234.26,7277.1
4aca45,Sweden,210.12,11574.78
440352,Austria,226.63,11635.74
471fa4,Hungary,260.68,11590.02
471fa0,Hungary,250.26,11818.62
3d3708,Germany,43.25,434.34
4bb4e3,Turkey,224.89,11666.22
76b86b,Singapore,205.79,4099.56
471faa,Hungary,228.05,9166.86
76b86d,Singapore,218.11,11071.86
471fae,Hungary,225.71,9806.94
4aca50,Sweden,0.0,
a0f5e7,United States,260.18,11940.54
500335,San Marino,265.77,13106.4
505ce6,Slovakia,235.71,11673.84
4aca4a,Sweden,196.89,9532.62
46b927,Greece,234.78,12214.86
4aca4f,Sweden,0.0,
39cab8,France,66.35,1310.64
ac7e1c,United States,163.68,3284.22
a2ce7d,United States,255.91,10789.92
8015bc,India,227.44,
8015c7,India,240.74,12763.5
8015d2,India,90.42,1783.08
a582c8,United States,215.81,12009.12
8015ca,India,195.86,6583.68
8a0378,Indonesia,196.8,9098.28
c81c56,New Zealand,47.16,525.78
ab4b34,United States,263.93,10599.42
8015ce,India,131.94,3467.1
8015cd,India,266.48,11719.56
8015a4,India,236.94,10782.3
46da6c,Greece,225.31,11666.22
781a4b,China,269.12,9654.54
8015a8,India,204.53,11254.74
884037,Thailand,131.93,4351.02
e0b110,Argentina,186.15,11742.42
343282,Spain,58.24,281.94
a4d8d7,United States,65.86,1089.66
7c71f7,Australia,0.06,
8015fc,India,195.36,6827.52
0d1169,Mexico,151.5,5699.76
885301,Thailand,240.09,10142.22
3b3dff,France,0.0,
781a89,China,217.53,6644.64
e4a72f,Brazil,11.61,7.62
8015e4,India,201.76,10104.12
a51b27,United States,248.12,11887.2
34324f,Spain,75.37,83.82
a52e50,United States,235.12,10698.48
3c4acd,Germany,244.37,9845.04
8015db,India,3.34,
8015da,India,193.9,4975.86
8002af,India,80.5,2209.8
88530f,Thailand,207.84,9845.04
88530b,Thailand,135.69,2042.16
873334,Japan,6.69,
8015ef,India,228.69,9349.74
e48b64,Brazil,152.28,5829.3
728671,Iraq,221.16,6911.34
e48b66,Brazil,159.71,7757.16
4bc856,Turkey,228.99,10988.04
4bc855,Turkey,232.46,11056.62
4521c4,Bulgaria,234.61,11559.54
4bc853,Turkey,256.99,9845.04
c06a75,Canada,219.33,9730.74
4bc84e,Turkey,232.76,11049.0
a9a2ab,United States,102.94,1493.52
4bc84a,Turkey,108.9,1333.5
4bc84b,Turkey,211.81,10980.42
4401d1,Austria,212.19,10980.42
4bc85a,Turkey,141.74,4411.98
0d111a,Mexico,223.3,10690.86
4521b2,Bulgaria,132.26,
34454a,Spain,0.9,
a99b83,United States,149.62,2918.46
a4c703,United States,240.85,10972.8
aa92fc,United States,203.04,5859.78
aa92fb,United States,248.13,10949.94
0d112a,Mexico,216.01,11597.64
c06a7f,Canada,203.24,9883.14
4401fa,Austria,202.56,11384.28
0d113a,Mexico,253.94,11955.78
4401f2,Austria,48.02,922.02
4bc847,Turkey,220.21,10248.9
4bc848,Turkey,219.0,10965.18
4bc846,Turkey,205.03,11430.0
4bc844,Turkey,232.71,11041.38
4bc841,Turkey,232.65,10431.78
4401ea,Austria,157.3,3459.48
0d1154,Mexico,179.53,4274.82
72866c,Iraq,226.78,11475.72
c06a88,Canada,263.15,10256.52
4521bf,Bulgaria,215.02,8648.7
841b6a,Japan,126.59,2781.3
aa92f8,United States,238.72,9776.46
c06a82,Canada,253.31,10226.04
4401f7,Austria,208.83,6827.52
4521bb,Bulgaria,201.61,5341.62
c06a80,Canada,208.44,5974.08
4bc88c,Turkey,233.43,10782.3
4bc88a,Turkey,225.07,11018.52
4bb567,Turkey,204.55,12092.94
4bc899,Turkey,195.33,10698.48
8518ae,Japan,227.41,13007.34
4bc89a,Turkey,204.41,10492.74
34450d,Spain,0.0,
801733,India,213.96,8770.62
ae503d,United States,0.0,
841b22,Japan,104.23,3878.58
4bc883,Turkey,223.42,8237.22
4bc884,Turkey,98.09,1043.94
4bc881,Turkey,243.64,10728.96
5002cd,San Marino,237.39,9936.48
3ffaa5,Germany,42.62,
e49e9e,Brazil,160.1,3406.14
a4771b,United States,285.73,10515.6
344501,Spain,204.26,11681.46
ac48d3,United States,250.23,11971.02
a3572c,United States,0.77,
4bc889,Turkey,230.42,11056.62
4787a0,Norway,170.59,2453.64
4bc888,Turkey,221.33,10965.18
702034,Bangladesh,232.22,6423.66
4bc886,Turkey,236.11,10317.48
4bb564,Turkey,224.43,11620.5
4bc895,Turkey,229.26,10439.4
404605,United Kingdom,64.35,1965.96
44008f,Austria,176.68,3299.46
452086,Bulgaria,252.76,9189.72
80186e,India,167.29,4549.14
801878,India,218.18,8968.74
3c01c3,Germany,188.99,11475.72
c058c2,Canada,144.13,2697.48
80053f,India,236.07,11285.22
00b47e,South Africa,115.5,8008.62
80187b,India,257.43,11064.24
440096,Austria,93.91,678.18
4068f5,United Kingdom,191.97,8343.9
4068f6,United Kingdom,217.86,11993.88
a0f331,United States,158.75,5928.36
3d6a4b,Germany,78.48,723.9
c045a7,Canada,0.0,
39b9cb,France,46.61,449.58
738061,Israel,243.94,11894.82
4b0f05,Switzerland,108.08,2667.0
c07b05,Canada,0.06,
738069,Israel,153.31,4709.16
80184e,India,143.54,1950.72
73805c,Israel,239.77,12352.02
73805b,Israel,228.19,11986.26
44009f,Austria,62.96,2735.58
44009e,Austria,228.74,11186.16
a8da83,United States,54.17,777.24
a3fce7,United States,222.11,10866.12
738072,Israel,209.94,11833.86
738076,Israel,245.98,12306.3
738075,Israel,216.59,11201.4
801874,India,237.49,11452.86
80185f,India,242.28,9845.04
73806a,Israel,229.56,11650.98
3f87e5,Germany,111.81,350.52
c058be,Canada,243.65,11650.98
80057c,India,162.09,3703.32
45202e,Bulgaria,122.79,
440057,Austria,235.24,11963.4
7c6178,Australia,66.41,1897.38
440065,Austria,133.78,3108.96
a1139f,United States,233.12,10972.8
a0f37e,United States,143.66,4335.78
00a120,South Africa,2.57,
44004f,Austria,226.59,11620.5
44003a,Austria,273.94,10058.4
3453cc,Spain,194.62,3909.06
738050,Israel,197.24,4015.74
4b0f0a,Switzerland,6.17,
738053,Israel,237.16,11353.8
440052,Austria,194.95,5082.54
738052,Israel,199.41,4411.98
738051,Israel,236.49,7863.84
7c748c,Australia,1.54,
440050,Austria,215.67,7345.68
738057,Israel,168.49,5372.1
738055,Israel,3.34,
738059,Israel,238.87,11795.76
44003f,Austria,6.69,
44006c,Austria,235.91,11239.5
4b0f50,Switzerland,126.66,7505.7
3453c3,Spain,220.61,7315.2
440083,Austria,211.73,12428.22
440080,Austria,236.51,12153.9
484fde,Kingdom of the Netherlands,197.39,7566.66
ad6755,United States,264.6,10995.66
70209e,Bangladesh,259.76,10858.5
44005e,Austria,49.87,1965.96
a84343,United States,295.69,10027.92
440018,Austria,163.34,3086.1
440017,Austria,40.41,1851.66
c02028,Canada,177.51,3771.9
440005,Austria,242.11,8359.14
440002,Austria,237.98,10622.28
8a063b,Indonesia,140.14,1333.5
3ffa3a,Germany,72.2,434.34
440039,Austria,241.76,10629.9
440036,Austria,238.72,11673.84
ad52e1,United States,81.31,2575.56
44002e,Austria,229.05,11620.5
8a0634,Indonesia,66.97,129.54
a47364,United States,177.32,5600.7
440031,Austria,205.77,5791.2
440030,Austria,198.62,10919.46
c0202d,Canada,0.0,
44001f,Austria,264.84,11498.58
44001b,Austria,250.46,11628.12
a6f01c,United States,146.26,1790.7
8960f2,United Arab Emirates,260.05,12298.68
8960ee,United Arab Emirates,252.18,12862.56
8a060e,Indonesia,210.59,9662.16
70a8ee,Nepal,96.47,3268.98
a15b2f,United States,254.86,10408.92
a78fcf,United States,208.17,12740.64
8840f8,Thailand,230.01,11353.8
8960fa,United Arab Emirates,249.58,13037.82
a97639,United States,27.78,220.98
344197,Spain,196.64,6362.7
344195,Spain,110.2,1127.76
a15b05,United States,116.45,807.72
500235,San Marino,0.0,
841bd1,Japan,133.01,3162.3
506ef2,Slovenia,39.7,2636.52
344297,Spain,221.6,9890.76
8016e0,India,244.26,11087.1
a2cb33,United States,147.14,2225.04
5001d4,San Marino,238.62,10736.58
8016da,India,227.43,11109.96
8016db,India,158.52,3810.0
300a02,Italy,51.86,1645.92
89611f,United Arab Emirates,245.15,12397.74
89611e,United Arab Emirates,150.69,3307.08
70472b,Myanmar,115.33,
a748bc,United States,242.85,12900.66
781b64,China,232.92,10378.44
405636,United Kingdom,0.9,
8016f9,India,121.19,4747.26
405638,United Kingdom,179.67,9288.78
405631,United Kingdom,216.18,12214.86
4784ed,Norway,64.85,1569.72
4891b3,Poland,135.27,3185.16
4891b2,Poland,236.01,11658.6
8016af,India,215.52,9685.02
a28e5b,United States,205.27,11513.82
896110,United Arab Emirates,237.71,7871.46
4891ac,Poland,246.26,11269.98
8016ba,India,176.24,6172.2
4891ab,Poland,0.0,
896111,United Arab Emirates,265.45,11071.86
471d6b,Hungary,128.98,1242.06
4891b9,Poland,228.12,10576.56
4891b8,Poland,235.7,12412.98
471d6a,Hungary,183.51,7780.02
471d6f,Hungary,75.0,693.42
3d234e,Germany,37.78,175.26
345595,Spain,123.51,1615.44
345597,Spain,5.66,
505d99,Slovakia,175.56,4244.34
8016d6,India,102.7,1181.1
38111a,France,0.0,
781b6e,China,247.04,11285.22
5001e5,San Marino,212.67,10126.98
8016bf,India,141.47,3489.96
781b80,China,231.44,12054.84
896121,United Arab Emirates,232.65,7200.9
896120,United Arab Emirates,252.58,11361.42
89610f,United Arab Emirates,225.04,11117.58
345583,Spain,234.91,10805.16
a6f04c,United States,166.3,5242.56
471d69,Hungary,164.85,4960.62
7c0b8a,Australia,5.14,
3ffa9b,Germany,27.34,
e49caa,Brazil,261.77,11925.3
471d63,Hungary,102.35,960.12
e49cab,Brazil,77.51,228.6
471d61,Hungary,6.17,
471d66,Hungary,238.33,11216.64
471d64,Hungary,205.09,11879.58
471d65,Hungary,7.2,
84715c,Japan,148.14,2956.56
3d494a,Germany,77.73,5334.0
3d494c,Germany,70.94,6012.18
471d70,Hungary,224.67,11757.66
a3c8d1,United States,0.06,
471d5a,Hungary,148.53,2148.84
471d5b,Hungary,259.5,11544.3
471d5e,Hungary,73.16,53.34
471d5c,Hungary,260.12,11506.2
34554d,Spain,57.77,1455.42
847183,Japan,7.72,
8003e2,India,220.02,5524.5
8003e3,India,265.07,11102.34
3d1005,Germany,77.77,373.38
3d7cc7,Germany,86.74,1303.02
4784c2,Norway,236.82,11742.42
704729,Myanmar,92.57,
344216,Spain,230.46,9898.38
344217,Spain,139.9,3299.46
344218,Spain,9.77,
344213,Spain,91.07,1470.66
7cb05e,Australia,143.25,5981.7
7cb066,Australia,182.24,5775.96
7cb063,Australia,12.86,
801805,India,3.6,
7c607c,Australia,96.32,2819.4
e4a4c7,Brazil,243.78,12603.48
a1272f,United States,251.59,11109.96
a988f0,United States,265.65,11468.1
8a05d5,Indonesia,124.71,1668.78
a12710,United States,214.21,5600.7
a12711,United States,238.77,11041.38
7cb058,Australia,162.04,7345.68
89617a,United Arab Emirates,149.53,3124.2
738102,Israel,235.25,13319.76
738100,Israel,254.21,12291.06
896199,United Arab Emirates,270.57,11811.0
896190,United Arab Emirates,260.15,13060.68
896194,United Arab Emirates,278.02,11506.2
896192,United Arab Emirates,235.58,11650.98
896191,United Arab Emirates,245.87,12938.76
4a3121,Romania,233.61,10500.36
4a3122,Romania,242.32,8039.1
3c4b23,Germany,0.0,
8a05ac,Indonesia,150.66,2720.34
8a05ab,Indonesia,263.19,12245.34
a12778,United States,245.09,11833.86
a988d0,United States,83.75,1828.8
a24757,United States,234.6,13205.46
801835,India,193.72,5280.66
896174,United Arab Emirates,255.36,11285.22
a4c2ad,United States,78.2,891.54
896179,United Arab Emirates,0.77,
896178,United Arab Emirates,278.9,11384.28
80182f,India,236.56,11422.38
80182d,India,238.88,10294.62
80183b,India,203.48,8915.4
a735c9,United States,87.38,1234.44
896187,United Arab Emirates,249.0,12694.92
896186,United Arab Emirates,245.57,12016.74
896185,United Arab Emirates,253.64,12283.44
896184,United Arab Emirates,242.02,12687.3
a12750,United States,231.29,11704.32
c07a0f,Canada,3.34,
a12756,United States,79.74,365.76
a12758,United States,194.71,4640.58
40690a,United Kingdom,170.51,3307.08
40690c,United Kingdom,212.01,6179.82
801816,India,129.19,2796.54
781b38,China,242.44,11452.86
80180b,India,234.2,11757.66
80180e,India,171.97,8206.74
505d58,Slovakia,236.22,11993.88
801828,India,225.22,11993.88
45218e,Bulgaria,2.83,
a52aa2,United States,95.07,3314.7
3d46e3,Germany,0.9,
a3b771,United States,131.38,4472.94
3c00af,Germany,236.69,7581.9
47b12e,Norway,5.66,
ab5bb1,United States,251.78,11292.84
39dd41,France,239.02,5196.84
39dd40,France,139.93,4213.86
a77dae,United States,244.15,11361.42
a12797,United States,251.43,11925.3
ac351f,United States,53.35,129.54
a1277b,United States,166.66,5699.76
386d7d,France,34.07,708.66
3d20a4,Germany,55.45,1104.9
7c755d,Australia,97.66,3901.44
500141,San Marino,243.46,10309.86
452164,Bulgaria,78.04,1280.16
452165,Bulgaria,221.76,11026.14
73947f,Israel,57.15,
8a03f4,Indonesia,226.51,10386.06
abbee3,United States,90.03,1135.38
a8db5a,United States,119.55,1668.78
440184,Austria,220.18,6393.18
478787,Norway,50.95,350.52
452153,Bulgaria,165.57,3299.46
a7bb77,United States,0.0,
45213d,Bulgaria,243.62,10347.96
440175,Austria,207.55,8321.04
47878c,Norway,162.22,4320.54
440172,Austria,130.5,2979.42
47878d,Norway,139.43,2971.8
a39af6,United States,149.53,4503.42
452144,Bulgaria,231.38,10104.12
452186,Bulgaria,203.68,5859.78
478772,Norway,260.25,10881.36
39dd58,France,110.01,5562.6
39dd57,France,117.1,2720.34
300a9d,Italy,96.0,792.48
452179,Bulgaria,232.02,11650.98
39dd53,France,240.95,11148.06
ada520,United States,66.76,1668.78
452172,Bulgaria,262.47,10393.68
a53dac,United States,8.23,
00a018,South Africa,25.21,83.82
440195,Austria,198.58,11765.28
3c5c46,Germany,166.31,4709.16
8a03ad,Indonesia,95.82,502.92
440191,Austria,219.6,11536.68
452169,Bulgaria,236.8,11216.64
478777,Norway,73.77,662.94
471dbd,Hungary,204.7,7757.16
471dbe,Hungary,200.53,8976.36
45caa8,Denmark,234.07,11247.12
47873f,Norway,242.82,11399.52
ab5c99,United States,228.5,9959.34
471dbc,Hungary,241.13,11605.26
47873a,Norway,146.63,4945.38
471dba,Hungary,233.15,10485.12
440132,Austria,172.59,3512.82
44012f,Austria,288.77,12199.62
452113,Bulgaria,238.32,11590.02
471dc1,Hungary,281.1,10866.12
a8a785,United States,278.49,11041.38
45cab9,Denmark,271.69,10706.1
440128,Austria,200.33,11239.5
440126,Austria,20.54,609.6
4bd8cd,Turkey,145.68,1996.44
4bd8cc,Turkey,222.36,11620.5
8a0536,Indonesia,170.56,2537.46
440122,Austria,97.94,8374.38
a126c4,United States,238.17,11041.38
8a051c,Indonesia,245.12,11384.28
452142,Bulgaria,217.54,11582.4
acdf9a,United States,249.05,10614.66
e4a526,Brazil,203.4,11856.72
300a62,Italy,136.6,1478.28
300a63,Italy,201.55,5966.46
440159,Austria,3.6,
403170,United Kingdom,44.64,586.74
471daf,Hungary,238.5,11681.46
471dad,Hungary,242.14,11711.94
471db6,Hungary,232.31,10523.22
471db7,Hungary,255.07,10957.56
471db5,Hungary,229.81,11818.62
4bd8c9,Turkey,206.02,10515.6
452124,Bulgaria,206.92,4770.12
471db3,Hungary,261.91,11597.64
300a6d,Italy,60.37,1021.08
452122,Bulgaria,225.22,7155.18
471db0,Hungary,209.62,11330.94
4bb2b2,Turkey,183.42,10637.52
a1ac1a,United States,200.71,11407.14
8a0509,Indonesia,67.91,266.7
4bb2aa,Turkey,219.05,10972.8
4bb2ab,Turkey,228.04,10736.58
84d622,Japan,237.57,8831.58
8018dd,India,246.11,11049.0
a96412,United States,277.02,10355.58
7c0bbb,Australia,82.36,1097.28
7020a3,Bangladesh,63.17,434.34
a1bf3a,United States,255.67,11689.08
7c7534,Australia,54.8,106.68
7020ae,Bangladesh,134.83,2034.54
300a53,Italy,47.39,419.1
4bb2ad,Turkey,211.99,10965.18
300a54,Italy,46.04,518.16
682276,Mongolia,147.21,4267.2
478714,Norway,73.71,662.94
7020b8,Bangladesh,146.83,
7020b4,Bangladesh,237.93,10386.06
ab6ea5,United States,2.31,
39a90b,France,80.77,1394.46
440117,Austria,228.99,11993.88
a52aed,United States,253.75,11544.3
7020bc,Bangladesh,129.85,4411.98
8018c9,India,102.01,
4bb2a1,Turkey,189.98,10538.46
4bb2a2,Turkey,181.84,10066.02
e49bfc,Brazil,117.28,2194.56
e49bfd,Brazil,76.67,807.72
8018be,India,224.49,10378.44
4069b3,United Kingdom,183.13,12557.76
846020,Japan,228.67,7475.22
4bb2a5,Turkey,208.37,10820.4
39a864,France,64.17,1943.1
c81a02,New Zealand,40.64,480.06
4bb1e4,Turkey,222.87,12131.04
781c6f,China,231.8,10751.82
4bb1e1,Turkey,212.7,12626.34
8004e0,India,258.45,12344.4
8004df,India,76.86,220.98
a27c78,United States,206.53,12512.04
a603b0,United States,244.38,6979.92
781c99,China,99.99,960.12
adc9b6,United States,261.03,10614.66
8017f2,India,221.09,9464.04
4892c0,Poland,206.72,11826.24
4bb1c5,Turkey,211.08,11879.58
4892c5,Poland,208.46,10820.4
34569a,Spain,219.76,11932.92
39320e,France,58.97,1303.02
c04738,Canada,3.6,
4892c7,Poland,205.21,11414.76
4892c6,Poland,259.11,11696.7
a460d1,United States,230.63,11628.12
896209,United Arab Emirates,266.61,9784.08
34568c,Spain,252.83,11498.58
896213,United Arab Emirates,266.28,10736.58
896212,United Arab Emirates,232.09,11551.92
345698,Spain,4.63,
884215,Thailand,188.59,10119.36
345691,Spain,243.14,10553.7
896217,United Arab Emirates,234.92,11635.74
896214,United Arab Emirates,254.6,10088.88
8a0576,Indonesia,195.01,3771.9
8a0577,Indonesia,261.11,9525.0
89620f,United Arab Emirates,261.59,10888.98
89620d,United Arab Emirates,205.61,7124.7
884202,Thailand,249.57,9441.18
345687,Spain,88.5,1059.18
884205,Thailand,189.4,4312.92
7380c1,Israel,3.09,
7380c0,Israel,307.74,11490.96
7380c6,Israel,246.22,12618.72
7380c4,Israel,9.26,
00b2e1,South Africa,53.57,1706.88
7380c3,Israel,249.92,12557.76
393249,France,52.46,1211.58
7380c8,Israel,262.16,11041.38
344341,Spain,258.14,11567.16
ab00ba,United States,32.1,838.2
7380cb,Israel,218.19,12489.18
7380ca,Israel,252.66,12313.92
ab00d6,United States,272.11,12016.74
7380cc,Israel,227.19,
ae1f56,United States,45.37,
ae1f53,United States,44.02,1661.16
471e5e,Hungary,187.42,11346.18
801913,India,227.08,12329.16
80190f,India,230.9,11148.06
a76c79,United States,243.55,11262.36
8a04aa,Indonesia,193.76,5593.08
8a04ab,Indonesia,195.94,5913.12
4785c1,Norway,3.86,
345646,Spain,189.39,8724.9
345642,Spain,87.03,
345643,Spain,214.39,11155.68
345645,Spain,210.12,10477.5
0d136c,Mexico,218.05,11963.4
a9d9f7,United States,135.63,1303.02
87cd04,Japan,100.31,1325.88
781c0d,China,178.2,8763.0
801908,India,243.32,12085.32
3c4a02,Germany,153.36,1562.1
3c4a01,Germany,223.49,8069.58
a3a509,United States,0.0,
7c617e,Australia,77.17,594.36
840a7c,Japan,158.98,3589.02
a8dc45,United States,254.41,10713.72
34560d,Spain,224.8,11643.36
3e557d,Germany,175.16,7063.74
aa90a0,United States,230.95,10119.36
345615,Spain,212.73,4869.18
345612,Spain,234.64,11239.5
781c40,China,165.0,5699.76
39dd03,France,154.15,3528.06
a1288b,United States,260.14,10774.68
39dd04,France,0.0,
39dd01,France,214.04,12161.52
89625b,United Arab Emirates,177.33,4869.18
781c3e,China,136.84,5158.74
e49c5a,Brazil,75.4,815.34
c045f1,Canada,270.47,11567.16
c07b42,Canada,261.13,11978.64
a1286c,United States,242.8,8183.88
781c64,China,191.61,7482.84
a6e327,United States,159.48,4290.06
800793,India,237.49,10805.16
4079f6,United Kingdom,241.2,10812.78
4079f7,United Kingdom,245.2,5935.98
abe101,United States,258.21,10005.06
7c636f,Australia,58.79,1264.92
3451cd,Spain,140.38,3467.1
3451d4,Spain,159.26,3032.76
3ae5ff,France,10.8,
4bb264,Turkey,227.15,10477.5
3d7b22,Germany,75.64,601.98
00979b,South Africa,70.03,1783.08
8962d0,United Arab Emirates,198.93,5882.64
73828b,Israel,5.92,
02010d,Morocco,13.38,
a7167f,United States,0.0,
4079d0,United Kingdom,116.03,1242.06
a45353,United States,279.51,11224.26
4079d3,United Kingdom,0.0,
020111,Morocco,255.07,10828.02
a6d00b,United States,228.12,11948.16
ad7ab8,United States,236.8,11330.94
506cde,Slovenia,197.22,11871.96
3d7b2a,Germany,105.81,2697.48
4bb245,Turkey,192.51,10965.18
45dacf,Denmark,295.21,10988.04
020105,Morocco,82.93,662.94
a70356,United States,229.12,13205.46
4bb27a,Turkey,236.08,11330.94
4066fa,United Kingdom,71.99,251.46
4bb299,Turkey,217.11,10965.18
738285,Israel,231.15,11361.42
738284,Israel,189.45,5052.06
738289,Israel,195.05,7208.52
4bb296,Turkey,206.46,9121.14
4bb293,Turkey,233.58,11353.8
4bb294,Turkey,225.88,8313.42
a5d623,United States,252.59,11338.56
4bb290,Turkey,6.17,
a95609,United States,108.44,1379.22
4bb28f,Turkey,234.18,9677.4
abf486,United States,93.52,8740.14
44cdcf,Belgium,234.87,11742.42
44cdce,Belgium,244.88,11391.9
44cdcd,Belgium,166.07,4236.72
a4c98f,United States,218.8,9799.32
4bb275,Turkey,216.62,6682.74
4bb276,Turkey,169.8,4038.6
4bb273,Turkey,179.19,3619.5
4bb272,Turkey,237.57,12001.5
a095b4,United States,141.14,3131.82
4bb270,Turkey,233.62,11369.04
4bb26e,Turkey,251.99,11833.86
4079fa,United Kingdom,56.0,510.54
4bb26b,Turkey,219.72,8054.34
4066ce,United Kingdom,228.86,11818.62
4bb279,Turkey,251.22,11247.12
4066d0,United Kingdom,225.88,11437.62
4bb289,Turkey,82.77,1249.68
c06e45,Canada,231.19,13205.46
4bb287,Turkey,217.86,11026.14
4bb285,Turkey,236.45,9890.76
4bb283,Turkey,244.86,10957.56
4bb281,Turkey,240.89,10911.84
896409,United Arab Emirates,271.88,11536.68
896406,United Arab Emirates,234.43,12771.12
44cdc9,Belgium,238.08,10203.18
44cdc8,Belgium,202.76,10142.22
896411,United Arab Emirates,245.49,12473.94
44cdd1,Belgium,88.04,800.1
44cdd0,Belgium,13.38,
a26e4a,United States,105.44,937.26
e065d3,Argentina,226.27,11849.1
44cdca,Belgium,232.12,11041.38
89640c,United Arab Emirates,67.91,
a01b80,United States,214.61,10104.12
7c7601,Australia,96.33,
467714,Finland,5.66,
a0f8f9,United States,240.2,11864.34
c038aa,Canada,136.69,1783.08
c038a7,Canada,252.7,10988.04
4b0d41,Switzerland,47.96,1653.54
c038a3,Canada,243.31,12222.48
020140,Morocco,222.84,12390.12
00e79d,South Africa,50.97,327.66
02012c,Morocco,253.93,12054.84
4bb1a2,Turkey,258.38,12679.68
840ac6,Japan,0.0,
4079a9,United Kingdom,147.13,5280.66
020124,Morocco,67.0,297.18
7c764d,Australia,71.26,434.34
404187,United Kingdom,67.24,487.68
506cae,Slovenia,163.73,5974.08
345281,Spain,47.85,274.32
a25b4d,United States,75.11,419.1
a8dff1,United States,253.56,11361.42
8a0841,Indonesia,113.13,2301.24
84c43e,Japan,9.26,
ac142e,United States,273.92,12946.38
34525a,Spain,7.78,1005.84
506cb0,Slovenia,181.86,4815.84
020145,Morocco,138.6,2400.3
8005f4,India,255.7,
345388,Spain,159.98,2590.8
c0131f,Canada,136.17,5859.78
8005ef,India,267.24,11734.8
780a64,China,261.39,9532.62
acab0e,United States,160.64,3528.06
344043,Spain,0.0,
acbe34,United States,276.85,11064.24
e8060b,Chile,197.87,9311.64
e80620,Chile,193.09,5570.22
896383,United Arab Emirates,241.64,11361.42
895058,Brunei Darussalam,5.14,
32007b,Italy,48.24,1021.08
34535a,Spain,249.56,10546.08
a835c5,United States,232.3,10904.22
85d098,Japan,176.51,3764.28
780a6f,China,7.72,
346690,Spain,234.13,9136.38
acbe63,United States,231.26,10454.64
346692,Spain,228.13,11102.34
e8061d,Chile,0.77,
46b2b8,Greece,229.6,8900.16
a09702,United States,72.26,266.7
e8061b,Chile,200.4,8663.94
780a89,China,249.12,9509.76
896353,United Arab Emirates,169.04,4770.12
780a7b,China,258.33,13083.54
345359,Spain,117.85,990.6
346689,Spain,191.68,4206.24
a5c2ea,United States,234.2,12260.58
780a7e,China,244.14,13014.96
780a95,China,133.09,1927.86
3dddd1,Germany,44.25,670.56
780a93,China,245.5,13319.76
e8062c,Chile,1.54,
4d03c0,Luxembourg,242.59,10607.04
780a99,China,179.37,3566.16
780a97,China,260.97,10126.98
739602,Israel,95.37,967.74
406703,United Kingdom,73.35,655.32
739605,Israel,128.43,4229.1
0083ec,South Africa,178.32,5920.74
739604,Israel,100.63,2514.6
4bb0f9,Turkey,263.85,12771.12
884342,Thailand,124.25,4808.22
405455,United Kingdom,239.42,11193.78
4bb0f6,Turkey,226.8,12733.02
44ce79,Belgium,208.5,3444.24
44ce78,Belgium,226.13,10081.26
405457,United Kingdom,166.65,3337.56
405456,United Kingdom,229.45,11109.96
44ce77,Belgium,169.32,4846.32
44ce76,Belgium,101.01,1104.9
44ce6c,Belgium,11.83,
896326,United Arab Emirates,267.61,10081.26
32002e,Italy,52.9,152.4
40676a,United Kingdom,201.28,6507.48
4bb0ed,Turkey,265.52,12984.48
44ce6f,Belgium,8.52,83.82
4bb0ea,Turkey,281.52,12748.26
780a9e,China,172.33,3947.16
89631c,United Arab Emirates,73.0,365.76
780a9b,China,7.2,
02019d,Morocco,217.78,11757.66
02019b,Morocco,242.85,10782.3
02019a,Morocco,251.63,12618.72
0096c6,South Africa,152.97,4724.4
34530e,Spain,251.98,11529.06
34530c,Spain,241.04,12557.76
896306,United Arab Emirates,291.26,10210.8
88434a,Thailand,61.01,464.82
88434b,Thailand,143.37,
346648,Spain,240.51,11361.42
a4b5df,United States,120.56,1165.86
44ce61,Belgium,90.1,1112.52
346649,Spain,202.24,9418.32
346644,Spain,237.47,10111.74
345313,Spain,198.8,5913.12
345314,Spain,276.23,11536.68
4bb0e8,Turkey,251.62,12687.3
406753,United Kingdom,5.14,
406752,United Kingdom,212.35,11064.24
4bb0e3,Turkey,1.29,
44ce66,Belgium,7.46,
406754,United Kingdom,228.63,11277.6
4bb0e4,Turkey,236.23,10942.32
896315,United Arab Emirates,254.81,10736.58
896317,United Arab Emirates,264.88,11033.76
44ce72,Belgium,197.31,5821.68
31e009,Italy,55.15,1082.04
0200fb,Morocco,245.62,12016.74
6832a3,Kazakhstan,275.77,12131.04
4b1ec1,Switzerland,100.7,2956.56
0200ef,Morocco,255.14,10111.74
a38dd8,United States,230.9,11490.96
0200ec,Morocco,259.99,10911.84
6832b4,Kazakhstan,259.58,11910.06
34660d,Spain,160.43,4998.72
34660f,Spain,88.9,990.6
0200f8,Morocco,245.32,12016.74
34660b,Spain,244.34,11361.42
346613,Spain,229.66,11460.48
346612,Spain,249.1,10622.28
4ab821,Sweden,258.73,11338.56
4ab822,Sweden,213.27,10988.04
4ab823,Sweden,197.65,6141.72
4ab824,Sweden,78.4,106.68
4ab825,Sweden,220.64,11506.2
781d39,China,206.05,11529.06
506e18,Slovenia,51.49,1409.7
780a16,China,250.59,12397.74
3b19ff,France,8.75,
4688c2,Greece,66.72,1348.74
ae537e,United States,72.24,441.96
780a0d,China,4.37,
89639e,United Arab Emirates,232.88,12694.92
780a0e,China,0.0,
506e32,Slovenia,77.93,3878.58
80073a,India,256.99,13075.92
781d50,China,205.96,5654.04
4bb209,Turkey,230.11,11018.52
89639b,United Arab Emirates,247.17,12923.52
4bb203,Turkey,223.57,11041.38
4bb210,Turkey,127.87,2827.02
0200ae,Morocco,243.89,10393.68
4bb20a,Turkey,208.56,10812.78
47c039,Norway,53.01,236.22
e48fcb,Brazil,230.86,11346.18
506e1d,Slovenia,49.43,510.54
780a35,China,253.18,10789.92
506e1c,Slovenia,57.12,1600.2
4bb20e,Turkey,0.9,
4bb20b,Turkey,242.48,8496.3
6832c5,Kazakhstan,241.41,
780a2b,China,238.53,7642.86
895059,Brunei Darussalam,149.41,1844.04
780a44,China,224.37,10447.02
800733,India,150.76,2842.26
a13af4,United States,2.83,
e48fb6,Brazil,227.13,12321.54
780a3f,China,239.69,12893.04
780a3a,China,243.94,11719.56
800736,India,256.16,13045.44
a07176,United States,262.48,12649.2
a07177,United States,249.91,11765.28
800739,India,272.02,10850.88
8a07ad,Indonesia,66.49,121.92
780a57,China,228.38,8221.98
505b0e,Slovakia,62.26,2735.58
780a58,China,147.36,2865.12
800741,India,260.13,12397.74
8830ed,Thailand,225.45,8648.7
008339,South Africa,47.43,1363.98
8a0700,Indonesia,233.19,9128.76
a63dff,United States,0.0,
8830f6,Thailand,230.16,
841ebc,Japan,115.63,1935.48
8830f7,Thailand,227.72,8656.32
8830f3,Thailand,206.4,6766.56
4bb145,Turkey,201.41,6164.58
c013d0,Canada,259.58,10736.58
4bb143,Turkey,184.61,4411.98
8963f3,United Arab Emirates,243.46,12633.96
8963f2,United Arab Emirates,282.21,9151.62
8963f7,United Arab Emirates,269.59,12115.8
8963f4,United Arab Emirates,239.26,12313.92
489228,Poland,215.62,10325.1
489226,Poland,89.65,701.04
4bb108,Turkey,241.36,11628.12
4bb105,Turkey,4.89,
4bb103,Turkey,252.16,13258.8
00834b,South Africa,210.3,9258.3
489229,Poland,204.01,11650.98
8963eb,United Arab Emirates,250.52,12047.22
7cfaae,Australia,29.93,716.28
7cfaad,Australia,32.61,754.38
8963f9,United Arab Emirates,2.83,
48088f,Kingdom of the Netherlands,10.91,83.82
480889,Kingdom of the Netherlands,58.28,83.82
a119af,United States,0.0,
489224,Poland,225.36,12283.44
489223,Poland,217.51,11841.48
489222,Poland,247.6,11658.6
489221,Poland,221.13,12009.12
750068,Malaysia,43.21,
3d7a23,Germany,94.08,480.06
8963d5,United Arab Emirates,233.63,11414.76
3f727c,Germany,214.72,10378.44
8963d2,United Arab Emirates,253.97,10751.82
3452c9,Spain,243.92,10789.92
484ee4,Kingdom of the Netherlands,210.86,12222.48
3452c7,Spain,186.59,6667.5
484ee5,Kingdom of the Netherlands,239.02,11468.1
8963d8,United Arab Emirates,240.87,11498.58
a479b2,United States,255.95,12313.92
39a5e7,France,196.03,9791.7
8963e0,United Arab Emirates,258.2,11757.66
8963e6,United Arab Emirates,231.09,12877.8
8963da,United Arab Emirates,236.81,11650.98
4bb187,Turkey,241.65,10081.26
4bb188,Turkey,261.42,11071.86
4bb181,Turkey,173.09,4206.24
a226c5,United States,245.04,11993.88
4bb182,Turkey,218.29,12298.68
8963e9,United Arab Emirates,247.55,11003.28
8963b2,United Arab Emirates,215.37,7399.02
8963b1,United Arab Emirates,243.93,12321.54
3465d8,Spain,239.02,11155.68
4bb149,Turkey,270.6,10820.4
3465d4,Spain,221.53,12778.74
3955f3,France,50.06,601.98
4bb154,Turkey,248.18,8161.02
4bb150,Turkey,222.48,11010.9
8963b7,United Arab Emirates,217.44,12367.26
8963b5,United Arab Emirates,248.31,9311.64
e06611,Argentina,6.69,
4bb14e,Turkey,145.18,1424.94
4bb14c,Turkey,210.92,11628.12
4bb14b,Turkey,269.48,11551.92
3c6d43,Germany,277.27,10264.14
4bb159,Turkey,262.14,11064.24
467892,Finland,102.48,647.7
467893,Finland,150.68,7330.44
4067f6,United Kingdom,197.94,4617.72
8007b0,India,241.79,10431.78
a213bd,United States,149.78,3246.12
4bb19a,Turkey,256.41,12344.4
a4b6b6,United States,0.0,
4ac9e2,Sweden,211.21,11910.06
4ac9e3,Sweden,9.77,
4ac9e5,Sweden,255.26,11856.72
4ac9e6,Sweden,249.75,11536.68
4ac9e7,Sweden,120.2,2446.02
89651a,United Arab Emirates,68.87,487.68
a466c3,United States,9.26,
89652a,United Arab Emirates,57.5,312.42
896536,United Arab Emirates,242.46,11666.22
a4c9f8,United States,212.49,10142.22
4ac9f2,Sweden,133.46,3413.76
4ac9f3,Sweden,1.54,
4ac9f5,Sweden,227.18,11780.52
4ac9f8,Sweden,180.38,5775.96
89652d,United Arab Emirates,220.71,
89652b,United Arab Emirates,77.76,617.22
478512,Norway,135.5,6918.96
a37c1c,United States,228.69,6225.54
8a075c,Indonesia,66.94,373.38
a4ec28,United States,77.59,342.9
896502,United Arab Emirates,0.0,
4b1f4d,Switzerland,45.88,579.12
a083cb,United States,129.57,1973.58
7c0da7,Australia,54.79,266.7
4bb199,Turkey,10.29,
47c0fd,Norway,48.69,251.46
020072,Morocco,271.33,12146.28
4bb18d,Turkey,217.48,8793.48
896514,United Arab Emirates,227.57,9563.1
4bb18a,Turkey,144.79,3009.9
4bb18b,Turkey,252.14,10294.62
896513,United Arab Emirates,244.08,10096.5
896512,United Arab Emirates,0.9,
896517,United Arab Emirates,249.3,
02005a,Morocco,240.27,12237.72
781cd7,China,244.42,11742.42
a98ace,United States,45.97,4465.32
e064cb,Argentina,235.09,11475.72
a0c0ea,United States,228.95,10233.66
781cdf,China,233.8,11384.28
47c0d9,Norway,11.32,
7c776f,Australia,195.39,5951.22
4ac9ec,Sweden,107.93,1333.5
68332a,Kazakhstan,203.1,11003.28
4ac9ee,Sweden,142.71,2278.38
846250,Japan,226.26,12923.52
34538d,Spain,4.37,
4ac9fa,Sweden,227.39,11536.68
345398,Spain,227.38,
8007e4,India,75.36,2339.34
008396,South Africa,55.86,1143.0
89647c,United Arab Emirates,148.17,3192.78
89647d,United Arab Emirates,276.86,11369.04
4d02b1,Luxembourg,106.08,6225.54
896497,United Arab Emirates,201.72,9738.36
c05ab2,Canada,206.48,3962.4
780b7d,China,252.56,11780.52
4d02c4,Luxembourg,224.23,12816.84
3defb7,Germany,52.02,281.94
4d02c1,Luxembourg,220.08,8686.8
a0851b,United States,259.69,12473.94
780b8d,China,178.61,5532.12
e48ef2,Brazil,102.89,1508.76
0095de,South Africa,55.68,1089.66
344157,Spain,207.54,6858.0
344158,Spain,194.56,9959.34
aa70b1,United States,145.73,2095.5
6831e7,Kazakhstan,251.57,10454.64
4783cc,Norway,108.56,929.64
344156,Spain,205.15,9639.3
484f80,Kingdom of the Netherlands,133.52,1775.46
3e0fef,Germany,59.13,746.76
89645b,United Arab Emirates,271.52,12679.68
4ab5f9,Sweden,29.4,236.22
896475,United Arab Emirates,130.04,1866.9
89646b,United Arab Emirates,253.94,11391.9
a440c0,United States,227.21,11559.54
896479,United Arab Emirates,248.47,11338.56
a9b9e3,United States,258.14,11955.78
896482,United Arab Emirates,252.87,12283.44
4d02a5,Luxembourg,48.16,480.06
484f76,Kingdom of the Netherlands,65.62,396.24
a46828,United States,7.2,
a4ec3a,United States,223.66,11490.96
39567c,France,31.14,320.04
40688b,United Kingdom,295.25,11506.2
40688e,United Kingdom,223.54,12725.4
896452,United Arab Emirates,94.03,944.88
89643f,United Arab Emirates,221.16,6454.14
89643e,United Arab Emirates,99.29,1623.06
020092,Morocco,204.26,11719.56
406897,United Kingdom,0.0,220.98
02007d,Morocco,221.36,11704.32
896465,United Arab Emirates,220.64,5859.78
a693aa,United States,242.34,11887.2
3c7fd3,Germany,15.43,
89644f,United Arab Emirates,276.47,10927.08
484f50,Kingdom of the Netherlands,107.37,1851.66
89644e,United Arab Emirates,240.41,10363.2
a0e869,United States,95.6,1386.84
a5d6f9,United States,260.61,10965.18
505a88,Slovakia,59.15,304.8
4d02e1,Luxembourg,219.49,9121.14
a3cc88,United States,0.0,
a2281f,United States,129.13,5196.84
4d02dc,Luxembourg,92.1,6156.96
a573ec,United States,248.29,8862.06
ad20f4,United States,240.69,11986.26
4d02e3,Luxembourg,140.39,6278.88
89642d,United Arab Emirates,74.49,198.12
4d02da,Luxembourg,129.3,7764.78
39b96a,France,47.18,1409.7
458c34,Denmark,63.56,
781e1f,China,189.61,4709.16
ac0196,United States,280.92,9707.88
781e32,China,249.95,11727.18
aa9830,United States,258.58,12893.04
ab19df,United States,214.41,10096.5
a3484e,United States,248.42,11971.02
a1087a,United States,237.15,6934.2
a14efd,United States,45.8,114.3
781e3f,China,146.57,1722.12
484f06,Kingdom of the Netherlands,252.32,7414.26
a58873,United States,258.84,10477.5
a2bec7,United States,255.62,11902.44
750111,Malaysia,123.8,1775.46
ab3c0d,United States,162.31,3238.5
84c3fc,Japan,227.86,12047.22
a25bb7,United States,221.29,11513.82
8a06cc,Indonesia,55.36,320.04
46a199,Greece,60.5,586.74
aa9801,United States,248.06,11986.26
e06542,Argentina,0.0,
c012ed,Canada,270.03,11529.06
8a06d0,Indonesia,68.78,144.78
738443,Israel,219.71,9715.5
780b42,China,198.15,4960.62
7c62c9,Australia,27.31,121.92
406814,United Kingdom,191.68,5212.08
738447,Israel,5.66,
738444,Israel,245.2,12009.12
738448,Israel,252.2,11056.62
781e82,China,247.11,9380.22
a44238,United States,268.26,11117.58
3d3358,Germany,34.82,358.14
7cfb00,Australia,46.01,929.64
89649d,United Arab Emirates,90.94,960.12
c2b5b7,Canada,179.35,8930.64
740732,Jordan,246.86,11041.38
a4b827,United States,262.53,11978.64
780b5b,China,187.14,4732.02
781e8c,China,194.52,5859.78
a44213,United States,274.09,11582.4
a44212,United States,258.93,11170.92
780b73,China,217.11,10401.3
a44214,United States,266.63,11056.62
3a2e24,France,245.96,10713.72
4040f3,United Kingdom,51.78,563.88
3965a3,France,272.16,12108.18
3965a0,France,98.09,1287.78
840caf,Japan,226.12,12595.86
aad213,United States,246.98,10332.72
841ff4,Japan,0.0,
3965a9,France,68.14,449.58
e48f72,Brazil,0.0,
4bb025,Turkey,183.01,4503.42
aa2bc4,United States,238.83,10698.48
3965b2,France,260.43,12062.46
008697,South Africa,219.58,10424.16
840cd2,Japan,89.73,792.48
3475da,Spain,213.75,11818.62
a76df1,United States,233.19,12816.84
c023c7,Canada,260.32,13075.92
e48f38,Brazil,124.03,5814.06
00b031,South Africa,172.28,4983.48
485ecd,Kingdom of the Netherlands,233.39,9105.9
a4c79b,United States,120.54,1173.48
c023aa,Canada,225.97,10165.08
3475d6,Spain,7.84,739.14
3475d5,Spain,236.06,10645.14
a0817f,United States,4.02,91.44
a5c127,United States,245.09,11346.18
8964f1,United Arab Emirates,70.39,655.32
4064bb,United Kingdom,234.97,11795.76
3475c9,Spain,252.7,10645.14
ac6bf2,United States,197.59,9631.68
8964df,United Arab Emirates,63.76,914.4
e80496,Chile,202.48,5105.4
4bb055,Turkey,226.6,7063.74
4bb056,Turkey,144.81,2225.04
8964ee,United Arab Emirates,58.07,1120.14
e80493,Chile,248.13,12237.72
3c49c8,Germany,252.94,8359.14
aae597,United States,8.23,
3952ad,France,45.69,358.14
a129dc,United States,247.39,10706.1
3c49cc,Germany,242.46,12146.28
8964fb,United Arab Emirates,165.94,3352.8
8964fa,United Arab Emirates,259.59,10363.2
4bb067,Turkey,221.31,11612.88
3c49d5,Germany,188.42,11643.36
8964fe,United Arab Emirates,272.03,11323.32
4bb063,Turkey,231.12,10850.88
008656,South Africa,140.42,8046.72
e48f9d,Brazil,185.53,6355.08
4077e0,United Kingdom,242.55,11361.42
3965ab,France,220.58,11277.6
8964d1,United Arab Emirates,235.66,11734.8
3965af,France,231.88,9829.8
3965ad,France,260.23,9974.58
4bb029,Turkey,200.16,6560.82
4bb026,Turkey,228.94,10401.3
a4c757,United States,55.93,586.74
8964e1,United Arab Emirates,253.96,11216.64
8964e0,United Arab Emirates,46.97,220.98
847628,Japan,250.62,13243.56
8964e2,United Arab Emirates,233.95,10911.84
8964cf,United Arab Emirates,238.41,12298.68
a64dd1,United States,94.95,967.74
c036b1,Canada,247.89,11551.92
781f47,China,97.16,1127.76
896643,United Arab Emirates,244.7,11109.96
0085a0,South Africa,52.56,2415.54
4c8097,Cyprus,112.12,1607.82
781dac,China,149.61,2910.84
a94156,United States,0.0,
3ddc76,Germany,2.77,548.64
3ddc74,Germany,53.29,777.24
34508c,Spain,67.4,3550.92
4c808c,Cyprus,8.75,
4c808f,Cyprus,139.01,1714.5
c02494,Canada,0.0,
a15f85,United States,79.3,548.64
a14c53,United States,88.94,617.22
88596d,Thailand,240.33,11033.76
40655b,United Kingdom,169.36,6728.46
40788c,United Kingdom,98.96,4602.48
00b089,South Africa,234.14,8686.8
a080b8,United States,257.98,10637.52
aaf804,United States,204.08,12184.38
781dd7,China,227.72,9761.22
780aa6,China,214.43,11475.72
780aa3,China,245.39,11239.5
e8045e,Chile,170.19,3307.08
a39f0d,United States,221.47,10264.14
780aa2,China,236.19,9311.64
496c87,Portugal,4.63,
896623,United Arab Emirates,196.79,3893.82
896622,United Arab Emirates,0.0,
896627,United Arab Emirates,236.45,13563.6
896626,United Arab Emirates,257.3,13022.58
780aa8,China,236.28,11536.68
3e50f3,Germany,229.57,9448.8
484c9b,Kingdom of the Netherlands,202.78,11841.48
4bb073,Turkey,202.71,11300.46
a9a41f,United States,84.15,2567.94
e80473,Chile,253.98,12222.48
4bb074,Turkey,252.59,9906.0
39b5d5,France,212.14,6377.94
e8046f,Chile,270.68,12954.0
780ab3,China,10.8,
4c8083,Cyprus,45.46,998.22
ab1839,United States,219.72,10530.84
4c8085,Cyprus,101.02,792.48
780ab8,China,0.0,
780ab9,China,260.67,11437.62
aaf828,United States,222.44,6286.5
0085b8,South Africa,125.12,2948.94
896642,United Arab Emirates,246.63,11772.9
40653d,United Kingdom,117.04,1882.14
3952e7,France,56.36,670.56
4c8090,Cyprus,237.44,12001.5
8008c3,India,227.23,8755.38
484c97,Kingdom of the Netherlands,83.82,982.98
89662e,United Arab Emirates,78.1,403.86
346398,Spain,206.92,11887.2
780ac8,China,267.68,12207.24
896607,United Arab Emirates,225.7,12115.8
346390,Spain,274.31,12489.18
a9675d,United States,243.29,10050.78
346391,Spain,245.92,11468.1
4ab5d0,Sweden,8.75,
4ab5d2,Sweden,6.69,
896604,United Arab Emirates,258.5,11788.14
896603,United Arab Emirates,197.31,5478.78
4ab5d5,Sweden,93.85,685.8
780ad1,China,202.9,6103.62
780ad9,China,238.26,8549.64
7c7891,Australia,5.92,
896618,United Arab Emirates,274.37,11071.86
346384,Spain,255.49,12519.66
a27f7f,United States,276.33,11910.06
896615,United Arab Emirates,237.94,8709.66
e8040c,Chile,237.64,12031.98
4b1e44,Switzerland,64.23,982.98
4b1e45,Switzerland,70.12,1920.24
4b1e47,Switzerland,46.81,2537.46
7c788d,Australia,66.79,76.2
89660c,United Arab Emirates,232.53,11407.14
345041,Spain,258.71,9326.88
345042,Spain,237.82,9768.84
3e0f95,Germany,66.38,640.08
7c7887,Australia,255.74,10774.68
3e0f93,Germany,8.76,449.58
34768d,Spain,260.82,8930.64
4a52e4,Romania,30.39,739.14
780add,China,4.89,
4a52e9,Romania,1.8,
484c5a,Kingdom of the Netherlands,249.41,10904.22
780ade,China,147.21,2468.88
34768c,Spain,217.52,7932.42
885963,Thailand,198.59,6111.24
40658a,United Kingdom,187.63,7482.84
4ac8da,Sweden,249.48,12405.36
4ab5aa,Sweden,53.42,518.16
347692,Spain,267.73,10302.24
347691,Spain,226.88,5539.74
4780ba,Norway,138.41,2926.08
780aeb,China,225.82,9761.22
347690,Spain,82.43,541.02
e80442,Chile,129.54,1234.44
e48f03,Brazil,232.08,12283.44
4780c7,Norway,188.6,6103.62
e80444,Chile,4.37,
e80443,Chile,231.14,11094.72
4ab5c7,Sweden,49.94,1562.1
3008d6,Italy,55.0,541.02
484c54,Kingdom of the Netherlands,6.94,
3008d7,Italy,46.01,1211.58
485f84,Kingdom of the Netherlands,253.55,10325.1
a369ee,United States,1.03,
484c53,Kingdom of the Netherlands,208.91,6347.46
89659d,United Arab Emirates,213.8,6423.66
8a09f0,Indonesia,152.01,4244.34
05a09f,Maldives,136.8,7010.4
89659b,United Arab Emirates,267.25,12451.08
aa93c9,United States,258.22,12252.96
e48dc1,Brazil,213.95,12321.54
a210e9,United States,31.11,358.14
3009c5,Italy,189.87,4594.86
8a09e4,Indonesia,144.56,4358.64
400ea8,United Kingdom,39.34,518.16
40780d,United Kingdom,142.06,2346.96
461f9d,Finland,239.76,7231.38
461f6c,Finland,252.66,11254.74
8a09be,Indonesia,149.98,3162.3
c06aac,Canada,260.55,10492.74
896597,United Arab Emirates,269.27,
e06491,Argentina,230.14,11856.72
48af0c,Poland,190.1,11818.62
48af0d,Poland,220.33,11871.96
740826,Jordan,212.68,12573.0
740825,Jordan,263.25,12923.52
39c912,France,0.0,
740828,Jordan,263.68,8709.66
740827,Jordan,272.98,11102.34
740822,Jordan,244.84,13228.32
3009b2,Italy,119.71,1546.86
345107,Spain,73.27,281.94
3009b6,Italy,241.75,10858.5
3b4bff,France,0.0,
345108,Spain,227.46,10645.14
3009b4,Italy,207.37,9601.2
e80407,Chile,196.83,7010.4
3009b8,Italy,164.35,3032.76
600854,Azerbaijan,224.19,10355.58
345101,Spain,256.03,9037.32
406544,United Kingdom,218.88,10736.58
345102,Spain,110.86,1470.66
400ef1,United Kingdom,30.87,457.2
48af07,Poland,206.56,11734.8
406540,United Kingdom,234.48,9791.7
48af05,Poland,206.3,11788.14
400ee9,United Kingdom,51.19,807.72
461f67,Finland,241.58,11483.34
48af01,Poland,212.36,9806.94
461f69,Finland,131.97,2179.32
44cc43,Belgium,70.94,594.36
406539,United Kingdom,194.87,6263.64
461f64,Finland,63.73,144.78
44cc42,Belgium,196.77,9166.86
44cc41,Belgium,245.71,11666.22
461f65,Finland,226.12,10340.34
8a09a5,Indonesia,67.74,396.24
8a09a1,Indonesia,148.63,3375.66
8a09a2,Indonesia,68.38,320.04
461f62,Finland,208.64,6248.4
89656a,United Arab Emirates,230.99,11811.0
406532,United Kingdom,169.8,5715.0
44cc48,Belgium,226.22,12108.18
89656e,United Arab Emirates,262.64,11308.08
44cc47,Belgium,9.26,
44cc46,Belgium,239.73,11894.82
44cc45,Belgium,89.32,1447.8
44cc44,Belgium,171.27,2110.74
896582,United Arab Emirates,257.59,11079.48
896586,United Arab Emirates,248.58,11148.06
896585,United Arab Emirates,249.07,10782.3
89656f,United Arab Emirates,274.95,10728.96
600851,Azerbaijan,234.03,10698.48
39c940,France,273.66,9235.44
a76f43,United States,269.88,10477.5
89653b,United Arab Emirates,128.22,2118.36
abf0c7,United States,261.01,8481.06
7500c8,Malaysia,155.3,4808.22
7c7800,Australia,252.29,11414.76
781eb8,China,128.37,2682.24
7c7807,Australia,137.27,1287.78
400ec6,United Kingdom,41.0,1607.82
40650b,United Kingdom,129.75,2042.16
7c7805,Australia,141.44,3291.84
4b9910,Turkey,217.33,11544.3
89653e,United Arab Emirates,259.84,10858.5
400eaf,United Kingdom,42.5,525.78
400eb4,United Kingdom,60.17,807.72
400eb3,United Kingdom,36.7,1325.88
40782b,United Kingdom,93.72,1173.48
407838,United Kingdom,227.19,11369.04
407837,United Kingdom,233.61,11353.8
4063de,United Kingdom,212.9,6545.58
461f0d,Finland,246.42,12595.86
780c0f,China,217.09,7620.0
ae7797,United States,143.18,8618.22
8964c3,United Arab Emirates,259.96,7208.52
4b991a,Turkey,241.14,11856.72
8964c0,United Arab Emirates,268.39,9883.14
461f39,Finland,212.66,11628.12
461f35,Finland,268.81,9890.76
461f30,Finland,136.52,1028.7
4b990d,Turkey,245.61,11155.68
4b990b,Turkey,76.05,601.98
4076ed,United Kingdom,242.43,11864.34
4b2fd9,Switzerland,53.52,1897.38
4063c3,United Kingdom,197.87,11216.64
a15ebc,United States,0.51,
4076dd,United Kingdom,229.45,11750.04
8964a0,United Arab Emirates,266.75,11635.74
75021f,Malaysia,259.44,11087.1
4076e5,United Kingdom,0.0,
4076e2,United Kingdom,12.35,
4076e3,United Kingdom,246.64,10332.72
4076e8,United Kingdom,267.09,12618.72
781f83,China,7.72,
43bf42,United Kingdom,16.98,
750222,Malaysia,220.87,7292.34
447c25,Austria,11.83,
491139,Portugal,0.0,
8964a7,United Arab Emirates,275.13,10980.42
76cc66,Singapore,180.66,8221.98
8964a6,United Arab Emirates,252.31,10431.78
ab5f1b,United States,245.9,11224.26
76cc74,Singapore,203.69,6957.06
76cc76,Singapore,216.51,6240.78
750210,Malaysia,218.44,11422.38
780c5c,China,267.97,9479.28
76cc6a,Singapore,96.6,1348.74
76cc6c,Singapore,150.86,4312.92
4050dc,United Kingdom,42.56,990.6
780c79,China,143.41,4076.7
3d5898,Germany,113.32,8641.08
47947c,Norway,19.55,
76cc82,Singapore,254.64,11460.48
a700ac,United States,245.67,11963.4
750206,Malaysia,202.63,7414.26
a9ec06,United States,262.19,10546.08
780c6e,China,96.8,1264.92
780c6c,China,167.58,3421.38
76cc7a,Singapore,251.05,12405.36
a14bdd,United States,281.12,12085.32
aa3f8f,United States,72.14,662.94
4b8654,Turkey,82.19,3116.58
47945c,Norway,228.62,12573.0
484ac1,Kingdom of the Netherlands,32.41,381.0
48adac,Poland,9.77,
a14bf6,United States,70.25,2887.98
4ab566,Sweden,131.66,4777.74
4ab568,Sweden,137.27,4183.38
4ab569,Sweden,146.76,5135.88
8a0949,Indonesia,215.63,11369.04
3c48f0,Germany,198.08,7178.04
3c48f1,Germany,224.65,11163.3
4b8566,Turkey,222.1,12466.32
399c15,France,0.0,
3c48e8,Germany,67.32,525.78
507cb2,Uzbekistan,226.82,12100.56
3c48ea,Germany,234.31,10995.66
478363,Norway,133.21,5577.84
4b1bcc,Switzerland,48.57,1028.7
478362,Norway,115.78,2133.6
4078c9,United Kingdom,35.04,693.42
49130e,Portugal,207.66,12291.06
49130f,Portugal,102.2,2956.56
507ca9,Uzbekistan,194.27,11666.22
a8350b,United States,130.02,3817.62
491316,Portugal,220.11,11247.12
4078ae,United Kingdom,209.66,10812.78
3859dc,France,53.3,2042.16
846444,Japan,155.81,5257.8
840df8,Japan,264.81,11391.9
484cc3,Kingdom of the Netherlands,181.76,5135.88
4078b8,United Kingdom,245.48,6263.64
484cbb,Kingdom of the Netherlands,263.94,10972.8
e48e0a,Brazil,233.58,12001.5
4ab556,Sweden,139.49,5753.1
484cb7,Kingdom of the Netherlands,63.89,45.72
8a0918,Indonesia,185.34,
a0e59f,United States,135.85,3200.4
4ab561,Sweden,97.43,2781.3
4ab562,Sweden,106.53,2796.54
a33243,United States,0.06,
4ab563,Sweden,153.08,5219.7
4ab564,Sweden,133.82,5958.84
76cd03,Singapore,155.74,5547.36
76cd05,Singapore,173.07,5501.64
8832ea,Thailand,146.24,3939.54
76cd06,Singapore,202.18,6294.12
76cd10,Singapore,5.66,
4078fd,United Kingdom,145.02,4213.86
76cd13,Singapore,239.56,11841.48
acbccc,United States,0.0,
76cd15,Singapore,258.67,12999.72
e48e94,Brazil,242.88,9121.14
4078fe,United Kingdom,0.0,
7c78ac,Australia,8.23,
7c78ab,Australia,241.8,11483.34
76cd19,Singapore,72.36,83.82
76cd0e,Singapore,286.03,12352.02
75027e,Malaysia,224.29,8321.04
7c78ae,Australia,3.09,
75027d,Malaysia,77.05,594.36
7c78ad,Australia,0.06,
aa2ca9,United States,241.96,9715.5
8832cf,Thailand,129.13,1996.44
4078eb,United Kingdom,41.27,
7c78a8,Australia,198.43,6126.48
4078ef,United Kingdom,239.44,11315.7
8965f2,United Arab Emirates,219.26,10370.82
a5d51c,United States,1.03,
44ccc8,Belgium,243.47,8199.12
44ccc6,Belgium,224.48,6469.38
4078f8,United Kingdom,4.37,
7c78b4,Australia,0.06,
7c78b3,Australia,151.1,7299.96
4ab592,Sweden,65.34,800.1
7c78b0,Australia,9.77,
4078f0,United Kingdom,245.56,11209.02
3cce03,Germany,239.79,9364.98
009893,South Africa,141.01,3657.6
4d0247,Luxembourg,232.82,12885.42
75025f,Malaysia,250.95,11780.52
44ccd0,Belgium,0.0,
75025b,Malaysia,134.13,3253.74
780d37,China,5.66,
a82281,United States,225.85,7787.64
7c530f,Australia,1.29,
7c5324,Australia,1.54,
780ba8,China,179.91,4411.98
4d028d,Luxembourg,230.58,11948.16
7c5320,Australia,225.61,12329.16
781ed7,China,71.52,
781eca,China,228.28,11407.14
461fbd,Finland,0.0,
473fa1,Hungary,76.83,4251.96
780bb6,China,271.11,10088.88
600803,Azerbaijan,3.75,
600804,Azerbaijan,202.18,11628.12
780bb9,China,243.75,11932.92
84b495,Japan,173.45,4488.18
7c530e,Australia,160.98,7528.56
7c530c,Australia,111.44,2362.2
8a099c,Indonesia,55.03,350.52
e8033b,Chile,239.04,11201.4
780bc6,China,204.02,6675.12
461fa7,Finland,4.89,
461fa3,Finland,149.02,1950.72
aa7082,United States,274.7,11483.34
7c5305,Australia,7.2,
896743,United Arab Emirates,221.29,12047.22
461fa0,Finland,131.03,1821.18
461fa1,Finland,239.21,11041.38
7c5301,Australia,0.0,
896746,United Arab Emirates,211.53,6888.48
40666c,United Kingdom,151.64,1600.2
40666b,United Kingdom,224.5,11696.7
c81e27,New Zealand,234.1,11376.66
40799c,United Kingdom,155.53,2369.82
7c5307,Australia,96.86,1257.3
40799b,United Kingdom,212.41,11719.56
780bd4,China,138.85,3291.84
ab5fc9,United States,273.09,11917.68
40665f,United Kingdom,243.01,11750.04
4d0281,Luxembourg,137.42,7780.02
780be0,China,149.22,4953.0
461faa,Finland,181.52,3710.94
8a0987,Indonesia,127.15,2019.3
780bf1,China,194.7,5455.92
780bf2,China,230.45,7924.8
7c668f,Australia,91.38,1630.68
aae627,United States,141.26,5143.5
89671d,United Arab Emirates,231.66,12329.16
8a096f,Indonesia,220.01,7475.22
7c5351,Australia,77.54,480.06
7c5357,Australia,2.31,
872742,Japan,144.18,2941.32
84b451,Japan,201.32,6972.3
896741,United Arab Emirates,235.81,12291.06
896740,United Arab Emirates,218.61,12283.44
8a0970,Indonesia,216.48,6301.74
89672f,United Arab Emirates,256.4,10454.64
a8ded6,United States,255.19,11750.04
896707,United Arab Emirates,228.89,12786.36
a2bd48,United States,215.06,6804.66
8a095b,Indonesia,134.99,2407.92
70aa6f,Nepal,238.38,11109.96
c01276,Canada,142.88,1272.54
3009e0,Italy,55.6,2933.7
896718,United Arab Emirates,252.92,11727.18
346488,Spain,282.48,
c01266,Canada,241.0,8793.48
3009dc,Italy,47.87,3055.62
405385,United Kingdom,32.77,320.04
896714,United Arab Emirates,272.98,10401.3
84b473,Japan,229.38,12298.68
40403f,United Kingdom,57.56,1264.92
c81e79,New Zealand,119.66,3368.04
89670b,United Arab Emirates,72.96,342.9
40660e,United Kingdom,211.36,12230.1
0201a4,Morocco,266.42,12542.52
0201a3,Morocco,192.49,7734.3
460d8a,Finland,0.0,
40660c,United Kingdom,227.38,11978.64
345250,Spain,239.46,8953.5
407943,United Kingdom,290.84,12085.32
40792e,United Kingdom,243.13,10835.64
45da61,Denmark,4.63,
345248,Spain,3.34,
345249,Spain,165.86,2941.32
407930,United Kingdom,88.76,579.12
e49fb6,Brazil,198.85,11788.14
aa94be,United States,145.97,2499.36
c0121e,Canada,262.24,11445.24
0201c0,Morocco,260.69,10416.54
a967ae,United States,0.0,
e49fb4,Brazil,233.04,12588.24
0201b5,Morocco,171.55,3299.46
894059,Bahrain,95.75,891.54
a4ea6f,United States,15.23,99.06
34654b,Spain,265.66,10881.36
407913,United Kingdom,227.07,11742.42
407914,United Kingdom,243.56,11879.58
781fb3,China,153.85,5326.38
7501fa,Malaysia,258.86,12702.54
407993,United Kingdom,264.64,11353.8
407994,United Kingdom,251.7,9258.3
406666,United Kingdom,0.0,
406669,United Kingdom,231.39,11696.7
406668,United Kingdom,220.25,10043.16
896689,United Arab Emirates,221.21,11567.16
896688,United Arab Emirates,247.78,6438.9
45da04,Denmark,68.3,2834.64
44cd64,Belgium,43.73,1005.84
44cd63,Belgium,53.92,1546.86
345218,Spain,160.1,4114.8
345215,Spain,201.47,6812.28
345212,Spain,232.3,10866.12
a5e7d5,United States,25.13,91.44
896699,United Arab Emirates,220.59,11292.84
ae64ab,United States,15.65,220.98
407981,United Kingdom,56.08,289.56
4d00d0,Luxembourg,150.35,7879.08
40796c,United Kingdom,223.48,11932.92
40796a,United Kingdom,210.57,9685.02
4d00c3,Luxembourg,252.59,8016.24
40796e,United Kingdom,209.37,11605.26
345207,Spain,152.8,3520.44
459d6e,Denmark,240.78,11551.92
86e036,Japan,254.06,12999.72
3d570d,Germany,45.32,121.92
400fdb,United Kingdom,183.84,3307.08
896668,United Arab Emirates,202.56,6004.56
a3ca43,United States,75.53,190.5
7501e4,Malaysia,256.86,9784.08
a10614,United States,269.39,11140.44
400fe3,United Kingdom,130.23,1295.4
ac5a73,United States,234.49,11330.94
a10611,United States,135.71,2004.06
89665d,United Arab Emirates,233.46,8282.94
ad7a5f,United States,244.15,11925.3
400fe2,United Kingdom,104.04,1371.6
896679,United Arab Emirates,311.32,12252.96
400fe0,United Kingdom,232.32,8999.22
34650f,Spain,39.3,891.54
76ccc9,Singapore,271.48,9837.42
39a407,France,52.27,419.1
407959,United Kingdom,231.03,12611.1
346516,Spain,225.43,11871.96
a0e600,United States,267.3,9944.1
e0b392,Argentina,0.0,
c010ea,Canada,252.58,10904.22
4d00ee,Luxembourg,149.7,3009.9
76cd49,Singapore,4.12,
8965d2,United Arab Emirates,226.76,12131.04
8965d1,United Arab Emirates,229.87,10347.96
8965d0,United Arab Emirates,81.09,22.86
8832b1,Thailand,207.06,6423.66
8965d7,United Arab Emirates,244.19,10134.6
7c77f8,Australia,234.43,7284.72
4d00ed,Luxembourg,232.13,12092.94
7c77f5,Australia,0.0,
7c77f4,Australia,255.95,8221.98
a39fe4,United States,0.0,
748051,Lebanon,124.24,1981.2
447d29,Austria,62.13,487.68
8965ce,United Arab Emirates,86.02,266.7
8965cc,United Arab Emirates,245.11,10469.88
780d52,China,219.26,6499.86
447d23,Austria,46.85,457.2
a99d89,United States,78.79,822.96
4b8508,Turkey,30.15,556.26
748026,Lebanon,102.19,1021.08
8832d6,Thailand,186.48,4130.04
4d00d7,Luxembourg,162.78,7757.16
4d00d6,Luxembourg,143.28,7833.36
4d00d9,Luxembourg,134.42,3108.96
8965b2,United Arab Emirates,223.41,12199.62
152078,Russian Federation,3.86,
4d00ca,Luxembourg,145.12,7559.04
a9da1b,United States,144.87,6797.04
8965b6,United Arab Emirates,221.44,12969.24
76cd77,Singapore,131.16,1988.82
4d00de,Luxembourg,206.99,11666.22
8965c2,United Arab Emirates,84.53,30.48
8965c1,United Arab Emirates,243.04,12283.44
8965c0,United Arab Emirates,0.0,
4d00f1,Luxembourg,217.5,11330.94
4d00f3,Luxembourg,230.37,11041.38
4d00f2,Luxembourg,242.24,12641.58
4d00e8,Luxembourg,211.12,6614.16
780d76,China,188.62,4411.98
3c49b1,Germany,233.31,12291.06
4d00dc,Luxembourg,205.97,10881.36
4d00db,Luxembourg,222.59,12115.8
a0d374,United States,253.31,10728.96
15200c,Russian Federation,245.36,10675.62
152013,Russian Federation,81.21,
152011,Russian Federation,27.63,1021.08
c010a8,Canada,200.57,8420.1
75031a,Malaysia,208.93,5433.06
15201c,Russian Federation,213.5,9654.54
0201d3,Morocco,265.97,10279.38
c023e4,Canada,218.44,11948.16
152028,Russian Federation,28.37,1691.64
780d8a,China,231.74,8237.22
8965a3,United Arab Emirates,74.94,480.06
15202e,Russian Federation,258.4,11292.84
7c77ff,Australia,258.92,11666.22
15202b,Russian Federation,39.83,9403.08
894097,Bahrain,288.44,11384.28
894094,Bahrain,238.46,11460.48
894098,Bahrain,269.76,11689.08
a0f99e,United States,259.73,11925.3
8a08e9,Indonesia,223.4,7551.42
4b1bad,Switzerland,57.34,1310.64
4aa205,Sweden,29.29,
152052,Russian Federation,211.71,11018.52
8a08e0,Indonesia,93.24,1287.78
15203b,Russian Federation,242.85,12428.22
15203a,Russian Federation,244.54,11414.76
152045,Russian Federation,203.85,9113.52
89906b,Taiwan,201.61,8237.22
46bc38,Greece,5.4,
89906e,Taiwan,94.59,1066.8
a0cfbd,United States,274.46,11170.92
a9f7dd,United States,52.39,845.82
899088,Taiwan,251.12,9738.36
a7da2a,United States,264.59,10546.08
899082,Taiwan,146.31,2194.56
c1e98d,Canada,0.13,
89907d,Taiwan,252.65,11369.04
89907c,Taiwan,249.19,10607.04
ac52ff,United States,247.47,11795.76
a32fa7,United States,267.87,11727.18
899096,Taiwan,142.82,3162.3
c1e96e,Canada,5.4,
89904e,Taiwan,83.87,457.2
89904f,Taiwan,237.18,11117.58
a7da65,United States,162.92,3688.08
3b776d,France,204.28,9738.36
c0405a,Canada,240.36,11727.18
89905b,Taiwan,211.75,8877.3
04016d,Ethiopia,230.57,11049.0
c04052,Canada,189.87,11932.92
a64924,United States,243.14,12984.48
89905c,Taiwan,210.03,9791.7
899076,Taiwan,90.12,1531.62
899070,Taiwan,149.52,2781.3
a0cfb6,United States,237.7,11254.74
899071,Taiwan,168.8,
89902f,Taiwan,243.94,11452.86
4bcd86,Turkey,222.72,12184.38
4bcd85,Turkey,0.0,
89902c,Taiwan,228.05,11041.38
4bcd83,Turkey,0.0,
4bcd82,Turkey,132.29,2667.0
4bcd81,Turkey,229.55,11993.88
89902a,Taiwan,203.94,6835.14
899040,Taiwan,235.02,8077.2
a18ce8,United States,240.85,11650.98
706214,Kuwait,247.32,10477.5
4ca4ea,Ireland,264.41,11277.6
4409fd,Austria,44.18,746.76
4ca4f5,Ireland,226.27,11841.48
a3861f,United States,1.03,
4ca4f4,Ireland,178.2,6789.42
706213,Kuwait,146.79,3322.32
4ca4f8,Ireland,186.37,8130.54
04014c,Ethiopia,212.86,7185.66
c1e973,Canada,6.69,
899059,Taiwan,171.99,3558.54
040159,Ethiopia,221.47,8808.72
a874a4,United States,0.0,
49d3af,Czech Republic,128.0,5882.64
4ca4f2,Ireland,213.55,10980.42
899058,Taiwan,0.32,
899053,Taiwan,77.91,373.38
49d3ac,Czech Republic,158.69,3482.34
78150c,China,238.46,11468.1
89900e,Taiwan,2.31,
44f6a3,Belgium,51.35,
899027,Taiwan,210.88,6576.06
70620e,Kuwait,239.96,11811.0
899028,Taiwan,229.15,8572.5
7c0616,Australia,40.36,213.36
899023,Taiwan,212.81,9616.44
899025,Taiwan,51.44,
899020,Taiwan,261.04,9631.68
040123,Ethiopia,243.36,12710.16
040122,Ethiopia,244.43,
780204,China,230.02,9372.6
498493,Czech Republic,51.88,594.36
89901a,Taiwan,101.07,419.1
49d3d5,Czech Republic,207.37,9532.62
49d3d3,Czech Republic,77.8,167.64
780205,China,243.03,12268.2
781537,China,0.0,
899039,Taiwan,5.14,
c0799e,Canada,227.31,12252.96
899031,Taiwan,138.59,1440.18
498489,Czech Republic,36.01,
406f7c,United Kingdom,288.97,12420.6
aaab08,United States,269.74,11925.3
406f7b,United Kingdom,78.71,647.7
406f86,United Kingdom,208.94,11673.84
7813b5,China,75.39,701.04
3c8481,Germany,172.28,11087.1
406f87,United Kingdom,255.89,9997.44
3c8483,Germany,147.27,11193.78
e48950,Brazil,157.05,3230.88
a75634,United States,257.23,11658.6
a5bfda,United States,98.8,2453.64
3e010d,Germany,59.73,556.26
486491,Kingdom of the Netherlands,241.84,11864.34
a3999e,United States,7.72,
a3866a,United States,223.49,11422.38
486495,Kingdom of the Netherlands,241.13,11209.02
486493,Kingdom of the Netherlands,212.06,11071.86
486494,Kingdom of the Netherlands,182.66,4526.28
406f72,United Kingdom,246.18,12252.96
49d3ec,Czech Republic,71.14,1021.08
a7563a,United States,246.95,11612.88
a32ffe,United States,108.25,922.02
49844c,Czech Republic,73.7,815.34
486483,Kingdom of the Netherlands,68.98,190.5
4ca4ef,Ireland,224.35,11582.4
4ca4ed,Ireland,189.88,11894.82
4ca4ec,Ireland,223.32,10812.78
7800a8,China,183.21,5440.68
c07966,Canada,216.04,6438.9
498446,Czech Republic,105.98,2621.28
448182,Belgium,3.09,
3e140f,Germany,60.36,403.86
4aaca9,Sweden,69.97,1455.42
485123,Kingdom of the Netherlands,138.42,670.56
7800ba,China,7.72,
abde5b,United States,245.91,9425.94
a7da5f,United States,250.25,11361.42
a6492f,United States,274.95,11460.48
44818d,Belgium,3.09,
3c1aeb,Germany,208.35,8122.92
89909d,Taiwan,247.55,12938.76
502daa,Latvia,208.03,11201.4
502dac,Latvia,247.65,10881.36
448145,Belgium,7.2,
c051e4,Canada,228.44,10454.64
49d504,Czech Republic,43.58,480.06
502dae,Latvia,229.09,10927.08
a7302f,United States,190.97,6035.04
486403,Kingdom of the Netherlands,9.16,106.68
502db4,Latvia,213.53,10233.66
a06e35,United States,244.86,11041.38
448163,Belgium,12.86,
3e39e2,Germany,87.8,792.48
50840a,Ukraine,252.69,11711.94
448154,Belgium,7.72,
508429,Ukraine,254.74,12336.78
aa6cfa,United States,242.84,7787.64
3e0172,Germany,61.33,571.5
8881db,Viet Nam,227.77,11430.0
383d47,France,54.82,662.94
394a00,France,243.44,9517.38
394a03,France,255.69,11338.56
394a02,France,236.64,7909.56
394a01,France,261.13,10561.32
3e0175,Germany,60.57,289.56
394a09,France,167.94,4861.56
a1cb0f,United States,255.49,11772.9
4ca570,Ireland,219.04,11635.74
8881d7,Viet Nam,240.11,10797.54
394a12,France,186.07,7581.9
4ca565,Ireland,228.01,10706.1
4ca564,Ireland,229.17,9227.82
49d563,Czech Republic,221.42,11452.86
a9961b,United States,232.42,10393.68
8881f4,Viet Nam,234.27,10462.26
8881f2,Viet Nam,222.85,11148.06
780212,China,257.27,10111.74
406df5,United Kingdom,85.23,2141.22
49d56e,Czech Republic,0.0,
49d56d,Czech Republic,70.03,662.94
394a42,France,51.03,495.3
3c70ca,Germany,141.05,2575.56
899000,Taiwan,252.75,12077.7
5082ef,Ukraine,223.72,11650.98
406de6,United Kingdom,17.77,91.44
04022c,Ethiopia,68.75,327.66
5082f0,Ukraine,73.05,152.4
a3c2d5,United States,246.09,12275.82
899016,Taiwan,221.1,10287.0
406dce,United Kingdom,137.44,2286.0
a1de8d,United States,222.98,10431.78
780236,China,219.81,12649.2
781565,China,84.16,822.96
4ca56d,Ireland,231.95,12108.18
4ca56c,Ireland,245.55,11529.06
78022e,China,5.92,
78155f,China,209.74,8450.58
4ca56a,Ireland,253.96,11422.38
a622bc,United States,164.98,3139.44
341391,Spain,128.64,1943.1
a385e3,United States,37.86,510.54
395d66,France,0.0,
4a5d2e,Romania,275.69,11597.64
06a3af,Qatar,61.39,358.14
ac5326,United States,263.66,11148.06
acb633,United States,159.08,3573.78
4aad34,Sweden,57.05,548.64
78025f,China,0.0,
78158f,China,249.72,12047.22
78025e,China,211.12,7551.42
3b63ff,France,0.0,
3c70c3,Germany,284.71,11216.64
4b34ad,Switzerland,68.16,2804.16
3c70c7,Germany,215.31,8267.7
adc319,United States,35.14,1104.9
a14700,United States,101.07,883.92
78027b,China,197.03,7559.04
ad1cde,United States,257.33,11170.92
3cd3c6,Germany,213.06,13502.64
502d10,Latvia,249.03,8641.08
4984a1,Czech Republic,74.6,
04005e,Ethiopia,203.44,12306.3
86ef28,Japan,149.78,4892.04
a0bdb4,United States,112.94,5501.64
3d1948,Germany,75.12,495.3
009e21,South Africa,263.67,10622.28
009e24,South Africa,140.51,2324.1
402926,United Kingdom,5.4,
44d1a6,Belgium,224.79,10820.4
4ba9cf,Turkey,235.73,10439.4
44d1a7,Belgium,244.73,11666.22
4ba9ca,Turkey,233.66,12397.74
89916d,Taiwan,133.41,2255.52
71c015,Republic of Korea,210.74,10965.18
71c013,Republic of Korea,78.22,190.5
4ba9e8,Turkey,211.17,11170.92
4ba9e7,Turkey,213.48,12435.84
06a377,Qatar,100.6,1089.66
4ba9e9,Turkey,200.49,12275.82
44d1b3,Belgium,241.64,12070.08
06a375,Qatar,218.02,9654.54
71c011,Republic of Korea,248.49,10104.12
845f9f,Japan,99.99,1074.42
502d23,Latvia,267.52,10721.34
89917f,Taiwan,75.49,662.94
04004c,Ethiopia,238.62,9425.94
502d0d,Latvia,194.96,10424.16
502d0f,Latvia,152.85,5250.18
502d0e,Latvia,173.59,3284.22
71c003,Republic of Korea,70.93,38.1
71c004,Republic of Korea,200.52,6164.58
402901,United Kingdom,42.92,388.62
4ba9f5,Turkey,0.0,
502d29,Latvia,210.86,8679.18
502d28,Latvia,265.55,11102.34
89914d,Taiwan,106.6,1943.1
89914b,Taiwan,59.54,243.84
406fda,United Kingdom,213.95,10332.72
a2a428,United States,38.03,213.36
502d59,Latvia,189.07,6553.2
502d58,Latvia,3.34,
47a7a8,Norway,238.65,10888.98
502d44,Latvia,245.94,11010.9
ab4840,United States,219.94,9151.62
502d45,Latvia,79.08,472.44
502d3e,Latvia,253.96,10561.32
0d0760,Mexico,225.0,11963.4
502d47,Latvia,117.74,1935.48
89912e,Taiwan,261.26,9525.0
502d79,Latvia,197.52,10637.52
89912a,Taiwan,247.74,10713.72
89912d,Taiwan,98.27,1623.06
89912c,Taiwan,257.47,13205.46
a6ce7d,United States,258.87,10645.14
781649,China,239.64,11765.28
781646,China,176.49,6812.28
ab351a,United States,2.57,
a1ddbb,United States,140.44,4709.16
383dee,France,61.23,1135.38
89913c,Taiwan,91.15,1615.44
49d2b7,Czech Republic,149.58,3352.8
a875da,United States,234.97,10622.28
89913d,Taiwan,134.28,3230.88
845f72,Japan,78.9,1653.54
502d5e,Latvia,238.94,10294.62
502d5d,Latvia,217.78,11666.22
502d5f,Latvia,190.91,7970.52
3b7625,France,77.05,525.78
502d5c,Latvia,144.3,3421.38
3b7627,France,146.15,
502d5b,Latvia,204.89,9136.38
899150,Taiwan,133.68,4305.3
8990a5,Taiwan,74.78,137.16
8990a2,Taiwan,151.37,5189.22
8990a0,Taiwan,269.24,10325.1
3ce686,Germany,154.42,3893.82
3ce66f,Germany,223.59,6484.62
71c071,Republic of Korea,73.48,312.42
e48846,Brazil,247.0,14904.72
3cc006,Germany,206.68,12473.94
49d2d6,Czech Republic,102.99,3848.1
7814e8,China,239.18,11612.88
7801b7,China,207.11,5715.0
7801b2,China,240.16,11079.48
8990aa,Taiwan,222.52,9288.78
8990ad,Taiwan,160.06,3375.66
7801b0,China,146.46,2301.24
71c061,Republic of Korea,192.08,6522.72
3d067d,Germany,45.6,914.4
71c060,Republic of Korea,213.54,6492.24
0d0724,Mexico,83.38,213.36
a98408,United States,93.06,1600.2
7814de,China,250.37,11071.86
c05430,Canada,193.69,10698.48
7c4e59,Australia,68.8,2583.18
a66ac3,United States,223.3,11330.94
71c092,Republic of Korea,166.23,3848.1
71c093,Republic of Korea,189.52,3924.3
71c089,Republic of Korea,0.0,
84183d,Japan,227.6,11635.74
4a2836,Romania,48.46,426.72
71c087,Republic of Korea,177.84,4290.06
49d2ee,Czech Republic,225.27,11590.02
71c086,Republic of Korea,76.76,449.58
7801cc,China,142.6,
7801cb,China,54.68,15.24
71c038,Republic of Korea,0.0,
71c032,Republic of Korea,5.4,
06a30a,Qatar,259.93,11971.02
3dafb2,Germany,43.52,129.54
ab20e7,United States,228.06,9471.66
71c050,Republic of Korea,227.11,8823.96
c06724,Canada,250.56,10949.94
3e2649,Germany,231.86,13693.14
48520b,Kingdom of the Netherlands,240.24,12466.32
71c041,Republic of Korea,192.52,6400.8
424293,United Kingdom,217.02,12893.04
485209,Kingdom of the Netherlands,1.54,
485206,Kingdom of the Netherlands,171.34,5303.52
a06f83,United States,3.34,
479ee7,Norway,0.0,
06a2e9,Qatar,264.35,12420.6
06a2e6,Qatar,233.55,8473.44
06a2e7,Qatar,245.54,12603.48
06a2e4,Qatar,249.33,12420.6
06a2e1,Qatar,225.15,11193.78
845dee,Japan,198.27,5265.42
06a2df,Qatar,252.91,9288.78
3d4e36,Germany,4.63,
06a2f9,Qatar,275.43,10751.82
06a2f8,Qatar,255.08,12420.6
06a2f3,Qatar,4.63,
3cf8be,Germany,109.51,1905.0
06a2f2,Qatar,264.19,11841.48
502cc6,Latvia,215.12,7002.78
06a2ef,Qatar,256.86,13075.92
06a2ed,Qatar,74.59,434.34
06a2ee,Qatar,242.98,12283.44
06a2ec,Qatar,246.96,11734.8
4b8df2,Turkey,235.15,10568.94
383e33,France,57.63,640.08
4b8de5,Turkey,224.34,11650.98
49d414,Czech Republic,214.15,10828.02
3b75f6,France,151.82,7627.62
06a2ff,Qatar,277.17,11849.1
06a2fc,Qatar,286.48,11513.82
06a2fa,Qatar,255.58,11879.58
3b75f4,France,164.97,7459.98
502cce,Latvia,267.21,10317.48
a2a3b5,United States,251.62,12961.62
a2ec35,United States,234.59,11650.98
a5adfe,United States,262.64,12374.88
502ce6,Latvia,251.38,11003.28
c1e8cb,Canada,3.34,
a0bf90,United States,57.98,-22.86
502ce8,Latvia,188.87,8945.88
502ce7,Latvia,188.21,11574.78
49d428,Czech Republic,107.88,1943.1
502ce4,Latvia,202.65,10439.4
502ce3,Latvia,244.35,10782.3
49d421,Czech Republic,227.62,12115.8
49d423,Czech Republic,96.86,1729.74
49d420,Czech Republic,245.28,11757.66
49d41e,Czech Republic,130.01,2453.64
502cc8,Latvia,275.7,11513.82
a92ddf,United States,244.54,9646.92
502cc7,Latvia,246.27,10949.94
845daa,Japan,192.41,7002.78
ab8f36,United States,242.89,9738.36
502cd0,Latvia,15.43,
405d0f,United Kingdom,197.19,5562.6
3c7087,Germany,266.94,13205.46
39ae32,France,0.0,
a1cc1f,United States,250.72,11026.14
a000b8,United States,2.31,
c804ad,New Zealand,30.63,114.3
ac79d4,United States,0.0,-7.62
a266dc,United States,247.18,11338.56
c1e8d4,Canada,3.34,
3b75a8,France,230.49,8427.72
845dcc,Japan,104.23,1722.12
4ca421,Ireland,104.06,5128.26
7815e9,China,244.03,
502d95,Latvia,250.14,9121.14
3cd2d3,Germany,237.3,11742.42
4850f5,Kingdom of the Netherlands,250.27,11277.6
502d96,Latvia,181.94,7787.64
49d44e,Czech Republic,78.96,2240.28
899126,Taiwan,247.59,12717.78
899125,Taiwan,245.8,9448.8
c078ba,Canada,258.43,13106.4
89911a,Taiwan,77.82,419.1
49c12e,Czech Republic,54.87,480.06
899129,Taiwan,166.64,4023.36
899139,Taiwan,207.63,7581.9
899138,Taiwan,122.28,3238.5
502d7c,Latvia,223.95,9380.22
899133,Taiwan,264.31,10119.36
502d7b,Latvia,222.13,11445.24
899132,Taiwan,93.83,3924.3
899135,Taiwan,204.84,12672.06
502d7d,Latvia,224.63,11399.52
4850e6,Kingdom of the Netherlands,160.54,2606.04
502d7a,Latvia,254.0,10812.78
899131,Taiwan,123.47,3558.54
c078bf,Canada,125.17,1866.9
3f7b3c,Germany,120.73,1988.82
899104,Taiwan,102.36,1638.3
a54c6d,United States,240.13,12275.82
7c4cba,Australia,239.04,12374.88
49d47b,Czech Republic,48.1,449.58
845f30,Japan,247.52,9464.04
7c4cb8,Australia,23.87,0.0
502d9f,Latvia,186.81,4130.04
4863e0,Kingdom of the Netherlands,69.43,990.6
851142,Japan,137.15,2042.16
49d48f,Czech Republic,40.77,762.0
4ba9c9,Turkey,86.65,2354.58
7cf33b,Australia,2.31,
4863db,Kingdom of the Netherlands,246.29,11734.8
4ba9c4,Turkey,145.81,1630.68
add734,United States,265.33,11041.38
4850a1,Kingdom of the Netherlands,267.03,13708.38
78037b,China,356.95,11719.56
ac9ad8,United States,5.07,175.26
3b75fc,France,158.32,7315.2
a67f38,United States,223.43,9105.9
4ba9d3,Turkey,217.04,10149.84
ac9abc,United States,241.59,10797.54
405bfc,United Kingdom,137.51,3710.94
4ba9d0,Turkey,230.75,12252.96
46bc54,Greece,104.1,3505.2
46bc55,Greece,57.81,1493.52
46bc53,Greece,139.52,4549.14
3c82d1,Germany,12.0,114.3
06a2b5,Qatar,270.71,11399.52
06a2b6,Qatar,275.84,10439.4
e486c1,Brazil,75.36,891.54
4ba9a8,Turkey,7.2,
46bc4a,Greece,96.0,
46bc4e,Greece,34.98,
46bc4f,Greece,135.7,2377.44
c078ac,Canada,257.17,12984.48
06a2c6,Qatar,243.92,12077.7
7c0684,Australia,34.65,205.74
46bc49,Greece,138.51,5875.02
c078b2,Canada,209.74,6934.2
a6cf20,United States,94.75,1287.78
8511a8,Japan,218.71,11727.18
a92b38,United States,213.0,10828.02
a4f2ee,United States,249.7,11658.6
4ba8e3,Turkey,213.41,11551.92
4b8e47,Turkey,218.88,11635.74
781717,China,253.1,12435.84
86dd08,Japan,244.37,7513.32
a07dc8,United States,247.75,10896.6
4ba8f3,Turkey,279.59,11315.7
aa10c3,United States,225.56,5646.42
3b7546,France,88.62,5882.64
ae4f6d,United States,38.86,281.94
8511ca,Japan,0.0,
406d8e,United Kingdom,210.5,6477.0
781737,China,171.67,3726.18
406d92,United Kingdom,228.82,12009.12
406d90,United Kingdom,160.23,3329.94
406d95,United Kingdom,243.36,11833.86
407fc1,United Kingdom,241.48,10652.76
781742,China,233.41,10736.58
407faf,United Kingdom,200.48,8039.1
a55b49,United States,160.16,2796.54
a1574e,United States,220.64,9761.22
407fad,United Kingdom,231.04,11971.02
407fae,United Kingdom,208.16,11559.54
a55b50,United States,250.87,10721.34
407fac,United Kingdom,218.6,11963.4
ac50fa,United States,273.64,11917.68
407fa5,United Kingdom,43.23,312.42
a03765,United States,0.0,
4aab46,Sweden,7.6,144.78
c00dea,Canada,251.5,10919.46
a07dcd,United States,270.82,8862.06
aa7f65,United States,227.33,11963.4
c00dce,Canada,250.96,12352.02
486257,Kingdom of the Netherlands,12.86,
486258,Kingdom of the Netherlands,218.12,5669.28
391446,France,83.75,259.08
3e120d,Germany,54.74,320.04
3c9570,Germany,251.32,13197.84
a0baca,United States,87.97,784.86
39bdaf,France,227.59,5821.68
8991bc,Taiwan,71.52,518.16
7802c1,China,165.12,4625.34
aa7ebc,United States,260.32,11056.62
00cb84,South Africa,24.02,937.26
ad2f18,United States,227.27,12489.18
8991d7,Taiwan,239.95,8991.6
7802bf,China,199.47,5029.2
49d1b3,Czech Republic,47.12,716.28
3e1216,Germany,58.21,1028.7
4b32ff,Switzerland,51.67,967.74
abef16,United States,258.38,11087.1
39bda4,France,0.0,
c06403,Canada,158.23,3406.14
39bda6,France,199.95,7178.04
49d1c6,Czech Republic,220.35,12146.28
488895,Poland,220.2,12877.8
4ca2c9,Ireland,198.66,8923.02
39bda0,France,249.26,10751.82
7802e9,China,257.49,9547.86
4ca2c1,Ireland,254.14,11445.24
4ca2c0,Ireland,250.02,11285.22
4ca2ad,Ireland,241.26,10507.98
8991a8,Taiwan,130.92,1638.3
39bdb2,France,287.42,10949.94
39bdb4,France,0.0,
39bdb5,France,254.95,11125.2
8991b7,Taiwan,75.81,106.68
4ca2cb,Ireland,173.88,3550.92
39bdb7,France,221.29,9806.94
39bdb9,France,87.2,563.88
a56ddc,United States,278.85,11803.38
4ca2d5,Ireland,219.08,12108.18
39bda9,France,2.57,
a50126,United States,227.75,8054.34
49d1cd,Czech Republic,242.23,9448.8
4ca2bf,Ireland,248.13,11620.5
ad1c18,United States,3.86,
a992e4,United States,248.11,11056.62
405a4a,United Kingdom,241.13,11132.82
150874,Russian Federation,71.8,899.16
8511ec,Japan,201.31,7688.58
405a47,United Kingdom,234.81,11361.42
405a46,United Kingdom,184.64,4937.76
405a49,United Kingdom,1.54,
405a48,United Kingdom,6.43,
406d70,United Kingdom,255.5,13365.48
47a50d,Norway,234.4,7277.1
acfc26,United States,268.17,12031.98
a52736,United States,222.41,10828.02
c1e5e1,Canada,5.4,
406d4e,United Kingdom,3.09,
ad2f71,United States,257.53,11300.46
85120e,Japan,29.32,
a2519f,United States,0.06,
4ba956,Turkey,266.64,11399.52
503eb3,Lithuania,212.21,10355.58
3df27f,Germany,67.13,868.68
3df27d,Germany,45.84,899.16
008df3,South Africa,151.12,4838.7
a6cacb,United States,231.06,10721.34
7cf49b,Australia,6.94,
425270,United Kingdom,37.33,137.16
7816a1,China,221.56,11719.56
4b3301,Switzerland,0.0,
1506a8,Russian Federation,35.08,5547.36
4ba95a,Turkey,188.63,7109.46
4ba934,Turkey,190.04,5135.88
acc76b,United States,241.67,10614.66
4ba946,Turkey,273.17,10858.5
4ba948,Turkey,277.19,10934.7
7cf484,Australia,2.83,
7cf480,Australia,2.06,
8990e6,Taiwan,251.53,9745.98
845ebc,Japan,198.23,5052.06
4ba994,Turkey,234.22,9685.02
4ba996,Turkey,216.51,10325.1
aa6ac0,United States,132.98,7132.32
8990df,Taiwan,217.71,6286.5
8990da,Taiwan,263.72,10195.56
4ba99a,Turkey,96.73,1630.68
8990f3,Taiwan,199.19,5410.2
8990f5,Taiwan,78.42,899.16
44083c,Austria,212.12,4998.72
8990eb,Taiwan,3.09,
44083b,Austria,218.36,11513.82
7803b6,China,105.43,1577.34
8990c8,Taiwan,184.56,6461.76
8990c7,Taiwan,98.54,1371.6
8990c9,Taiwan,245.27,12908.28
4ba975,Turkey,236.6,11986.26
8990bb,Taiwan,86.94,1478.28
44086e,Austria,69.03,2994.66
8990ba,Taiwan,228.07,7467.6
a3c163,United States,0.0,
8990d5,Taiwan,266.43,10203.18
503eea,Lithuania,1.8,
8990d7,Taiwan,264.13,10424.16
8990d6,Taiwan,7.2,
a07f6a,United States,240.25,11018.52
8990cf,Taiwan,233.32,9822.18
8990ce,Taiwan,241.8,12443.46
4ca302,Ireland,203.47,6697.98
4ca301,Ireland,239.74,11010.9
8990ca,Taiwan,257.54,11727.18
4ca304,Ireland,89.3,1874.52
4ca303,Ireland,205.68,11620.5
781783,China,218.07,6446.52
4ca364,Ireland,255.76,10447.02
0d08d1,Mexico,294.68,11788.14
a3e6e0,United States,42.88,937.26
78044f,China,229.91,10302.24
781799,China,238.48,11833.86
407ed8,United Kingdom,82.83,
a526e2,United States,236.89,11338.56
aa7f24,United States,252.46,10523.22
440834,Austria,150.39,1638.3
c00e25,Canada,192.93,11338.56
c00e24,Canada,187.91,10629.9
384e7d,France,45.44,594.36
44082a,Austria,256.78,11529.06
3c1a6a,Germany,0.0,
49d369,Czech Republic,230.72,10454.64
407eb2,United Kingdom,229.91,11597.64
440825,Austria,181.98,4640.58
440823,Austria,218.77,10850.88
440822,Austria,201.94,10812.78
440820,Austria,2.31,
47a3b0,Norway,246.48,11239.5
48e9f6,Poland,257.75,11361.42
48e9f3,Poland,205.76,11894.82
48e9f2,Poland,247.22,11894.82
48e9f0,Poland,216.57,7239.0
aa7f08,United States,250.69,10728.96
45ac4f,Denmark,157.32,4411.98
c05056,Canada,182.05,10043.16
480c45,Kingdom of the Netherlands,177.13,6819.9
480c47,Kingdom of the Netherlands,229.53,10530.84
45ac54,Denmark,225.67,10454.64
4b8e04,Turkey,218.62,11521.44
3d17db,Germany,56.33,1287.78
401240,United Kingdom,203.42,8008.62
49d38c,Czech Republic,198.5,11071.86
78049f,China,196.07,5882.64
3d3a26,Germany,38.12,1242.06
7cf452,Australia,1.03,
abdaa4,United States,1.29,
407eec,United Kingdom,206.37,11468.1
a383f3,United States,175.39,3528.06
45ac32,Denmark,210.72,11102.34
45ac33,Denmark,0.0,
31d79c,Italy,6.17,
45ac50,Denmark,222.48,11788.14
e485b0,Brazil,159.96,4777.74
48e9b9,Poland,232.92,12070.08
3d4d3f,Germany,117.7,2346.96
3c81ae,Germany,7.72,
acb4e4,United States,133.59,1287.78
e4999e,Brazil,256.0,11338.56
4b44a5,Switzerland,13.53,1783.08
3d1700,Germany,0.0,381.0
780509,China,196.85,4396.74
71c223,Republic of Korea,107.5,1493.52
c0656f,Canada,2.57,
49d18d,Czech Republic,63.95,800.1
71c225,Republic of Korea,100.48,1257.3
71c220,Republic of Korea,71.34,60.96
781841,China,216.12,9471.66
479e29,Norway,69.08,662.94
71c258,Republic of Korea,227.67,12374.88
71c259,Republic of Korea,247.33,10797.54
71c251,Republic of Korea,1.8,
780522,China,221.19,8907.78
a8e9fc,United States,53.04,2049.78
781852,China,108.31,1127.76
34250a,Spain,203.9,10904.22
780525,China,198.93,5356.86
71c245,Republic of Korea,226.26,11734.8
71c246,Republic of Korea,203.73,6659.88
71c244,Republic of Korea,192.08,7155.18
71c248,Republic of Korea,192.81,5768.34
71c242,Republic of Korea,0.06,
008d4b,South Africa,80.58,617.22
39bea2,France,141.12,5791.2
adc1cb,United States,84.11,731.52
392853,France,93.72,1242.06
74482f,Jordan,192.53,5867.4
c05218,Canada,202.85,9296.4
74482d,Jordan,232.16,10728.96
74482c,Jordan,239.17,11125.2
74482a,Jordan,235.93,10881.36
48506b,Kingdom of the Netherlands,10.29,
48506d,Kingdom of the Netherlands,166.51,5410.2
48506c,Kingdom of the Netherlands,250.23,13769.34
4408df,Austria,268.07,11071.86
4408de,Austria,253.11,10492.74
4aaa4a,Sweden,22.34,167.64
4408f2,Austria,3.25,358.14
4aaa0f,Sweden,19.39,60.96
503e61,Lithuania,242.62,11666.22
781888,China,220.13,8115.3
a4080c,United States,237.79,11635.74
4408ff,Austria,269.73,11650.98
744829,Jordan,229.85,7863.84
744828,Jordan,107.39,1470.66
04024a,Ethiopia,248.05,11704.32
744826,Jordan,228.32,10797.54
71c208,Republic of Korea,250.75,10180.32
744825,Jordan,169.56,4076.7
744823,Jordan,249.4,9837.42
744822,Jordan,232.84,11049.0
744821,Jordan,247.36,11673.84
744831,Jordan,240.27,11734.8
392848,France,4.89,
485061,Kingdom of the Netherlands,66.21,373.38
a6cc45,United States,239.5,10721.34
4bca67,Turkey,5.92,
4bca64,Turkey,220.17,13098.78
4ca1c9,Ireland,270.39,10180.32
406e65,United Kingdom,6.17,
406e69,United Kingdom,231.07,9113.52
4025cd,United Kingdom,54.02,701.04
4ca1cc,Ireland,204.32,7978.14
497021,Portugal,30.29,
7803f5,China,9.26,
503cfe,Lithuania,196.77,9906.0
50801f,Ukraine,11.32,
44d068,Belgium,219.07,12344.4
c00ebb,Canada,211.66,10835.64
50801c,Ukraine,223.7,9159.24
7cf4b0,Australia,9.77,
46104c,Finland,92.81,3329.94
44d071,Belgium,217.04,11727.18
406e2e,United Kingdom,253.91,11612.88
a67bc8,United States,266.36,11049.0
44d076,Belgium,220.48,12352.02
0d0984,Mexico,175.37,4259.58
a18bf4,United States,41.03,624.84
4aaa6f,Sweden,82.03,1874.52
4ba916,Turkey,0.77,11254.74
405b6a,United Kingdom,178.08,5036.82
4ba90f,Turkey,204.6,10683.24
4ba90b,Turkey,253.66,10485.12
a740ff,United States,245.74,11003.28
4ba90d,Turkey,261.24,11559.54
71c272,Republic of Korea,258.26,9425.94
71c273,Republic of Korea,216.9,11727.18
4012da,United Kingdom,90.28,701.04
49d0e0,Czech Republic,4.89,
405b65,United Kingdom,218.45,11910.06
405b67,United Kingdom,209.88,12207.24
485000,Kingdom of the Netherlands,259.63,11094.72
a3725a,United States,265.72,11170.92
ae07f4,United States,190.15,10187.94
4ca1cd,Ireland,241.03,8191.5
71c282,Republic of Korea,68.99,137.16
3c819d,Germany,9.77,
a7424d,United States,64.31,472.44
3424d4,Spain,153.53,4404.36
0aca5f,Colombia,233.2,12039.6
3424d5,Spain,94.23,739.14
4b9ec2,Turkey,239.84,11262.36
ae087f,United States,246.63,12527.28
86efd4,Japan,185.52,7109.46
7817b6,China,244.84,10645.14
a4f59c,United States,255.6,11338.56
3f447a,Germany,128.28,1028.7
e484f9,Brazil,132.36,2903.22
adc238,United States,224.18,10698.48
a06d21,United States,36.0,960.12
86dcc4,Japan,286.02,11521.44
85134a,Japan,186.23,6515.1
aca22e,United States,3.34,
c063eb,Canada,271.68,11590.02
c1e6ca,Canada,0.9,
a05a01,United States,0.06,
a05a03,United States,284.98,12298.68
7804b5,China,249.41,8161.02
840646,Japan,128.36,6431.28
406e1b,United Kingdom,68.61,388.62
7c2a18,Australia,71.81,1219.2
a67bd3,United States,250.58,11567.16
406e0f,United Kingdom,263.61,11102.34
7804bd,China,235.34,10675.62
7804be,China,242.46,10386.06
406e11,United Kingdom,255.96,11109.96
4ba890,Turkey,206.23,12275.82
4ba893,Turkey,230.13,9906.0
7804d9,China,208.65,8260.08
7804d8,China,237.0,9784.08
8991e5,Taiwan,262.55,10492.74
8991e1,Taiwan,1.29,
aa6bc0,United States,262.96,10058.4
7804f1,China,224.65,7909.56
4ca243,Ireland,196.45,11353.8
4ca242,Ireland,204.52,11811.0
78056b,China,243.05,
407ff4,United Kingdom,228.47,11628.12
4861d4,Kingdom of the Netherlands,216.03,12976.86
4ca251,Ireland,271.32,12138.66
406cab,United Kingdom,216.9,12336.78
406caa,United Kingdom,151.98,5730.24
48b1a4,Poland,105.19,8839.2
4ca246,Ireland,232.58,11772.9
4ca245,Ireland,194.05,5135.88
4ca244,Ireland,231.41,11437.62
8418cc,Japan,34.98,
ab5867,United States,253.99,11483.34
78058a,China,125.39,1066.8
a754b5,United States,254.53,11384.28
407fcb,United Kingdom,186.88,6606.54
a42a07,United States,82.19,1524.0
407fca,United Kingdom,238.59,11269.98
4ca214,Ireland,8.23,
503e9b,Lithuania,218.79,11132.82
4ca216,Ireland,135.61,2453.64
4ca215,Ireland,196.58,5273.04
44093e,Austria,194.63,9395.46
a1dd57,United States,55.32,1760.22
4ca225,Ireland,254.02,11399.52
39ac18,France,59.8,350.52
4ca226,Ireland,208.69,12397.74
4ca280,Ireland,221.96,11727.18
49d261,Czech Republic,152.92,8930.64
49d24e,Czech Republic,56.0,571.5
86dce6,Japan,249.91,13319.76
39ac66,France,53.2,1813.56
4ca293,Ireland,57.51,91.44
342581,Spain,219.2,11132.82
4ca27b,Ireland,239.1,11049.0
4ca27a,Ireland,72.97,342.9
4ca27c,Ireland,114.61,800.1
49d275,Czech Republic,46.17,434.34
a0aa7c,United States,0.13,
4ca264,Ireland,190.57,6187.44
4ca263,Ireland,217.78,11650.98
a251f0,United States,225.46,11833.86
4ca24f,Ireland,1.54,
4ca24d,Ireland,92.95,1341.12
4ca24c,Ireland,13.38,
8a1012,Indonesia,73.37,1143.0
8a1011,Indonesia,115.23,2308.86
4ca256,Ireland,226.32,11742.42
39ac44,France,71.87,
4ca259,Ireland,200.46,7208.52
46cd38,Greece,140.23,5189.22
407fff,United Kingdom,130.05,1905.0
0d07a8,Mexico,210.44,12580.62
4ca25b,Ireland,94.55,693.42
4ca25a,Ireland,232.67,11772.9
48b06c,Poland,39.43,464.82
406b90,United Kingdom,173.12,4366.26
781946,China,0.51,
3fed6a,Germany,51.55,1257.3
71c356,Republic of Korea,193.03,4610.1
71c354,Republic of Korea,108.9,853.44
49d05b,Czech Republic,53.79,2743.2
71c357,Republic of Korea,0.0,
406b80,United Kingdom,1.54,
781952,China,230.76,12085.32
3c0936,Germany,230.74,11224.26
406b6d,United Kingdom,187.05,3954.78
407e9d,United Kingdom,50.94,342.9
406b6c,United Kingdom,7.72,
468e45,Greece,228.59,12207.24
503d00,Lithuania,266.57,10812.78
780631,China,167.51,4709.16
880c43,Thailand,224.83,8907.78
406b5c,United Kingdom,247.44,11871.96
880c48,Thailand,228.34,12405.36
406b5a,United Kingdom,92.4,952.5
880c46,Thailand,190.83,4358.64
406b5b,United Kingdom,4.37,
71c375,Republic of Korea,216.9,11079.48
a91e9a,United States,135.35,8100.06
78062e,China,146.15,
ac5829,United States,103.12,601.98
a0ade2,United States,249.73,10728.96
407e7d,United Kingdom,210.98,11170.92
407e7b,United Kingdom,241.41,11887.2
486073,Kingdom of the Netherlands,271.53,10325.1
486071,Kingdom of the Netherlands,273.17,11963.4
71c364,Republic of Korea,114.98,899.16
71c365,Republic of Korea,0.0,
3d291a,Germany,56.68,1135.38
71c361,Republic of Korea,218.91,12306.3
781986,China,251.27,11765.28
704020,Myanmar,142.01,5417.82
71c319,Republic of Korea,231.68,9265.92
a90b56,United States,30.94,358.14
78064c,China,227.19,10393.68
71c315,Republic of Korea,237.87,9608.82
71c313,Republic of Korea,137.64,2598.42
47a389,Norway,119.41,1287.78
7c810d,Australia,0.0,
71c309,Republic of Korea,103.67,2606.04
71c306,Republic of Korea,228.1,9570.72
ab120b,United States,263.6,12390.12
71c303,Republic of Korea,212.76,8183.88
70401f,Myanmar,225.93,12336.78
3f54b3,Germany,180.2,6156.96
503d47,Lithuania,232.58,5189.22
71c339,Republic of Korea,232.16,11079.48
71c333,Republic of Korea,217.86,11734.8
71c334,Republic of Korea,222.94,9113.52
78066c,China,12.86,9707.88
ac5868,United States,236.92,7391.4
71c336,Republic of Korea,86.65,662.94
06a053,Qatar,188.6,5341.62
71c328,Republic of Korea,103.32,1333.5
e49c04,Brazil,242.05,11376.66
71c327,Republic of Korea,204.31,5570.22
4405b6,Austria,208.47,10988.04
06a069,Qatar,212.75,6896.1
406b91,United Kingdom,237.0,11285.22
06a063,Qatar,256.49,10622.28
155c6c,Russian Federation,89.07,1082.04
a37765,United States,150.78,2987.04
39ceb5,France,258.53,11490.96
7cf5ec,Australia,4.37,
3420ca,Spain,211.46,6911.34
39ceb8,France,210.63,12306.3
e49aaa,Brazil,223.52,9921.24
39ceb0,France,240.87,12131.04
39ceb1,France,218.12,12573.0
407e32,United Kingdom,96.01,1821.18
47a349,Norway,149.49,4960.62
7448a7,Jordan,237.79,9669.78
7448a5,Jordan,234.85,9738.36
7cf5f1,Australia,0.51,
7448a2,Jordan,238.41,10347.96
48e979,Poland,0.51,
47a31a,Norway,9.77,
48e973,Poland,11.83,
48c310,Poland,70.49,1295.4
a4d483,United States,208.96,7109.46
39ceaa,France,236.94,13152.12
39ceab,France,216.03,12039.6
acb9ea,United States,240.97,8854.44
48e95f,Poland,212.1,12100.56
48e95e,Poland,236.19,10264.14
48e95d,Poland,186.25,11353.8
48e95c,Poland,110.48,1287.78
7cf5e0,Australia,8.23,
48e95a,Poland,164.19,5448.3
a2dadf,United States,193.12,5593.08
abcf7f,United States,245.87,12070.08
48e959,Poland,221.85,11605.26
48e958,Poland,214.29,10287.0
39cea6,France,222.29,9951.72
c03121,Canada,54.44,1226.82
39cea7,France,220.48,11719.56
a8fda9,United States,198.15,4526.28
39cea8,France,217.62,9646.92
c04453,Canada,0.9,
48e951,Poland,49.68,426.72
39cea0,France,211.47,13014.96
48e93d,Poland,49.66,571.5
e49aa1,Brazil,87.98,6195.06
48e93a,Poland,69.14,1645.92
aa0559,United States,262.42,10995.66
e49aa9,Brazil,0.0,
e49aa8,Brazil,202.71,7117.08
40108e,United Kingdom,40.55,335.28
406b48,United Kingdom,270.82,12298.68
406b49,United Kingdom,262.12,12336.78
880c4d,Thailand,197.75,7863.84
71c390,Republic of Korea,244.3,13060.68
71c396,Republic of Korea,190.96,5715.0
407e5f,United Kingdom,217.61,12085.32
ac30e9,United States,237.02,10927.08
71c389,Republic of Korea,249.04,12390.12
71c386,Republic of Korea,216.9,11727.18
3d6fb7,Germany,111.05,4267.2
a4c104,United States,215.24,5631.18
407e68,United Kingdom,248.8,11239.5
aa0533,United States,73.05,426.72
407e69,United Kingdom,214.72,6050.28
407e63,United Kingdom,245.21,11826.24
407e60,United Kingdom,238.29,11757.66
407e61,United Kingdom,0.0,
407e4e,United Kingdom,242.56,11323.32
46dca2,Greece,232.84,10927.08
407e53,United Kingdom,216.88,11071.86
407e54,United Kingdom,219.33,10988.04
407e3b,United Kingdom,1.54,
781939,China,123.25,
781935,China,220.91,10332.72
406b13,United Kingdom,248.66,13129.26
a48499,United States,278.2,11247.12
407e46,United Kingdom,218.54,10949.94
78192a,China,151.84,2560.32
3cd05b,Germany,119.57,1676.4
a16c64,United States,209.55,10820.4
a54f31,United States,0.0,
a1cf6b,United States,272.04,9814.56
7805a9,China,265.71,11666.22
7805a5,China,255.82,11315.7
44064a,Austria,8.75,
3df040,Germany,20.99,198.12
3e369f,Germany,212.77,10919.46
3cd068,Germany,128.43,1813.56
3cd069,Germany,150.7,3116.58
7805ab,China,185.41,6362.7
ab6c08,United States,265.02,10866.12
a16c2c,United States,89.19,4008.12
3c08c9,Germany,260.49,12473.94
407cf7,United Kingdom,147.5,3147.06
440669,Austria,0.26,
440667,Austria,0.0,
851492,Japan,208.23,7178.04
440665,Austria,1.54,
a1cf48,United States,276.51,11041.38
7805d1,China,217.15,7901.94
86ddd4,Japan,112.8,1478.28
44065c,Austria,246.06,10812.78
47a1ef,Norway,234.62,11247.12
44065b,Austria,216.85,9745.98
440614,Austria,221.05,8229.6
440611,Austria,185.9,7124.7
503cb3,Lithuania,218.43,11948.16
7805e1,China,155.19,2895.6
a2a6fe,United States,245.69,11338.56
440608,Austria,5.66,
440604,Austria,208.56,11209.02
a519b8,United States,236.28,10850.88
a376ec,United States,201.7,5158.74
ac56d9,United States,288.91,11742.42
440631,Austria,189.33,8564.88
440630,Austria,181.23,6918.96
a8b760,United States,224.17,9791.7
a8b75a,United States,179.68,6667.5
a8b75f,United States,6.17,
48c1a7,Poland,254.45,12184.38
48c1a6,Poland,260.42,11369.04
48c1a4,Poland,203.19,12153.9
48c1a1,Poland,213.53,9563.1
868dd7,Japan,262.37,10454.64
3cf68e,Germany,247.03,12565.38
4b9df5,Turkey,256.11,10599.42
44061c,Austria,161.89,3680.46
40104f,United Kingdom,220.3,10759.44
06a071,Qatar,223.35,11658.6
780693,China,196.92,4526.28
3949eb,France,215.14,10340.34
3949ec,France,207.89,10317.48
7cf672,Australia,0.06,
7c802e,Australia,49.39,
155c22,Russian Federation,80.79,487.68
4b4488,Switzerland,44.19,769.62
45aa4b,Denmark,212.4,
aca757,United States,251.45,10675.62
06a072,Qatar,83.18,617.22
06a073,Qatar,251.17,11186.16
a7df59,United States,272.28,10104.12
06a081,Qatar,0.0,
7cf668,Australia,2.57,
06a080,Qatar,267.39,12161.52
06a07a,Qatar,258.34,10431.78
7c801c,Australia,130.68,3520.44
503d4d,Lithuania,233.22,8580.12
a89c23,United States,260.4,11292.84
a6ac43,United States,168.16,3931.92
06a087,Qatar,77.06,327.66
06a088,Qatar,6.43,
a89c29,United States,267.51,13594.08
3f9e12,Germany,77.11,6972.3
7c801e,Australia,0.0,
06a093,Qatar,193.43,5814.06
39cf08,France,236.57,9669.78
155c45,Russian Federation,234.37,8374.38
39cf02,France,123.42,1440.18
39cf05,France,214.39,6545.58
3949e4,France,277.07,11879.58
3949e9,France,244.25,8663.94
a999df,United States,7.46,
39cf0b,France,250.5,12740.64
503d74,Lithuania,400.39,9700.26
39cf0e,France,205.22,4953.0
503d75,Lithuania,216.2,11612.88
503d71,Lithuania,229.97,11468.1
45aa53,Denmark,238.94,11833.86
39cf10,France,259.96,12390.12
7cf62d,Australia,7.46,
155c33,Russian Federation,236.25,11026.14
8406e8,Japan,218.67,6774.18
3949f9,France,131.28,1386.84
3949f7,France,212.27,10355.58
4ca14e,Ireland,210.27,10408.92
407ce4,United Kingdom,214.15,11650.98
a759eb,United States,247.51,11323.32
7c806e,Australia,275.8,11871.96
e49b82,Brazil,127.38,5082.54
49d13f,Czech Republic,119.3,1120.14
407cd2,United Kingdom,6.43,
49d13d,Czech Republic,212.11,12054.84
407cbf,United Kingdom,61.2,236.22
342211,Spain,188.19,7178.04
342210,Spain,256.98,7955.28
e49b53,Brazil,203.17,3870.96
3d4b18,Germany,37.61,3665.22
155c01,Russian Federation,216.57,11170.92
407caf,United Kingdom,236.82,11902.44
3d15b4,Germany,52.06,601.98
407cb4,United Kingdom,239.44,11239.5
7cf689,Australia,7.2,
407cb2,United Kingdom,237.2,11887.2
407cb3,United Kingdom,220.31,12085.32
7818ac,China,212.54,7597.14
7cf66d,Australia,0.06,
4010ee,United Kingdom,210.44,12245.34
780735,China,106.24,1120.14
4010ec,United Kingdom,184.18,11818.62
78072a,China,229.24,10035.54
480c03,Kingdom of the Netherlands,112.71,1805.94
39bd91,France,48.92,480.06
e4a394,Brazil,175.82,5410.2
ada1de,United States,232.24,11871.96
ab2623,United States,47.49,3086.1
4406de,Austria,222.99,5494.02
4010dc,United Kingdom,249.63,11079.48
4010db,United Kingdom,202.53,10904.22
4010da,United Kingdom,223.21,11940.54
48b180,Poland,77.76,533.4
4406f0,Austria,211.95,11559.54
406c81,United Kingdom,164.3,5585.46
7c3eab,Australia,36.96,137.16
a17ef7,United States,251.18,11986.26
78074f,China,140.2,2529.84
3f9c84,Germany,86.98,495.3
407f9c,United Kingdom,26.69,601.98
76b442,Singapore,258.52,11772.9
406c79,United Kingdom,55.65,358.14
76b445,Singapore,215.56,10081.26
76b449,Singapore,236.26,9761.22
406c71,United Kingdom,1.54,
ab6cc0,United States,228.86,11940.54
407ea1,United Kingdom,215.55,11330.94
a35254,United States,0.06,
76b453,Singapore,231.24,12336.78
78076c,China,248.1,
78076a,China,226.32,8869.68
4b9e4a,Turkey,0.77,
76b44a,Singapore,238.06,11376.66
e082d7,Argentina,241.2,9959.34
c04599,Canada,212.81,11841.48
8514d6,Japan,230.07,7200.9
76b44f,Singapore,156.46,6438.9
e082d5,Argentina,212.14,11757.66
a47221,United States,245.97,11384.28
ab398a,United States,233.86,9250.68
ac9fe9,United States,212.3,4983.48
7c2bc5,Australia,218.68,11452.86
a28be1,United States,172.85,13601.7
a3520e,United States,220.47,11582.4
a47204,United States,94.6,373.38
7c2bb0,Australia,213.73,11193.78
a2a871,United States,30.05,2407.92
7cf835,Australia,190.69,8542.02
48b116,Poland,188.57,10226.04
48b106,Poland,200.28,
407f43,United Kingdom,134.64,4244.34
7bb0bc,China,178.43,4396.74
407f2c,United Kingdom,186.35,4000.5
7cf6f8,Australia,1.03,
407f35,United Kingdom,235.46,11178.54
407f1f,United Kingdom,225.99,11734.8
aaf1dd,United States,0.0,
3d6ef2,Germany,55.34,3840.48
ac7a65,United States,241.79,11285.22
c8806f,Fiji,292.42,11940.54
510135,Belarus,199.13,11673.84
510134,Belarus,228.64,11468.1
407f8c,United Kingdom,244.16,11879.58
407f8d,United Kingdom,205.21,10416.54
407f96,United Kingdom,236.45,10279.38
a124b5,United States,249.65,10325.1
ae0a54,United States,55.8,381.0
c05857,Canada,248.43,13144.5
3434ce,Spain,175.37,7246.62
c05840,Canada,250.6,11917.68
7c80ff,Australia,139.03,2811.78
80139b,India,240.01,11330.94
80139e,India,98.45,1112.52
407f7b,United Kingdom,223.03,11971.02
a4e883,United States,191.26,12031.98
c0583a,Canada,142.97,2232.66
780712,China,185.81,4724.4
47a402,Norway,73.14,1958.34
a8b808,United States,234.37,13174.98
407f71,United Kingdom,61.39,571.5
407f5f,United Kingdom,233.94,12016.74
407f66,United Kingdom,228.63,10812.78
407f64,United Kingdom,237.72,11887.2
7c80f6,Australia,125.85,5600.7
7c80f5,Australia,112.79,4716.78
adfd6d,United States,130.6,7216.14
407f62,United Kingdom,249.62,11330.94
801396,India,231.3,7452.36
407f60,United Kingdom,229.48,11346.18
3e2274,Germany,164.55,6377.94
e49a96,Brazil,243.18,12458.7
851580,Japan,0.0,
a1aa10,United States,0.0,
406ade,United Kingdom,235.04,11795.76
a124d4,United States,235.57,10134.6
406add,United Kingdom,227.31,11109.96
406ae9,United Kingdom,228.33,11940.54
406ae2,United Kingdom,233.29,11430.0
5100fa,Belarus,27.66,8488.68
406ae3,United Kingdom,207.64,10942.32
7806f5,China,225.87,10073.64
7c3f0a,Australia,161.76,5433.06
7806f9,China,0.0,
407f0d,United Kingdom,155.45,3040.38
440732,Austria,209.9,5852.16
48c2af,Poland,261.13,12222.48
48c2ad,Poland,187.34,5775.96
48c2ae,Poland,246.7,11567.16
48c2ab,Poland,275.78,10888.98
48c2ac,Poland,265.91,11582.4
86220c,Japan,234.74,10447.02
7cf6a4,Australia,1.54,
48c2b9,Poland,271.02,11468.1
48c2b7,Poland,166.65,5715.0
48c2b8,Poland,212.41,11437.62
48c2b3,Poland,114.64,1958.34
342398,Spain,226.49,11239.5
48c2b1,Poland,250.35,11567.16
48c2b2,Poland,7.72,
3c07fc,Germany,233.78,11963.4
71c517,Republic of Korea,4.12,
407dc0,United Kingdom,0.0,
c030a6,Canada,258.95,11026.14
48c2a8,Poland,87.13,868.68
48c2a9,Poland,261.51,11460.48
4b4365,Switzerland,56.92,1638.3
71c514,Republic of Korea,7.2,
48c2a6,Poland,250.12,10500.36
a8a4c7,United States,269.19,11940.54
48c2a7,Poland,268.45,10210.8
48c2a4,Poland,262.09,11422.38
48c2a2,Poland,271.16,11506.2
48c2a3,Poland,263.01,10797.54
48c2a1,Poland,223.37,11864.34
a12622,United States,285.19,11117.58
71c509,Republic of Korea,112.37,4038.6
45ab4f,Denmark,255.54,12176.76
45ab4b,Denmark,229.74,12565.38
440713,Austria,264.18,11490.96
45ab4d,Denmark,223.1,9753.6
407da5,United Kingdom,223.84,11132.82
a52a99,United States,254.86,10683.24
71c532,Republic of Korea,246.58,10233.66
71c530,Republic of Korea,0.0,
71c535,Republic of Korea,272.04,11391.9
45ab53,Denmark,242.18,10325.1
a2ca5f,United States,0.06,
71c534,Republic of Korea,189.4,4236.72
403722,United Kingdom,52.48,396.24
7bb130,China,87.34,868.68
4b303a,Switzerland,0.06,
71c526,Republic of Korea,7.2,
71c525,Republic of Korea,91.13,1562.1
48d5a3,Poland,37.68,495.3
406ac4,United Kingdom,224.86,11628.12
7819b9,China,247.93,9974.58
ada227,United States,241.11,10576.56
4b438a,Switzerland,18.64,2118.36
a987bf,United States,186.3,4091.94
4b9e01,Turkey,0.0,
343650,Spain,126.59,2674.62
503c92,Lithuania,119.77,5585.46
e49a48,Brazil,226.59,8961.12
45ab24,Denmark,155.58,5044.44
45ab26,Denmark,263.74,12672.06
45ab21,Denmark,234.26,11887.2
45ab23,Denmark,103.93,586.74
45ab28,Denmark,263.34,12245.34
a2a915,United States,274.28,11369.04
407c6d,United Kingdom,162.92,4914.9
a8a0c5,United States,60.52,472.44
71c598,Republic of Korea,268.94,12085.32
4403a7,Austria,217.26,11529.06
47a185,Norway,122.36,1562.1
abba93,United States,271.42,10027.92
801408,India,218.61,6842.76
71c584,Republic of Korea,214.26,8161.02
a05bda,United States,118.25,944.88
4033d8,United Kingdom,46.52,350.52
789207,China,235.92,11026.14
aabfa6,United States,0.0,
a2b810,United States,256.06,11094.72
789216,China,4.12,
4cc58a,Iceland,264.91,11689.08
48c12d,Poland,266.83,11384.28
48c12e,Poland,229.06,11666.22
48c12b,Poland,260.43,11384.28
48c139,Poland,213.78,10187.94
48c135,Poland,14.4,12016.74
789217,China,250.83,12893.04
789218,China,284.01,12123.42
48c133,Poland,279.55,10888.98
48c131,Poland,241.52,11315.7
48c132,Poland,7.46,
86ce81,Japan,247.47,10751.82
48c130,Poland,272.51,11582.4
06a266,Qatar,61.81,83.82
780897,China,225.45,8183.88
48c129,Poland,205.55,5486.4
48c126,Poland,203.58,10500.36
48c127,Poland,231.09,12085.32
48c124,Poland,132.85,2331.72
48c125,Poland,246.5,11689.08
801439,India,212.03,8343.9
789229,China,219.52,6484.62
48c122,Poland,193.48,11155.68
48c123,Poland,204.66,11932.92
48c121,Poland,244.65,11757.66
71c553,Republic of Korea,243.49,11399.52
789231,China,71.54,350.52
407c9c,United Kingdom,225.36,12245.34
ab8fcb,United States,75.63,114.3
71c549,Republic of Korea,127.15,1303.02
510080,Belarus,275.05,9966.96
71c543,Republic of Korea,224.8,7879.08
71c541,Republic of Korea,196.1,6979.92
801458,India,4.12,
71c547,Republic of Korea,93.15,739.14
789249,China,229.9,10690.86
71c544,Republic of Korea,96.34,624.84
a30bc9,United States,43.29,754.38
78089a,China,196.42,4747.26
71c545,Republic of Korea,220.49,6835.14
489789,Poland,77.77,693.42
71c576,Republic of Korea,269.56,11422.38
801420,India,160.25,7421.88
71c579,Republic of Korea,183.87,5090.16
71c578,Republic of Korea,213.1,6842.76
71c571,Republic of Korea,245.46,12687.3
acffb4,United States,255.84,11262.36
71c572,Republic of Korea,140.78,4678.68
78924b,China,147.14,3329.94
80141e,India,240.78,11414.76
4a34e7,Romania,154.28,2324.1
801427,India,193.01,6050.28
a1489c,United States,225.35,10988.04
789264,China,0.0,
71c562,Republic of Korea,222.89,9974.58
71c563,Republic of Korea,199.54,8503.92
789265,China,235.88,8458.2
71c569,Republic of Korea,239.8,9951.72
3d12e7,Germany,59.54,922.02
8622ae,Japan,139.77,2468.88
789260,China,229.91,13053.06
80146e,India,104.77,2895.6
ac54b1,United States,298.84,10668.0
3444da,Spain,218.55,11681.46
440488,Austria,195.6,12435.84
600bca,Azerbaijan,194.77,14066.52
0900f1,Angola,151.27,2209.8
7c81ce,Australia,59.2,274.32
3444ca,Spain,2.31,
a1226b,United States,230.68,10012.68
3444d0,Spain,172.07,5280.66
3444d1,Spain,72.29,167.64
a7dba2,United States,250.21,12024.36
a43eea,United States,247.41,11628.12
801461,India,124.77,1805.94
801462,India,229.22,11437.62
3444c8,Spain,148.12,6057.9
7c81d6,Australia,6.17,129.54
801470,India,227.77,12070.08
407c2d,United Kingdom,68.85,1120.14
a79ea8,United States,256.58,11209.02
407c1e,United Kingdom,4.37,
a55eca,United States,247.47,12733.02
440479,Austria,38.07,1653.54
407c16,United Kingdom,62.76,975.36
80149f,India,109.45,3032.76
440469,Austria,224.1,12420.6
80149e,India,246.7,12359.64
440470,Austria,32.54,601.98
39364b,France,74.22,1897.38
4a482d,Romania,236.43,11353.8
a9e88d,United States,203.0,12694.92
407ad4,United Kingdom,35.68,236.22
06a1bf,Qatar,257.43,10934.7
06a1bc,Qatar,240.81,11018.52
8a023e,Indonesia,120.56,1272.54
8a023f,Indonesia,181.32,4495.8
407ac6,United Kingdom,1.54,
a014c9,United States,261.31,11673.84
407ac3,United Kingdom,220.08,11894.82
873028,Japan,5.14,
00a60d,South Africa,136.44,5158.74
8a0243,Indonesia,228.05,12016.74
44042f,Austria,234.77,11940.54
440425,Austria,221.82,11330.94
06a1e6,Qatar,271.95,10355.58
3f9ae8,Germany,100.69,3825.24
a147e4,United States,159.44,3253.74
a7456c,United States,99.5,609.6
c066fb,Canada,249.91,10706.1
4bb849,Turkey,236.8,11102.34
4bb846,Turkey,123.78,1844.04
4bb847,Turkey,224.83,11094.72
4bb845,Turkey,130.4,1714.5
4bb842,Turkey,198.3,5273.04
4bb841,Turkey,246.27,11750.04
4bb850,Turkey,221.54,10812.78
06a1ec,Qatar,285.68,10988.04
06a1eb,Qatar,119.23,1897.38
a8521f,United States,200.75,11323.32
a2b7f5,United States,247.06,11361.42
343397,Spain,98.75,1676.4
4bb859,Turkey,230.92,10965.18
a28a2c,United States,256.9,11064.24
4bb854,Turkey,206.55,12519.66
4bb852,Turkey,137.04,2682.24
4bb84f,Turkey,177.97,4846.32
4bb84e,Turkey,221.19,11590.02
a254f7,United States,281.24,10728.96
343386,Spain,214.64,4091.94
c1e9ca,Canada,7.72,
c1e9ce,Canada,6.69,
3e476f,Germany,117.82,7307.58
407af5,United Kingdom,146.74,4244.34
3f674e,Germany,64.01,518.16
a254d8,United States,134.49,2735.58
a254d7,United States,272.85,10774.68
344697,Spain,252.52,12192.0
344698,Spain,202.07,5585.46
344699,Spain,213.72,11269.98
4bb87a,Turkey,260.26,10523.22
344692,Spain,218.63,11696.7
46a5e2,Greece,233.21,12237.72
344695,Spain,0.0,
46a5e1,Greece,0.0,
8515a2,Japan,0.0,
344691,Spain,75.89,685.8
acb82e,United States,245.71,11963.4
4bb885,Turkey,224.01,10073.64
789277,China,232.87,11750.04
a4e4cc,United States,228.84,12123.42
789276,China,259.02,12397.74
4402f2,Austria,51.88,1143.0
4402f1,Austria,226.58,11650.98
ad8836,United States,259.75,11109.96
789288,China,229.78,12428.22
4402ea,Austria,106.43,3825.24
789286,China,6.94,
789287,China,237.48,12412.98
789280,China,135.82,2156.46
4cc547,Iceland,192.51,6103.62
4b425c,Switzerland,46.86,1028.7
4bb868,Turkey,186.71,5981.7
4bb869,Turkey,160.92,3505.2
504e72,Republic of Moldova,187.86,
4cc50e,Iceland,240.25,11361.42
4cc50f,Iceland,113.42,1143.0
4bb864,Turkey,226.86,12001.5
78927c,China,203.63,7970.52
acb84d,United States,221.42,12573.0
4bb863,Turkey,202.58,11986.26
789299,China,215.59,11049.0
789295,China,239.67,9928.86
789296,China,238.6,12100.56
4bb85a,Turkey,227.72,11567.16
4bb86a,Turkey,198.14,9044.94
78928f,China,10.29,
4cc530,Iceland,238.54,11376.66
78928a,China,234.38,12771.12
4bb875,Turkey,222.3,11788.14
4bb873,Turkey,221.57,11635.74
78928b,China,156.6,4648.2
4bb874,Turkey,251.7,10721.34
4bb86f,Turkey,222.39,10408.92
4bb86d,Turkey,134.24,2956.56
c82a85,New Zealand,217.73,8763.0
4bb86b,Turkey,198.38,11971.02
4bb86c,Turkey,235.62,11978.64
4402ac,Austria,229.25,8343.9
78929e,China,9.26,
78929c,China,248.81,12374.88
78929d,China,1.54,
504e8e,Republic of Moldova,261.01,11102.34
a481fd,United States,77.72,1927.86
469e41,Greece,237.46,11590.02
469e42,Greece,234.31,11026.14
469e45,Greece,221.96,12245.34
4cc594,Iceland,144.93,1973.58
504e89,Republic of Moldova,194.93,6918.96
504e85,Republic of Moldova,240.2,11369.04
4cc57e,Iceland,145.51,3840.48
4402b9,Austria,247.43,11513.82
4402e2,Austria,228.96,10500.36
46b8b4,Greece,233.8,12085.32
46b8b5,Greece,199.16,5326.38
46b8b2,Greece,117.31,1158.24
46b8b3,Greece,0.51,
46b8b6,Greece,136.21,2438.4
8a0285,Indonesia,182.78,7475.22
46b8ad,Greece,239.44,11681.46
4cc574,Iceland,234.61,9151.62
47a05e,Norway,227.91,9525.0
46b8a9,Greece,0.0,
a05cf0,United States,262.02,9997.44
780970,China,168.99,5676.9
4404af,Austria,22.27,601.98
a24314,United States,248.59,11338.56
e4a13c,Brazil,246.44,11369.04
a3761c,United States,0.06,
801520,India,116.06,7071.36
801524,India,219.35,9349.74
06a113,Qatar,279.95,11544.3
06a114,Qatar,250.69,12519.66
406a62,United Kingdom,0.0,
06a112,Qatar,243.22,11643.36
86cf7c,Japan,142.86,3116.58
406a63,United Kingdom,218.68,11719.56
48c26c,Poland,237.06,12489.18
06a10f,Qatar,236.74,11955.78
06a10b,Qatar,245.45,12816.84
4021cf,United Kingdom,60.04,1036.32
801526,India,188.01,8755.38
4021cd,United Kingdom,67.98,2606.04
e4a12b,Brazil,105.68,2004.06
406a59,United Kingdom,209.79,11650.98
06a128,Qatar,258.46,12473.94
06a126,Qatar,255.22,12542.52
06a124,Qatar,258.43,12565.38
801534,India,70.51,541.02
4404b2,Austria,49.94,480.06
4bc9b3,Turkey,257.23,9456.42
e4a125,Brazil,0.0,
406a3e,United Kingdom,71.51,106.68
06a11e,Qatar,253.65,
3ffd21,Germany,24.57,
06a11f,Qatar,242.63,10309.86
06a11d,Qatar,239.76,10965.18
4a7c26,Romania,2.06,
06a137,Qatar,6.94,
06a138,Qatar,267.16,11727.18
ac5700,United States,242.76,11315.7
a51968,United States,260.9,11224.26
4404e9,Austria,223.9,11247.12
06a136,Qatar,260.99,11765.28
4404e6,Austria,196.53,8252.46
407d75,United Kingdom,127.39,3710.94
e4a131,Brazil,220.59,12321.54
06a12f,Qatar,267.5,11010.9
06a12e,Qatar,262.28,12405.36
06a12c,Qatar,257.68,11841.48
407d5b,United Kingdom,238.05,11376.66
407d5c,United Kingdom,216.36,10492.74
801508,India,215.41,9197.34
06a149,Qatar,239.79,12252.96
06a147,Qatar,275.64,12481.56
468d07,Greece,73.52,586.74
06a141,Qatar,269.21,11079.48
a8b4bb,United States,273.29,10546.08
06a13d,Qatar,280.75,10195.56
a8fd3c,United States,0.0,
a2b991,United States,258.11,12565.38
48c22e,Poland,205.48,4701.54
06a153,Qatar,251.11,11292.84
48c22c,Poland,236.74,12100.56
48c22d,Poland,253.91,11757.66
801560,India,112.07,502.92
48c22b,Poland,252.36,12451.08
80155b,India,114.48,4084.32
48c238,Poland,239.79,11650.98
48c239,Poland,188.43,8686.8
86cf2b,Japan,191.08,7353.3
48e899,Poland,207.98,11780.52
48c234,Poland,247.82,11803.38
48c235,Poland,218.98,11498.58
06a14a,Qatar,280.64,11559.54
48c233,Poland,256.81,11551.92
48e893,Poland,193.76,11559.54
48c230,Poland,251.45,12420.6
48c231,Poland,202.62,8397.24
86cf38,Japan,206.77,4168.14
a6bd78,United States,276.39,10386.06
406a95,United Kingdom,180.64,5753.1
406a92,United Kingdom,234.29,11757.66
a3d90a,United States,242.7,12580.62
406a93,United Kingdom,236.74,11902.44
48e87d,Poland,42.93,441.96
43f7c0,United Kingdom,234.12,13304.52
48c229,Poland,265.77,10546.08
80152d,India,218.87,11620.5
406a91,United Kingdom,218.68,11719.56
48c227,Poland,214.67,12031.98
48c228,Poland,233.9,11277.6
48c225,Poland,110.8,1661.16
48c223,Poland,236.3,12298.68
801537,India,0.0,
48c224,Poland,251.64,12199.62
801540,India,234.14,12077.7
47a249,Norway,46.41,1844.04
801548,India,143.6,3002.28
801551,India,238.9,11369.04
7c1abe,Australia,119.37,1234.44
7c1abd,Australia,183.84,8001.0
407d0f,United Kingdom,34.0,495.3
a66ce0,United States,254.14,11262.36
80159e,India,232.92,11186.16
a66cf7,United States,280.95,12085.32
3fea9b,Germany,49.16,1089.66
80159d,India,61.12,137.16
407d00,United Kingdom,262.89,10828.02
47a218,Norway,171.64,4305.3
48e83d,Poland,40.13,556.26
ad0e61,United States,260.31,11102.34
80156a,India,243.08,10126.98
801581,India,223.18,11971.02
86cea3,Japan,140.1,1965.96
50052a,San Marino,262.41,12390.12
801596,India,230.89,11422.38
a23052,United States,123.91,5844.54
801593,India,220.64,7734.3
adc5a6,United States,267.85,10645.14
3445d4,Spain,140.67,2186.94
440582,Austria,213.47,9334.5
78092e,China,202.66,6065.52
44056b,Austria,207.69,11521.44
48e819,Poland,38.42,
3e31ea,Germany,189.74,13761.72
ac9e9a,United States,259.88,11917.68
ac9e9b,United States,73.05,2781.3
407d45,United Kingdom,135.85,3634.74
440570,Austria,237.46,11193.78
407d46,United Kingdom,62.81,640.08
407d44,United Kingdom,142.82,4549.14
ac42df,United States,6.17,
851826,Japan,228.1,7764.78
780958,China,239.53,
440589,Austria,211.65,12443.46
a48379,United States,80.34,388.62
440591,Austria,132.63,9608.82
06a102,Qatar,244.69,12550.14
06a100,Qatar,257.99,12374.88
885111,Thailand,209.24,9448.8
44052d,Austria,146.73,1859.28
3d137a,Germany,66.55,281.94
885103,Thailand,255.03,11650.98
06a0a4,Qatar,238.65,11285.22
06a0a5,Qatar,241.43,12603.48
a8a386,United States,8.23,
06a0b9,Qatar,248.93,12313.92
06a0b7,Qatar,266.92,12352.02
06a0b3,Qatar,86.21,495.3
06a0b1,Qatar,1427.43,
ad639e,United States,277.38,11087.1
88511a,Thailand,38.07,
06a0ac,Qatar,241.87,13335.0
3ffca9,Germany,57.59,998.22
440549,Austria,218.77,11590.02
402236,United Kingdom,111.17,1539.24
06a0c2,Qatar,265.77,12336.78
88510c,Thailand,246.27,13357.86
06a0be,Qatar,263.97,12496.8
06a0bc,Qatar,264.53,12420.6
885116,Thailand,241.43,11635.74
ac308f,United States,236.75,6553.2
885118,Thailand,255.35,13266.42
8013c3,India,242.41,11460.48
8013c2,India,263.85,11719.56
155be6,Russian Federation,646.3,-121.92
a59067,United States,226.71,12672.06
155bde,Russian Federation,170.71,5798.82
a1ce99,United States,247.47,11186.16
47a0bf,Norway,3.86,
06a0e7,Qatar,257.91,11666.22
06a0e4,Qatar,227.08,13220.7
06a0de,Qatar,250.53,9121.14
06a0dc,Qatar,293.88,11361.42
ac9e23,United States,234.14,11209.02
4acaa3,Sweden,166.58,4099.56
4acaa2,Sweden,247.45,11635.74
4acaa5,Sweden,203.57,11567.16
4acaa4,Sweden,202.05,7932.42
3dcfff,Germany,51.81,1783.08
8013a3,India,235.91,12085.32
7cf8eb,Australia,123.06,
06a0ea,Qatar,258.9,12451.08
8013b1,India,219.07,4686.3
7c1b2b,Australia,125.15,1988.82
a362a2,United States,242.55,11483.34
aaae4b,United States,247.12,10370.82
06a0fa,Qatar,255.81,13075.92
06a0fb,Qatar,253.97,
ac696c,United States,258.95,11262.36
3ea8b0,Germany,90.51,487.68
71c753,Republic of Korea,132.42,2270.76
71c747,Republic of Korea,122.86,2590.8
71c741,Republic of Korea,241.21,7498.08
71c744,Republic of Korea,244.56,11422.38
71c743,Republic of Korea,220.66,12352.02
88516d,Thailand,266.28,10431.78
4acaa6,Sweden,232.84,12542.52
4a3499,Romania,46.07,457.2
600b20,Azerbaijan,219.0,11010.9
06a19e,Qatar,3.6,
a1bb83,United States,235.04,12565.38
7808a9,China,154.9,5669.28
71c768,Republic of Korea,153.83,4853.94
86cf16,Japan,214.36,6736.08
8013ed,India,230.35,10774.68
71c765,Republic of Korea,210.15,6835.14
7808b8,China,165.21,5029.2
4acac4,Sweden,150.01,4076.7
5004f0,San Marino,251.55,13815.06
71c715,Republic of Korea,100.77,853.44
71c713,Republic of Korea,232.09,8145.78
7808ab,China,223.05,
7808ac,China,236.83,11597.64
4a2183,Romania,0.0,
4a2181,Romania,224.61,12062.46
71c712,Republic of Korea,63.17,83.82
7808c7,China,138.28,3848.1
7808c3,China,239.49,
a53b38,United States,216.41,9563.1
5004e4,San Marino,125.54,2354.58
407bb7,United Kingdom,51.74,632.46
7808be,China,216.19,6819.9
71c702,Republic of Korea,260.32,12687.3
71c703,Republic of Korea,237.54,12999.72
39bb24,France,65.54,259.08
39bb25,France,202.43,11750.04
39bb27,France,216.77,12146.28
3ce078,Germany,81.98,998.22
71c700,Republic of Korea,200.51,5204.46
39bb20,France,4.37,
4a349a,Romania,38.12,464.82
39bb21,France,132.12,2659.38
39bb22,France,215.12,7452.36
39bb23,France,223.3,11643.36
71c737,Republic of Korea,4.63,
71c738,Republic of Korea,115.86,2308.86
71c735,Republic of Korea,150.66,4853.94
885172,Thailand,264.18,11727.18
4403f0,Austria,211.16,12451.08
a12403,United States,261.94,11109.96
8409ed,Japan,81.96,434.34
704458,Myanmar,242.92,9768.84
710dbf,Saudi Arabia,237.19,10812.78
0ac9c2,Colombia,250.58,11955.78
3935e9,France,47.96,495.3
468c25,Greece,39.38,1348.74
4b1815,Switzerland,167.58,6240.78
4b1817,Switzerland,220.92,11894.82
4b1819,Switzerland,19.55,
aa8c39,United States,105.6,525.78
88044f,Thailand,185.83,6271.26
408124,United Kingdom,129.01,2301.24
4b1812,Switzerland,131.71,3352.8
408121,United Kingdom,266.53,12664.44
4b1813,Switzerland,231.23,12275.82
880456,Thailand,121.69,1287.78
4b1803,Switzerland,7.72,
47be9c,Norway,68.03,373.38
4b1804,Switzerland,0.0,
4b1805,Switzerland,191.5,9326.88
4b1806,Switzerland,210.64,10485.12
4b1807,Switzerland,0.0,
4b1808,Switzerland,210.51,9616.44
4b1809,Switzerland,229.42,11422.38
0d0c02,Mexico,238.27,11734.8
408111,United Kingdom,102.89,1196.34
4b1802,Switzerland,211.06,11483.34
7c6b31,Australia,228.68,10706.1
a71e29,United States,119.42,2918.46
880443,Thailand,239.3,11422.38
7c6b38,Australia,184.94,11064.24
4952cd,Portugal,285.36,11551.92
7c6b37,Australia,2.31,
399543,France,129.76,2537.46
7c6b19,Australia,237.58,10142.22
7c6b0e,Australia,236.09,8298.18
7c6b0c,Australia,172.58,1722.12
4b181d,Switzerland,213.75,11955.78
4952d0,Portugal,8.75,
4952d1,Portugal,238.08,11239.5
4b181a,Switzerland,242.45,8763.0
4b181b,Switzerland,207.65,12374.88
4952c9,Portugal,255.91,11910.06
398228,France,59.44,510.54
a1fb33,United States,0.0,
c08412,Canada,263.71,10546.08
a1d8fd,United States,266.65,11452.86
7c6b09,Australia,142.6,1577.34
440daf,Austria,214.17,11788.14
88045a,Thailand,126.55,4152.9
4952c4,Portugal,238.94,11811.0
4952c6,Portugal,235.75,11163.3
4952c8,Portugal,245.5,11399.52
4b180c,Switzerland,81.16,815.34
4952aa,Portugal,76.18,800.1
7c6b13,Australia,1.03,
7c6b12,Australia,178.57,9875.52
4952af,Portugal,202.18,7239.0
3c6669,Germany,249.43,11300.46
4952b0,Portugal,117.5,2712.72
c822ed,New Zealand,163.7,5425.44
c822ec,New Zealand,126.46,6233.16
4b183f,Switzerland,217.16,12306.3
3c664e,Germany,252.63,11201.4
880416,Thailand,124.7,5737.86
40814a,United Kingdom,134.77,5494.02
e49443,Brazil,223.75,12268.2
3c6662,Germany,192.04,5341.62
3c6677,Germany,222.33,11323.32
ad3c48,United States,251.72,12397.74
4952a1,Portugal,6.69,
4952a3,Portugal,170.02,5638.8
3c666c,Germany,203.11,11612.88
3c666b,Germany,95.25,792.48
0a00c4,Algeria,208.05,12900.66
48cb15,Poland,227.78,11513.82
3c6674,Germany,248.26,11216.64
40812e,United Kingdom,0.0,
40812d,United Kingdom,255.95,10942.32
7c6b3b,Australia,153.54,3253.74
402ae1,United Kingdom,57.11,495.3
861f3c,Japan,235.17,12900.66
3c65a3,Germany,273.19,12024.36
4b187b,Switzerland,241.12,10035.54
4b187e,Switzerland,254.25,11193.78
4b187f,Switzerland,270.81,12192.0
716ffc,Saudi Arabia,240.65,11049.0
4b187a,Switzerland,236.35,10050.78
4b1883,Switzerland,230.29,
3c65c3,Germany,235.64,12092.94
3c65c2,Germany,158.28,2887.98
4b1881,Switzerland,271.28,11559.54
8686aa,Japan,254.76,9425.94
861f5e,Japan,150.14,3611.88
86d6ac,Japan,271.42,9197.34
3c65d0,Germany,193.22,6438.9
3c65d2,Germany,83.72,99.06
3b7b41,France,124.07,6957.06
3c65c5,Germany,0.0,
3c65cf,Germany,254.68,11590.02
3c65ce,Germany,184.58,7178.04
ae0136,United States,0.0,
3c65e1,Germany,225.89,11795.76
3c65e4,Germany,181.76,2804.16
3c65e2,Germany,260.75,9624.06
3c65d8,Germany,275.08,7703.82
3c65d6,Germany,249.43,11391.9
3c65cb,Germany,196.1,5928.36
3c65ca,Germany,207.52,12352.02
847c18,Japan,208.76,4869.18
4488de,Belgium,252.59,
861f00,Japan,97.98,1897.38
45c08f,Denmark,53.11,716.28
e492fa,Brazil,228.52,13883.64
3994a5,France,54.64,1242.06
716ff9,Saudi Arabia,244.82,11140.44
716ff7,Saudi Arabia,243.65,11140.44
758369,Philippines,106.58,822.96
800db7,India,112.88,4023.36
4488b4,Belgium,32.16,647.7
73306c,Islamic Republic of Iran,225.96,11818.62
a58ded,United States,64.24,167.64
a1a12e,United States,185.25,5745.48
861e9a,Japan,238.2,12923.52
a57ad0,United States,253.21,10294.62
ad072c,United States,232.34,11003.28
7c362f,Australia,53.84,472.44
38e9ff,France,2.57,
7c496c,Australia,198.62,6195.06
a65454,United States,255.25,10980.42
ac7103,United States,242.42,9105.9
7c495b,Australia,0.0,
a27197,United States,0.0,
861e78,Japan,0.06,
86d5b6,Japan,250.75,12230.1
782040,China,240.09,9334.5
49530a,Portugal,257.93,9822.18
49530d,Portugal,256.3,11551.92
e492aa,Brazil,228.89,12260.58
402b5a,United Kingdom,52.79,388.62
84cb66,Japan,236.33,11079.48
758302,Philippines,241.9,12115.8
516097,Montenegro,200.29,6355.08
3ff086,Germany,0.0,
3e3e62,Germany,0.0,
495307,Portugal,0.0,
3b7b80,France,97.21,411.48
495309,Portugal,255.63,11849.1
495301,Portugal,256.61,10081.26
48597e,Kingdom of the Netherlands,262.99,8244.84
495302,Portugal,85.79,883.92
495303,Portugal,243.64,10668.0
3ff092,Germany,35.19,1859.28
84cb5b,Japan,223.69,11727.18
3b7b94,France,70.06,617.22
3c6745,Germany,163.68,6644.64
a0a6c5,United States,0.06,
3c6744,Germany,78.07,579.12
7c6a8c,Australia,208.88,7970.52
408088,United Kingdom,158.93,4419.6
3c6742,Germany,253.67,10789.92
3c6757,Germany,8.75,
44a00f,Belgium,26.14,
a2f9b3,United States,248.07,8923.02
a70aed,United States,258.93,11323.32
e4936a,Brazil,235.85,12633.96
3c6758,Germany,89.53,1615.44
3c674a,Germany,175.57,5928.36
3d1da0,Germany,54.81,556.26
40805d,United Kingdom,84.47,1379.22
3c6753,Germany,242.95,11163.3
a1c6a8,United States,151.32,2727.96
3c6752,Germany,179.14,3489.96
3c6750,Germany,7.72,
3c675a,Germany,246.67,7810.5
3c674f,Germany,199.41,4625.34
a3918f,United States,215.43,12131.04
40804e,United Kingdom,192.58,5036.82
408059,United Kingdom,120.19,1310.64
abb2fe,United States,285.15,9029.7
408051,United Kingdom,241.45,11871.96
0d0b7c,Mexico,227.45,11948.16
4baf55,Turkey,191.77,11856.72
40803c,United Kingdom,124.81,3048.0
3c6701,Germany,5.14,
0d0b10,Mexico,213.15,12595.86
3c6706,Germany,0.0,
440cbf,Austria,74.24,228.6
3c6708,Germany,228.51,10652.76
440cc1,Austria,223.31,12611.1
3c6711,Germany,263.66,12573.0
3c6710,Germany,262.12,12542.52
3c6717,Germany,276.26,12367.26
440cac,Austria,258.31,11513.82
7c492a,Australia,275.17,10302.24
acd2eb,United States,49.77,739.14
3c6719,Germany,273.12,12687.3
440cb1,Austria,215.8,5935.98
75839f,Philippines,251.89,11109.96
0d0b30,Mexico,239.84,11285.22
c02cf1,Canada,244.3,10332.72
a7612a,United States,134.31,6393.18
4008ad,United Kingdom,268.18,11407.14
a426a5,United States,0.0,
e48053,Brazil,92.18,1577.34
3c670e,Germany,288.17,12793.98
4008ae,United Kingdom,68.05,121.92
4008b5,United Kingdom,38.07,
e4805d,Brazil,199.45,7299.96
40808a,United Kingdom,59.15,205.74
aa8ab2,United States,160.71,1981.2
e49390,Brazil,0.19,
ab772d,United States,233.95,9098.28
4951cc,Portugal,25.72,
4951cd,Portugal,234.9,11399.52
40822d,United Kingdom,150.43,1905.0
40822e,United Kingdom,228.12,11003.28
3c6583,Germany,260.97,11719.56
3c6586,Germany,188.06,9867.9
c02ec1,Canada,0.0,
a5cc35,United States,250.97,11681.46
3c658c,Germany,182.98,6400.8
7c6c53,Australia,152.82,4671.06
02a1a1,Tunisia,236.99,11330.94
02a1a2,Tunisia,215.48,11567.16
7582f5,Philippines,0.19,
a05819,United States,92.58,3375.66
7c6c56,Australia,7.2,
7c6c55,Australia,84.49,548.64
39d314,France,245.91,11140.44
408227,United Kingdom,252.84,11049.0
39d319,France,225.38,12192.0
408228,United Kingdom,217.18,10866.12
aa57e6,United States,241.11,12001.5
39d313,France,223.73,11757.66
40820e,United Kingdom,229.76,11353.8
4690fa,Greece,219.91,12573.0
710410,Saudi Arabia,258.03,11094.72
c08538,Canada,49.94,220.98
3dd54f,Germany,0.0,
0d0b04,Mexico,277.5,11772.9
408210,United Kingdom,205.43,9288.78
39d30c,France,229.01,12260.58
39d30d,France,81.52,586.74
39d30a,France,226.27,12214.86
c02ee7,Canada,1.03,
39d30b,France,244.11,12092.94
e49329,Brazil,216.12,12435.84
4690e9,Greece,179.58,3665.22
3c6545,Germany,198.38,11910.06
3c7877,Germany,3.86,
3c7878,Germany,239.41,11521.44
3c7879,Germany,246.54,11955.78
3c6549,Germany,218.77,11757.66
4b5da6,Switzerland,3.6,
4690e2,Greece,72.34,335.28
3c786b,Germany,228.29,11673.84
4b5da7,Switzerland,0.06,
4b5da1,Switzerland,7.2,
39e68b,France,233.28,11018.52
39e68a,France,222.32,10210.8
39e68c,France,234.91,9380.22
39e68f,France,186.27,10934.7
3c6543,Germany,219.58,11681.46
39e68e,France,238.53,11117.58
3c6542,Germany,2.57,
3c7889,Germany,185.67,5867.4
3c787a,Germany,230.61,12268.2
3c654a,Germany,211.0,11765.28
7c6c97,Australia,198.36,6995.16
3c6551,Germany,252.81,11338.56
4690ea,Greece,139.32,2964.18
40825f,United Kingdom,247.16,11292.84
e48006,Brazil,145.44,2964.18
3c6552,Germany,222.11,9959.34
39e682,France,183.22,10012.68
39e681,France,247.47,11955.78
408260,United Kingdom,209.65,10988.04
39e683,France,154.65,4290.06
39e687,France,0.0,
a1fc9d,United States,204.7,13235.94
3c654e,Germany,223.93,10820.4
39e680,France,1.29,
45c0b6,Denmark,37.58,
4b5daf,Switzerland,0.32,
3c6561,Germany,287.95,11612.88
c821f8,New Zealand,155.38,4678.68
3c6564,Germany,40.13,
39e693,France,241.83,10530.84
408251,United Kingdom,54.18,114.3
39e692,France,81.0,960.12
39e697,France,252.6,9829.8
39e699,France,0.0,
7c7f8d,Australia,30.98,106.68
3c656c,Germany,153.78,2956.56
40823f,United Kingdom,223.06,11734.8
e49311,Brazil,135.15,1950.72
40823c,United Kingdom,230.14,11932.92
0a004a,Algeria,145.1,1790.7
846a34,Japan,207.34,7840.98
4a8114,Sweden,108.81,6179.82
3c64a1,Germany,99.28,792.48
4badcb,Turkey,207.32,13594.08
3c64b1,Germany,226.86,11186.16
3c64b0,Germany,245.36,11155.68
3c64a5,Germany,6.17,
3c64a4,Germany,261.89,10789.92
0a001b,Algeria,128.69,1676.4
0a001a,Algeria,102.84,2773.68
a0a837,United States,153.54,2628.9
3c64af,Germany,265.29,9875.52
3c64ad,Germany,180.27,6637.02
3c64ac,Germany,203.81,11010.9
0a0044,Algeria,253.18,12694.92
4080ea,United Kingdom,183.26,2651.76
3c64ab,Germany,202.3,11125.2
4080f7,United Kingdom,239.36,11689.08
ad928d,United States,222.45,11323.32
0a008f,Algeria,240.27,11536.68
0a008a,Algeria,235.32,11529.06
0a008b,Algeria,233.48,11567.16
ac729c,United States,227.52,10721.34
0a0091,Algeria,242.89,8991.6
710419,Saudi Arabia,245.28,10812.78
0a009c,Algeria,226.13,9121.14
c01c52,Canada,242.51,11811.0
451c0d,Bulgaria,229.84,13121.64
7c49d9,Australia,161.71,5494.02
02a1aa,Tunisia,237.03,12222.48
02a1ab,Tunisia,231.28,11856.72
7c7f31,Australia,0.0,0.0
02a1b0,Tunisia,218.34,11460.48
0a0075,Algeria,223.65,11917.68
0a0089,Algeria,143.58,3611.88
a27201,United States,236.25,10363.2
aa44cd,United States,137.8,3002.28
e491ef,Brazil,190.73,3992.88
0a0084,Algeria,225.39,13144.5
3cea40,Germany,246.91,12771.12
3cea42,Germany,0.0,
aa4548,United States,1.54,
3c64fa,Germany,220.59,5036.82
a39243,United States,272.9,11788.14
3b31ff,France,0.0,
494143,Portugal,102.4,2545.08
75847f,Philippines,197.2,7757.16
494142,Portugal,238.19,14119.86
494141,Portugal,226.55,11033.76
a69bd9,United States,246.13,11612.88
a52259,United States,63.28,281.94
702c25,Bangladesh,101.86,2468.88
758477,Philippines,110.67,4503.42
39e4ac,France,234.91,8740.14
a1c88f,United States,0.0,
4a08e9,Romania,213.96,10866.12
4080f1,United Kingdom,3.09,
4080db,United Kingdom,97.59,2735.58
4080df,United Kingdom,237.63,11772.9
4080de,United Kingdom,216.51,11772.9
0a0019,Algeria,231.03,11452.86
494115,Portugal,202.37,7924.8
494114,Portugal,195.83,9921.24
4080e9,United Kingdom,206.52,7627.62
494111,Portugal,201.83,11536.68
494110,Portugal,233.33,12085.32
769102,Singapore,266.56,11734.8
4080e3,United Kingdom,221.84,10698.48
4080e1,United Kingdom,175.26,3863.34
4080e2,United Kingdom,78.66,106.68
ac987b,United States,278.79,11879.58
0a0028,Algeria,253.81,11597.64
0a0024,Algeria,234.58,12176.76
7c6af0,Australia,107.1,3794.76
0a0022,Algeria,257.81,12184.38
3d0a0f,Germany,47.69,807.72
758453,Philippines,187.11,7200.9
7c6af9,Australia,101.76,3489.96
494102,Portugal,160.52,12710.16
494107,Portugal,194.49,12793.98
7c6ae5,Australia,65.34,182.88
7c6ae1,Australia,143.59,4762.5
3c64f3,Germany,212.32,6080.76
78216a,China,265.46,10149.84
4080bb,United Kingdom,143.87,2514.6
abb579,United States,260.47,11125.2
4080c1,United Kingdom,199.79,8610.6
4080c2,United Kingdom,224.4,9349.74
3dd4b0,Germany,7.99,441.96
782184,China,4.37,
758437,Philippines,237.37,
4080ad,United Kingdom,177.5,10469.88
ac7268,United States,83.34,3543.3
4a08ea,Romania,0.0,
4b15a2,Switzerland,0.0,
4a08eb,Romania,222.24,12291.06
3c64ef,Germany,202.24,3863.34
4a08ed,Romania,200.18,7802.88
861ed6,Japan,219.07,8343.9
3cc932,Germany,123.47,1112.52
4009c8,United Kingdom,177.88,8641.08
e49246,Brazil,236.64,10401.3
4b15d7,Switzerland,188.41,5600.7
3c6635,Germany,9.26,
e4924a,Brazil,144.8,4663.44
3c6637,Germany,68.1,243.84
a0dd44,United States,239.5,5920.74
4b15ed,Switzerland,220.25,11551.92
408183,United Kingdom,220.45,9494.52
4b15ef,Switzerland,221.44,12237.72
408184,United Kingdom,262.39,11612.88
3c7989,Germany,113.87,1722.12
3c6659,Germany,209.24,11064.24
4b15db,Switzerland,241.21,13152.12
3c664c,Germany,213.97,11064.24
861ede,Japan,220.25,10675.62
40815b,United Kingdom,73.61,281.94
40815c,United Kingdom,199.65,9585.96
3c7984,Germany,231.68,11521.44
3c7985,Germany,267.58,11292.84
3c7981,Germany,214.55,8229.6
458428,Denmark,147.69,8930.64
a1ea32,United States,271.24,11346.18
3d0a7e,Germany,74.77,2476.5
39d303,France,223.25,12192.0
39d304,France,264.72,12222.48
39d308,France,210.06,5509.26
0d0a04,Mexico,225.97,11955.78
a83ef5,United States,0.06,
39d300,France,201.53,8427.72
39d301,France,219.31,11102.34
a45d1a,United States,275.66,9982.2
4009db,United Kingdom,0.77,
4009da,United Kingdom,206.57,10881.36
738c0c,Israel,284.79,9494.52
861eb4,Japan,185.0,7239.0
4009ce,United Kingdom,180.04,8282.94
7103d7,Saudi Arabia,250.83,9060.18
4009d2,United Kingdom,162.27,5593.08
3c6468,Germany,223.58,11231.88
ab87c8,United States,122.78,800.1
a58c29,United States,194.44,5013.96
3c6473,Germany,271.14,8153.4
4b5d9b,Switzerland,3.6,
aaed0d,United States,249.87,11727.18
3c6475,Germany,0.0,
a173d2,United States,237.92,10988.04
3c6481,Germany,225.87,11772.9
3c6482,Germany,106.44,975.36
3c6487,Germany,229.68,11468.1
3c6486,Germany,142.32,2887.98
ac2d32,United States,8.23,
7583ed,Philippines,233.49,10469.88
7583ec,Philippines,269.68,11033.76
7583eb,Philippines,261.68,9669.78
3c648c,Germany,239.58,10675.62
3c648f,Germany,144.32,2720.34
4bad8e,Turkey,118.81,2636.52
400846,United Kingdom,128.9,2141.22
7820d7,China,235.99,12710.16
3c6491,Germany,214.26,11582.4
3c6490,Germany,84.47,175.26
3c6496,Germany,239.5,11033.76
4ae1ed,Sweden,80.87,1158.24
3c6495,Germany,198.19,5570.22
3c6498,Germany,202.25,8465.82
3c6497,Germany,241.07,9540.24
3c6427,Germany,0.0,
3c6424,Germany,218.12,6301.74
3c6429,Germany,243.44,11666.22
4b1615,Switzerland,9.26,
440c8e,Austria,225.31,8702.04
46f0a4,Greece,2.31,
440c96,Austria,105.19,2369.82
4b2939,Switzerland,27.57,457.2
a4cf12,United States,52.6,259.08
0d0e03,Mexico,217.88,11003.28
440c8c,Austria,5.14,
440c8d,Austria,242.28,11361.42
86d96c,Japan,0.0,
7820ea,China,186.59,4503.42
00ad57,South Africa,143.23,7101.84
3c6448,Germany,245.95,11445.24
7c6d8d,Australia,1.29,
3c6447,Germany,258.43,11132.82
3c6446,Germany,271.43,11452.86
abfa24,United States,262.03,12573.0
abc4be,United States,252.03,11026.14
4b161f,Switzerland,230.47,11666.22
a1b0c6,United States,83.5,2880.36
a689b8,United States,245.48,11871.96
3c6445,Germany,140.93,3322.32
c820d2,New Zealand,57.98,38.1
3d975d,Germany,64.75,5760.72
c820d4,New Zealand,120.03,1539.24
4b2958,Switzerland,97.38,3886.2
7c6d7c,Australia,203.38,10317.48
7c6d7b,Australia,202.09,4732.02
151df6,Russian Federation,222.4,10607.04
4b1620,Switzerland,224.1,6941.82
7c6d7f,Australia,233.09,10881.36
48b9c9,Poland,196.58,8892.54
7c6d94,Australia,203.65,11224.26
ac1a2c,United States,258.84,11285.22
7c6d92,Australia,281.27,12230.1
a0ec98,United States,188.44,10591.8
86d98e,Japan,152.86,4960.62
44b0c3,Belgium,294.92,10675.62
7c6d98,Australia,6.94,
7c6d97,Australia,170.8,4594.86
a0b823,United States,257.11,11315.7
a0b820,United States,248.09,11353.8
151f40,Russian Federation,214.25,9052.56
4869bd,Kingdom of the Netherlands,213.02,11391.9
758533,Philippines,200.52,6682.74
a0fea3,United States,205.61,3985.26
a8f3c5,United States,239.04,9669.78
a0b801,United States,252.6,7840.98
440c6f,Austria,251.5,11856.72
4869c3,Kingdom of the Netherlands,113.53,1767.84
440c83,Austria,3.6,
4869c1,Kingdom of the Netherlands,241.38,10507.98
c080ac,Canada,262.76,11681.46
151f3f,Russian Federation,200.64,7924.8
abc591,United States,260.53,11894.82
43ec4d,United Kingdom,64.08,502.92
00acab,South Africa,267.67,11384.28
e490f1,Brazil,207.32,9098.28
39d08b,France,58.76,815.34
ae1254,United States,246.35,11597.64
0d0cce,Mexico,207.34,12199.62
393e1c,France,26.23,350.52
a96f37,United States,259.8,10713.72
a0b86c,United States,253.78,11247.12
49514e,Portugal,208.89,5600.7
49514f,Portugal,145.58,3680.46
e490ef,Brazil,181.74,6423.66
7c6d38,Australia,97.44,1097.28
495155,Portugal,265.25,10820.4
7c6d37,Australia,7.2,
7c6d31,Australia,254.66,11178.54
84bb13,Japan,66.87,99.06
0d0cec,Mexico,226.66,11338.56
495150,Portugal,236.03,11452.86
495152,Portugal,244.61,10462.26
495153,Portugal,233.71,11269.98
00bfc0,South Africa,242.67,11673.84
151f0c,Russian Federation,49.94,9098.28
40080f,United Kingdom,3.86,
aa9d48,United States,260.8,11666.22
84bb06,Japan,230.09,7513.32
495148,Portugal,229.12,8008.62
440c31,Austria,67.36,121.92
440c32,Austria,233.94,12298.68
440c33,Austria,218.2,11780.52
4b169a,Switzerland,224.01,11513.82
3c0f0b,Germany,223.75,7414.26
782235,China,211.53,11559.54
4246b4,United Kingdom,219.2,10873.74
782232,China,73.5,480.06
4b027d,Switzerland,218.88,12176.76
4b027c,Switzerland,239.12,11452.86
a29578,United States,226.94,11330.94
782240,China,84.76,944.88
a67857,United States,271.76,13975.08
c009b6,Canada,58.97,1066.8
a35ef1,United States,0.0,
a60ed9,United States,108.6,2179.32
4b0274,Switzerland,245.18,11224.26
7c6bc0,Australia,186.26,3992.88
758584,Philippines,240.27,11109.96
485789,Kingdom of the Netherlands,252.46,10934.7
4006c0,United Kingdom,226.85,11049.0
782261,China,217.51,11590.02
ac3eba,United States,244.0,11811.0
485779,Kingdom of the Netherlands,75.74,518.16
4b028f,Switzerland,221.9,12390.12
484442,Kingdom of the Netherlands,10.29,
4b028d,Switzerland,164.32,4137.66
4b028c,Switzerland,226.64,6751.32
4b028b,Switzerland,178.0,6271.26
485778,Kingdom of the Netherlands,70.88,419.1
4b028a,Switzerland,187.73,5707.38
78225f,China,228.39,10088.88
75857d,Philippines,3.34,
a0b88b,United States,139.03,1493.52
4b0295,Switzerland,222.31,10949.94
4b0294,Switzerland,262.55,10805.16
4b0293,Switzerland,3.6,
a67805,United States,271.39,11056.62
c82258,New Zealand,144.52,1958.34
782278,China,187.26,7231.38
738bfb,Israel,56.86,388.62
403c73,United Kingdom,22.34,190.5
151e60,Russian Federation,210.43,9052.56
75854c,Philippines,96.81,1287.78
c82269,New Zealand,95.67,2827.02
a1629d,United States,257.97,11925.3
3991e4,France,228.67,11346.18
151e3d,Russian Federation,28.3,1043.94
00ace4,South Africa,236.58,10066.02
440af6,Austria,31.48,388.62
a890c7,United States,69.43,388.62
151e57,Russian Federation,231.98,6355.08
3c76ef,Germany,236.07,11277.6
484410,Kingdom of the Netherlands,257.64,12755.88
484411,Kingdom of the Netherlands,123.17,1127.76
738bf6,Israel,2.62,220.98
a0428a,United States,276.02,10530.84
a2d234,United States,205.76,10210.8
4006ee,United Kingdom,184.09,9372.6
a16273,United States,225.65,10370.82
738bf8,Israel,61.66,342.9
738bf9,Israel,5.14,228.6
a43887,United States,102.47,1516.38
7c6bef,Australia,146.83,3032.76
a89234,United States,2.06,
abd6ed,United States,263.34,9639.3
7584a7,Philippines,239.19,11422.38
ac3f7d,United States,74.85,1082.04
a53287,United States,240.33,12283.44
3c6519,Germany,119.07,1638.3
39e1ee,France,71.98,960.12
04c06c,Kenya,121.01,7155.18
00ae2b,South Africa,181.87,6873.24
a10d1e,United States,273.43,13449.3
ae6c21,United States,164.14,5524.5
3c6524,Germany,250.23,12443.46
151dbb,Russian Federation,228.16,10447.02
3c6522,Germany,103.51,1851.66
3c6521,Germany,123.57,815.34
7c6c9b,Australia,190.64,4480.56
e4910e,Brazil,236.3,12870.18
151db8,Russian Federation,28.37,4556.76
4b5d3d,Switzerland,2.31,
4b5d3b,Switzerland,1.29,
3c7861,Germany,235.01,12275.82
a09d22,United States,243.33,7170.42
4b5d89,Switzerland,3.34,
aa4230,United States,258.42,10706.1
a5a878,United States,154.69,3093.72
3dd3f2,Germany,44.33,975.36
a6b52a,United States,66.91,495.3
a4bbde,United States,156.71,2598.42
a0b7bb,United States,232.09,12291.06
7c3845,Australia,242.94,13395.96
aab812,United States,142.45,3101.34
4b5d98,Switzerland,0.0,
a5325b,United States,256.51,12435.84
86d928,Japan,202.28,6294.12
4a91f9,Sweden,150.66,3764.28
a041b0,United States,56.14,1341.12
4a91f8,Sweden,221.44,12001.5
4951d4,Portugal,261.92,11475.72
4951d6,Portugal,217.64,11521.44
4951d7,Portugal,243.27,10835.64
4951d9,Portugal,95.75,723.9
39e40c,France,40.65,502.92
4951d1,Portugal,0.39,
48ca40,Poland,224.93,12207.24
a304d8,United States,265.89,11902.44
40097f,United Kingdom,204.55,6987.54
398123,France,144.8,6888.48
40097c,United Kingdom,192.62,3566.16
ab0e54,United States,262.9,12588.24
400981,United Kingdom,123.33,1958.34
7584fa,Philippines,240.85,6560.82
400978,United Kingdom,112.67,6972.3
40095d,United Kingdom,251.24,7749.54
a0ed6e,United States,249.66,11026.14
ad18ce,United States,255.25,11963.4
a10d7f,United States,272.61,9022.08
3c0cb2,Germany,255.48,9578.34
aadb37,United States,237.96,10690.86
408041,United Kingdom,230.74,11346.18
48ca01,Poland,64.01,670.56
3e191a,Germany,58.21,754.38
408032,United Kingdom,229.03,11993.88
3c0caa,Germany,232.22,12214.86
392ae2,France,240.6,6294.12
408027,United Kingdom,222.13,9037.32
392ae6,France,229.56,7543.8
392ae9,France,221.75,11285.22
4844c2,Kingdom of the Netherlands,2.62,68.58
392af0,France,0.0,
4844c6,Kingdom of the Netherlands,231.68,10949.94
3e060d,Germany,42.42,281.94
392af4,France,141.78,2506.98
392af2,France,83.67,609.6
392af8,France,86.54,1181.1
392af9,France,222.49,12321.54
408013,United Kingdom,60.21,1981.2
392aeb,France,115.17,1714.5
392aec,France,181.02,4724.4
7584d7,Philippines,198.36,4861.56
392aee,France,201.34,10927.08
151e0a,Russian Federation,255.42,11948.16
a05646,United States,275.36,12100.56
440d6e,Austria,6.43,
a05648,United States,261.45,12359.64
86d9da,Japan,265.91,12245.34
ae6cc8,United States,7.87,45.72
a6b4f7,United States,233.4,8465.82
440d70,Austria,192.34,11300.46
440d71,Austria,146.63,1935.48
758622,Philippines,70.69,1836.42
aa8b74,United States,251.82,12534.9
49529a,Portugal,0.0,
a05629,United States,251.21,10386.06
a05628,United States,260.89,11826.24
151e49,Russian Federation,234.98,11117.58
872f5c,Japan,82.06,609.6
c01a72,Canada,221.21,11391.9
758629,Philippines,92.34,2491.74
495290,Portugal,237.71,11430.0
495293,Portugal,197.85,12252.96
a0b97c,United States,0.0,
400960,United Kingdom,209.26,7277.1
ac7074,United States,240.19,12374.88
a43952,United States,232.96,10911.84
ac705b,United States,169.32,3086.1
380c1a,France,0.0,
a544ee,United States,251.14,12016.74
392c1c,France,32.02,335.28
a1500a,United States,5.4,
3de65b,Germany,74.12,381.0
3e0686,Germany,49.14,502.92
440d4b,Austria,85.12,1638.3
440d4c,Austria,248.29,9982.2
151e00,Russian Federation,40.77,8755.38
a784d5,United States,228.22,11369.04
7821b5,China,246.06,11277.6
440d3d,Austria,66.88,449.58
a30615,United States,5.14,
4007fb,United Kingdom,257.98,11635.74
7105b2,Saudi Arabia,274.7,11635.74
7105b0,Saudi Arabia,258.55,12268.2
4007ee,United Kingdom,272.17,
4007f9,United Kingdom,256.53,11803.38
4007f6,United Kingdom,112.94,1653.54
4007f5,United Kingdom,268.11,12024.36
402a0c,United Kingdom,51.1,236.22
4007f2,United Kingdom,260.11,11940.54
4007f1,United Kingdom,282.43,10774.68
7105bc,Saudi Arabia,208.54,10347.96
e4905c,Brazil,0.0,
781044,China,231.71,11673.84
78103b,China,239.97,10965.18
4baac9,Turkey,210.71,11399.52
49521a,Portugal,236.1,11612.88
78236a,China,221.33,11673.84
4baac7,Turkey,228.35,9456.42
a5465d,United States,223.21,12100.56
4baad3,Turkey,219.07,11727.18
78103f,China,247.29,9486.9
0d0ba2,Mexico,270.05,11170.92
a7d615,United States,50.17,906.78
7105ae,Saudi Arabia,264.95,11041.38
4baacd,Turkey,219.83,10218.42
4baacb,Turkey,234.04,11971.02
7105ab,Saudi Arabia,263.62,11658.6
782388,China,235.84,8572.5
781056,China,228.95,11704.32
7105af,Saudi Arabia,277.42,11643.36
78237a,China,208.9,6377.94
484566,Kingdom of the Netherlands,85.12,2773.68
4baad9,Turkey,165.68,3345.18
4baad6,Turkey,241.18,12565.38
c8210d,New Zealand,225.93,7520.94
151d98,Russian Federation,89.97,
484571,Kingdom of the Netherlands,62.76,480.06
495211,Portugal,219.36,11254.74
495212,Portugal,123.81,2286.0
495213,Portugal,76.14,579.12
48455e,Kingdom of the Netherlands,221.32,9204.96
7105bb,Saudi Arabia,0.45,
495214,Portugal,255.19,11315.7
495216,Portugal,202.26,11605.26
4baacf,Turkey,190.6,6819.9
a8e1cc,United States,254.57,11910.06
484555,Kingdom of the Netherlands,165.39,3246.12
484557,Kingdom of the Netherlands,201.35,12214.86
484560,Kingdom of the Netherlands,274.83,9723.12
3490c2,Spain,45.58,457.2
76099a,Pakistan,223.45,10066.02
abc651,United States,0.0,
485873,Kingdom of the Netherlands,128.1,1203.96
485871,Kingdom of the Netherlands,189.7,6880.86
485874,Kingdom of the Netherlands,221.67,10949.94
485875,Kingdom of the Netherlands,219.93,10149.84
7c005d,Australia,121.27,4114.8
781098,China,208.28,11590.02
151d69,Russian Federation,218.39,
70c08b,Oman,12.86,10949.94
a78605,United States,255.95,11323.32
70c08d,Oman,176.56,8503.92
aa8a83,United States,0.0,
151d58,Russian Federation,240.09,
4ca9c1,Ireland,212.04,11422.38
4ca9c2,Ireland,1.8,
4ca9c3,Ireland,220.28,6431.28
4ca9aa,Ireland,234.81,11384.28
484506,Kingdom of the Netherlands,14.92,
a3e07a,United States,10.29,
4ca9d1,Ireland,208.65,11887.2
4ca9d2,Ireland,208.58,11026.14
4ca9d3,Ireland,237.19,11468.1
4ca9d0,Ireland,202.99,11780.52
7585d9,Philippines,92.05,944.88
4ca9bc,Ireland,5.14,
4ca9bd,Ireland,104.07,784.86
4ca9a9,Ireland,231.52,11978.64
4b5c41,Switzerland,10.8,
a3e08d,United States,219.99,12092.94
4b5c2b,Switzerland,11.32,
4b5c37,Switzerland,11.32,
485814,Kingdom of the Netherlands,264.77,9288.78
4b39fe,Switzerland,82.39,3528.06
4b5c1e,Switzerland,8.75,
782307,China,225.18,9768.84
7585b3,Philippines,69.11,701.04
4b5c1c,Switzerland,2.57,
0a00e5,Algeria,246.61,11978.64
4b5c1b,Switzerland,3.86,
a91672,United States,48.31,1798.32
4b5c62,Switzerland,18.01,
4ca9eb,Ireland,199.1,6827.52
4ca9ec,Ireland,185.61,4602.48
4ca9ed,Ireland,194.25,11186.16
151d9b,Russian Federation,85.6,
a295c9,United States,266.43,11948.16
3de5ec,Germany,13.12,114.3
a042db,United States,0.06,
ab1fa7,United States,199.05,4907.28
4b5c3a,Switzerland,6.69,
782336,China,156.88,3284.22
841115,Japan,256.23,8168.64
7c6ca4,Australia,150.48,3825.24
a76028,United States,208.82,5425.44
a09e70,United States,226.4,4724.4
acf906,United States,238.27,11971.02
4ca9cf,Ireland,219.07,11963.4
3dd2f6,Germany,23.12,449.58
4ca9cc,Ireland,231.79,7802.88
aaffa2,United States,243.23,10812.78
a69f90,United States,272.61,11376.66
4841ad,Kingdom of the Netherlands,242.07,9464.04
4601f4,Finland,0.0,
4601f7,Finland,133.68,5410.2
e49889,Brazil,232.77,12336.78
43ea87,United Kingdom,0.0,
49c4c9,Czech Republic,58.87,487.68
4854cb,Kingdom of the Netherlands,93.42,784.86
4854ca,Kingdom of the Netherlands,224.16,10820.4
e4988e,Brazil,72.04,22.86
440a8d,Austria,252.09,11102.34
4854cd,Kingdom of the Netherlands,260.82,10835.64
49c4c0,Czech Republic,49.31,632.46
4601fb,Finland,124.47,5158.74
4601fa,Finland,5.92,
140ab4,Russian Federation,27.66,9982.2
a883bd,United States,271.19,11132.82
4867eb,Kingdom of the Netherlands,251.79,11460.48
4867ec,Kingdom of the Netherlands,7.72,
a45f8e,United States,242.6,11971.02
4bab2c,Turkey,195.1,5113.02
4bab2d,Turkey,4.12,
424625,United Kingdom,267.83,14081.76
140ac5,Russian Federation,40.38,4709.16
a69f9d,United States,141.79,2773.68
4841a5,Kingdom of the Netherlands,149.12,1127.76
4bab48,Turkey,230.13,11711.94
a5cf8b,United States,287.15,11704.32
4bab45,Turkey,246.18,11224.26
4841a6,Kingdom of the Netherlands,136.89,2903.22
ae04ab,United States,114.3,1089.66
a5bc83,United States,165.65,2804.16
3de527,Germany,39.8,175.26
7cac31,Australia,67.38,1211.58
4ca8fb,Ireland,140.56,3131.82
c82810,New Zealand,86.23,716.28
c01ec6,Canada,268.7,11582.4
a523c6,United States,268.31,10721.34
ab6909,United States,240.37,10332.72
c8280d,New Zealand,19.15,99.06
490d09,Portugal,118.01,2286.0
490d07,Portugal,235.01,12786.36
7585da,Philippines,74.12,1836.42
490d06,Portugal,241.79,14302.74
490d02,Portugal,4.89,
ae04fd,United States,154.26,5593.08
c0885e,Canada,242.56,11772.9
3cd850,Germany,205.96,12931.14
4867c0,Kingdom of the Netherlands,225.1,11841.48
4867c1,Kingdom of the Netherlands,211.0,11704.32
4867c4,Kingdom of the Netherlands,195.87,4564.38
4867c2,Kingdom of the Netherlands,91.94,769.62
4867c3,Kingdom of the Netherlands,276.47,10828.02
394df2,France,48.16,373.38
7585ed,Philippines,79.67,457.2
4867b0,Kingdom of the Netherlands,211.15,11658.6
758766,Philippines,171.24,5707.38
78109a,China,202.55,6126.48
70c150,Oman,242.17,10408.92
78109b,China,156.2,3726.18
70c14f,Oman,195.6,
75875e,Philippines,194.71,4244.34
77170d,Sri Lanka,92.82,807.72
c82871,New Zealand,57.8,106.68
a64517,United States,172.93,5280.66
75872b,Philippines,247.6,9509.76
3c0d0c,Germany,221.36,11574.78
4627c1,Finland,159.66,7985.76
a16883,United States,76.65,228.6
abed10,United States,248.12,11757.66
c060bc,Canada,222.83,7802.88
7822a2,China,95.98,777.24
aa4903,United States,186.79,4907.28
70c107,Oman,230.66,11734.8
140aec,Russian Federation,0.0,
70c104,Oman,72.42,952.5
a3954f,United States,23.31,16375.38
7822b5,China,193.4,4655.82
c073f1,Canada,112.8,7490.46
7822b9,China,206.44,4434.84
7c39fa,Australia,132.8,4625.34
7c39fb,Australia,130.22,1760.22
a8d3b4,United States,229.95,10530.84
394f02,France,67.55,1653.54
7c5c35,Australia,53.43,320.04
394f00,France,69.53,1295.4
394f08,France,76.81,1531.62
846d80,Japan,249.85,10607.04
70c124,Oman,233.87,13312.14
7822d7,China,125.22,2827.02
a8e6f5,United States,228.89,12306.3
abed37,United States,238.56,12626.34
781146,China,199.21,6019.8
3c0d67,Germany,0.0,
781152,China,120.57,1249.68
781153,China,226.77,11430.0
a75238,United States,152.78,5440.68
7c1475,Australia,231.95,8587.74
ad2baa,United States,0.0,
7c1471,Australia,94.84,1333.5
7c1473,Australia,162.27,3489.96
781163,China,158.84,4396.74
7c013c,Australia,36.88,53.34
aa7bd6,United States,265.66,10812.78
3e04d1,Germany,47.69,464.82
7c1469,Australia,271.85,12710.16
781172,China,197.24,4061.46
486868,Kingdom of the Netherlands,0.0,53.34
48b840,Poland,30.32,624.84
78249c,China,244.12,12557.76
4ca97a,Ireland,89.92,800.1
4ca97b,Ireland,205.52,11087.1
77044f,Sri Lanka,235.35,10988.04
7c6deb,Australia,193.13,9319.26
7c6dea,Australia,6.17,
896f9c,United Arab Emirates,0.06,
770454,Sri Lanka,199.98,8732.52
7c6ded,Australia,9.26,
7c6dec,Australia,177.78,4160.52
a7fbb3,United States,238.7,11849.1
acd88e,United States,249.08,11308.08
48a502,Poland,46.48,670.56
48b831,Poland,42.95,3101.34
478ecf,Norway,34.42,220.98
4d404c,Monaco,0.0,
478ecd,Norway,165.34,7315.2
702f0f,Bangladesh,9.26,
478ef4,Norway,133.17,4404.36
c01f28,Canada,256.2,11689.08
486840,Kingdom of the Netherlands,88.03,487.68
c827a3,New Zealand,250.69,11071.86
48683e,Kingdom of the Netherlands,236.68,11445.24
48683f,Kingdom of the Netherlands,10.29,
c827a6,New Zealand,243.05,10820.4
a76516,United States,255.62,11986.26
c01f1e,Canada,277.85,11605.26
a7c83b,United States,67.96,525.78
486836,Kingdom of the Netherlands,13.38,
4d4039,Monaco,0.0,60.96
ac6289,United States,259.74,11711.94
ae0576,United States,271.53,9951.72
758793,Philippines,168.65,5463.54
a19d0d,United States,258.26,10728.96
478ea0,Norway,58.09,1615.44
88084f,Thailand,154.44,3970.02
84cefa,Japan,6.69,
acb0e7,United States,238.83,15186.66
880858,Thailand,197.55,7254.24
880854,Thailand,211.2,11414.76
486802,Kingdom of the Netherlands,251.42,12169.14
7609ef,Pakistan,148.38,2651.76
84bbdf,Japan,0.64,
846bfa,Japan,205.94,5120.64
7609ec,Pakistan,242.53,11650.98
486800,Kingdom of the Netherlands,236.47,10599.42
880844,Thailand,92.09,1394.46
c0616c,Canada,255.42,11597.64
a68d02,United States,263.98,11049.0
c827ee,New Zealand,222.87,9913.62
86789e,Japan,113.75,1295.4
a777b8,United States,258.25,10546.08
3c0ca3,Germany,218.81,11681.46
3c0ca7,Germany,231.73,12138.66
a1ed21,United States,30.92,243.84
76d103,Singapore,228.55,8953.5
76d107,Singapore,170.89,
a18a1c,United States,233.95,11018.52
ab6851,United States,243.48,11704.32
a06a54,United States,252.49,11323.32
4bab21,Turkey,259.18,10622.28
781103,China,218.42,7528.56
7c6de0,Australia,8.75,
781104,China,227.58,9784.08
4ca8e7,Ireland,231.02,9083.04
4ca8e4,Ireland,183.7,3718.56
4ca8e6,Ireland,225.88,10797.54
7c6de5,Australia,245.27,11399.52
7c6dda,Australia,299.77,11719.56
4bab29,Turkey,236.89,8702.04
76d10a,Singapore,208.95,12062.46
7c6dd9,Australia,221.27,10035.54
7c6dd6,Australia,144.39,3192.78
7c6dd4,Australia,170.22,9075.42
78110b,China,222.02,8945.88
781129,China,209.85,11620.5
7609b8,Pakistan,126.89,2446.02
78111b,China,201.77,7071.36
3dd1bd,Germany,63.81,1082.04
7609b6,Pakistan,149.15,1844.04
782461,China,127.11,1577.34
4853f4,Kingdom of the Netherlands,225.66,9730.74
7c6dbb,Australia,186.37,4693.92
7c6dba,Australia,238.21,9959.34
c06156,Canada,245.11,10934.7
84bbbd,Japan,220.74,9814.56
4ca8d7,Ireland,0.0,
4ca8d8,Ireland,191.0,6774.18
4ca8d4,Ireland,156.07,2522.22
4ca8d5,Ireland,92.41,952.5
7c6db4,Australia,7.72,
7c6db3,Australia,210.03,12275.82
7c6db1,Australia,207.14,11719.56
7c6db0,Australia,0.0,
4ca8bd,Ireland,245.39,11780.52
78245e,China,223.34,9608.82
7c6db9,Australia,172.08,4983.48
c07677,Canada,55.0,411.48
7810bc,China,225.75,8526.78
a5aa47,United States,233.06,10965.18
c1e641,Canada,6.94,
394edb,France,0.0,236.22
7810d5,China,233.65,10744.2
e49763,Brazil,238.81,9448.8
c05004,Canada,252.19,11910.06
a31a7b,United States,106.18,1874.52
3c0ac5,Germany,243.52,7482.84
4baa52,Turkey,28.37,9098.28
c1e651,Canada,8.23,
3c743a,Germany,79.64,952.5
4baa4e,Turkey,241.64,10690.86
a884b6,United States,234.71,12275.82
4baa4c,Turkey,139.13,
88803e,Viet Nam,217.69,11049.0
7c01f6,Australia,96.48,2202.18
3a3452,France,48.63,563.88
4c31e0,Serbia,192.9,13685.52
40072b,United Kingdom,217.71,10424.16
49c3b5,Czech Republic,51.44,
c05030,Canada,253.04,11536.68
3c0aca,Germany,76.71,251.46
4baa0c,Turkey,84.95,1165.86
48a5c8,Poland,40.18,
a511fd,United States,247.32,11056.62
3df743,Germany,20.21,480.06
7810ec,China,205.42,7429.5
7cad4c,Australia,216.09,10568.94
7cad4a,Australia,8.75,
8678c0,Japan,165.43,3459.48
ac62f3,United States,257.49,11887.2
7810fb,China,192.02,7597.14
a44d74,United States,69.63,2743.2
7c4a56,Australia,221.32,10911.84
7c4a57,Australia,6.43,
4baa89,Turkey,204.27,7475.22
4baa86,Turkey,145.97,2674.62
4baa87,Turkey,92.61,1394.46
4855d2,Kingdom of the Netherlands,120.69,1973.58
4855d0,Kingdom of the Netherlands,13.38,
4baa99,Turkey,147.65,3322.32
add2b6,United States,243.45,10469.88
c1e602,Canada,13.89,
4868f8,Kingdom of the Netherlands,214.02,11681.46
4baa8e,Turkey,127.28,1737.36
399264,France,13.38,
4868f7,Kingdom of the Netherlands,265.34,11361.42
a0100a,United States,183.02,9235.44
49c3da,Czech Republic,31.59,617.22
4baa67,Turkey,229.15,11102.34
4baa63,Turkey,247.83,10187.94
49c3f9,Czech Republic,6.69,
7586fd,Philippines,3.09,
49c3f4,Czech Republic,66.65,
4b7fa9,Switzerland,138.27,3421.38
aa7e2e,United States,242.79,11193.78
400774,United Kingdom,270.55,11376.66
43eb7b,United Kingdom,93.71,7299.96
4baa69,Turkey,0.0,
3c7425,Germany,246.19,11658.6
4baa73,Turkey,238.92,10683.24
a7c7c5,United States,167.14,3413.76
3c7428,Germany,220.67,11361.42
4baa72,Turkey,0.0,
4baa70,Turkey,185.0,4282.44
4868bc,Kingdom of the Netherlands,182.69,7391.4
4baa6f,Turkey,222.72,8663.94
4baa6e,Turkey,253.52,10386.06
3c7422,Germany,232.06,12062.46
489e28,Poland,50.12,1104.9
3c7424,Germany,252.5,11323.32
4baa79,Turkey,158.78,5524.5
a15689,United States,33.66,1203.96
ab9e12,United States,234.23,11879.58
43c8fa,United Kingdom,35.68,259.08
4ca911,Ireland,219.88,11026.14
3df79c,Germany,61.64,182.88
add376,United States,272.16,10530.84
3c618b,Germany,246.21,11384.28
39e275,France,123.16,1043.94
c82741,New Zealand,238.48,6225.54
43c8ed,United Kingdom,65.36,518.16
43c8ee,United Kingdom,44.22,297.18
4ca929,Ireland,222.29,11727.18
4868b9,Kingdom of the Netherlands,248.8,11033.76
43c8f2,United Kingdom,45.3,297.18
43c8f5,United Kingdom,48.79,381.0
43c8f6,United Kingdom,58.93,365.76
46f091,Greece,13.89,
c82757,New Zealand,2.06,
4b7fde,Switzerland,73.91,990.6
4b3978,Switzerland,200.29,7970.52
a6461d,United States,53.92,2674.62
a41941,United States,234.21,7421.88
c82763,New Zealand,51.66,868.68
a26325,United States,237.43,7978.14
c01fb9,Canada,213.0,12512.04
a38367,United States,246.52,11209.02
4b3996,Switzerland,218.34,13655.04
7823c0,China,71.05,335.28
7cad46,Australia,0.0,
7cad40,Australia,208.9,11209.02
7c5d71,Australia,197.64,8686.8
7cad44,Australia,0.06,
46f06c,Greece,10.29,
a3f930,United States,229.06,12268.2
aa6b9d,United States,264.59,11475.72
a37020,United States,226.52,12275.82
4ca95e,Ireland,222.89,11673.84
75883d,Philippines,223.1,10812.78
43c8b8,United Kingdom,84.9,906.78
c8276c,New Zealand,102.27,4267.2
495037,Portugal,192.28,6797.04
495039,Portugal,216.96,9944.1
acd8ac,United States,274.65,9906.0
4ca92d,Ireland,239.33,12374.88
48436a,Kingdom of the Netherlands,242.63,10309.86
7c5d49,Australia,0.0,
43c8df,United Kingdom,43.97,838.2
43c8e9,United Kingdom,48.32,350.52
7823e9,China,183.71,3977.64
7823da,China,237.57,12748.26
45d065,Denmark,226.13,11978.64
48436c,Kingdom of the Netherlands,210.34,9814.56
7c4a28,Australia,52.75,914.4
43c8e2,United Kingdom,5.09,152.4
43c8e3,United Kingdom,9.12,182.88
aace5c,United States,248.82,9921.24
43c8e5,United Kingdom,45.52,373.38
43c8e6,United Kingdom,7.72,167.64
a40654,United States,202.71,11460.48
43c8e0,United Kingdom,1.03,121.92
45d06e,Denmark,225.37,11338.56
7810c0,China,221.93,10317.48
484368,Kingdom of the Netherlands,209.83,11849.1
aa6b7e,United States,240.45,10690.86
43c8d8,United Kingdom,88.54,1333.5
7810c7,China,212.75,7604.76
4a068a,Romania,139.24,5128.26
4ca947,Ireland,239.4,11049.0
43c8d4,United Kingdom,100.78,2110.74
758827,Philippines,156.13,4373.88
43c8d5,United Kingdom,95.53,662.94
88809b,Viet Nam,179.82,7330.44
43c8d7,United Kingdom,74.86,350.52
a168ad,United States,152.2,2971.8
e495d8,Brazil,210.26,12214.86
ac6335,United States,146.1,6484.62
a76683,United States,262.2,12534.9
4258be,United Kingdom,1.54,
381c1a,France,4.63,
e495cc,Brazil,234.9,11711.94
e495cf,Brazil,222.29,12009.12
4ca84f,Ireland,182.22,4023.36
770590,Sri Lanka,264.25,10965.18
770593,Sri Lanka,265.79,13007.34
78127c,China,4.63,
4ca84c,Ireland,224.09,11650.98
4ca84d,Ireland,199.24,10652.76
e495b1,Brazil,202.58,12839.7
4ca84e,Ireland,129.91,2019.3
4ca84a,Ireland,239.77,10797.54
46f010,Greece,3.09,
4ca857,Ireland,208.09,11666.22
4ca853,Ireland,236.78,8138.16
4ca855,Ireland,243.0,8785.86
4ca856,Ireland,144.32,3482.34
4ca852,Ireland,227.46,11079.48
a8d62a,United States,230.41,10393.68
a275b8,United States,130.36,1905.0
78129e,China,0.45,
ac769b,United States,244.26,11833.86
46acc1,Greece,0.0,
4ca88c,Ireland,257.04,12123.42
486953,Kingdom of the Netherlands,71.63,83.82
e495db,Brazil,261.1,11399.52
4ca894,Ireland,232.98,11483.34
485615,Kingdom of the Netherlands,53.82,1531.62
4005bc,United Kingdom,154.99,4290.06
4005bb,United Kingdom,267.77,12039.6
7587fa,Philippines,97.64,609.6
a3e5c2,United States,136.38,8862.06
e48395,Brazil,247.06,11971.02
e48396,Brazil,225.34,12329.16
4bbd08,Turkey,88.65,441.96
4bbd05,Turkey,151.39,3131.82
781202,China,190.03,4732.02
781203,China,4.89,
781201,China,7.2,
a9f67d,United States,258.44,9517.38
781207,China,240.13,9334.5
390830,France,62.9,1493.52
4bbd1a,Turkey,156.99,3970.02
47ba78,Norway,185.22,7033.26
390839,France,67.19,1150.62
39082e,France,44.92,662.94
4baa12,Turkey,166.82,5448.3
7c5bc0,Australia,157.24,11765.28
39082f,France,50.0,365.76
4baa10,Turkey,204.23,4213.86
781231,China,210.75,8191.5
3c0c99,Germany,240.53,11963.4
78122d,China,221.9,9806.94
a32e8c,United States,0.06,
43c91c,United Kingdom,229.59,9433.56
781247,China,170.95,5661.66
4601fd,Finland,132.44,5120.64
872fe4,Japan,144.98,5212.08
76d254,Singapore,137.55,5166.36
4bbd14,Turkey,223.96,11140.44
4bbd13,Turkey,217.1,11559.54
4bbd12,Turkey,109.0,1592.58
3c0c9e,Germany,268.76,11757.66
4ca7b5,Ireland,242.0,12473.94
4ca7b6,Ireland,177.45,2948.94
4ca7b7,Ireland,228.53,11719.56
ade609,United States,0.0,
78124a,China,217.25,8877.3
4bbd0c,Turkey,215.17,11460.48
4bbd0b,Turkey,182.28,11262.36
888183,Viet Nam,1.03,
3c1cac,Germany,0.0,
888175,Viet Nam,229.33,11399.52
501d1d,Croatia,238.88,9890.76
888171,Viet Nam,231.83,11125.2
4ca6f1,Ireland,133.41,1828.8
a05939,United States,286.42,11170.92
a0a903,United States,109.13,906.78
4ca6c4,Ireland,236.14,11704.32
5084d2,Ukraine,141.21,3261.36
5084d1,Ukraine,136.45,2133.6
a641b6,United States,241.42,12992.1
4ca6aa,Ireland,223.35,11277.6
49d5d6,Czech Republic,69.96,617.22
4ca6d9,Ireland,223.21,8755.38
e4962d,Brazil,216.66,12443.46
e4962e,Brazil,248.27,11993.88
49d5e8,Czech Republic,196.71,14226.54
e4967f,Brazil,156.64,5242.56
86eaf2,Japan,218.44,7429.5
a04635,United States,0.0,
44d2b6,Belgium,227.47,11993.88
44d2ab,Belgium,106.58,1112.52
5084e3,Ukraine,193.84,11087.1
5084e2,Ukraine,225.44,11033.76
49d5ec,Czech Republic,43.66,769.62
49d5ef,Czech Republic,220.61,11140.44
e49698,Brazil,159.03,4465.32
e49699,Brazil,223.27,12298.68
02a197,Tunisia,130.47,3307.08
02a198,Tunisia,199.43,6637.02
39aea7,France,66.81,441.96
02a196,Tunisia,0.0,
02a194,Tunisia,200.42,10530.84
02a191,Tunisia,224.68,9890.76
c02fd5,Canada,249.46,11475.72
49d5fc,Czech Republic,37.83,1120.14
a56a25,United States,123.43,3093.72
888152,Viet Nam,239.69,13053.06
3d093b,Germany,80.06,1783.08
4ca6fc,Ireland,215.04,11201.4
7cf09f,Australia,3.6,
388261,France,1.03,
3e167c,Germany,42.0,396.24
86ec40,Japan,176.1,5989.32
4ca806,Ireland,6.69,
a53612,United States,259.68,12047.22
4ca808,Ireland,3.34,
4ca809,Ireland,246.81,11483.34
4ca804,Ireland,1.54,
4ca801,Ireland,227.11,12550.14
a7fa3b,United States,273.75,11049.0
4002c5,United Kingdom,247.89,13853.16
7cae06,Australia,145.52,2080.26
7cae05,Australia,254.12,12367.26
7cae04,Australia,90.09,746.76
7cf07e,Australia,0.51,
a81a81,United States,235.28,11323.32
a4bfc1,United States,6.17,
02a0ad,Tunisia,5.4,
3ce997,Germany,131.12,2377.44
7cae60,Australia,158.09,7955.28
4ca836,Ireland,0.77,
4ca837,Ireland,201.41,4114.8
7cae63,Australia,137.0,3611.88
44c06d,Belgium,168.8,7223.76
76d1c6,Singapore,247.39,
706056,Kuwait,262.62,11140.44
a40312,United States,0.0,
4ca849,Ireland,239.56,11079.48
4ca80f,Ireland,266.85,11498.58
501d20,Croatia,5.4,
4ca80b,Ireland,184.51,4610.1
4ca80c,Ireland,73.31,213.36
4ca80d,Ireland,234.65,10858.5
7811d0,China,116.31,1783.08
485343,Kingdom of the Netherlands,1.8,
4ca813,Ireland,143.92,3055.62
4ca815,Ireland,234.49,10728.96
4ca810,Ireland,193.95,4533.9
4ca811,Ireland,229.62,11894.82
a29980,United States,215.2,10873.74
706074,Kuwait,243.87,11155.68
845c8c,Japan,224.36,10393.68
501d0a,Croatia,229.89,10706.1
845c8d,Japan,196.06,5052.06
706070,Kuwait,206.17,11849.1
706071,Kuwait,228.63,12252.96
706073,Kuwait,248.07,12291.06
a46fad,United States,274.73,11254.74
70605e,Kuwait,262.32,11490.96
70605f,Kuwait,141.96,1821.18
4a0484,Romania,183.04,7917.18
78137c,China,224.22,7452.36
486651,Kingdom of the Netherlands,126.08,1882.14
4ca74e,Ireland,150.91,5897.88
78137a,China,157.05,3870.96
4bcde9,Turkey,89.04,160.02
4bcde6,Turkey,225.12,12603.48
4bcdf2,Turkey,209.17,8808.72
4bcdf0,Turkey,221.44,11445.24
c01d2d,Canada,234.02,12298.68
394c09,France,236.21,11841.48
4bcdee,Turkey,226.1,11978.64
486648,Kingdom of the Netherlands,245.17,12451.08
4bcdec,Turkey,234.28,12329.16
4ca770,Ireland,0.0,
4bcdeb,Turkey,247.3,10546.08
4ca75f,Ireland,152.28,3749.04
4bcdf9,Turkey,238.5,12359.64
4ca765,Ireland,234.23,6004.56
394c19,France,199.66,10363.2
aa9ff5,United States,102.45,2583.18
4bcdd4,Turkey,224.08,11658.6
4bcdd2,Turkey,208.45,12108.18
a3d03f,United States,0.0,
4ca738,Ireland,214.66,12031.98
4ca739,Ireland,195.88,11826.24
4ca730,Ireland,131.59,3284.22
4ca73f,Ireland,206.53,11681.46
4ca73b,Ireland,217.19,11620.5
78007a,China,217.77,10347.96
4bcdd6,Turkey,134.53,3604.26
4bcdd5,Turkey,133.19,3406.14
4bcde5,Turkey,181.47,5554.98
4bcde2,Turkey,117.58,2316.48
4bcde1,Turkey,237.12,11856.72
38d19c,France,27.34,342.9
c01d3c,Canada,251.06,11826.24
4ca740,Ireland,73.61,327.66
478cc8,Norway,69.82,480.06
4bcdce,Turkey,150.44,4099.56
4ca741,Ireland,0.0,
780099,China,139.13,2872.74
78008a,China,161.44,4716.78
424382,United Kingdom,258.14,10690.86
78009d,China,235.88,12382.5
ad3cdf,United States,246.7,11315.7
48eaf9,Poland,36.01,
adf61f,United States,82.94,579.12
394c0a,France,196.11,10317.48
4bcdfa,Turkey,0.45,
a6ffc6,United States,237.79,8610.6
4ca76f,Ireland,220.4,11544.3
394c0c,France,240.56,11216.64
a6562b,United States,244.37,12260.58
a51002,United States,131.38,1493.52
3ce8c7,Germany,226.09,12847.32
449682,Belgium,220.21,10728.96
449681,Belgium,230.39,12481.56
ab538b,United States,259.65,12298.68
449683,Belgium,205.6,8473.44
49c46b,Czech Republic,38.6,502.92
405e24,United Kingdom,243.39,11422.38
3d08d4,Germany,45.17,571.5
4ca783,Ireland,248.51,7147.56
ade1b7,United States,108.92,3459.48
ae01d4,United States,222.11,10652.76
7705c6,Sri Lanka,254.5,10927.08
781317,China,182.53,6858.0
491d8d,Portugal,102.61,777.24
491d8c,Portugal,236.66,10607.04
781324,China,212.8,9357.36
4b7f44,Switzerland,62.8,114.3
4851f6,Kingdom of the Netherlands,275.91,11399.52
781336,China,247.66,
491d86,Portugal,255.76,12832.08
4984f6,Czech Republic,59.54,792.48
4a29f9,Romania,221.17,9677.4
a0a8df,United States,224.19,10347.96
4864ec,Kingdom of the Netherlands,189.11,6964.68
4ca6a4,Ireland,248.27,8488.68
4864ed,Kingdom of the Netherlands,221.92,9845.04
a5237f,United States,226.55,11330.94
c07223,Canada,1.03,
02a263,Tunisia,92.22,830.58
ae4a7d,United States,127.12,6530.34
4864ea,Kingdom of the Netherlands,166.52,3916.68
4864eb,Kingdom of the Netherlands,240.38,10660.38
02a262,Tunisia,75.34,647.7
3bb5ff,France,0.0,
781368,China,229.81,10073.64
abc948,United States,251.61,11323.32
781364,China,229.41,12367.26
4984b4,Czech Republic,154.1,8031.48
4984b5,Czech Republic,117.7,5821.68
78136c,China,190.87,
c07435,Canada,137.69,3284.22
e49528,Brazil,218.48,11285.22
4853d0,Kingdom of the Netherlands,243.93,12024.36
4bce61,Turkey,147.27,1333.5
4853d1,Kingdom of the Netherlands,5.92,
501c0c,Croatia,124.24,2971.8
501c1c,Croatia,227.25,12313.92
4853d2,Kingdom of the Netherlands,242.17,10828.02
e49525,Brazil,82.35,731.52
48ea00,Poland,186.6,11551.92
4866df,Kingdom of the Netherlands,130.56,2286.0
4866de,Kingdom of the Netherlands,274.28,11536.68
341682,Spain,208.25,7574.28
501c15,Croatia,240.44,11384.28
501c16,Croatia,0.0,
4bce43,Turkey,215.06,12222.48
4bce42,Turkey,220.32,12039.6
a7fb29,United States,75.38,777.24
501c42,Croatia,231.21,11247.12
ae5f4f,United States,69.5,
c06120,Canada,232.01,11597.64
4613cb,Finland,64.55,320.04
7cf0b4,Australia,2.06,
48c9e5,Poland,45.34,464.82
4bce47,Turkey,217.16,11696.7
4bce46,Turkey,76.58,137.16
4bce45,Turkey,241.83,11963.4
501c49,Croatia,1.8,
4bbb22,Turkey,253.75,12412.98
42450b,United Kingdom,12.05,11231.88
a2d5eb,United States,0.0,
501c2b,Croatia,192.0,6438.9
7cf0a4,Australia,4.37,
501c39,Croatia,219.58,11346.18
a82e57,United States,300.58,10332.72
501c65,Croatia,212.1,11536.68
845d04,Japan,0.0,
888260,Viet Nam,1.03,
501c5a,Croatia,125.28,2697.48
43c6fa,United Kingdom,206.15,6842.76
48c9c3,Poland,40.84,434.34
e49564,Brazil,233.61,10698.48
478f5c,Norway,137.96,2133.6
86ebfa,Japan,11.83,
48ea3b,Poland,125.57,1684.02
49d4d1,Czech Republic,105.93,4747.26
501c4e,Croatia,36.56,167.64
3de0bf,Germany,47.35,579.12
43c6f5,United Kingdom,190.86,5303.52
501c59,Croatia,196.92,6461.76
501c58,Croatia,229.6,10728.96
405ee1,United Kingdom,149.83,5623.56
48fd88,Poland,50.95,1645.92
a5bb17,United States,165.52,3489.96
405ee0,United Kingdom,210.99,11430.0
ae03f9,United States,101.33,3589.02
48ea4e,Poland,201.48,7978.14
845d1c,Japan,260.93,11087.1
a788d3,United States,283.46,11102.34
49d4f8,Czech Republic,88.09,2598.42
781417,China,252.18,8900.16
ae03e8,United States,174.14,7124.7
a7a08a,United States,245.8,9624.06
ae03e2,United States,112.63,876.3
86da40,Japan,0.64,
48418d,Kingdom of the Netherlands,233.29,11788.14
a0cab1,United States,233.96,10965.18
48418c,Kingdom of the Netherlands,235.65,11125.2
3cc24d,Germany,110.14,1303.02
3d925a,Germany,58.93,312.42
e480f9,Brazil,1.29,
7caf1b,Australia,235.56,11696.7
7c16e1,Australia,0.0,
a14104,United States,176.35,5669.28
7caf18,Australia,259.55,10165.08
48548c,Kingdom of the Netherlands,169.32,3535.68
48548d,Kingdom of the Netherlands,219.73,8953.5
ab79ca,United States,255.84,11620.5
c87ec9,New Zealand,5.4,
484165,Kingdom of the Netherlands,7.72,
50848a,Ukraine,226.98,9951.72
7caf14,Australia,4.12,
7c29da,Australia,208.9,10507.98
399043,France,238.19,11087.1
48548e,Kingdom of the Netherlands,83.89,769.62
48415f,Kingdom of the Netherlands,153.41,2080.26
399042,France,50.49,944.88
a895eb,United States,244.78,10233.66
4a0442,Romania,232.58,9159.24
a2b10d,United States,168.92,3947.16
4bcda9,Turkey,209.87,11826.24
074043,Seychelles,77.74,876.3
4bcda5,Turkey,210.82,12184.38
4bcda2,Turkey,251.73,10858.5
4bcdb2,Turkey,213.71,7284.72
4ca718,Ireland,141.81,2552.7
4ca719,Ireland,197.87,3619.5
4bcdb0,Turkey,197.25,6042.66
4a4aae,Romania,225.74,
484162,Kingdom of the Netherlands,14.92,
4a0443,Romania,230.73,11605.26
4bcdaa,Turkey,221.02,12092.94
7812e1,China,159.31,5334.0
a2b110,United States,261.96,11231.88
4bcdb5,Turkey,152.55,2720.34
4bcdb4,Turkey,220.7,12230.1
c01e93,Canada,217.02,12542.52
a762cc,United States,284.62,10355.58
7812e5,China,252.28,11224.26
4bcdae,Turkey,225.35,11536.68
4bcdac,Turkey,192.62,5471.16
4bcdab,Turkey,4.12,
7caf5c,Australia,139.11,5593.08
484133,Kingdom of the Netherlands,280.74,10492.74
7812f0,China,176.06,3794.76
7812f1,China,177.32,4480.56
3cc243,Germany,186.39,12900.66
501c08,Croatia,212.24,6667.5
4bcda1,Turkey,216.33,11978.64
4ca707,Ireland,196.92,10264.14
a1b75e,United States,48.73,1013.46
4ca703,Ireland,245.71,10294.62
857d90,Japan,70.57,91.44
484131,Kingdom of the Netherlands,177.59,4236.72
4ca701,Ireland,216.12,11468.1
841538,Japan,141.52,3931.92
45f45d,Denmark,50.17,518.16
45f45a,Denmark,49.33,655.32
c085d5,Canada,122.49,2819.4
48676c,Kingdom of the Netherlands,69.5,662.94
c87efe,New Zealand,0.0,
472127,Hungary,52.09,
4ca63b,Ireland,211.72,11109.96
a75103,United States,188.1,6004.56
152c22,Russian Federation,53.03,9677.4
4ca645,Ireland,228.62,11445.24
4ca646,Ireland,249.46,10218.42
4ca647,Ireland,230.89,7696.2
152c29,Russian Federation,142.03,
780192,China,234.56,13266.42
4ca643,Ireland,71.36,213.36
a2b12e,United States,136.21,3223.26
3d2a13,Germany,70.96,464.82
49d62c,Czech Republic,232.46,11513.82
a38141,United States,0.06,
4bcca9,Turkey,246.14,11742.42
a2b136,United States,247.64,11879.58
a7b433,United States,240.56,6073.14
a2b133,United States,251.15,11658.6
4bccb0,Turkey,251.48,11742.42
405f13,United Kingdom,233.35,11437.62
49d648,Czech Republic,58.92,3223.26
4bccab,Turkey,242.33,11452.86
4ca61f,Ireland,81.09,175.26
486741,Kingdom of the Netherlands,247.36,11750.04
4ca61b,Ireland,0.0,
4bccb9,Turkey,207.78,12199.62
4ca61c,Ireland,259.63,12131.04
4ca61d,Ireland,228.42,12176.76
aa7aa0,United States,244.52,11247.12
a40455,United States,248.81,11963.4
ab9af3,United States,274.38,10767.06
7c0488,Australia,55.75,160.02
4ca622,Ireland,128.56,3962.4
4ca623,Ireland,154.27,4983.48
4ca624,Ireland,242.66,11902.44
4ca625,Ireland,258.71,10218.42
4bccae,Turkey,206.87,11887.2
4bccad,Turkey,210.62,12062.46
4ca621,Ireland,139.11,5882.64
7c29d5,Australia,224.23,11437.62
7c29d8,Australia,0.0,
49d64f,Czech Republic,74.95,1958.34
e480a2,Brazil,215.13,12527.28
448465,Belgium,274.93,
49d64d,Czech Republic,101.51,2941.32
aa3417,United States,250.84,12009.12
49d665,Czech Republic,0.0,
8880ac,Viet Nam,236.63,10401.3
405f67,United Kingdom,130.81,8450.58
4ca660,Ireland,172.57,3543.3
8880df,Viet Nam,243.81,13022.58
acb12d,United States,244.45,10576.56
4ca64e,Ireland,182.04,11148.06
4016c8,United Kingdom,57.95,617.22
4bcced,Turkey,220.33,11254.74
c01e28,Canada,258.97,10203.18
a2b176,United States,250.89,11407.14
e493b9,Brazil,227.46,8816.34
c01e1a,Canada,202.92,5753.1
c01e1f,Canada,263.72,11635.74
49d694,Czech Republic,75.02,411.48
49d68d,Czech Republic,39.65,579.12
a5cf19,United States,266.61,11650.98
02a181,Tunisia,242.37,12039.6
a56c19,United States,258.3,10698.48
a549ed,United States,84.63,678.18
a70f11,United States,0.0,
a153c1,United States,212.31,11437.62
7c0402,Australia,4.37,
e4818c,Brazil,0.64,
4852f4,Kingdom of the Netherlands,164.2,4533.9
7c045f,Australia,243.33,11521.44
3ce7ed,Germany,74.49,944.88
c06022,Canada,274.28,12054.84
391929,France,52.54,784.86
4852f5,Kingdom of the Netherlands,191.52,8473.44
3ce7eb,Germany,91.03,3017.52
7c045c,Australia,0.0,
a32c47,United States,219.65,12138.66
78147f,China,10.29,
4bce09,Turkey,230.27,12595.86
3cc1c8,Germany,117.12,1501.14
4bce03,Turkey,196.6,4358.64
4bce01,Turkey,246.4,11887.2
4bce10,Turkey,236.52,11734.8
a57f11,United States,205.49,12024.36
a286ed,United States,245.99,11666.22
a8e75f,United States,264.24,11346.18
4bce19,Turkey,185.97,3939.54
4bce15,Turkey,238.36,10271.76
4bce14,Turkey,230.93,11148.06
3f828a,Germany,1.85,106.68
a61afb,United States,59.59,3078.48
a81467,United States,285.38,13014.96
479301,Norway,213.15,10584.18
a80162,United States,230.29,11818.62
780e01,China,149.84,2705.1
468652,Greece,54.87,1264.92
869210,Japan,252.53,10050.78
3b27ff,France,8.75,
a92123,United States,256.28,13327.38
780e13,China,72.01,388.62
a5a10a,United States,254.3,10675.62
389f5b,France,0.0,
468627,Greece,178.85,10096.5
a25f6e,United States,0.0,
a5a11a,United States,202.29,4518.66
780e1e,China,206.28,7589.52
4075a2,United Kingdom,8.23,
4d012c,Luxembourg,294.74,11544.3
4d012f,Luxembourg,150.01,3909.06
8940dd,Bahrain,239.19,11422.38
4d012e,Luxembourg,294.04,11079.48
8940dc,Bahrain,126.61,1844.04
4d0140,Luxembourg,213.62,9966.96
4d0110,Luxembourg,274.83,9997.44
4d0117,Luxembourg,272.13,11216.64
469934,Greece,119.88,1531.62
a12c42,United States,218.66,6545.58
8940c3,Bahrain,0.0,
484a95,Kingdom of the Netherlands,44.19,274.32
4d010a,Luxembourg,6.94,
c05f94,Canada,215.61,8816.34
484a8f,Kingdom of the Netherlands,71.37,449.58
4d010d,Luxembourg,249.9,13014.96
34618b,Spain,54.09,632.46
a0c3fc,United States,264.07,11109.96
781ff0,China,217.93,9624.06
346191,Spain,44.27,
346193,Spain,230.01,10828.02
507c84,Uzbekistan,250.55,10736.58
48ad87,Poland,211.19,7239.0
48ad86,Poland,137.33,1988.82
48ad83,Poland,236.77,12573.0
48ad81,Poland,143.46,2308.86
48ad82,Poland,246.04,11399.52
407666,United Kingdom,0.0,
780cd6,China,230.35,
346188,Spain,1.03,
76cccd,Singapore,135.3,2026.92
346185,Spain,190.73,6202.68
407667,United Kingdom,247.12,11209.02
346181,Spain,166.07,5890.26
76cce1,Singapore,279.65,12702.54
76cce5,Singapore,288.1,11529.06
507c72,Uzbekistan,207.89,8976.36
76cce2,Singapore,263.73,12108.18
40631a,United Kingdom,221.4,11727.18
780cce,China,223.58,7917.18
3006f6,Italy,62.29,457.2
a7e198,United States,265.64,
406319,United Kingdom,223.48,10561.32
5140d2,Georgia,215.23,11079.48
acaec5,United States,240.55,9319.26
7502d5,Malaysia,1.29,
a85c01,United States,244.26,11277.6
a61c53,United States,221.9,12870.18
780cec,China,220.91,8854.44
40762d,United Kingdom,42.18,289.56
84657c,Japan,0.0,
347488,Spain,282.48,12001.5
347481,Spain,219.69,9890.76
39a0c4,France,29.36,68.58
a92171,United States,219.75,6187.44
40769a,United Kingdom,0.0,
851bdc,Japan,78.57,91.44
872863,Japan,9.77,
7502b2,Malaysia,201.77,7132.32
7502b0,Malaysia,225.7,9425.94
3006b5,Italy,211.79,5905.5
407698,United Kingdom,240.19,11681.46
45a1ac,Denmark,67.64,678.18
4b83b5,Turkey,94.37,4579.62
34744c,Spain,1.54,
34744d,Spain,5.66,
40767a,United Kingdom,240.82,11993.88
851bfe,Japan,230.74,9105.9
4791ac,Norway,233.69,11407.14
3950ce,France,186.13,9174.48
407687,United Kingdom,217.93,12131.04
3950cd,France,225.93,12473.94
48ad0e,Poland,185.45,7840.98
48ad0d,Poland,239.14,11338.56
407689,United Kingdom,227.45,11910.06
3950cf,France,211.54,7833.36
a576d3,United States,20.04,7.62
702702,Bangladesh,128.2,3749.04
48ad10,Poland,201.39,10767.06
400ceb,United Kingdom,226.85,5669.28
8463b5,Japan,235.29,10744.2
3c4969,Germany,252.16,10881.36
4b1b2f,Switzerland,75.64,541.02
8463b4,Japan,106.73,1706.88
48ad08,Poland,15.43,
abe3e6,United States,245.3,11315.7
4afb2d,Sweden,6.17,
851c20,Japan,241.99,8122.92
4ab2ae,Sweden,102.49,2987.04
a13eca,United States,52.53,815.34
34620b,Spain,236.75,12580.62
a01eba,United States,42.55,731.52
7c52fb,Australia,0.64,
a07522,United States,244.55,10485.12
a97c49,United States,242.27,10812.78
7c52ff,Australia,10.29,
3c496d,Germany,227.75,12070.08
3c496a,Germany,24.18,
44ca0f,Belgium,58.9,754.38
4b1b4a,Switzerland,38.41,822.96
3c496e,Germany,226.78,12024.36
346204,Spain,159.8,2636.52
4684b4,Greece,64.93,2971.8
4684af,Greece,58.68,685.8
76cda4,Singapore,212.62,3909.06
76cda2,Singapore,272.45,11689.08
76cda5,Singapore,143.77,6400.8
407630,United Kingdom,133.14,2400.3
780da8,China,269.67,10111.74
76cdb1,Singapore,232.18,11612.88
76cdb5,Singapore,260.08,9220.2
76cdb3,Singapore,0.0,
76cdb6,Singapore,5.66,
76cdae,Singapore,222.59,12801.6
780db5,China,229.15,
780daa,China,4.12,9403.08
c0175a,Canada,245.75,9768.84
76cdba,Singapore,92.88,1219.2
347501,Spain,217.89,11125.2
780dc7,China,179.94,4945.38
780dc6,China,233.19,10066.02
4b1b8a,Switzerland,79.38,1623.06
738703,Israel,47.72,4556.76
407600,United Kingdom,233.55,11315.7
780dd1,China,0.77,
a33843,United States,275.17,11620.5
8966f3,United Arab Emirates,266.58,11277.6
780e4a,China,200.71,5135.88
ab2c0c,United States,144.39,2849.88
389dff,France,7.72,
400d5b,United Kingdom,61.74,99.06
3ff981,Germany,51.06,693.42
8966df,United Arab Emirates,113.8,1988.82
30086a,Italy,137.53,1478.28
8966eb,United Arab Emirates,142.74,2636.52
a44560,United States,243.87,12001.5
39644e,France,184.66,6172.2
750475,Malaysia,136.23,1249.68
4074d0,United Kingdom,69.17,533.4
c01734,Canada,207.6,5715.0
ac5f42,United States,259.35,11384.28
750496,Malaysia,45.81,274.32
780e5b,China,219.72,10408.92
8966ed,United Arab Emirates,266.88,10706.1
8966ee,United Arab Emirates,247.94,10911.84
780e77,China,153.07,3230.88
780e75,China,236.96,10134.6
8966fd,United Arab Emirates,258.57,13876.02
a18284,United States,256.34,11300.46
8966be,United Arab Emirates,246.46,11650.98
39b415,France,78.25,495.3
a44540,United States,255.78,11323.32
8966bc,United Arab Emirates,249.24,10561.32
75044d,Malaysia,192.91,6583.68
a37efc,United States,243.73,7391.4
4074b5,United Kingdom,0.0,
ac16bb,United States,237.79,11681.46
c01759,Canada,233.7,10584.18
750453,Malaysia,249.83,11391.9
8966e2,United Arab Emirates,52.56,1630.68
750474,Malaysia,206.84,10774.68
8966cf,United Arab Emirates,280.74,11704.32
a1e54b,United States,5.14,
75045c,Malaysia,166.06,4922.52
c0172e,Canada,205.24,11887.2
8966db,United Arab Emirates,247.11,12473.94
8966e9,United Arab Emirates,133.7,1889.76
aac3ab,United States,259.9,10553.7
750466,Malaysia,213.61,
8966e6,United Arab Emirates,46.81,1432.56
8966b0,United Arab Emirates,233.56,11696.7
750441,Malaysia,187.51,5539.74
0102ac,Egypt,249.59,11049.0
750436,Malaysia,239.5,12352.02
7c52f8,Australia,102.66,1310.64
75043e,Malaysia,222.07,11087.1
300847,Italy,39.83,91.44
75043c,Malaysia,145.31,3695.7
8966ac,United Arab Emirates,264.37,10515.6
863c44,Japan,146.66,4229.1
3cccaa,Germany,238.71,9410.7
8966c7,United Arab Emirates,200.11,6377.94
a6981a,United States,245.29,10073.64
8966c3,United Arab Emirates,271.41,11765.28
4ab422,Sweden,103.24,3596.64
06e010,Rwanda,183.37,3444.24
ae56cd,United States,44.32,838.2
300817,Italy,33.57,426.72
4b1aa5,Switzerland,36.19,784.86
3ff915,Germany,66.64,
395152,France,67.49,990.6
851c86,Japan,229.56,12702.54
47921c,Norway,230.61,11513.82
06e00e,Rwanda,154.23,7810.5
8966a7,United Arab Emirates,228.86,9044.94
750420,Malaysia,71.65,518.16
4074e2,United Kingdom,269.13,13312.14
479227,Norway,184.66,3870.96
0092de,South Africa,33.68,495.3
395160,France,68.19,3695.7
a337b9,United States,258.3,9852.66
4cafc3,Ireland,246.04,10248.9
4cafc4,Ireland,217.3,11734.8
4cafc5,Ireland,233.52,
4cafc0,Ireland,201.78,6057.9
4cafc1,Ireland,233.29,10378.44
4cafc2,Ireland,229.41,11574.78
478123,Norway,6.55,464.82
48ada8,Poland,267.44,8564.88
48ada9,Poland,146.49,2011.68
3474cd,Spain,272.27,12641.58
48ada5,Poland,261.98,11026.14
48ada3,Poland,189.78,4495.8
4cafcc,Ireland,10.29,
4cafcd,Ireland,66.72,144.78
48ada1,Poland,138.86,1501.14
4cafce,Ireland,251.92,11308.08
4b3ff8,Switzerland,29.46,617.22
4cafcf,Ireland,223.11,11407.14
400f18,United Kingdom,59.71,411.48
780f11,China,134.9,1584.96
0c21b7,Panama,233.22,11353.8
4cafd8,Ireland,248.71,7764.78
4cafd7,Ireland,261.08,9875.52
4cafd2,Ireland,13.38,
4cafd3,Ireland,214.36,11567.16
400f02,United Kingdom,217.46,8488.68
4b8349,Turkey,50.51,4953.0
84b64e,Japan,130.68,2948.94
009211,South Africa,46.8,3185.16
a8abba,United States,108.79,1691.64
872968,Japan,197.96,6522.72
4cafb3,Ireland,222.4,11209.02
4bd347,Turkey,66.8,792.48
3d4179,Germany,32.2,220.98
a98edc,United States,251.34,11346.18
a5b56c,United States,208.62,12763.5
ace063,United States,247.27,11330.94
780f3e,China,232.45,9707.88
0100dd,Egypt,240.77,10073.64
780f53,China,208.22,3520.44
4076c5,United Kingdom,86.02,350.52
780f59,China,255.17,11216.64
780f57,China,220.96,8884.92
4ab346,Sweden,32.92,160.02
4ab349,Sweden,51.01,1242.06
4076b1,United Kingdom,230.37,11948.16
4076b0,United Kingdom,217.87,11871.96
851ca8,Japan,91.67,1158.24
750497,Malaysia,47.66,1028.7
4c066d,Serbia,181.41,12313.92
4ab34d,Sweden,63.12,2423.16
75049d,Malaysia,170.43,4495.8
4076a3,United Kingdom,25.77,373.38
4caff8,Ireland,260.65,10645.14
01024b,Egypt,229.09,11247.12
3964ec,France,228.46,8854.44
7503fb,Malaysia,94.94,647.7
407795,United Kingdom,213.33,11963.4
01024d,Egypt,198.26,11628.12
01024f,Egypt,249.86,11094.72
86804e,Japan,214.8,12397.74
01024e,Egypt,235.89,12001.5
407799,United Kingdom,308.26,12321.54
3964ef,France,3.6,
3964ee,France,173.33,7421.88
86804f,Japan,0.0,
407793,United Kingdom,238.72,11910.06
407794,United Kingdom,177.91,9227.82
010257,Egypt,123.08,3070.86
484b90,Kingdom of the Netherlands,9.77,
01023e,Egypt,213.6,6766.56
86803b,Japan,6.43,
399a64,France,38.97,411.48
86803e,Japan,230.3,12260.58
40643b,United Kingdom,241.98,11772.9
010242,Egypt,221.1,10896.6
010244,Egypt,247.83,10424.16
40643d,United Kingdom,198.78,6065.52
010243,Egypt,254.77,10386.06
010245,Egypt,243.28,11010.9
010248,Egypt,235.25,11376.66
010247,Egypt,242.73,11071.86
a444d6,United States,67.3,1173.48
406442,United Kingdom,1.03,
881050,Thailand,109.01,2567.94
406444,United Kingdom,82.58,914.4
881055,Thailand,129.35,2872.74
a564eb,United States,115.04,2575.56
881054,Thailand,204.53,12641.58
3964e0,France,236.37,11193.78
010284,Egypt,214.23,12138.66
406440,United Kingdom,210.07,9555.48
40775c,United Kingdom,244.16,11818.62
3964e4,France,173.78,4472.94
010274,Egypt,1364.8,
3964e2,France,182.76,9715.5
3964e1,France,0.0,
3964e8,France,241.25,11902.44
868088,Japan,231.02,9540.24
3007e5,Italy,70.39,419.1
3964e9,France,0.0,
01026b,Egypt,198.41,5265.42
01025c,Egypt,1235.0,
407764,United Kingdom,36.81,335.28
a324d9,United States,268.04,11231.88
3007f1,Italy,242.82,10942.32
7503f6,Malaysia,174.62,6484.62
3964f0,France,5.92,
010264,Egypt,228.96,10767.06
3964f4,France,244.47,12412.98
010263,Egypt,245.41,
010266,Egypt,232.98,11338.56
3964f3,France,235.22,12420.6
3951c2,France,303.19,10995.66
3007f2,Italy,216.67,7673.34
3951c1,France,267.95,12420.6
3964f8,France,162.96,6393.18
010267,Egypt,247.01,10424.16
3964f7,France,146.88,2141.22
010269,Egypt,108.79,998.22
aaa012,United States,270.39,11300.46
01025a,Egypt,1174.63,
adcfe6,United States,57.17,3048.0
01020b,Egypt,216.37,5478.78
38ca7c,France,62.8,
33ffe1,Italy,110.64,3573.78
39a1e4,France,200.43,9845.04
3e1f3f,Germany,93.14,5029.2
717c9e,Saudi Arabia,179.94,8450.58
7503ac,Malaysia,132.01,2293.62
717c99,Saudi Arabia,235.36,11681.46
717c93,Saudi Arabia,243.86,11765.28
010208,Egypt,239.64,11628.12
010207,Egypt,252.24,11719.56
01022b,Egypt,243.91,9441.18
01022c,Egypt,271.87,10317.48
01022f,Egypt,243.05,11353.8
484b2a,Kingdom of the Netherlands,235.13,12062.46
868041,Japan,138.73,3253.74
868042,Japan,144.14,2903.22
010236,Egypt,236.94,11620.5
a564ab,United States,213.23,6591.3
4b1b13,Switzerland,30.37,1958.34
01021e,Egypt,70.37,685.8
a08948,United States,47.84,274.32
a3aa32,United States,235.89,11544.3
4792d3,Norway,230.02,10858.5
346355,Spain,148.58,3604.26
39c801,France,34.33,
346350,Spain,221.33,10828.02
4b1a23,Switzerland,221.67,8244.84
75050c,Malaysia,207.12,7703.82
4792a6,Norway,224.9,7772.4
8464d2,Japan,230.06,7193.28
3d5502,Germany,197.24,6210.3
750518,Malaysia,213.96,8503.92
407706,United Kingdom,54.02,419.1
3008a4,Italy,47.3,2103.12
4b1a17,Switzerland,254.02,12153.9
a7f4ec,United States,266.07,11948.16
485e2f,Kingdom of the Netherlands,232.17,9997.44
a7e1c2,United States,275.26,10081.26
4d24a0,Malta,185.46,5699.76
4d24a1,Malta,200.53,14241.78
4d24a9,Malta,70.21,304.8
a06310,United States,238.82,11247.12
4b1a2e,Switzerland,271.52,10668.0
48ae07,Poland,284.76,12763.5
34631a,Spain,204.35,12100.56
4b1a2a,Switzerland,4.12,
48ae00,Poland,5.14,
4b1a2b,Switzerland,231.5,9281.16
48ae01,Poland,215.34,12923.52
347659,Spain,273.14,11894.82
4b1a37,Switzerland,205.66,11719.56
347658,Spain,243.92,11376.66
a01fee,United States,271.62,8976.36
4b1a34,Switzerland,189.78,7132.32
4b1a1d,Switzerland,151.22,2781.3
4b1a1f,Switzerland,202.96,7917.18
a72a8e,United States,80.92,2750.82
4b1a1b,Switzerland,220.52,11544.3
a7e1cd,United States,244.24,10721.34
4b1a24,Switzerland,231.05,11193.78
346317,Spain,245.92,12847.32
4b1a25,Switzerland,233.31,12092.94
4b1a26,Switzerland,234.49,11856.72
4b1a27,Switzerland,105.44,2522.22
4b1a28,Switzerland,230.07,12192.0
780eaf,China,3.6,
346310,Spain,254.24,12588.24
01028f,Egypt,231.26,7452.36
780ec4,China,237.32,9738.36
780ec0,China,232.73,7574.28
4b1a65,Switzerland,207.87,7528.56
601828,Turkmenistan,260.55,10736.58
4d24cc,Malta,216.03,10523.22
4b1a66,Switzerland,214.88,11521.44
4b1a67,Switzerland,225.61,11993.88
a1701b,United States,7.46,
601829,Turkmenistan,188.65,4785.36
010297,Egypt,228.4,11292.84
40773b,United Kingdom,230.79,11940.54
780ebb,China,236.42,10797.54
010298,Egypt,244.21,10942.32
4d24d2,Malta,122.43,3108.96
507c3e,Uzbekistan,196.92,
346303,Spain,211.52,11117.58
400dae,United Kingdom,225.9,12047.22
a0b34f,United States,10.8,
ab3fc4,United States,277.06,12100.56
4d24de,Malta,216.62,11750.04
4d24f0,Malta,177.78,5265.42
40772f,United Kingdom,224.33,11734.8
a4ca6a,United States,235.89,10637.52
34761a,Spain,111.6,3215.64
4d24e7,Malta,213.68,9860.28
010285,Egypt,206.37,9791.7
010288,Egypt,234.54,11209.02
010287,Egypt,227.57,10728.96
40772e,United Kingdom,240.14,11948.16
7c683d,Australia,230.97,12412.98
407731,United Kingdom,87.53,662.94
4d24af,Malta,228.39,10614.66
478097,Norway,107.5,3314.7
4d24ab,Malta,200.44,5913.12
34760a,Spain,267.1,12199.62
4d24b0,Malta,212.99,11003.28
780eda,China,225.38,11361.42
4d24b1,Malta,0.77,
4d24b2,Malta,248.17,11125.2
461e21,Finland,215.53,11658.6
507c5a,Uzbekistan,147.27,3688.08
76ceea,Singapore,0.45,
780ef5,China,73.17,434.34
4d24ba,Malta,202.82,11209.02
461e1d,Finland,234.54,11658.6
461e1e,Finland,213.5,9121.14
507c50,Uzbekistan,90.7,304.8
47808f,Norway,93.08,4434.84
47808e,Norway,83.21,2263.14
4b1a5f,Switzerland,80.03,1219.2
a37fd3,United States,182.46,6035.04
0101ca,Egypt,24.22,167.64
75058c,Malaysia,136.86,3535.68
780f85,China,232.73,11361.42
750596,Malaysia,254.21,11757.66
750597,Malaysia,199.09,7711.44
0101d7,Egypt,83.77,3520.44
3debad,Germany,52.52,304.8
4075df,United Kingdom,136.35,2293.62
a5666e,United States,279.87,11681.46
780f90,China,199.17,6324.6
87ad7c,Japan,4.37,
461e17,Finland,217.87,11666.22
461e18,Finland,255.05,12207.24
75059c,Malaysia,220.87,10645.14
0101bc,Egypt,130.97,975.36
0101be,Egypt,240.09,11666.22
461e15,Finland,160.36,4358.64
75059a,Malaysia,145.81,3649.98
aa630b,United States,230.32,11643.36
4075e0,United Kingdom,223.4,11269.98
c05ee5,Canada,243.6,12466.32
478058,Norway,33.38,502.92
750584,Malaysia,205.47,8054.34
478052,Norway,74.94,662.94
a2e014,United States,258.54,9776.46
c05edd,Canada,0.39,
c05edb,Canada,245.57,10789.92
4d24ea,Malta,90.67,1242.06
4d24eb,Malta,211.98,11727.18
4075bb,United Kingdom,115.96,2316.48
750593,Malaysia,192.57,6347.46
c05ed0,Canada,267.75,10957.56
c0051f,Canada,159.1,8793.48
4075c2,United Kingdom,0.0,
0101dd,Egypt,181.24,4434.84
0c20f5,Panama,174.82,6781.8
ac04d3,United States,127.88,2225.04
c05ed8,Canada,0.06,
300992,Italy,75.2,
300990,Italy,191.74,6507.48
750561,Malaysia,228.69,11452.86
75054e,Malaysia,0.06,
75054c,Malaysia,241.7,11948.16
ad24ab,United States,174.79,3429.0
750552,Malaysia,225.46,11940.54
750555,Malaysia,88.89,815.34
750571,Malaysia,256.73,11049.0
a4dca4,United States,244.76,11711.94
48acac,Poland,45.69,716.28
0101c1,Egypt,77.24,655.32
3461ce,Spain,219.73,11262.36
750540,Malaysia,249.3,11750.04
3461cb,Spain,110.09,2065.02
400e9b,United Kingdom,47.87,350.52
a4eff1,United States,55.36,182.88
497cb1,Portugal,63.03,1272.54
497cb7,Portugal,38.81,883.92
300945,Italy,56.92,1135.38
48aca3,Poland,31.68,388.62
400e8f,United Kingdom,50.51,1082.04
75053b,Malaysia,0.06,
400e90,United Kingdom,69.5,1165.86
4d2515,Malta,66.01,647.7
acbffa,United States,215.73,11521.44
7504a0,Malaysia,180.35,3589.02
7504a1,Malaysia,85.55,830.58
4d2518,Malta,204.61,10927.08
4d2519,Malta,200.28,5356.86
a6e570,United States,228.46,12893.04
a95881,United States,259.14,11658.6
87ada1,Japan,4.12,
40749b,United Kingdom,230.5,8580.12
4caea0,Ireland,215.48,11711.94
4d2524,Malta,234.25,10988.04
7c68a5,Australia,3.6,
4d2527,Malta,255.73,11612.88
4caeb8,Ireland,176.86,4236.72
4caeb9,Ireland,151.27,5173.98
ac1698,United States,236.21,11574.78
4caeb3,Ireland,213.45,5646.42
71ba18,Republic of Korea,225.54,10447.02
4d250f,Malta,61.48,502.92
40615b,United Kingdom,206.4,7452.36
7c68a2,Australia,236.4,11475.72
7c68a1,Australia,215.64,11087.1
400aff,United Kingdom,221.67,11071.86
400afe,United Kingdom,133.08,2552.7
400afd,United Kingdom,208.87,8115.3
4d2501,Malta,258.22,10652.76
ab805a,United States,248.98,10340.34
4d2503,Malta,245.99,11811.0
4d2504,Malta,176.1,5852.16
c05d7c,Canada,162.54,6957.06
4d2507,Malta,247.78,10942.32
84b77f,Japan,137.63,4015.74
4caef0,Ireland,64.83,434.34
846748,Japan,245.61,8877.3
4caee6,Ireland,251.16,11826.24
4caee7,Ireland,204.66,11765.28
4caee8,Ireland,188.59,9502.14
76bd42,Singapore,205.29,7940.04
76bd43,Singapore,224.55,8785.86
76bd45,Singapore,251.83,
76bd48,Singapore,136.24,1950.72
a191a8,United States,239.79,11620.5
ad237c,United States,249.94,11186.16
a83839,United States,0.0,
ad2386,United States,241.7,11681.46
4d2534,Malta,270.69,11041.38
71ba12,Republic of Korea,135.75,2621.28
4d2536,Malta,241.94,11155.68
71ba10,Republic of Korea,214.34,7239.0
71ba16,Republic of Korea,219.42,9601.2
4d2532,Malta,198.58,7002.78
4caebe,Ireland,110.07,1310.64
4d251b,Malta,165.16,4907.28
4d251c,Malta,209.39,11986.26
3004c2,Italy,233.77,9829.8
4d251d,Malta,221.83,11734.8
4d251a,Malta,226.61,11323.32
71ba09,Republic of Korea,209.07,9281.16
4caec1,Ireland,238.35,
347297,Spain,240.42,12877.8
4caeca,Ireland,200.16,6438.9
4caecc,Ireland,68.84,106.68
4d252f,Malta,167.3,8161.02
4d252a,Malta,212.99,7345.68
4caed8,Ireland,98.91,1668.78
009522,South Africa,41.27,967.74
515309,Tajikistan,247.12,10096.5
347288,Spain,216.57,5448.3
347287,Spain,237.68,11414.76
46d2ef,Greece,7.72,
4ab28b,Sweden,57.52,1554.48
a36a19,United States,255.54,11689.08
aae958,United States,100.53,701.04
46d2f2,Greece,124.0,4229.1
717cb2,Saudi Arabia,234.94,11734.8
a36a10,United States,169.08,6073.14
a9327a,United States,248.39,11948.16
347256,Spain,206.8,4442.46
4932a3,Portugal,126.35,1684.02
347258,Spain,117.85,1432.56
485b42,Kingdom of the Netherlands,286.17,11033.76
485b45,Kingdom of the Netherlands,252.09,9715.5
86e496,Japan,260.34,7810.5
7504fe,Malaysia,241.24,11369.04
347245,Spain,255.17,12527.28
a37d8a,United States,0.0,
3961e4,France,209.48,9006.84
ad8fe3,United States,75.64,739.14
406135,United Kingdom,69.5,114.3
aab001,United States,256.2,11689.08
4a0d12,Romania,128.91,2293.62
407460,United Kingdom,81.81,609.6
406133,United Kingdom,195.64,9060.18
a12a9e,United States,257.19,9685.02
4b1a00,Switzerland,121.37,2606.04
4b1a01,Switzerland,174.05,5821.68
7504c8,Malaysia,42.34,243.84
7504c3,Malaysia,197.86,4953.0
3841ff,France,2.06,
347219,Spain,239.78,10736.58
7504af,Malaysia,212.1,10759.44
7504aa,Malaysia,164.55,2491.74
348544,Spain,129.12,1821.18
348541,Spain,150.43,2788.92
388a7b,France,16.75,144.78
7b1060,China,19.03,
a12a7b,United States,247.0,11010.9
347206,Spain,6.17,
4caf26,Ireland,243.78,11818.62
4caf27,Ireland,232.58,12062.46
4caf28,Ireland,224.02,11986.26
717cfa,Saudi Arabia,226.58,11689.08
4caf29,Ireland,223.62,11681.46
4caf0a,Ireland,0.51,
4caf0b,Ireland,136.0,4564.38
8a0a25,Indonesia,208.94,10408.92
a561fd,United States,217.11,7406.64
4caf34,Ireland,232.49,11841.48
4caf35,Ireland,256.3,10873.74
400b8f,United Kingdom,1.03,
424b80,United Kingdom,160.72,3368.04
a6e4e8,United States,249.06,11315.7
4682a6,Greece,134.79,3253.74
347306,Spain,92.64,1211.58
780fc0,China,88.95,853.44
a9a7c4,United States,242.73,6934.2
a4da95,United States,282.73,12847.32
400b83,United Kingdom,6.17,
400b82,United Kingdom,109.92,1546.86
4caf11,Ireland,213.93,9022.08
4caf13,Ireland,202.73,6240.78
4caf14,Ireland,213.96,11003.28
4072dc,United Kingdom,240.4,11513.82
34860c,Spain,8.75,
30069b,Italy,73.09,1478.28
449e2e,Belgium,3.6,
4d23b8,Malta,204.96,6454.14
a0733a,United States,220.2,10972.8
c05ba9,Canada,249.65,11856.72
4d23bb,Malta,222.49,11925.3
a1f622,United States,260.03,11125.2
a21656,United States,269.05,11285.22
4d23c8,Malta,176.16,10896.6
868094,Japan,236.61,9151.62
881056,Thailand,127.73,1424.94
717cc8,Saudi Arabia,92.8,1127.76
717cc7,Saudi Arabia,236.77,11490.96
300695,Italy,77.53,1013.46
86808a,Japan,0.0,
76bccb,Singapore,248.27,13083.54
76bcca,Singapore,252.91,6972.3
76bccc,Singapore,198.05,9334.5
c0153b,Canada,2.06,
4caf41,Ireland,233.52,
717cdf,Saudi Arabia,233.43,9799.32
4caf2b,Ireland,235.15,11948.16
424b57,United Kingdom,210.66,11071.86
4caf2a,Ireland,260.88,11513.82
84b5ac,Japan,221.75,11971.02
ac291f,United States,249.67,11597.64
4d23a4,Malta,262.04,11346.18
ab4fae,United States,209.92,9403.08
717ce0,Saudi Arabia,237.83,11811.0
45a057,Denmark,60.11,464.82
4d23f9,Malta,203.94,11605.26
400b0f,United Kingdom,74.21,944.88
4d23f8,Malta,193.17,11803.38
4d23ea,Malta,207.43,11056.62
514005,Georgia,0.0,
514004,Georgia,74.59,
3d5453,Germany,71.51,1028.7
4d23fa,Malta,196.03,5913.12
4d23fb,Malta,204.99,11170.92
4d23fd,Malta,243.71,12092.94
3d544b,Germany,48.98,83.82
4d23e1,Malta,245.75,11590.02
4caf82,Ireland,239.8,11582.4
424b12,United Kingdom,151.85,8488.68
400b00,United Kingdom,246.57,11788.14
39c515,France,32.51,358.14
a21679,United States,229.56,6690.36
8a0a89,Indonesia,143.71,1615.44
4d23f4,Malta,254.6,14173.2
ab3d41,United States,233.25,10607.04
ab3d46,United States,54.94,2385.06
8a0a6b,Indonesia,227.93,12672.06
4d23db,Malta,224.23,8892.54
4caf7e,Ireland,204.38,10523.22
48bca3,Poland,28.81,350.52
a3369d,United States,71.77,2766.06
142332,Russian Federation,27.9,9403.08
389bff,France,9.77,
4072c7,United Kingdom,205.27,11064.24
8a0a4d,Indonesia,78.24,548.64
39b22e,France,270.95,10675.62
39888f,France,146.86,2590.8
adcd14,United States,227.54,11605.26
a2035d,United States,204.19,7307.58
39b221,France,267.12,11902.44
39b225,France,258.85,12641.58
4072a5,United Kingdom,76.76,144.78
a348a1,United States,244.44,7315.2
39a04c,France,122.85,1859.28
869550,Japan,0.0,1341.12
84b86d,Japan,129.86,3779.52
4d2402,Malta,248.34,11513.82
4d2405,Malta,226.07,12047.22
4d2406,Malta,226.12,11605.26
3485c7,Spain,36.26,685.8
4d2407,Malta,252.12,11483.34
4d2409,Malta,253.76,11414.76
3485c3,Spain,2.06,
45c86d,Denmark,204.29,5120.64
45c86b,Denmark,242.0,12313.92
7505bc,Malaysia,260.83,12047.22
aab169,United States,58.13,312.42
39a045,France,80.65,1394.46
86d215,Japan,226.69,9380.22
7505a3,Malaysia,251.07,10043.16
7505a4,Malaysia,177.52,6568.44
4a0aae,Romania,222.18,10629.9
abe496,United States,268.6,11132.82
86d200,Japan,0.06,
33fe92,Italy,185.79,5859.78
ae577d,United States,2.06,
4d2433,Malta,235.89,11109.96
4d2434,Malta,264.49,10835.64
4cadbf,Ireland,210.97,6896.1
a0d5d6,United States,9.77,
4cadba,Ireland,275.8,11582.4
4cadbb,Ireland,252.58,9951.72
a7197d,United States,257.53,11056.62
4cadbc,Ireland,200.33,7018.02
a085ed,United States,223.14,12237.72
4d241e,Malta,187.59,4145.28
4d241f,Malta,206.65,11460.48
4cadc9,Ireland,126.97,1463.04
4d241a,Malta,261.92,10828.02
a55024,United States,224.46,12176.76
4cadc6,Ireland,234.79,11437.62
4cadc7,Ireland,192.76,5798.82
4d2430,Malta,173.59,5234.94
4cadc3,Ireland,247.34,9197.34
4cadc4,Ireland,199.66,11140.44
4cade0,Ireland,151.05,3070.86
4cade1,Ireland,201.91,11041.38
4d2449,Malta,74.48,190.5
4cade2,Ireland,214.15,11658.6
4cadca,Ireland,254.59,12877.8
a12b51,United States,251.22,11338.56
4d242d,Malta,275.24,10873.74
4d242e,Malta,199.79,3954.78
4d242f,Malta,171.12,4724.4
34608f,Spain,204.45,5737.86
4d242a,Malta,263.18,11612.88
4d242b,Malta,207.25,11628.12
4cadd9,Ireland,219.72,12138.66
84b83e,Japan,157.85,4739.64
a12b0a,United States,260.84,11163.3
4d2414,Malta,207.23,5532.12
4d2415,Malta,235.17,12085.32
4d2416,Malta,223.72,12039.6
4d2410,Malta,213.82,6682.74
4d2417,Malta,73.76,518.16
346091,Spain,193.29,4259.58
86951c,Japan,268.13,11399.52
4cada8,Ireland,235.2,10096.5
4cada3,Ireland,101.32,1181.1
4cada4,Ireland,259.9,11300.46
a8397c,United States,143.25,2095.5
4cada6,Ireland,5.14,
4d2424,Malta,244.22,10957.56
48ac81,Poland,248.99,9281.16
4d2425,Malta,8.23,
4d2423,Malta,176.97,4396.74
4cadac,Ireland,222.14,12230.1
346083,Spain,144.12,5791.2
a12b32,United States,259.76,11033.76
4d240b,Malta,231.05,8313.42
4d240d,Malta,201.08,8755.38
4cadb8,Ireland,180.36,3200.4
4cadb9,Ireland,214.42,11696.7
a7f308,United States,5.92,
aa1dd4,United States,94.05,1455.42
4cadb7,Ireland,192.5,7551.42
4d240f,Malta,211.66,8892.54
406222,United Kingdom,120.89,2948.94
406229,United Kingdom,143.85,3063.24
4d2477,Malta,185.78,8298.18
aa86cc,United States,259.77,
3c7a48,Germany,259.15,11971.02
4cadfd,Ireland,218.75,11711.94
40753c,United Kingdom,221.07,11986.26
4bd159,Turkey,241.38,12565.38
40753d,United Kingdom,239.73,11711.94
a4a5c9,United States,142.11,6004.56
4cadfb,Ireland,95.82,495.3
4cadfc,Ireland,227.67,11978.64
4bd156,Turkey,206.77,11765.28
4bd155,Turkey,229.06,12329.16
34738f,Spain,55.53,1059.18
4d245f,Malta,255.25,11498.58
4ab179,Sweden,115.73,2385.06
4bd14f,Turkey,70.99,327.66
4d2486,Malta,133.46,2301.24
4d2489,Malta,67.14,243.84
4d247c,Malta,151.77,3710.94
407540,United Kingdom,62.09,304.8
34604b,Spain,226.03,10683.24
34604d,Spain,197.46,8153.4
34604c,Spain,183.28,11117.58
39b2a6,France,43.38,342.9
44a826,Belgium,231.91,12031.98
346057,Spain,246.72,11955.78
4cadf0,Ireland,198.04,11727.18
407534,United Kingdom,237.64,9250.68
4cadf2,Ireland,157.88,3108.96
4d2453,Malta,66.06,472.44
4d2455,Malta,68.81,160.02
407536,United Kingdom,240.14,12336.78
4d244a,Malta,229.29,9639.3
3e0a30,Germany,36.82,144.78
a5d8f0,United States,117.33,2842.26
a562b7,United States,211.33,6164.58
40751b,United Kingdom,229.52,11750.04
4d243c,Malta,229.35,13883.64
40751c,United Kingdom,225.9,10828.02
4cade7,Ireland,213.06,11559.54
3c7a4f,Germany,269.16,11856.72
84b7a1,Japan,84.47,1104.9
3c7a4b,Germany,250.35,12527.28
4cade3,Ireland,127.53,1600.2
4cade4,Ireland,227.36,11811.0
401ed9,United Kingdom,37.07,266.7
4cade5,Ireland,234.31,10965.18
3c7a4d,Germany,253.16,12557.76
4cade6,Ireland,235.42,10995.66
346047,Spain,209.52,7330.44
4d2465,Malta,132.41,2461.26
4d245a,Malta,154.79,4259.58
4caded,Ireland,228.99,12603.48
4cadea,Ireland,203.5,12192.0
4d244c,Malta,246.63,11132.82
4cadf8,Ireland,242.72,11871.96
4cadf9,Ireland,209.07,12184.38
4cadf4,Ireland,229.52,11963.4
84b7b6,Japan,141.19,2880.36
4cadf5,Ireland,212.92,11765.28
4cadf7,Ireland,259.03,10157.46
86d237,Japan,241.87,11094.72
e47f50,Brazil,218.7,12252.96
40624e,United Kingdom,221.84,11018.52
34734f,Spain,200.07,9334.5
e4bc02,Brazil,218.35,8282.94
4b3f11,Switzerland,0.51,579.12
aad780,United States,0.0,
347350,Spain,236.37,10119.36
a588c1,United States,97.74,3093.72
406250,United Kingdom,262.02,11041.38
ae5720,United States,111.47,762.0
4bd18a,Turkey,255.6,11689.08
40756f,United Kingdom,213.66,10096.5
86d222,Japan,202.51,8374.38
40756c,United Kingdom,236.72,11407.14
86d259,Japan,202.34,5242.56
4d248e,Malta,203.38,11841.48
407574,United Kingdom,236.63,10408.92
4d248a,Malta,248.15,11475.72
40622b,United Kingdom,235.22,11925.3
40755f,United Kingdom,85.77,480.06
40622d,United Kingdom,203.18,8054.34
40622f,United Kingdom,82.58,144.78
4d2493,Malta,237.7,9319.26
009498,South Africa,76.97,1775.46
4d2491,Malta,234.25,9585.96
4d2492,Malta,250.59,11704.32
407567,United Kingdom,100.9,3063.24
a335fa,United States,0.06,
407568,United Kingdom,238.19,11986.26
400be5,United Kingdom,139.69,1508.76
406230,United Kingdom,230.91,11650.98
34864c,Spain,52.08,1539.24
40621d,United Kingdom,90.47,1455.42
34864b,Spain,42.25,1463.04
4a0c21,Romania,96.98,8229.6
a2ae6c,United States,9.77,
ad2445,United States,246.87,11330.94
4bd184,Turkey,95.81,807.72
4cae05,Ireland,204.89,11612.88
4cae00,Ireland,222.83,11719.56
a0d724,United States,270.55,11193.78
346107,Spain,243.62,11422.38
4cae17,Ireland,239.64,11361.42
4cae18,Ireland,183.11,3649.98
a86e6c,United States,242.49,11064.24
acae82,United States,40.8,
c0168f,Canada,158.52,6515.1
a62e6c,United States,4.12,
4cae49,Ireland,221.9,11422.38
a12ac3,United States,222.95,8359.14
a4ee82,United States,1.8,
3e0a46,Germany,25.46,350.52
4cae56,Ireland,214.92,11635.74
4cae58,Ireland,235.88,8031.48
4cae59,Ireland,232.2,8549.64
4d22b1,Malta,248.75,12207.24
4cae52,Ireland,252.12,12054.84
4cae53,Ireland,205.57,11795.76
4cae54,Ireland,241.44,11498.58
4cae55,Ireland,131.6,2308.86
3ff4bd,Germany,230.37,
4cae51,Ireland,196.02,9357.36
3e0a3d,Germany,2.77,327.66
3e0a3f,Germany,4.88,708.66
a4570a,United States,273.87,12512.04
a33741,United States,231.95,12329.16
a12aa4,United States,266.34,11087.1
7c4418,Australia,201.91,8816.34
424c78,United Kingdom,15.06,228.6
300781,Italy,187.26,10713.72
4cae35,Ireland,230.58,8290.56
4cae31,Ireland,3.86,
84b807,Japan,63.81,365.76
39c649,France,55.96,556.26
4cae85,Ireland,243.5,11826.24
7c42cc,Australia,193.39,8732.52
7c42e2,Australia,169.67,5181.6
4cae83,Ireland,229.56,12184.38
4cae84,Ireland,256.89,8991.6
4d22d6,Malta,188.84,4732.02
4cae80,Ireland,244.95,11376.66
4d22ca,Malta,144.91,2910.84
4cae6d,Ireland,233.35,11437.62
492138,Portugal,0.26,
39b322,France,40.46,982.98
4cae8c,Ireland,231.09,12001.5
39b320,France,44.1,175.26
4cae8d,Ireland,214.98,10744.2
39b328,France,34.78,350.52
39b326,France,38.12,685.8
4cae96,Ireland,204.66,7635.24
aa8740,United States,203.95,4610.1
4cae97,Ireland,165.18,5219.7
4cae98,Ireland,207.89,11894.82
4cae99,Ireland,111.28,1455.42
7c42d1,Australia,197.66,8100.06
4cae93,Ireland,195.97,9296.4
4073a1,United Kingdom,209.54,12100.56
4cae94,Ireland,242.57,11003.28
4cae95,Ireland,117.88,2034.54
4589c8,Denmark,59.15,327.66
4cae90,Ireland,266.73,11483.34
846844,Japan,234.35,7033.26
4073a0,United Kingdom,230.03,11940.54
7c42d2,Australia,116.3,1356.36
4d22af,Malta,0.39,
4cae5a,Ireland,244.4,11704.32
4d22ab,Malta,218.46,7459.98
4cae67,Ireland,209.89,11132.82
300738,Italy,212.04,9669.78
4cae63,Ireland,247.73,11780.52
a3cdfa,United States,251.29,11041.38
4cae64,Ireland,193.65,7658.1
4d22b6,Malta,201.94,7879.08
4d22b7,Malta,255.25,11506.2
4cae60,Ireland,211.29,8983.98
4cae61,Ireland,209.47,11353.8
4d22b8,Malta,216.47,11673.84
4d22b9,Malta,211.56,5684.52
4d22b2,Malta,197.45,11681.46
a69760,United States,231.51,12260.58
a4dab6,United States,227.0,10934.7
4d22b4,Malta,252.18,11330.94
4cae4b,Ireland,86.76,76.2
4cae4c,Ireland,213.99,11750.04
c02966,Canada,270.58,11460.48
4d22bf,Malta,197.67,11811.0
4cae6a,Ireland,6.17,
4cae6b,Ireland,239.4,11993.88
4d22bb,Malta,0.0,
4d22bc,Malta,246.73,11308.08
4d22bd,Malta,90.88,906.78
4d22be,Malta,3.34,
a12aea,United States,260.86,11064.24
4cae75,Ireland,258.58,12009.12
4d22c8,Malta,133.92,2308.86
4d22c6,Malta,252.77,11536.68
ad7e16,United States,193.92,6918.96
4d22ba,Malta,70.85,259.08
846866,Japan,246.34,10759.44
300750,Italy,78.43,381.0
4073ee,United Kingdom,75.05,3040.38
3cefbd,Germany,211.17,13677.9
a109c8,United States,241.5,10507.98
3472cc,Spain,203.78,10050.78
a44477,United States,230.99,12222.48
39a038,France,52.69,
3aafff,France,0.0,
4cae9c,Ireland,253.94,10721.34
3c4667,Germany,159.07,7284.72
39b331,France,32.29,419.1
4cae9d,Ireland,230.72,11978.64
4cae9e,Ireland,232.84,10439.4
3c4668,Germany,119.32,3596.64
4cae9a,Ireland,237.89,10104.12
3c5999,Germany,200.25,6263.64
3472c4,Spain,202.53,10020.3
4cae8e,Ireland,4.89,
4cae8f,Ireland,100.32,1386.84
4d22ff,Malta,247.45,11369.04
ad6b0e,United States,279.19,12466.32
39b32f,France,43.3,2110.74
4cae9f,Ireland,243.16,12115.8
39b32c,France,50.85,670.56
a22a20,United States,231.74,11955.78
aac8a4,United States,267.94,8854.44
86d310,Japan,245.8,13174.98
407267,United Kingdom,160.57,4305.3
3ff471,Germany,29.74,883.92
3ff473,Germany,32.58,
ac3e13,United States,248.1,11330.94
8a0ab8,Indonesia,223.96,10751.82
a11d47,United States,253.39,11879.58
3d0f01,Germany,75.45,3261.36
7110f7,Saudi Arabia,228.61,
a6b253,United States,215.8,12565.38
7c7a36,Australia,235.07,8808.72
7c7a38,Australia,228.32,6957.06
a7e54f,United States,276.44,11452.86
71bc23,Republic of Korea,261.38,11925.3
86960c,Japan,90.64,1988.82
4d230c,Malta,248.03,13792.2
3ff426,Germany,28.54,2606.04
4cacb5,Ireland,196.17,9273.54
34838a,Spain,168.95,5760.72
4d2303,Malta,187.49,11559.54
4d2304,Malta,160.29,3733.8
4d2300,Malta,239.84,11833.86
4d2302,Malta,263.09,11612.88
a80595,United States,267.7,10515.6
ab0b56,United States,61.27,982.98
4cacf1,Ireland,276.75,13274.04
4d234a,Malta,237.73,9456.42
adaca4,United States,75.79,2529.84
46d0ae,Greece,148.05,4541.52
3c56f7,Germany,153.7,3886.2
a794e1,United States,128.72,3055.62
4d2352,Malta,253.46,9525.0
00aedf,South Africa,180.43,5463.54
3c56eb,Germany,228.83,9342.12
3c56ea,Germany,224.93,8770.62
4d2369,Malta,221.0,11727.18
4d2368,Malta,197.76,10340.34
800b63,India,231.54,11445.24
4d234c,Malta,90.7,495.3
4d234e,Malta,230.58,7117.08
4d234f,Malta,230.13,12588.24
a661c7,United States,0.0,
850e36,Japan,217.29,5509.26
3985a3,France,261.08,11170.92
3985a1,France,222.49,10888.98
ab7376,United States,223.76,9364.98
8468ee,Japan,232.73,12321.54
3985a7,France,126.83,2491.74
3985a9,France,8.23,
4cace0,Ireland,227.32,11650.98
4d2348,Malta,253.64,11750.04
3d63bc,Germany,169.74,8884.92
4d232c,Malta,224.21,11971.02
4d2342,Malta,0.06,
3b7f57,France,85.36,533.4
ace354,United States,129.4,8168.64
800b94,India,209.29,12618.72
4d2395,Malta,244.58,10751.82
4d2390,Malta,188.62,6865.62
04c0da,Kenya,76.97,1996.44
4d2392,Malta,238.62,10934.7
e03613,Argentina,223.38,8763.0
a12ff9,United States,0.0,
4d239b,Malta,200.65,10949.94
4d239c,Malta,219.72,12016.74
a1863b,United States,235.83,9060.18
a12fda,United States,261.28,11734.8
39d5e2,France,34.82,3749.04
a5a4c1,United States,257.55,10447.02
4d236b,Malta,206.74,11049.0
a58a36,United States,249.57,12260.58
3b7f6b,France,64.64,731.52
4b3e19,Switzerland,32.94,990.6
402ee6,United Kingdom,37.1,129.54
4d2374,Malta,212.79,10302.24
a59d5f,United States,249.14,11369.04
348307,Spain,5.66,
a84d25,United States,151.45,3177.54
4d2387,Malta,249.16,10835.64
86837c,Japan,230.48,12001.5
3c56f2,Germany,218.42,10965.18
3c56f1,Germany,218.81,11978.64
300393,Italy,65.79,662.94
4d2384,Malta,112.24,1432.56
4d2386,Malta,236.29,11186.16
4d2382,Malta,182.82,3726.18
348412,Spain,130.86,2407.92
a0b65e,United States,70.32,914.4
8681a8,Japan,231.33,12595.86
84b7fa,Japan,174.91,6027.42
4d228f,Malta,195.73,11811.0
44c9d9,Belgium,75.3,2689.86
4d228b,Malta,194.52,6423.66
4d2290,Malta,128.25,1684.02
04c20c,Kenya,42.82,1805.94
8681b2,Japan,221.82,8968.74
8681b0,Japan,246.44,12077.7
8681b6,Japan,230.19,8130.54
8681b3,Japan,80.85,114.3
8681b4,Japan,175.51,6469.38
862d72,Japan,0.0,
8681b7,Japan,194.11,5684.52
4d229d,Malta,225.4,11650.98
8681aa,Japan,86.48,403.86
4083d1,United Kingdom,137.57,4853.94
862d0c,Japan,247.2,7795.26
4cad28,Ireland,202.23,3878.58
4cad29,Ireland,206.6,11734.8
4cad0f,Ireland,209.44,7437.12
3ff3a0,Germany,72.07,
398600,France,238.56,10012.68
398601,France,225.77,10828.02
398602,France,252.99,11125.2
398604,France,114.86,1600.2
4cad30,Ireland,244.98,11094.72
ad5ca7,United States,258.13,11940.54
4070ec,United Kingdom,228.23,9471.66
4070ea,United Kingdom,173.44,7406.64
a36fff,United States,243.9,11323.32
4070ef,United Kingdom,236.47,11650.98
4070ed,United Kingdom,185.48,5021.58
a42323,United States,247.94,11346.18
30040b,Italy,75.36,563.88
a2934f,United States,235.2,12908.28
0d0ec8,Mexico,246.35,11346.18
4cad15,Ireland,143.55,4366.26
4cad11,Ireland,113.94,1005.84
4cad12,Ireland,198.9,7886.7
4070e9,United Kingdom,184.07,4884.42
4070e3,United Kingdom,222.8,11986.26
4070e6,United Kingdom,203.12,9570.72
4070e7,United Kingdom,215.24,11590.02
4070e4,United Kingdom,210.57,11628.12
4070e5,United Kingdom,229.34,11186.16
4cad5a,Ireland,212.28,10652.76
4cad64,Ireland,233.77,11750.04
4d21b4,Malta,226.83,13053.06
4d21b5,Malta,0.0,
4cad4f,Ireland,234.81,11986.26
71bd07,Republic of Korea,224.31,11704.32
4c01e1,Serbia,133.36,2506.98
4c01e4,Serbia,238.79,11140.44
4c01e0,Serbia,208.05,8503.92
398640,France,213.51,11148.06
4c01e5,Serbia,242.58,11346.18
151fd1,Russian Federation,208.61,
4d21d1,Malta,72.94,1066.8
4d21d2,Malta,193.6,10607.04
402f34,United Kingdom,63.58,800.1
4d21d4,Malta,233.55,12016.74
4d21c8,Malta,77.15,106.68
4cad73,Ireland,241.0,10363.2
4c01f2,Serbia,205.15,4381.5
86d1de,Japan,5.92,
4c01f5,Serbia,9.77,
4c01f4,Serbia,173.08,5562.6
4cad5d,Ireland,4.37,
3c4589,Germany,301.21,11003.28
4cad47,Ireland,259.32,11407.14
4cad48,Ireland,275.78,10515.6
4cad42,Ireland,0.45,
3482d8,Spain,162.03,4991.1
4cad41,Ireland,209.22,10965.18
151ffa,Russian Federation,87.22,251.46
84b940,Japan,84.55,624.84
3c4581,Germany,225.24,10309.86
151fff,Russian Federation,27.82,3002.28
4cad2a,Ireland,202.51,6797.04
4cad2b,Ireland,239.29,11399.52
3c4583,Germany,250.21,11155.68
3c4584,Germany,217.1,10942.32
846978,Japan,0.77,
3c458b,Germany,270.47,11300.46
4d21b1,Malta,214.77,12092.94
4cad54,Ireland,243.92,12207.24
398627,France,62.15,289.56
3c458d,Germany,231.08,10850.88
c82081,New Zealand,191.44,5615.94
4cad51,Ireland,136.33,4267.2
4d21a2,Malta,217.07,11650.98
151fec,Russian Federation,28.1,9403.08
4cad3e,Ireland,211.78,12428.22
4cad3a,Ireland,117.91,2514.6
4cad3b,Ireland,224.04,12298.68
3c4597,Germany,230.46,
4cad3c,Ireland,237.12,11879.58
4cad3d,Ireland,188.03,4762.5
4cad9f,Ireland,7.2,
4d21ef,Malta,223.78,11971.02
44eaae,Belgium,210.48,6713.22
4d21f7,Malta,217.03,12100.56
4d21eb,Malta,233.53,7665.72
4d21ee,Malta,235.4,11468.1
a0b5c5,United States,134.01,1463.04
862d94,Japan,43.21,
a3f00a,United States,198.36,12100.56
402f72,United Kingdom,44.67,693.42
8694fa,Japan,237.14,6377.94
4d21fc,Malta,212.67,11140.44
4d21fd,Malta,231.02,8252.46
4d21fe,Malta,251.05,9075.42
4d21ff,Malta,54.91,525.78
4cad7a,Ireland,229.83,11879.58
4cad7b,Ireland,113.44,2133.6
3dc82c,Germany,85.01,373.38
4cad7d,Ireland,217.45,9273.54
4d21cd,Malta,224.47,11216.64
4c01ed,Serbia,0.0,
4c01ec,Serbia,127.69,1813.56
4c01ee,Serbia,261.77,10972.8
a9bd9a,United States,269.58,11109.96
4cad80,Ireland,208.55,10416.54
846932,Japan,225.08,8275.32
4cad6d,Ireland,103.92,4434.84
86e4fc,Japan,257.29,13045.44
ab0a9d,United States,204.41,4861.56
aaea8c,United States,259.52,12565.38
4d21f6,Malta,166.42,3794.76
151fb6,Russian Federation,84.31,
4d21f1,Malta,236.26,11391.9
4d21f2,Malta,236.47,7818.12
4cad94,Ireland,184.79,3108.96
4cad95,Ireland,0.0,
4cad96,Ireland,209.1,12321.54
4cad91,Ireland,235.62,11209.02
4d21e9,Malta,92.09,1066.8
4cad92,Ireland,3.34,
ac2a93,United States,220.64,14531.34
4d21dc,Malta,239.77,9700.26
4d21dd,Malta,227.3,10325.1
ac0906,United States,222.87,7399.02
71aa64,Republic of Korea,10.29,
45d961,Denmark,227.78,11993.88
45d962,Denmark,223.23,11925.3
881427,Thailand,239.8,11026.14
881422,Thailand,145.63,4465.32
881421,Thailand,147.16,4762.5
881425,Thailand,222.45,11384.28
881423,Thailand,74.85,411.48
71bd84,Republic of Korea,118.77,1371.6
45d972,Denmark,233.45,11026.14
39c494,France,274.67,11475.72
a448d6,United States,230.3,11689.08
a0a2bd,United States,251.05,11315.7
45d970,Denmark,233.55,13190.22
a448d3,United States,229.94,7894.32
40736b,United Kingdom,71.75,952.5
a555c3,United States,256.46,10355.58
4d20f9,Malta,264.43,12390.12
4d20ed,Malta,199.13,8862.06
4d20ee,Malta,137.88,11224.26
a052d6,United States,65.22,1249.68
86e780,Japan,95.57,1181.1
3c68b3,Germany,243.58,12915.9
a09b65,United States,242.39,11925.3
a2f5fc,United States,4.37,
401e12,United Kingdom,55.24,723.9
0d0f14,Mexico,225.93,11353.8
3986a4,France,47.74,640.08
151efb,Russian Federation,4.12,9707.88
00ae88,South Africa,142.46,2766.06
485a83,Kingdom of the Netherlands,233.29,11430.0
ac2c33,United States,255.03,11300.46
485a81,Kingdom of the Netherlands,234.51,12550.14
485a86,Kingdom of the Netherlands,244.07,12001.5
862db6,Japan,201.79,8618.22
485a84,Kingdom of the Netherlands,227.04,12603.48
485a85,Kingdom of the Netherlands,213.86,12054.84
347195,Spain,64.03,1447.8
4d2209,Malta,142.63,4328.16
3999e4,France,109.31,716.28
800c3c,India,143.49,1562.1
800c3a,India,128.4,4480.56
406091,United Kingdom,216.03,8382.0
800c11,India,245.75,11094.72
a35e6c,United States,142.99,6156.96
ac3f78,United States,67.52,2293.62
862df4,Japan,260.09,8740.14
868428,Japan,236.17,12557.76
71bd61,Republic of Korea,94.22,967.74
71bd60,Republic of Korea,175.59,5189.22
a96cf7,United States,130.17,6537.96
a65092,United States,248.76,12969.24
4d2237,Malta,194.2,12138.66
4d2238,Malta,246.34,11971.02
4d2239,Malta,94.3,731.52
4d2234,Malta,9.26,
4d2235,Malta,3.86,
4d2236,Malta,3.6,
4d222a,Malta,221.86,11780.52
800c70,India,230.3,11323.32
4d221e,Malta,236.32,11216.64
4d221f,Malta,223.79,10820.4
3986e6,France,238.3,9212.58
3986e8,France,227.6,9159.24
3986e2,France,246.79,10111.74
3986e3,France,0.0,
4d221d,Malta,166.39,4579.62
4d2232,Malta,234.94,11750.04
3986e9,France,202.39,6675.12
a84e68,United States,297.61,11155.68
4d2248,Malta,185.76,11231.88
800c85,India,235.57,10294.62
4d2244,Malta,211.01,11536.68
4d2246,Malta,204.5,6530.34
4d2247,Malta,125.03,2461.26
4c0262,Serbia,71.38,373.38
4c0263,Serbia,139.4,3268.98
4d223b,Malta,209.23,10332.72
4c0260,Serbia,124.88,1744.98
a0b713,United States,278.12,11186.16
a72e6c,United States,238.41,12009.12
4d222b,Malta,212.08,11772.9
4d222c,Malta,204.04,8991.6
4d222d,Malta,254.56,12024.36
4d222e,Malta,65.4,236.22
4d2240,Malta,186.82,11445.24
4d2241,Malta,219.12,11590.02
4d2243,Malta,220.64,12344.4
4d2215,Malta,204.88,11391.9
4d2217,Malta,200.33,10980.42
4d2211,Malta,194.79,5996.94
a4bb8a,United States,136.06,2301.24
861c10,Japan,131.18,1036.32
485a35,Kingdom of the Netherlands,247.03,12245.34
485a33,Kingdom of the Netherlands,211.78,11094.72
4d2210,Malta,346.94,11109.96
485a34,Kingdom of the Netherlands,232.32,9311.64
4d2229,Malta,194.42,11849.1
4d2222,Malta,6.69,
4d2223,Malta,131.7,2621.28
4d2225,Malta,210.03,9608.82
4c0240,Serbia,4.63,
0d0f00,Mexico,215.96,11315.7
4c0241,Serbia,135.06,3238.5
a7d2b2,United States,51.51,259.08
4d220e,Malta,0.0,
4c0243,Serbia,160.18,5311.14
4d220b,Malta,213.24,8679.18
710000,Saudi Arabia,267.88,12611.1
a47e89,United States,224.59,10896.6
4d2279,Malta,199.93,7299.96
0d0ded,Mexico,203.32,6896.1
4d226d,Malta,225.39,6835.14
4d226a,Malta,224.09,11887.2
4cabfc,Ireland,260.33,
4d225e,Malta,240.77,11704.32
4d2273,Malta,218.77,11788.14
4d2275,Malta,234.36,7315.2
a09aac,United States,59.13,1181.1
4d2270,Malta,254.94,11300.46
4d2271,Malta,203.38,9578.34
348447,Spain,52.18,
406014,United Kingdom,214.48,7680.96
406016,United Kingdom,220.32,11910.06
4d2288,Malta,8.75,
348441,Spain,145.99,3825.24
4d227d,Malta,195.19,4732.02
4d227f,Malta,207.56,11795.76
4d227b,Malta,91.8,678.18
406011,United Kingdom,178.57,6781.8
4d226f,Malta,229.46,9997.44
ace467,United States,49.78,350.52
4d2286,Malta,195.35,11315.7
4d2287,Malta,206.66,11178.54
4d2280,Malta,195.71,9349.74
4d2255,Malta,213.22,10980.42
4d2256,Malta,225.64,8389.62
4d2257,Malta,4.89,
4d2258,Malta,224.69,11597.64
4d224a,Malta,232.27,7635.24
3c55c2,Germany,191.66,5440.68
3c55c1,Germany,246.28,12070.08
30048f,Italy,11.83,
473a03,Hungary,198.93,8450.58
800c8e,India,233.33,12435.84
4d2251,Malta,220.27,9243.06
a72e5f,United States,65.16,1089.66
4d2250,Malta,252.11,10668.0
ab619b,United States,201.58,10096.5
4d2268,Malta,237.78,10820.4
4d2269,Malta,224.71,11460.48
4d225b,Malta,209.57,10919.46
4d225c,Malta,224.98,10469.88
4d225d,Malta,200.5,9243.06
a05434,United States,279.2,10546.08
3c55c6,Germany,222.78,7604.76
4cabec,Ireland,238.35,12397.74
3c55c3,Germany,249.92,12131.04
3c55c9,Germany,249.88,11437.62
3c55c8,Germany,231.01,12580.62
4d224f,Malta,229.63,6347.46
4d2262,Malta,222.42,11788.14
4d2263,Malta,221.0,11567.16
4d2264,Malta,202.77,12199.62
4d2265,Malta,220.19,7536.18
4d2261,Malta,218.51,11650.98
70afb7,Nepal,80.48,624.84
7c338f,Australia,138.38,7216.14
400a7c,United Kingdom,109.67,1295.4
4d2191,Malta,231.78,8732.52
401d9d,United Kingdom,50.95,701.04
7c5950,Australia,4.63,38.1
850e9c,Japan,1.54,
710063,Saudi Arabia,262.68,11711.94
493297,Portugal,215.01,13738.86
710061,Saudi Arabia,260.41,10774.68
493296,Portugal,245.84,12740.64
49328b,Portugal,205.06,12336.78
49328a,Portugal,223.1,13731.24
710064,Saudi Arabia,270.2,10995.66
300575,Italy,4.12,
493294,Portugal,166.77,4229.1
4d216e,Malta,207.1,12428.22
71007f,Saudi Arabia,246.19,11353.8
493291,Portugal,67.39,883.92
a3ade9,United States,234.28,10949.94
4d216a,Malta,4.63,
4b19ef,Switzerland,206.13,9372.6
4071d7,United Kingdom,161.62,4465.32
493287,Portugal,203.66,13594.08
4d2174,Malta,248.56,11513.82
7c593a,Australia,90.42,2735.58
348509,Spain,207.97,10652.76
86d2aa,Japan,246.97,13327.38
4b19f4,Switzerland,7.72,
4b19f5,Switzerland,8.23,
70e06e,Cambodia,227.18,8054.34
a2f71f,United States,143.1,8473.44
0d0dda,Mexico,237.6,11727.18
493283,Portugal,0.0,
861b64,Japan,198.6,6111.24
4d217c,Malta,0.06,
70e071,Cambodia,193.35,5875.02
4d2186,Malta,256.56,11597.64
850e58,Japan,217.94,9814.56
151f6f,Russian Federation,243.77,10386.06
71001f,Saudi Arabia,226.34,11971.02
7c3340,Australia,48.64,312.42
4b19fe,Switzerland,134.81,3893.82
30055b,Italy,156.4,6522.72
4b19ff,Switzerland,206.09,7688.58
861b03,Japan,218.37,8016.24
861b06,Japan,217.16,12451.08
a34ae6,United States,0.0,
a0a480,United States,246.37,11010.9
710054,Saudi Arabia,268.89,9806.94
7c3314,Australia,65.9,297.18
a7d2f7,United States,239.37,9372.6
a3176b,United States,91.74,693.42
7c3315,Australia,28.37,45.72
861b28,Japan,1.8,
a3adaa,United States,114.92,3703.32
758087,Philippines,6.17,
4d20a2,Malta,245.05,12207.24
4cac45,Ireland,228.23,7741.92
4cac46,Ireland,158.53,3215.64
71be20,Republic of Korea,253.91,11750.04
a89104,United States,255.49,13487.4
7c7a4a,Australia,133.07,1524.0
4cac54,Ireland,225.14,11109.96
3cedb8,Germany,201.38,13594.08
c03cbe,Canada,158.72,7764.78
7c7a4c,Australia,181.62,6080.76
4cac55,Ireland,228.56,12176.76
7c7a4d,Australia,144.87,1485.9
75807f,Philippines,138.98,2811.78
3dc727,Germany,60.31,937.26
71be19,Republic of Korea,255.76,11376.66
7c7a3f,Australia,217.31,11193.78
850dae,Japan,0.64,
4cac23,Ireland,280.41,10675.62
4cac24,Ireland,206.63,11658.6
7c7a3d,Australia,150.9,2781.3
3470c5,Spain,283.08,
4cac20,Ireland,243.6,11094.72
71be40,Republic of Korea,120.28,3771.9
4cac36,Ireland,175.09,5654.04
758073,Philippines,217.62,7330.44
7c7a46,Australia,195.8,11056.62
7c7a47,Australia,193.27,7566.66
7c7a48,Australia,0.0,
469596,Greece,141.16,4533.9
71be39,Republic of Korea,247.55,10683.24
4cac7b,Ireland,228.29,12390.12
885b4e,Thailand,137.03,3520.44
885b4b,Thailand,221.04,9570.72
4cac7a,Ireland,212.0,12352.02
4d20e3,Malta,203.75,11064.24
4d20e5,Malta,213.59,11102.34
4cac87,Ireland,241.99,11369.04
04c15a,Kenya,225.88,
4cac89,Ireland,239.23,11475.72
3483d9,Spain,120.37,2293.62
a173a8,United States,246.42,11681.46
4cac84,Ireland,248.99,11757.66
4cac86,Ireland,232.47,11102.34
04c14b,Kenya,4.37,
4d20d6,Malta,0.0,
4d20d8,Malta,246.6,12237.72
4d20d9,Malta,139.48,2598.42
4cac8c,Ireland,226.23,11932.92
8682f4,Japan,0.51,
4cac8a,Ireland,257.68,12153.9
3483c9,Spain,244.91,12641.58
4d20f3,Malta,106.18,1440.18
885b48,Thailand,99.6,1661.16
885b43,Thailand,92.72,929.64
4d20e7,Malta,217.2,14340.84
4cac93,Ireland,230.93,12900.66
4cac7f,Ireland,162.08,3672.84
7c7a90,Australia,54.08,891.54
400a26,United Kingdom,241.54,11056.62
4d20c0,Malta,242.06,8290.56
a449a2,United States,173.81,3718.56
39c40e,France,51.08,228.6
400a0e,United Kingdom,148.15,2346.96
71be03,Republic of Korea,258.46,12054.84
4d20bd,Malta,252.68,8397.24
4d20bf,Malta,213.97,11399.52
aa6735,United States,262.3,13304.52
4d20bc,Malta,254.79,10896.6
407031,United Kingdom,233.83,11917.68
861bec,Japan,243.65,8717.28
a5a38e,United States,236.91,12618.72
0c20a8,Panama,243.96,11064.24
a79386,United States,232.1,12885.42
408354,United Kingdom,86.58,1127.76
407022,United Kingdom,219.39,11056.62
398495,France,146.26,2865.12
40700a,United Kingdom,248.22,11102.34
a7f684,United States,247.59,11323.32
408347,United Kingdom,228.87,11247.12
408346,United Kingdom,198.89,11788.14
3e826f,Germany,99.3,365.76
40832a,United Kingdom,244.35,11887.2
486a70,Kingdom of the Netherlands,60.07,830.58
408332,United Kingdom,77.86,929.64
acf48c,United States,91.32,899.16
86e890,Japan,150.01,4792.98
0c20dd,Panama,213.77,7101.84
a35b34,United States,223.34,11521.44
0c20f2,Panama,238.21,12031.98
a8bfeb,United States,243.7,11917.68
a445c7,United States,235.86,10713.72
40838a,United Kingdom,239.0,11940.54
a0c5ef,United States,227.52,10287.0
40838b,United Kingdom,197.19,11841.48
0c20ce,Panama,248.55,12024.36
3aabfc,France,43.39,365.76
460912,Finland,59.55,2712.72
a66046,United States,3.86,
a445ad,United States,264.36,11064.24
0c20d6,Panama,238.2,12039.6
40837b,United Kingdom,6.43,
861bb0,Japan,260.95,11795.76
0c20bd,Panama,237.19,11064.24
86d538,Japan,211.24,6324.6
800d36,India,243.24,12412.98
3f4bc8,Germany,42.82,952.5
408388,United Kingdom,235.01,11315.7
40836b,United Kingdom,244.82,10828.02
800d41,India,213.74,6278.88
800d40,India,131.92,2644.14
459903,Denmark,73.15,472.44
a67399,United States,231.5,7360.92
40702e,United Kingdom,226.41,12595.86
451d8c,Bulgaria,240.65,10431.78
4691c5,Greece,256.3,11346.18
4691c4,Greece,238.28,11330.94
4691c3,Greece,0.77,
4691c2,Greece,2.06,
4691c1,Greece,151.37,3375.66
4ad473,Sweden,51.06,601.98
4d2110,Malta,83.76,121.92
a828e1,United States,202.05,7536.18
4d2124,Malta,238.17,10058.4
0c218a,Panama,229.75,9715.5
4d211a,Malta,94.58,1912.62
0c218c,Panama,208.48,9403.08
451d85,Bulgaria,237.6,11666.22
a445f2,United States,243.91,10546.08
710104,Saudi Arabia,266.39,11125.2
4caab4,Ireland,223.21,12504.42
710101,Saudi Arabia,273.11,10401.3
0c2189,Panama,235.0,11353.8
71011e,Saudi Arabia,245.25,12893.04
0c217a,Panama,212.81,10325.1
86e7a2,Japan,263.54,12740.64
711466,Saudi Arabia,227.79,11079.48
a73e63,United States,246.17,12588.24
710119,Saudi Arabia,258.59,11490.96
4d2101,Malta,108.35,1234.44
4d2102,Malta,210.62,13746.48
09a050,Gambia,2.57,
71010f,Saudi Arabia,270.6,10370.82
010146,Egypt,141.97,1760.22
710120,Saudi Arabia,252.76,12070.08
7c479f,Australia,218.33,10622.28
4d2100,Malta,134.86,1699.26
710126,Saudi Arabia,117.89,838.2
408324,United Kingdom,39.94,403.86
4caaf1,Ireland,247.46,12352.02
4d2158,Malta,70.09,
4d214b,Malta,188.9,5471.16
4c0176,Serbia,143.99,5471.16
4c0178,Serbia,6.43,
4d213e,Malta,66.87,152.4
4c0177,Serbia,116.83,2095.5
4c0179,Serbia,107.58,1577.34
4d2153,Malta,219.1,11559.54
4d2155,Malta,235.15,13799.82
86d594,Japan,253.17,13350.24
4d215d,Malta,181.48,4678.68
a708b0,United States,252.1,10675.62
408309,United Kingdom,80.07,1562.1
01010a,Egypt,256.73,10988.04
01010c,Egypt,245.69,10469.88
408305,United Kingdom,229.23,11788.14
01010d,Egypt,230.06,8168.64
3c54a1,Germany,213.79,6911.34
009131,South Africa,217.21,9784.08
4d2133,Malta,216.26,12550.14
a708bf,United States,225.65,12268.2
a6e8ae,United States,236.8,12283.44
4d2146,Malta,240.62,11361.42
3c54a4,Germany,147.35,3169.92
3c54a3,Germany,244.8,10172.7
3c54a2,Germany,208.87,5753.1
4d212d,Malta,268.85,12656.82
010109,Egypt,248.84,
4caad8,Ireland,110.02,4381.5
4d206e,Malta,236.22,9913.62
4081bc,United Kingdom,215.59,11125.2
4081bd,United Kingdom,193.29,7459.98
4d206b,Malta,150.11,3169.92
a4470e,United States,202.46,5684.52
4b18b8,Switzerland,214.83,10873.74
4b18b9,Switzerland,231.43,11658.6
0c210d,Panama,243.11,11056.62
3dfa57,Germany,4.15,632.46
0c210c,Panama,156.68,5021.58
4081c0,United Kingdom,232.58,8991.6
39d2b1,France,291.53,12169.14
39d2b3,France,302.55,12283.44
4d207c,Malta,238.45,10949.94
4081aa,United Kingdom,237.08,11986.26
4d2081,Malta,110.17,1470.66
4d2086,Malta,235.46,11391.9
4d2088,Malta,226.81,12237.72
a0645e,United States,231.51,9616.44
a3bdb3,United States,42.29,2674.62
4d204a,Malta,277.44,10850.88
4d2051,Malta,245.65,12717.78
4081a1,United Kingdom,141.33,3345.18
a96b65,United States,4.89,
4d2068,Malta,255.73,11788.14
71018b,Saudi Arabia,258.08,11757.66
39d2a5,France,254.97,9395.46
39d2a9,France,277.64,11643.36
4d2067,Malta,2.06,
39d2a0,France,289.76,12245.34
4081fd,United Kingdom,75.89,784.86
7c7ad5,Australia,48.88,304.8
7c7acf,Australia,43.75,22.86
a4cb6f,United States,254.03,12885.42
4b18f2,Switzerland,197.13,5791.2
4b18f3,Switzerland,228.84,11681.46
7c7ac6,Australia,77.28,2202.18
01015c,Egypt,251.68,12161.52
710139,Saudi Arabia,235.75,11430.0
71145f,Saudi Arabia,238.84,12283.44
71145c,Saudi Arabia,0.0,
48489b,Kingdom of the Netherlands,58.02,990.6
7c7ab4,Australia,207.46,11673.84
3480cc,Spain,242.24,12077.7
4d208f,Malta,171.96,6377.94
a59b9c,United States,253.26,11948.16
7c7ab0,Australia,205.21,11727.18
7c7ab3,Australia,70.15,396.24
4d208e,Malta,247.08,11498.58
4d2090,Malta,3.09,
7c4779,Australia,81.64,1562.1
4d2093,Malta,214.05,10568.94
4d2095,Malta,238.28,9319.26
7c7aab,Australia,181.07,2880.36
7c7aa5,Australia,211.09,9387.84
7c7aa7,Australia,215.29,9654.54
7c7aa9,Australia,132.69,1508.76
800ba9,India,137.38,3619.5
7c7aa0,Australia,8.75,
3480c3,Spain,239.22,12755.88
71bf50,Republic of Korea,253.4,13251.18
47becb,Norway,72.7,495.3
a68771,United States,104.13,4831.08
71bf47,Republic of Korea,229.29,7467.6
a5b760,United States,264.78,10927.08
71bf43,Republic of Korea,139.15,2628.9
7c7b80,Australia,39.3,152.4
c00638,Canada,204.01,11254.74
a47ad2,United States,255.51,9715.5
a12f08,United States,225.1,6812.28
71bf71,Republic of Korea,5.92,
a81770,United States,127.52,8412.48
71bf75,Republic of Korea,77.39,586.74
7100b6,Saudi Arabia,251.09,11871.96
7100b4,Saudi Arabia,244.33,12557.76
7c7b78,Australia,0.06,
800be6,India,172.45,4701.54
800be5,India,108.31,2796.54
ad38df,United States,143.89,3246.12
7100ad,Saudi Arabia,231.99,11094.72
7100ac,Saudi Arabia,128.94,3444.24
7100a6,Saudi Arabia,246.73,11140.44
71bf07,Republic of Korea,187.82,6484.62
71bf06,Republic of Korea,187.47,6477.0
45e863,Denmark,60.21,2125.98
71bf30,Republic of Korea,112.16,1943.1
0100a2,Egypt,226.12,12809.22
0100a6,Egypt,141.86,
71bf26,Republic of Korea,141.4,1988.82
adbe4a,United States,12.35,
3c5642,Germany,225.01,10317.48
71bf18,Republic of Korea,229.1,6827.52
71bf17,Republic of Korea,4.89,
a326c7,United States,7.2,
a61f05,United States,223.68,11132.82
4b191b,Switzerland,0.0,
a699aa,United States,202.28,4351.02
04c1c0,Kenya,118.98,6545.58
a699b0,United States,230.07,11993.88
398578,France,62.04,175.26
abc29a,United States,0.0,
4caa5c,Ireland,227.91,11597.64
398579,France,222.28,11559.54
398575,France,176.86,5692.14
4caa5a,Ireland,125.8,1706.88
398577,France,188.01,3764.28
4b1950,Switzerland,269.68,11506.2
407131,United Kingdom,68.42,106.68
39856c,France,111.46,2346.96
a12f56,United States,282.67,14142.72
39856d,France,89.21,1112.52
39856e,France,258.75,11399.52
39856f,France,6.94,
4b193a,Switzerland,242.48,10340.34
a076f1,United States,147.43,2004.06
4caa6d,Ireland,221.86,10713.72
7c47ba,Australia,177.65,4198.62
a12f72,United States,277.32,11102.34
7c47be,Australia,126.96,1973.58
40710f,United Kingdom,50.24,1127.76
adabfe,United States,0.0,
4caa5f,Ireland,203.9,11369.04
71bf95,Republic of Korea,147.2,2750.82
71bf94,Republic of Korea,205.35,9616.44
71bf90,Republic of Korea,247.71,10767.06
86d61c,Japan,246.34,13014.96
3dd741,Germany,53.62,899.16
40717c,United Kingdom,231.47,11811.0
40717d,United Kingdom,240.2,11239.5
40717a,United Kingdom,202.14,11788.14
40717b,United Kingdom,231.24,11826.24
40717f,United Kingdom,220.21,11780.52
71bf89,Republic of Korea,73.8,160.02
a1d3bf,United States,177.13,3093.72
407182,United Kingdom,77.97,624.84
407183,United Kingdom,243.42,11140.44
4b194f,Switzerland,0.0,
407180,United Kingdom,0.0,
407181,United Kingdom,211.99,11506.2
7100bc,Saudi Arabia,248.46,12397.74
7100bb,Saudi Arabia,253.19,12412.98
ab84ab,United States,260.78,10721.34
4b194a,Switzerland,0.0,
4b194b,Switzerland,146.11,5394.96
4b194c,Switzerland,197.65,11140.44
7c6a58,Australia,136.76,6202.68
4b194d,Switzerland,249.11,11384.28
4b194e,Switzerland,215.22,9197.34
407177,United Kingdom,104.45,1478.28
407176,United Kingdom,235.32,11757.66
868688,Japan,74.73,365.76
498b32,Czech Republic,50.93,632.46
a91111,United States,94.79,1859.28
abc201,United States,278.83,10507.98
348251,Spain,55.58,1409.7
ad6ecd,United States,241.84,11018.52
48ce47,Poland,26.08,266.7
0c2084,Panama,134.27,3954.78
a7f6b9,United States,0.0,
348248,Spain,27.75,563.88
4d2007,Malta,239.69,10782.3
ad6ec5,United States,264.22,11582.4
a420af,United States,234.4,11567.16
3c66e3,Germany,137.33,2087.88
3c66e2,Germany,5.14,
3c66e1,Germany,220.18,11414.76
a35c97,United States,0.0,
451e8e,Bulgaria,247.86,12527.28
ab1bf0,United States,256.72,12633.96
71156a,Saudi Arabia,229.71,10820.4
3c66e8,Germany,217.5,12070.08
0c204f,Panama,3.86,
3c66e7,Germany,207.3,9867.9
3c66e5,Germany,242.32,11582.4
a540e2,United States,2.57,
0c2061,Panama,248.5,10447.02
4692d7,Greece,236.55,10942.32
4692d4,Greece,85.3,1005.84
86e8ac,Japan,130.52,3276.6
4692d3,Greece,194.26,5181.6
4692d2,Greece,201.74,7086.6
aa77ed,United States,125.84,9517.38
4692ce,Greece,140.05,1973.58
4692cc,Greece,229.66,11300.46
a290d0,United States,251.21,11757.66
a300ab,United States,55.46,1798.32
c006ec,Canada,260.75,10942.32
47ae38,Norway,239.81,10454.64
348218,Spain,39.37,541.02
3c66eb,Germany,13.89,
3c66ea,Germany,270.39,10919.46
7c47b9,Australia,260.87,9875.52
a4cc29,United States,223.66,12199.62
3c79b7,Germany,247.17,11376.66
4d201d,Malta,266.33,11087.1
4d201e,Malta,242.82,10828.02
4d201f,Malta,128.71,1691.64
348209,Spain,118.13,815.34
348207,Spain,97.37,685.8
348206,Spain,187.38,3444.24
348204,Spain,0.0,
7c47a9,Australia,210.75,11201.4
7c47a6,Australia,239.76,8564.88
a5c9f7,United States,0.0,
711504,Saudi Arabia,205.29,5768.34
7c47a3,Australia,8.23,
4d2049,Malta,257.55,11590.02
4d203b,Malta,88.51,457.2
4d203d,Malta,249.07,10736.58
00afad,South Africa,76.25,1783.08
3c79c1,Germany,149.61,3200.4
4d202d,Malta,163.34,7612.38
4d2040,Malta,163.87,4678.68
408423,United Kingdom,280.12,8671.56
4d2014,Malta,6.94,
711537,Saudi Arabia,243.29,11117.58
c006c3,Canada,3.09,
00aff7,South Africa,53.84,
3cc9ab,Germany,198.16,13075.92
3c66a4,Germany,150.7,3680.46
3c66a3,Germany,198.36,5135.88
3c66a2,Germany,200.62,9098.28
451e90,Bulgaria,262.95,
3c66a8,Germany,214.67,11765.28
3c66a7,Germany,72.43,624.84
3c66a6,Germany,73.87,449.58
4848c9,Kingdom of the Netherlands,46.03,487.68
711543,Saudi Arabia,220.11,10081.26
4d2029,Malta,163.62,6339.84
3c66ab,Germany,248.06,11544.3
4d201a,Malta,199.76,5440.68
4d200f,Malta,292.9,11239.5
3c66b4,Germany,214.75,11132.82
3c66b2,Germany,220.13,11483.34
3c66b8,Germany,237.41,11917.68
4d200c,Malta,215.66,11628.12
3e8182,Germany,113.23,6629.4
3c66b7,Germany,70.55,998.22
3c66b6,Germany,114.72,1546.86
4d2020,Malta,221.63,11033.76
4d2022,Malta,219.94,8564.88
3e80c0,Germany,113.2,320.04
00909b,South Africa,95.2,5097.78
0d0fed,Mexico,222.48,11308.08
4082e6,United Kingdom,226.88,11109.96
4082cc,United Kingdom,224.81,11148.06
4082d0,United Kingdom,53.66,510.54
31dfd2,Italy,65.95,982.98
4598c8,Denmark,39.18,449.58
7c351b,Australia,135.04,4373.88
4082af,United Kingdom,50.6,594.36
4082ac,United Kingdom,232.05,11376.66
3faf68,Germany,40.67,236.22
481054,Kingdom of the Netherlands,71.87,
493035,Portugal,188.44,14302.74
7c3515,Australia,35.0,266.7
4598ca,Denmark,60.17,952.5
71158f,Saudi Arabia,2.83,
800ce4,India,118.52,2796.54
86e7c4,Japan,156.4,6446.52
a32890,United States,3.09,
034044,Cameroon,222.87,
a32893,United States,247.54,11079.48
a48ecb,United States,91.89,2491.74
6010b0,Kyrgyzstan,207.89,
7c7bd1,Australia,222.58,10645.14
800cc3,India,120.55,
7c7bce,Australia,207.43,9829.8
800cc7,India,226.95,11864.34
4b17f9,Switzerland,216.03,9578.34
800cbb,India,144.44,4472.94
7c7bc6,Australia,211.44,11727.18
0c2011,Panama,104.66,3741.42
800cbf,India,91.68,1577.34
800cbe,India,132.8,5471.16
a0b56f,United States,67.06,739.14
7c4880,Australia,228.51,6690.36
4082f2,United Kingdom,172.49,3550.92
7c487c,Australia,215.94,9525.0
4b17e6,Switzerland,0.0,
4082f5,United Kingdom,72.07,472.44
7c7c9b,Australia,240.76,8084.82
39983b,France,70.96,3238.5
3481d5,Spain,269.13,
a54261,United States,6.69,
4b17fb,Switzerland,144.45,2552.7
4b17fc,Switzerland,173.86,7924.8
4b17fd,Switzerland,186.66,11925.3
4b17fe,Switzerland,136.13,4716.78
3481c4,Spain,186.69,4815.84
a2e24d,United States,175.09,10607.04
c00757,Canada,265.1,10934.7
3dd814,Germany,66.21,967.74
456032,Bulgaria,13.38,
800cfe,India,200.94,7589.52
7114f0,Saudi Arabia,246.17,
157767,Russian Federation,251.98,
800cfb,India,121.5,5128.26
ad5c30,United States,81.85,236.22
abd3c7,United States,255.17,10706.1
458667,Denmark,233.41,12694.92
398562,France,234.24,11079.48
4082a2,United Kingdom,61.84,960.12
398563,France,235.78,11757.66
398564,France,189.84,10294.62
398565,France,203.03,8046.72
47bfb3,Norway,202.76,11163.3
4caa57,Ireland,211.36,11605.26
4caa58,Ireland,138.62,4030.98
4caa59,Ireland,165.9,5250.18
4caa53,Ireland,142.35,4274.82
4caa55,Ireland,117.78,4701.54
44b674,Belgium,205.79,10919.46
451cc1,Bulgaria,0.0,
04c388,Kenya,41.32,1783.08
7c4811,Australia,259.8,10858.5
a4359b,United States,204.81,5806.44
392ef1,France,44.74,83.82
458664,Denmark,241.28,11224.26
