[2026-08-20T00:00:27.587+0000] {processor.py:161} INFO - Started process (PID=906) to work on /opt/airflow/dags/flight-pipeline.py
[2026-08-20T00:00:27.593+0000] {processor.py:830} INFO - Processing file /opt/airflow/dags/flight-pipeline.py for tasks to queue
[2026-08-20T00:00:27.601+0000] {logging_mixin.py:188} INFO - [2026-08-20T00:00:27.600+0000] {dagbag.py:545} INFO - Filling up the DagBag from /opt/airflow/dags/flight-pipeline.py
[2026-08-20T00:00:28.618+0000] {processor.py:840} INFO - DAG(s) 'flights_ops_medallioin_pipe' retrieved from /opt/airflow/dags/flight-pipeline.py
[2026-08-20T00:00:28.668+0000] {logging_mixin.py:188} INFO - [2026-08-20T00:00:28.668+0000] {dag.py:3089} INFO - Sync 1 DAGs
[2026-08-20T00:00:28.717+0000] {logging_mixin.py:188} INFO - [2026-08-20T00:00:28.716+0000] {dag.py:3947} INFO - Setting next_dagrun for flights_ops_medallioin_pipe to 2026-08-20 00:00:00+00:00, run_after=2026-08-20 00:30:00+00:00
[2026-08-20T00:00:28.752+0000] {processor.py:183} INFO - Processing /opt/airflow/dags/flight-pipeline.py took 1.202 seconds
[2026-08-20T00:00:59.071+0000] {processor.py:161} INFO - Started process (PID=908) to work on /opt/airflow/dags/flight-pipeline.py
[2026-08-20T00:00:59.074+0000] {processor.py:830} INFO - Processing file /opt/airflow/dags/flight-pipeline.py for tasks to queue
[2026-08-20T00:00:59.080+0000] {logging_mixin.py:188} INFO - [2026-08-20T00:00:59.079+0000] {dagbag.py:545} INFO - Filling up the DagBag from /opt/airflow/dags/flight-pipeline.py
[2026-08-20T00:01:00.025+0000] {processor.py:840} INFO - DAG(s) 'flights_ops_medallioin_pipe' retrieved from /opt/airflow/dags/flight-pipeline.py
[2026-08-20T00:01:00.074+0000] {logging_mixin.py:188} INFO - [2026-08-20T00:01:00.073+0000] {dag.py:3089} INFO - Sync 1 DAGs
[2026-08-20T00:01:00.108+0000] {logging_mixin.py:188} INFO - [2026-08-20T00:01:00.108+0000] {dag.py:3947} INFO - Setting next_dagrun for flights_ops_medallioin_pipe to 2026-08-20 00:00:00+00:00, run_after=2026-08-20 00:30:00+00:00
[2026-08-20T00:01:00.143+0000] {processor.py:183} INFO - Processing /opt/airflow/dags/flight-pipeline.py took 1.083 seconds
[2026-08-20T00:01:30.348+0000] {processor.py:161} INFO - Started process (PID=910) to work on /opt/airflow/dags/flight-pipeline.py
[2026-08-20T00:01:30.351+0000] {processor.py:830} INFO - Processing file /opt/airflow/dags/flight-pipeline.py for tasks to queue
[2026-08-20T00:01:30.356+0000] {logging_mixin.py:188} INFO - [2026-08-20T00:01:30.355+0000] {dagbag.py:545} INFO - Filling up the DagBag from /opt/airflow/dags/flight-pipeline.py
[2026-08-20T00:01:31.239+0000] {processor.py:840} INFO - DAG(s) 'flights_ops_medallioin_pipe' retrieved from /opt/airflow/dags/flight-pipeline.py
[2026-08-20T00:01:31.287+0000] {logging_mixin.py:188} INFO - [2026-08-20T00:01:31.286+0000] {dag.py:3089} INFO - Sync 1 DAGs
[2026-08-20T00:01:31.325+0000] {logging_mixin.py:188} INFO - [2026-08-20T00:01:31.325+0000] {dag.py:3947} INFO - Setting next_dagrun for flights_ops_medallioin_pipe to 2026-08-20 00:00:00+00:00, run_after=2026-08-20 00:30:00+00:00
[2026-08-20T00:01:31.360+0000] {processor.py:183} INFO - Processing /opt/airflow/dags/flight-pipeline.py took 1.028 seconds
[2026-08-20T00:02:01.613+0000] {processor.py:161} INFO - Started process (PID=912) to work on /opt/airflow/dags/flight-pipeline.py
[2026-08-20T00:02:01.616+0000] {processor.py:830} INFO - Processing file /opt/airflow/dags/flight-pipeline.py for tasks to queue
[2026-08-20T00:02:01.620+0000] {logging_mixin.py:188} INFO - [2026-08-20T00:02:01.620+0000] {dagbag.py:545} INFO - Filling up the DagBag from /opt/airflow/dags/flight-pipeline.py
[2026-08-20T00:02:02.478+0000] {processor.py:840} INFO - DAG(s) 'flights_ops_medallioin_pipe' retrieved from /opt/airflow/dags/flight-pipeline.py
[2026-08-20T00:02:02.522+0000] {logging_mixin.py:188} INFO - [2026-08-20T00:02:02.522+0000] {dag.py:3089} INFO - Sync 1 DAGs
[2026-08-20T00:02:02.561+0000] {logging_mixin.py:188} INFO - [2026-08-20T00:02:02.561+0000] {dag.py:3947} INFO - Setting next_dagrun for flights_ops_medallioin_pipe to 2026-08-20 00:00:00+00:00, run_after=2026-08-20 00:30:00+00:00
[2026-08-20T00:02:02.596+0000] {processor.py:183} INFO - Processing /opt/airflow/dags/flight-pipeline.py took 0.995 seconds
[2026-08-20T00:02:32.920+0000] {processor.py:161} INFO - Started process (PID=914) to work on /opt/airflow/dags/flight-pipeline.py
[2026-08-20T00:02:32.923+0000] {processor.py:830} INFO - Processing file /opt/airflow/dags/flight-pipeline.py for tasks to queue
[2026-08-20T00:02:32.928+0000] {logging_mixin.py:188} INFO - [2026-08-20T00:02:32.927+0000] {dagbag.py:545} INFO - Filling up the DagBag from /opt/airflow/dags/flight-pipeline.py
[2026-08-20T00:02:33.799+0000] {processor.py:840} INFO - DAG(s) 'flights_ops_medallioin_pipe' retrieved from /opt/airflow/dags/flight-pipeline.py
[2026-08-20T00:02:33.847+0000] {logging_mixin.py:188} INFO - [2026-08-20T00:02:33.846+0000] {dag.py:3089} INFO - Sync 1 DAGs
[2026-08-20T00:02:33.883+0000] {logging_mixin.py:188} INFO - [2026-08-20T00:02:33.882+0000] {dag.py:3947} INFO - Setting next_dagrun for flights_ops_medallioin_pipe to 2026-08-20 00:00:00+00:00, run_after=2026-08-20 00:30:00+00:00
[2026-08-20T00:02:33.915+0000] {processor.py:183} INFO - Processing /opt/airflow/dags/flight-pipeline.py took 1.012 seconds
[2026-08-20T00:03:04.200+0000] {processor.py:161} INFO - Started process (PID=916) to work on /opt/airflow/dags/flight-pipeline.py
[2026-08-20T00:03:04.202+0000] {processor.py:830} INFO - Processing file /opt/airflow/dags/flight-pipeline.py for tasks to queue
[2026-08-20T00:03:04.207+0000] {logging_mixin.py:188} INFO - [2026-08-20T00:03:04.206+0000] {dagbag.py:545} INFO - Filling up the DagBag from /opt/airflow/dags/flight-pipeline.py
[2026-08-20T00:03:05.062+0000] {processor.py:840} INFO - DAG(s) 'flights_ops_medallioin_pipe' retrieved from /opt/airflow/dags/flight-pipeline.py
[2026-08-20T00:03:05.106+0000] {logging_mixin.py:188} INFO - [2026-08-20T00:03:05.105+0000] {dag.py:3089} INFO - Sync 1 DAGs
[2026-08-20T00:03:05.140+0000] {logging_mixin.py:188} INFO - [2026-08-20T00:03:05.140+0000] {dag.py:3947} INFO - Setting next_dagrun for flights_ops_medallioin_pipe to 2026-08-20 00:00:00+00:00, run_after=2026-08-20 00:30:00+00:00
[2026-08-20T00:03:05.173+0000] {processor.py:183} INFO - Processing /opt/airflow/dags/flight-pipeline.py took 0.988 seconds
[2026-08-20T00:03:35.468+0000] {processor.py:161} INFO - Started process (PID=918) to work on /opt/airflow/dags/flight-pipeline.py
[2026-08-20T00:03:35.470+0000] {processor.py:830} INFO - Processing file /opt/airflow/dags/flight-pipeline.py for tasks to queue
[2026-08-20T00:03:35.475+0000] {logging_mixin.py:188} INFO - [2026-08-20T00:03:35.474+0000] {dagbag.py:545} INFO - Filling up the DagBag from /opt/airflow/dags/flight-pipeline.py
[2026-08-20T00:03:36.328+0000] {processor.py:840} INFO - DAG(s) 'flights_ops_medallioin_pipe' retrieved from /opt/airflow/dags/flight-pipeline.py
[2026-08-20T00:03:36.374+0000] {logging_mixin.py:188} INFO - [2026-08-20T00:03:36.373+0000] {dag.py:3089} INFO - Sync 1 DAGs
[2026-08-20T00:03:36.409+0000] {logging_mixin.py:188} INFO - [2026-08-20T00:03:36.408+0000] {dag.py:3947} INFO - Setting next_dagrun for flights_ops_medallioin_pipe to 2026-08-20 00:00:00+00:00, run_after=2026-08-20 00:30:00+00:00
[2026-08-20T00:03:36.446+0000] {processor.py:183} INFO - Processing /opt/airflow/dags/flight-pipeline.py took 0.992 seconds
[2026-08-20T00:04:06.750+0000] {processor.py:161} INFO - Started process (PID=920) to work on /opt/airflow/dags/flight-pipeline.py
[2026-08-20T00:04:06.753+0000] {processor.py:830} INFO - Processing file /opt/airflow/dags/flight-pipeline.py for tasks to queue
[2026-08-20T00:04:06.758+0000] {logging_mixin.py:188} INFO - [2026-08-20T00:04:06.757+0000] {dagbag.py:545} INFO - Filling up the DagBag from /opt/airflow/dags/flight-pipeline.py
[2026-08-20T00:04:07.670+0000] {processor.py:840} INFO - DAG(s) 'flights_ops_medallioin_pipe' retrieved from /opt/airflow/dags/flight-pipeline.py
[2026-08-20T00:04:07.719+0000] {logging_mixin.py:188} INFO - [2026-08-20T00:04:07.718+0000] {dag.py:3089} INFO - Sync 1 DAGs
[2026-08-20T00:04:07.760+0000] {logging_mixin.py:188} INFO - [2026-08-20T00:04:07.760+0000] {dag.py:3947} INFO - Setting next_dagrun for flights_ops_medallioin_pipe to 2026-08-20 00:00:00+00:00, run_after=2026-08-20 00:30:00+00:00
[2026-08-20T00:04:07.799+0000] {processor.py:183} INFO - Processing /opt/airflow/dags/flight-pipeline.py took 1.059 seconds
[2026-08-20T00:04:38.037+0000] {processor.py:161} INFO - Started process (PID=922) to work on /opt/airflow/dags/flight-pipeline.py
[2026-08-20T00:04:38.040+0000] {processor.py:830} INFO - Processing file /opt/airflow/dags/flight-pipeline.py for tasks to queue
[2026-08-20T00:04:38.045+0000] {logging_mixin.py:188} INFO - [2026-08-20T00:04:38.044+0000] {dagbag.py:545} INFO - Filling up the DagBag from /opt/airflow/dags/flight-pipeline.py
[2026-08-20T00:04:38.911+0000] {processor.py:840} INFO - DAG(s) 'flights_ops_medallioin_pipe' retrieved from /opt/airflow/dags/flight-pipeline.py
[2026-08-20T00:04:38.957+0000] {logging_mixin.py:188} INFO - [2026-08-20T00:04:38.957+0000] {dag.py:3089} INFO - Sync 1 DAGs
[2026-08-20T00:04:38.994+0000] {logging_mixin.py:188} INFO - [2026-08-20T00:04:38.993+0000] {dag.py:3947} INFO - Setting next_dagrun for flights_ops_medallioin_pipe to 2026-08-20 00:00:00+00:00, run_after=2026-08-20 00:30:00+00:00
[2026-08-20T00:04:39.026+0000] {processor.py:183} INFO - Processing /opt/airflow/dags/flight-pipeline.py took 1.000 seconds
[2026-08-20T00:05:09.292+0000] {processor.py:161} INFO - Started process (PID=924) to work on /opt/airflow/dags/flight-pipeline.py
[2026-08-20T00:05:09.295+0000] {processor.py:830} INFO - Processing file /opt/airflow/dags/flight-pipeline.py for tasks to queue
[2026-08-20T00:05:09.299+0000] {logging_mixin.py:188} INFO - [2026-08-20T00:05:09.298+0000] {dagbag.py:545} INFO - Filling up the DagBag from /opt/airflow/dags/flight-pipeline.py
[2026-08-20T00:05:10.188+0000] {processor.py:840} INFO - DAG(s) 'flights_ops_medallioin_pipe' retrieved from /opt/airflow/dags/flight-pipeline.py
[2026-08-20T00:05:10.234+0000] {logging_mixin.py:188} INFO - [2026-08-20T00:05:10.234+0000] {dag.py:3089} INFO - Sync 1 DAGs
[2026-08-20T00:05:10.272+0000] {logging_mixin.py:188} INFO - [2026-08-20T00:05:10.272+0000] {dag.py:3947} INFO - Setting next_dagrun for flights_ops_medallioin_pipe to 2026-08-20 00:00:00+00:00, run_after=2026-08-20 00:30:00+00:00
[2026-08-20T00:05:10.308+0000] {processor.py:183} INFO - Processing /opt/airflow/dags/flight-pipeline.py took 1.027 seconds
[2026-08-20T00:05:40.567+0000] {processor.py:161} INFO - Started process (PID=926) to work on /opt/airflow/dags/flight-pipeline.py
[2026-08-20T00:05:40.572+0000] {processor.py:830} INFO - Processing file /opt/airflow/dags/flight-pipeline.py for tasks to queue
[2026-08-20T00:05:40.577+0000] {logging_mixin.py:188} INFO - [2026-08-20T00:05:40.576+0000] {dagbag.py:545} INFO - Filling up the DagBag from /opt/airflow/dags/flight-pipeline.py
[2026-08-20T00:05:41.424+0000] {processor.py:840} INFO - DAG(s) 'flights_ops_medallioin_pipe' retrieved from /opt/airflow/dags/flight-pipeline.py
[2026-08-20T00:05:41.473+0000] {logging_mixin.py:188} INFO - [2026-08-20T00:05:41.472+0000] {dag.py:3089} INFO - Sync 1 DAGs
[2026-08-20T00:05:41.507+0000] {logging_mixin.py:188} INFO - [2026-08-20T00:05:41.507+0000] {dag.py:3947} INFO - Setting next_dagrun for flights_ops_medallioin_pipe to 2026-08-20 00:00:00+00:00, run_after=2026-08-20 00:30:00+00:00
[2026-08-20T00:05:41.542+0000] {processor.py:183} INFO - Processing /opt/airflow/dags/flight-pipeline.py took 0.987 seconds
[2026-08-20T00:06:11.911+0000] {processor.py:161} INFO - Started process (PID=928) to work on /opt/airflow/dags/flight-pipeline.py
[2026-08-20T00:06:11.914+0000] {processor.py:830} INFO - Processing file /opt/airflow/dags/flight-pipeline.py for tasks to queue
[2026-08-20T00:06:11.920+0000] {logging_mixin.py:188} INFO - [2026-08-20T00:06:11.920+0000] {dagbag.py:545} INFO - Filling up the DagBag from /opt/airflow/dags/flight-pipeline.py
[2026-08-20T00:06:12.759+0000] {processor.py:840} INFO - DAG(s) 'flights_ops_medallioin_pipe' retrieved from /opt/airflow/dags/flight-pipeline.py
[2026-08-20T00:06:12.804+0000] {logging_mixin.py:188} INFO - [2026-08-20T00:06:12.803+0000] {dag.py:3089} INFO - Sync 1 DAGs
[2026-08-20T00:06:12.838+0000] {logging_mixin.py:188} INFO - [2026-08-20T00:06:12.838+0000] {dag.py:3947} INFO - Setting next_dagrun for flights_ops_medallioin_pipe to 2026-08-20 00:00:00+00:00, run_after=2026-08-20 00:30:00+00:00
[2026-08-20T00:06:12.871+0000] {processor.py:183} INFO - Processing /opt/airflow/dags/flight-pipeline.py took 0.973 seconds
[2026-08-20T00:06:43.173+0000] {processor.py:161} INFO - Started process (PID=930) to work on /opt/airflow/dags/flight-pipeline.py
[2026-08-20T00:06:43.176+0000] {processor.py:830} INFO - Processing file /opt/airflow/dags/flight-pipeline.py for tasks to queue
[2026-08-20T00:06:43.182+0000] {logging_mixin.py:188} INFO - [2026-08-20T00:06:43.181+0000] {dagbag.py:545} INFO - Filling up the DagBag from /opt/airflow/dags/flight-pipeline.py
[2026-08-20T00:06:44.054+0000] {processor.py:840} INFO - DAG(s) 'flights_ops_medallioin_pipe' retrieved from /opt/airflow/dags/flight-pipeline.py
[2026-08-20T00:06:44.100+0000] {logging_mixin.py:188} INFO - [2026-08-20T00:06:44.100+0000] {dag.py:3089} INFO - Sync 1 DAGs
[2026-08-20T00:06:44.139+0000] {logging_mixin.py:188} INFO - [2026-08-20T00:06:44.138+0000] {dag.py:3947} INFO - Setting next_dagrun for flights_ops_medallioin_pipe to 2026-08-20 00:00:00+00:00, run_after=2026-08-20 00:30:00+00:00
[2026-08-20T00:06:44.175+0000] {processor.py:183} INFO - Processing /opt/airflow/dags/flight-pipeline.py took 1.014 seconds
[2026-08-20T00:07:14.490+0000] {processor.py:161} INFO - Started process (PID=932) to work on /opt/airflow/dags/flight-pipeline.py
[2026-08-20T00:07:14.493+0000] {processor.py:830} INFO - Processing file /opt/airflow/dags/flight-pipeline.py for tasks to queue
[2026-08-20T00:07:14.497+0000] {logging_mixin.py:188} INFO - [2026-08-20T00:07:14.497+0000] {dagbag.py:545} INFO - Filling up the DagBag from /opt/airflow/dags/flight-pipeline.py
[2026-08-20T00:07:15.390+0000] {processor.py:840} INFO - DAG(s) 'flights_ops_medallioin_pipe' retrieved from /opt/airflow/dags/flight-pipeline.py
[2026-08-20T00:07:15.443+0000] {logging_mixin.py:188} INFO - [2026-08-20T00:07:15.442+0000] {dag.py:3089} INFO - Sync 1 DAGs
[2026-08-20T00:07:15.485+0000] {logging_mixin.py:188} INFO - [2026-08-20T00:07:15.485+0000] {dag.py:3947} INFO - Setting next_dagrun for flights_ops_medallioin_pipe to 2026-08-20 00:00:00+00:00, run_after=2026-08-20 00:30:00+00:00
[2026-08-20T00:07:15.521+0000] {processor.py:183} INFO - Processing /opt/airflow/dags/flight-pipeline.py took 1.043 seconds
[2026-08-20T00:07:45.785+0000] {processor.py:161} INFO - Started process (PID=934) to work on /opt/airflow/dags/flight-pipeline.py
[2026-08-20T00:07:45.787+0000] {processor.py:830} INFO - Processing file /opt/airflow/dags/flight-pipeline.py for tasks to queue
[2026-08-20T00:07:45.792+0000] {logging_mixin.py:188} INFO - [2026-08-20T00:07:45.792+0000] {dagbag.py:545} INFO - Filling up the DagBag from /opt/airflow/dags/flight-pipeline.py
[2026-08-20T00:07:46.812+0000] {processor.py:840} INFO - DAG(s) 'flights_ops_medallioin_pipe' retrieved from /opt/airflow/dags/flight-pipeline.py
[2026-08-20T00:07:46.861+0000] {logging_mixin.py:188} INFO - [2026-08-20T00:07:46.861+0000] {dag.py:3089} INFO - Sync 1 DAGs
[2026-08-20T00:07:46.900+0000] {logging_mixin.py:188} INFO - [2026-08-20T00:07:46.900+0000] {dag.py:3947} INFO - Setting next_dagrun for flights_ops_medallioin_pipe to 2026-08-20 00:00:00+00:00, run_after=2026-08-20 00:30:00+00:00
[2026-08-20T00:07:46.939+0000] {processor.py:183} INFO - Processing /opt/airflow/dags/flight-pipeline.py took 1.166 seconds
[2026-08-20T00:08:17.089+0000] {processor.py:161} INFO - Started process (PID=936) to work on /opt/airflow/dags/flight-pipeline.py
[2026-08-20T00:08:17.092+0000] {processor.py:830} INFO - Processing file /opt/airflow/dags/flight-pipeline.py for tasks to queue
[2026-08-20T00:08:17.098+0000] {logging_mixin.py:188} INFO - [2026-08-20T00:08:17.097+0000] {dagbag.py:545} INFO - Filling up the DagBag from /opt/airflow/dags/flight-pipeline.py
[2026-08-20T00:08:18.197+0000] {processor.py:840} INFO - DAG(s) 'flights_ops_medallioin_pipe' retrieved from /opt/airflow/dags/flight-pipeline.py
[2026-08-20T00:08:18.247+0000] {logging_mixin.py:188} INFO - [2026-08-20T00:08:18.246+0000] {dag.py:3089} INFO - Sync 1 DAGs
[2026-08-20T00:08:18.286+0000] {logging_mixin.py:188} INFO - [2026-08-20T00:08:18.285+0000] {dag.py:3947} INFO - Setting next_dagrun for flights_ops_medallioin_pipe to 2026-08-20 00:00:00+00:00, run_after=2026-08-20 00:30:00+00:00
[2026-08-20T00:08:18.319+0000] {processor.py:183} INFO - Processing /opt/airflow/dags/flight-pipeline.py took 1.245 seconds
[2026-08-20T00:08:48.501+0000] {processor.py:161} INFO - Started process (PID=938) to work on /opt/airflow/dags/flight-pipeline.py
[2026-08-20T00:08:48.504+0000] {processor.py:830} INFO - Processing file /opt/airflow/dags/flight-pipeline.py for tasks to queue
[2026-08-20T00:08:48.509+0000] {logging_mixin.py:188} INFO - [2026-08-20T00:08:48.508+0000] {dagbag.py:545} INFO - Filling up the DagBag from /opt/airflow/dags/flight-pipeline.py
[2026-08-20T00:08:49.381+0000] {processor.py:840} INFO - DAG(s) 'flights_ops_medallioin_pipe' retrieved from /opt/airflow/dags/flight-pipeline.py
[2026-08-20T00:08:49.428+0000] {logging_mixin.py:188} INFO - [2026-08-20T00:08:49.427+0000] {dag.py:3089} INFO - Sync 1 DAGs
[2026-08-20T00:08:49.466+0000] {logging_mixin.py:188} INFO - [2026-08-20T00:08:49.466+0000] {dag.py:3947} INFO - Setting next_dagrun for flights_ops_medallioin_pipe to 2026-08-20 00:00:00+00:00, run_after=2026-08-20 00:30:00+00:00
[2026-08-20T00:08:49.503+0000] {processor.py:183} INFO - Processing /opt/airflow/dags/flight-pipeline.py took 1.013 seconds
[2026-08-20T00:09:19.790+0000] {processor.py:161} INFO - Started process (PID=940) to work on /opt/airflow/dags/flight-pipeline.py
[2026-08-20T00:09:19.793+0000] {processor.py:830} INFO - Processing file /opt/airflow/dags/flight-pipeline.py for tasks to queue
[2026-08-20T00:09:19.799+0000] {logging_mixin.py:188} INFO - [2026-08-20T00:09:19.798+0000] {dagbag.py:545} INFO - Filling up the DagBag from /opt/airflow/dags/flight-pipeline.py
[2026-08-20T00:09:20.801+0000] {processor.py:840} INFO - DAG(s) 'flights_ops_medallioin_pipe' retrieved from /opt/airflow/dags/flight-pipeline.py
[2026-08-20T00:09:20.848+0000] {logging_mixin.py:188} INFO - [2026-08-20T00:09:20.847+0000] {dag.py:3089} INFO - Sync 1 DAGs
[2026-08-20T00:09:20.888+0000] {logging_mixin.py:188} INFO - [2026-08-20T00:09:20.887+0000] {dag.py:3947} INFO - Setting next_dagrun for flights_ops_medallioin_pipe to 2026-08-20 00:00:00+00:00, run_after=2026-08-20 00:30:00+00:00
[2026-08-20T00:09:20.922+0000] {processor.py:183} INFO - Processing /opt/airflow/dags/flight-pipeline.py took 1.152 seconds
[2026-08-20T00:09:51.056+0000] {processor.py:161} INFO - Started process (PID=942) to work on /opt/airflow/dags/flight-pipeline.py
[2026-08-20T00:09:51.059+0000] {processor.py:830} INFO - Processing file /opt/airflow/dags/flight-pipeline.py for tasks to queue
[2026-08-20T00:09:51.064+0000] {logging_mixin.py:188} INFO - [2026-08-20T00:09:51.064+0000] {dagbag.py:545} INFO - Filling up the DagBag from /opt/airflow/dags/flight-pipeline.py
[2026-08-20T00:09:51.981+0000] {processor.py:840} INFO - DAG(s) 'flights_ops_medallioin_pipe' retrieved from /opt/airflow/dags/flight-pipeline.py
[2026-08-20T00:09:52.026+0000] {logging_mixin.py:188} INFO - [2026-08-20T00:09:52.025+0000] {dag.py:3089} INFO - Sync 1 DAGs
[2026-08-20T00:09:52.062+0000] {logging_mixin.py:188} INFO - [2026-08-20T00:09:52.062+0000] {dag.py:3947} INFO - Setting next_dagrun for flights_ops_medallioin_pipe to 2026-08-20 00:00:00+00:00, run_after=2026-08-20 00:30:00+00:00
[2026-08-20T00:09:52.097+0000] {processor.py:183} INFO - Processing /opt/airflow/dags/flight-pipeline.py took 1.055 seconds
[2026-08-20T00:10:22.321+0000] {processor.py:161} INFO - Started process (PID=944) to work on /opt/airflow/dags/flight-pipeline.py
[2026-08-20T00:10:22.325+0000] {processor.py:830} INFO - Processing file /opt/airflow/dags/flight-pipeline.py for tasks to queue
[2026-08-20T00:10:22.331+0000] {logging_mixin.py:188} INFO - [2026-08-20T00:10:22.330+0000] {dagbag.py:545} INFO - Filling up the DagBag from /opt/airflow/dags/flight-pipeline.py
[2026-08-20T00:10:23.185+0000] {processor.py:840} INFO - DAG(s) 'flights_ops_medallioin_pipe' retrieved from /opt/airflow/dags/flight-pipeline.py
[2026-08-20T00:10:23.233+0000] {logging_mixin.py:188} INFO - [2026-08-20T00:10:23.232+0000] {dag.py:3089} INFO - Sync 1 DAGs
[2026-08-20T00:10:23.275+0000] {logging_mixin.py:188} INFO - [2026-08-20T00:10:23.275+0000] {dag.py:3947} INFO - Setting next_dagrun for flights_ops_medallioin_pipe to 2026-08-20 00:00:00+00:00, run_after=2026-08-20 00:30:00+00:00
[2026-08-20T00:10:23.308+0000] {processor.py:183} INFO - Processing /opt/airflow/dags/flight-pipeline.py took 1.002 seconds
[2026-08-20T00:10:53.573+0000] {processor.py:161} INFO - Started process (PID=946) to work on /opt/airflow/dags/flight-pipeline.py
[2026-08-20T00:10:53.575+0000] {processor.py:830} INFO - Processing file /opt/airflow/dags/flight-pipeline.py for tasks to queue
[2026-08-20T00:10:53.580+0000] {logging_mixin.py:188} INFO - [2026-08-20T00:10:53.579+0000] {dagbag.py:545} INFO - Filling up the DagBag from /opt/airflow/dags/flight-pipeline.py
[2026-08-20T00:10:54.564+0000] {processor.py:840} INFO - DAG(s) 'flights_ops_medallioin_pipe' retrieved from /opt/airflow/dags/flight-pipeline.py
[2026-08-20T00:10:54.609+0000] {logging_mixin.py:188} INFO - [2026-08-20T00:10:54.608+0000] {dag.py:3089} INFO - Sync 1 DAGs
[2026-08-20T00:10:54.646+0000] {logging_mixin.py:188} INFO - [2026-08-20T00:10:54.646+0000] {dag.py:3947} INFO - Setting next_dagrun for flights_ops_medallioin_pipe to 2026-08-20 00:00:00+00:00, run_after=2026-08-20 00:30:00+00:00
[2026-08-20T00:10:54.680+0000] {processor.py:183} INFO - Processing /opt/airflow/dags/flight-pipeline.py took 1.118 seconds
[2026-08-20T00:11:24.846+0000] {processor.py:161} INFO - Started process (PID=948) to work on /opt/airflow/dags/flight-pipeline.py
[2026-08-20T00:11:24.849+0000] {processor.py:830} INFO - Processing file /opt/airflow/dags/flight-pipeline.py for tasks to queue
[2026-08-20T00:11:24.854+0000] {logging_mixin.py:188} INFO - [2026-08-20T00:11:24.854+0000] {dagbag.py:545} INFO - Filling up the DagBag from /opt/airflow/dags/flight-pipeline.py
[2026-08-20T00:11:25.900+0000] {processor.py:840} INFO - DAG(s) 'flights_ops_medallioin_pipe' retrieved from /opt/airflow/dags/flight-pipeline.py
[2026-08-20T00:11:25.952+0000] {logging_mixin.py:188} INFO - [2026-08-20T00:11:25.952+0000] {dag.py:3089} INFO - Sync 1 DAGs
[2026-08-20T00:11:25.993+0000] {logging_mixin.py:188} INFO - [2026-08-20T00:11:25.992+0000] {dag.py:3947} INFO - Setting next_dagrun for flights_ops_medallioin_pipe to 2026-08-20 00:00:00+00:00, run_after=2026-08-20 00:30:00+00:00
[2026-08-20T00:11:26.032+0000] {processor.py:183} INFO - Processing /opt/airflow/dags/flight-pipeline.py took 1.200 seconds
[2026-08-20T00:11:56.325+0000] {processor.py:161} INFO - Started process (PID=950) to work on /opt/airflow/dags/flight-pipeline.py
[2026-08-20T00:11:56.327+0000] {processor.py:830} INFO - Processing file /opt/airflow/dags/flight-pipeline.py for tasks to queue
[2026-08-20T00:11:56.334+0000] {logging_mixin.py:188} INFO - [2026-08-20T00:11:56.333+0000] {dagbag.py:545} INFO - Filling up the DagBag from /opt/airflow/dags/flight-pipeline.py
[2026-08-20T00:11:57.280+0000] {processor.py:840} INFO - DAG(s) 'flights_ops_medallioin_pipe' retrieved from /opt/airflow/dags/flight-pipeline.py
[2026-08-20T00:11:57.332+0000] {logging_mixin.py:188} INFO - [2026-08-20T00:11:57.331+0000] {dag.py:3089} INFO - Sync 1 DAGs
[2026-08-20T00:11:57.374+0000] {logging_mixin.py:188} INFO - [2026-08-20T00:11:57.373+0000] {dag.py:3947} INFO - Setting next_dagrun for flights_ops_medallioin_pipe to 2026-08-20 00:00:00+00:00, run_after=2026-08-20 00:30:00+00:00
[2026-08-20T00:11:57.412+0000] {processor.py:183} INFO - Processing /opt/airflow/dags/flight-pipeline.py took 1.100 seconds
[2026-08-20T00:12:27.608+0000] {processor.py:161} INFO - Started process (PID=952) to work on /opt/airflow/dags/flight-pipeline.py
[2026-08-20T00:12:27.611+0000] {processor.py:830} INFO - Processing file /opt/airflow/dags/flight-pipeline.py for tasks to queue
[2026-08-20T00:12:27.618+0000] {logging_mixin.py:188} INFO - [2026-08-20T00:12:27.617+0000] {dagbag.py:545} INFO - Filling up the DagBag from /opt/airflow/dags/flight-pipeline.py
[2026-08-20T00:12:28.689+0000] {processor.py:840} INFO - DAG(s) 'flights_ops_medallioin_pipe' retrieved from /opt/airflow/dags/flight-pipeline.py
[2026-08-20T00:12:28.735+0000] {logging_mixin.py:188} INFO - [2026-08-20T00:12:28.734+0000] {dag.py:3089} INFO - Sync 1 DAGs
[2026-08-20T00:12:28.770+0000] {logging_mixin.py:188} INFO - [2026-08-20T00:12:28.770+0000] {dag.py:3947} INFO - Setting next_dagrun for flights_ops_medallioin_pipe to 2026-08-20 00:00:00+00:00, run_after=2026-08-20 00:30:00+00:00
[2026-08-20T00:12:28.804+0000] {processor.py:183} INFO - Processing /opt/airflow/dags/flight-pipeline.py took 1.212 seconds
[2026-08-20T00:12:58.975+0000] {processor.py:161} INFO - Started process (PID=954) to work on /opt/airflow/dags/flight-pipeline.py
[2026-08-20T00:12:58.981+0000] {processor.py:830} INFO - Processing file /opt/airflow/dags/flight-pipeline.py for tasks to queue
[2026-08-20T00:12:58.999+0000] {logging_mixin.py:188} INFO - [2026-08-20T00:12:58.998+0000] {dagbag.py:545} INFO - Filling up the DagBag from /opt/airflow/dags/flight-pipeline.py
[2026-08-20T00:13:00.103+0000] {processor.py:840} INFO - DAG(s) 'flights_ops_medallioin_pipe' retrieved from /opt/airflow/dags/flight-pipeline.py
[2026-08-20T00:13:00.155+0000] {logging_mixin.py:188} INFO - [2026-08-20T00:13:00.154+0000] {dag.py:3089} INFO - Sync 1 DAGs
[2026-08-20T00:13:00.201+0000] {logging_mixin.py:188} INFO - [2026-08-20T00:13:00.201+0000] {dag.py:3947} INFO - Setting next_dagrun for flights_ops_medallioin_pipe to 2026-08-20 00:00:00+00:00, run_after=2026-08-20 00:30:00+00:00
[2026-08-20T00:13:00.240+0000] {processor.py:183} INFO - Processing /opt/airflow/dags/flight-pipeline.py took 1.277 seconds
[2026-08-20T00:13:30.443+0000] {processor.py:161} INFO - Started process (PID=956) to work on /opt/airflow/dags/flight-pipeline.py
[2026-08-20T00:13:30.447+0000] {processor.py:830} INFO - Processing file /opt/airflow/dags/flight-pipeline.py for tasks to queue
[2026-08-20T00:13:30.451+0000] {logging_mixin.py:188} INFO - [2026-08-20T00:13:30.450+0000] {dagbag.py:545} INFO - Filling up the DagBag from /opt/airflow/dags/flight-pipeline.py
[2026-08-20T00:13:31.457+0000] {processor.py:840} INFO - DAG(s) 'flights_ops_medallioin_pipe' retrieved from /opt/airflow/dags/flight-pipeline.py
[2026-08-20T00:13:31.502+0000] {logging_mixin.py:188} INFO - [2026-08-20T00:13:31.501+0000] {dag.py:3089} INFO - Sync 1 DAGs
[2026-08-20T00:13:31.540+0000] {logging_mixin.py:188} INFO - [2026-08-20T00:13:31.539+0000] {dag.py:3947} INFO - Setting next_dagrun for flights_ops_medallioin_pipe to 2026-08-20 00:00:00+00:00, run_after=2026-08-20 00:30:00+00:00
[2026-08-20T00:13:31.578+0000] {processor.py:183} INFO - Processing /opt/airflow/dags/flight-pipeline.py took 1.148 seconds
[2026-08-20T00:14:01.819+0000] {processor.py:161} INFO - Started process (PID=958) to work on /opt/airflow/dags/flight-pipeline.py
[2026-08-20T00:14:01.823+0000] {processor.py:830} INFO - Processing file /opt/airflow/dags/flight-pipeline.py for tasks to queue
[2026-08-20T00:14:01.830+0000] {logging_mixin.py:188} INFO - [2026-08-20T00:14:01.829+0000] {dagbag.py:545} INFO - Filling up the DagBag from /opt/airflow/dags/flight-pipeline.py
[2026-08-20T00:14:02.860+0000] {processor.py:840} INFO - DAG(s) 'flights_ops_medallioin_pipe' retrieved from /opt/airflow/dags/flight-pipeline.py
[2026-08-20T00:14:02.906+0000] {logging_mixin.py:188} INFO - [2026-08-20T00:14:02.906+0000] {dag.py:3089} INFO - Sync 1 DAGs
[2026-08-20T00:14:02.949+0000] {logging_mixin.py:188} INFO - [2026-08-20T00:14:02.948+0000] {dag.py:3947} INFO - Setting next_dagrun for flights_ops_medallioin_pipe to 2026-08-20 00:00:00+00:00, run_after=2026-08-20 00:30:00+00:00
[2026-08-20T00:14:02.988+0000] {processor.py:183} INFO - Processing /opt/airflow/dags/flight-pipeline.py took 1.181 seconds
[2026-08-20T00:14:33.179+0000] {processor.py:161} INFO - Started process (PID=960) to work on /opt/airflow/dags/flight-pipeline.py
[2026-08-20T00:14:33.182+0000] {processor.py:830} INFO - Processing file /opt/airflow/dags/flight-pipeline.py for tasks to queue
[2026-08-20T00:14:33.187+0000] {logging_mixin.py:188} INFO - [2026-08-20T00:14:33.187+0000] {dagbag.py:545} INFO - Filling up the DagBag from /opt/airflow/dags/flight-pipeline.py
[2026-08-20T00:14:34.124+0000] {processor.py:840} INFO - DAG(s) 'flights_ops_medallioin_pipe' retrieved from /opt/airflow/dags/flight-pipeline.py
[2026-08-20T00:14:34.175+0000] {logging_mixin.py:188} INFO - [2026-08-20T00:14:34.174+0000] {dag.py:3089} INFO - Sync 1 DAGs
[2026-08-20T00:14:34.216+0000] {logging_mixin.py:188} INFO - [2026-08-20T00:14:34.215+0000] {dag.py:3947} INFO - Setting next_dagrun for flights_ops_medallioin_pipe to 2026-08-20 00:00:00+00:00, run_after=2026-08-20 00:30:00+00:00
[2026-08-20T00:14:34.253+0000] {processor.py:183} INFO - Processing /opt/airflow/dags/flight-pipeline.py took 1.091 seconds
[2026-08-20T00:15:04.449+0000] {processor.py:161} INFO - Started process (PID=962) to work on /opt/airflow/dags/flight-pipeline.py
[2026-08-20T00:15:04.452+0000] {processor.py:830} INFO - Processing file /opt/airflow/dags/flight-pipeline.py for tasks to queue
[2026-08-20T00:15:04.457+0000] {logging_mixin.py:188} INFO - [2026-08-20T00:15:04.456+0000] {dagbag.py:545} INFO - Filling up the DagBag from /opt/airflow/dags/flight-pipeline.py
[2026-08-20T00:15:05.329+0000] {processor.py:840} INFO - DAG(s) 'flights_ops_medallioin_pipe' retrieved from /opt/airflow/dags/flight-pipeline.py
[2026-08-20T00:15:05.375+0000] {logging_mixin.py:188} INFO - [2026-08-20T00:15:05.374+0000] {dag.py:3089} INFO - Sync 1 DAGs
[2026-08-20T00:15:05.411+0000] {logging_mixin.py:188} INFO - [2026-08-20T00:15:05.410+0000] {dag.py:3947} INFO - Setting next_dagrun for flights_ops_medallioin_pipe to 2026-08-20 00:00:00+00:00, run_after=2026-08-20 00:30:00+00:00
[2026-08-20T00:15:05.445+0000] {processor.py:183} INFO - Processing /opt/airflow/dags/flight-pipeline.py took 1.009 seconds
[2026-08-20T00:15:35.707+0000] {processor.py:161} INFO - Started process (PID=964) to work on /opt/airflow/dags/flight-pipeline.py
[2026-08-20T00:15:35.710+0000] {processor.py:830} INFO - Processing file /opt/airflow/dags/flight-pipeline.py for tasks to queue
[2026-08-20T00:15:35.715+0000] {logging_mixin.py:188} INFO - [2026-08-20T00:15:35.714+0000] {dagbag.py:545} INFO - Filling up the DagBag from /opt/airflow/dags/flight-pipeline.py
[2026-08-20T00:15:36.586+0000] {processor.py:840} INFO - DAG(s) 'flights_ops_medallioin_pipe' retrieved from /opt/airflow/dags/flight-pipeline.py
[2026-08-20T00:15:36.637+0000] {logging_mixin.py:188} INFO - [2026-08-20T00:15:36.636+0000] {dag.py:3089} INFO - Sync 1 DAGs
[2026-08-20T00:15:36.672+0000] {logging_mixin.py:188} INFO - [2026-08-20T00:15:36.671+0000] {dag.py:3947} INFO - Setting next_dagrun for flights_ops_medallioin_pipe to 2026-08-20 00:00:00+00:00, run_after=2026-08-20 00:30:00+00:00
[2026-08-20T00:15:36.708+0000] {processor.py:183} INFO - Processing /opt/airflow/dags/flight-pipeline.py took 1.014 seconds
[2026-08-20T00:16:07.079+0000] {processor.py:161} INFO - Started process (PID=966) to work on /opt/airflow/dags/flight-pipeline.py
[2026-08-20T00:16:07.082+0000] {processor.py:830} INFO - Processing file /opt/airflow/dags/flight-pipeline.py for tasks to queue
[2026-08-20T00:16:07.087+0000] {logging_mixin.py:188} INFO - [2026-08-20T00:16:07.086+0000] {dagbag.py:545} INFO - Filling up the DagBag from /opt/airflow/dags/flight-pipeline.py
[2026-08-20T00:16:07.986+0000] {processor.py:840} INFO - DAG(s) 'flights_ops_medallioin_pipe' retrieved from /opt/airflow/dags/flight-pipeline.py
[2026-08-20T00:16:08.054+0000] {logging_mixin.py:188} INFO - [2026-08-20T00:16:08.053+0000] {dag.py:3089} INFO - Sync 1 DAGs
[2026-08-20T00:16:08.108+0000] {logging_mixin.py:188} INFO - [2026-08-20T00:16:08.108+0000] {dag.py:3947} INFO - Setting next_dagrun for flights_ops_medallioin_pipe to 2026-08-20 00:00:00+00:00, run_after=2026-08-20 00:30:00+00:00
[2026-08-20T00:16:08.144+0000] {processor.py:183} INFO - Processing /opt/airflow/dags/flight-pipeline.py took 1.079 seconds
[2026-08-20T00:16:38.393+0000] {processor.py:161} INFO - Started process (PID=968) to work on /opt/airflow/dags/flight-pipeline.py
[2026-08-20T00:16:38.404+0000] {processor.py:830} INFO - Processing file /opt/airflow/dags/flight-pipeline.py for tasks to queue
[2026-08-20T00:16:38.420+0000] {logging_mixin.py:188} INFO - [2026-08-20T00:16:38.418+0000] {dagbag.py:545} INFO - Filling up the DagBag from /opt/airflow/dags/flight-pipeline.py
[2026-08-20T00:16:39.733+0000] {processor.py:840} INFO - DAG(s) 'flights_ops_medallioin_pipe' retrieved from /opt/airflow/dags/flight-pipeline.py
[2026-08-20T00:16:39.786+0000] {logging_mixin.py:188} INFO - [2026-08-20T00:16:39.785+0000] {dag.py:3089} INFO - Sync 1 DAGs
[2026-08-20T00:16:39.829+0000] {logging_mixin.py:188} INFO - [2026-08-20T00:16:39.829+0000] {dag.py:3947} INFO - Setting next_dagrun for flights_ops_medallioin_pipe to 2026-08-20 00:00:00+00:00, run_after=2026-08-20 00:30:00+00:00
[2026-08-20T00:16:39.866+0000] {processor.py:183} INFO - Processing /opt/airflow/dags/flight-pipeline.py took 1.500 seconds
[2026-08-20T00:17:10.204+0000] {processor.py:161} INFO - Started process (PID=970) to work on /opt/airflow/dags/flight-pipeline.py
[2026-08-20T00:17:10.207+0000] {processor.py:830} INFO - Processing file /opt/airflow/dags/flight-pipeline.py for tasks to queue
[2026-08-20T00:17:10.213+0000] {logging_mixin.py:188} INFO - [2026-08-20T00:17:10.212+0000] {dagbag.py:545} INFO - Filling up the DagBag from /opt/airflow/dags/flight-pipeline.py
[2026-08-20T00:17:11.140+0000] {processor.py:840} INFO - DAG(s) 'flights_ops_medallioin_pipe' retrieved from /opt/airflow/dags/flight-pipeline.py
[2026-08-20T00:17:11.188+0000] {logging_mixin.py:188} INFO - [2026-08-20T00:17:11.187+0000] {dag.py:3089} INFO - Sync 1 DAGs
[2026-08-20T00:17:11.225+0000] {logging_mixin.py:188} INFO - [2026-08-20T00:17:11.225+0000] {dag.py:3947} INFO - Setting next_dagrun for flights_ops_medallioin_pipe to 2026-08-20 00:00:00+00:00, run_after=2026-08-20 00:30:00+00:00
[2026-08-20T00:17:11.261+0000] {processor.py:183} INFO - Processing /opt/airflow/dags/flight-pipeline.py took 1.069 seconds
[2026-08-20T00:17:41.469+0000] {processor.py:161} INFO - Started process (PID=972) to work on /opt/airflow/dags/flight-pipeline.py
[2026-08-20T00:17:41.472+0000] {processor.py:830} INFO - Processing file /opt/airflow/dags/flight-pipeline.py for tasks to queue
[2026-08-20T00:17:41.478+0000] {logging_mixin.py:188} INFO - [2026-08-20T00:17:41.477+0000] {dagbag.py:545} INFO - Filling up the DagBag from /opt/airflow/dags/flight-pipeline.py
[2026-08-20T00:17:42.410+0000] {processor.py:840} INFO - DAG(s) 'flights_ops_medallioin_pipe' retrieved from /opt/airflow/dags/flight-pipeline.py
[2026-08-20T00:17:42.459+0000] {logging_mixin.py:188} INFO - [2026-08-20T00:17:42.458+0000] {dag.py:3089} INFO - Sync 1 DAGs
[2026-08-20T00:17:42.498+0000] {logging_mixin.py:188} INFO - [2026-08-20T00:17:42.498+0000] {dag.py:3947} INFO - Setting next_dagrun for flights_ops_medallioin_pipe to 2026-08-20 00:00:00+00:00, run_after=2026-08-20 00:30:00+00:00
[2026-08-20T00:17:42.534+0000] {processor.py:183} INFO - Processing /opt/airflow/dags/flight-pipeline.py took 1.079 seconds
[2026-08-20T00:18:12.914+0000] {processor.py:161} INFO - Started process (PID=974) to work on /opt/airflow/dags/flight-pipeline.py
[2026-08-20T00:18:12.917+0000] {processor.py:830} INFO - Processing file /opt/airflow/dags/flight-pipeline.py for tasks to queue
[2026-08-20T00:18:12.924+0000] {logging_mixin.py:188} INFO - [2026-08-20T00:18:12.923+0000] {dagbag.py:545} INFO - Filling up the DagBag from /opt/airflow/dags/flight-pipeline.py
[2026-08-20T00:18:13.941+0000] {processor.py:840} INFO - DAG(s) 'flights_ops_medallioin_pipe' retrieved from /opt/airflow/dags/flight-pipeline.py
[2026-08-20T00:18:13.998+0000] {logging_mixin.py:188} INFO - [2026-08-20T00:18:13.997+0000] {dag.py:3089} INFO - Sync 1 DAGs
[2026-08-20T00:18:14.041+0000] {logging_mixin.py:188} INFO - [2026-08-20T00:18:14.040+0000] {dag.py:3947} INFO - Setting next_dagrun for flights_ops_medallioin_pipe to 2026-08-20 00:00:00+00:00, run_after=2026-08-20 00:30:00+00:00
[2026-08-20T00:18:14.079+0000] {processor.py:183} INFO - Processing /opt/airflow/dags/flight-pipeline.py took 1.181 seconds
[2026-08-20T00:18:44.234+0000] {processor.py:161} INFO - Started process (PID=976) to work on /opt/airflow/dags/flight-pipeline.py
[2026-08-20T00:18:44.237+0000] {processor.py:830} INFO - Processing file /opt/airflow/dags/flight-pipeline.py for tasks to queue
[2026-08-20T00:18:44.244+0000] {logging_mixin.py:188} INFO - [2026-08-20T00:18:44.244+0000] {dagbag.py:545} INFO - Filling up the DagBag from /opt/airflow/dags/flight-pipeline.py
[2026-08-20T00:18:45.172+0000] {processor.py:840} INFO - DAG(s) 'flights_ops_medallioin_pipe' retrieved from /opt/airflow/dags/flight-pipeline.py
[2026-08-20T00:18:45.230+0000] {logging_mixin.py:188} INFO - [2026-08-20T00:18:45.229+0000] {dag.py:3089} INFO - Sync 1 DAGs
[2026-08-20T00:18:45.273+0000] {logging_mixin.py:188} INFO - [2026-08-20T00:18:45.272+0000] {dag.py:3947} INFO - Setting next_dagrun for flights_ops_medallioin_pipe to 2026-08-20 00:00:00+00:00, run_after=2026-08-20 00:30:00+00:00
[2026-08-20T00:18:45.316+0000] {processor.py:183} INFO - Processing /opt/airflow/dags/flight-pipeline.py took 1.097 seconds
[2026-08-20T00:19:15.522+0000] {processor.py:161} INFO - Started process (PID=978) to work on /opt/airflow/dags/flight-pipeline.py
[2026-08-20T00:19:15.525+0000] {processor.py:830} INFO - Processing file /opt/airflow/dags/flight-pipeline.py for tasks to queue
[2026-08-20T00:19:15.530+0000] {logging_mixin.py:188} INFO - [2026-08-20T00:19:15.529+0000] {dagbag.py:545} INFO - Filling up the DagBag from /opt/airflow/dags/flight-pipeline.py
[2026-08-20T00:19:16.535+0000] {processor.py:840} INFO - DAG(s) 'flights_ops_medallioin_pipe' retrieved from /opt/airflow/dags/flight-pipeline.py
[2026-08-20T00:19:16.583+0000] {logging_mixin.py:188} INFO - [2026-08-20T00:19:16.583+0000] {dag.py:3089} INFO - Sync 1 DAGs
[2026-08-20T00:19:16.624+0000] {logging_mixin.py:188} INFO - [2026-08-20T00:19:16.624+0000] {dag.py:3947} INFO - Setting next_dagrun for flights_ops_medallioin_pipe to 2026-08-20 00:00:00+00:00, run_after=2026-08-20 00:30:00+00:00
[2026-08-20T00:19:16.669+0000] {processor.py:183} INFO - Processing /opt/airflow/dags/flight-pipeline.py took 1.159 seconds
[2026-08-20T00:19:46.852+0000] {processor.py:161} INFO - Started process (PID=980) to work on /opt/airflow/dags/flight-pipeline.py
[2026-08-20T00:19:46.855+0000] {processor.py:830} INFO - Processing file /opt/airflow/dags/flight-pipeline.py for tasks to queue
[2026-08-20T00:19:46.860+0000] {logging_mixin.py:188} INFO - [2026-08-20T00:19:46.859+0000] {dagbag.py:545} INFO - Filling up the DagBag from /opt/airflow/dags/flight-pipeline.py
[2026-08-20T00:19:47.953+0000] {processor.py:840} INFO - DAG(s) 'flights_ops_medallioin_pipe' retrieved from /opt/airflow/dags/flight-pipeline.py
[2026-08-20T00:19:48.000+0000] {logging_mixin.py:188} INFO - [2026-08-20T00:19:47.999+0000] {dag.py:3089} INFO - Sync 1 DAGs
[2026-08-20T00:19:48.042+0000] {logging_mixin.py:188} INFO - [2026-08-20T00:19:48.042+0000] {dag.py:3947} INFO - Setting next_dagrun for flights_ops_medallioin_pipe to 2026-08-20 00:00:00+00:00, run_after=2026-08-20 00:30:00+00:00
[2026-08-20T00:19:48.099+0000] {processor.py:183} INFO - Processing /opt/airflow/dags/flight-pipeline.py took 1.260 seconds
[2026-08-20T00:20:18.292+0000] {processor.py:161} INFO - Started process (PID=982) to work on /opt/airflow/dags/flight-pipeline.py
[2026-08-20T00:20:18.297+0000] {processor.py:830} INFO - Processing file /opt/airflow/dags/flight-pipeline.py for tasks to queue
[2026-08-20T00:20:18.305+0000] {logging_mixin.py:188} INFO - [2026-08-20T00:20:18.304+0000] {dagbag.py:545} INFO - Filling up the DagBag from /opt/airflow/dags/flight-pipeline.py
[2026-08-20T00:20:19.307+0000] {processor.py:840} INFO - DAG(s) 'flights_ops_medallioin_pipe' retrieved from /opt/airflow/dags/flight-pipeline.py
[2026-08-20T00:20:19.359+0000] {logging_mixin.py:188} INFO - [2026-08-20T00:20:19.358+0000] {dag.py:3089} INFO - Sync 1 DAGs
[2026-08-20T00:20:19.396+0000] {logging_mixin.py:188} INFO - [2026-08-20T00:20:19.396+0000] {dag.py:3947} INFO - Setting next_dagrun for flights_ops_medallioin_pipe to 2026-08-20 00:00:00+00:00, run_after=2026-08-20 00:30:00+00:00
[2026-08-20T00:20:19.431+0000] {processor.py:183} INFO - Processing /opt/airflow/dags/flight-pipeline.py took 1.178 seconds
[2026-08-20T00:20:49.667+0000] {processor.py:161} INFO - Started process (PID=984) to work on /opt/airflow/dags/flight-pipeline.py
[2026-08-20T00:20:49.670+0000] {processor.py:830} INFO - Processing file /opt/airflow/dags/flight-pipeline.py for tasks to queue
[2026-08-20T00:20:49.674+0000] {logging_mixin.py:188} INFO - [2026-08-20T00:20:49.674+0000] {dagbag.py:545} INFO - Filling up the DagBag from /opt/airflow/dags/flight-pipeline.py
[2026-08-20T00:20:50.547+0000] {processor.py:840} INFO - DAG(s) 'flights_ops_medallioin_pipe' retrieved from /opt/airflow/dags/flight-pipeline.py
[2026-08-20T00:20:50.595+0000] {logging_mixin.py:188} INFO - [2026-08-20T00:20:50.594+0000] {dag.py:3089} INFO - Sync 1 DAGs
[2026-08-20T00:20:50.629+0000] {logging_mixin.py:188} INFO - [2026-08-20T00:20:50.629+0000] {dag.py:3947} INFO - Setting next_dagrun for flights_ops_medallioin_pipe to 2026-08-20 00:00:00+00:00, run_after=2026-08-20 00:30:00+00:00
[2026-08-20T00:20:50.665+0000] {processor.py:183} INFO - Processing /opt/airflow/dags/flight-pipeline.py took 1.010 seconds
[2026-08-20T00:21:21.045+0000] {processor.py:161} INFO - Started process (PID=986) to work on /opt/airflow/dags/flight-pipeline.py
[2026-08-20T00:21:21.048+0000] {processor.py:830} INFO - Processing file /opt/airflow/dags/flight-pipeline.py for tasks to queue
[2026-08-20T00:21:21.054+0000] {logging_mixin.py:188} INFO - [2026-08-20T00:21:21.053+0000] {dagbag.py:545} INFO - Filling up the DagBag from /opt/airflow/dags/flight-pipeline.py
[2026-08-20T00:21:21.900+0000] {processor.py:840} INFO - DAG(s) 'flights_ops_medallioin_pipe' retrieved from /opt/airflow/dags/flight-pipeline.py
[2026-08-20T00:21:21.945+0000] {logging_mixin.py:188} INFO - [2026-08-20T00:21:21.944+0000] {dag.py:3089} INFO - Sync 1 DAGs
[2026-08-20T00:21:21.980+0000] {logging_mixin.py:188} INFO - [2026-08-20T00:21:21.980+0000] {dag.py:3947} INFO - Setting next_dagrun for flights_ops_medallioin_pipe to 2026-08-20 00:00:00+00:00, run_after=2026-08-20 00:30:00+00:00
[2026-08-20T00:21:22.015+0000] {processor.py:183} INFO - Processing /opt/airflow/dags/flight-pipeline.py took 0.981 seconds
[2026-08-20T00:21:52.323+0000] {processor.py:161} INFO - Started process (PID=988) to work on /opt/airflow/dags/flight-pipeline.py
[2026-08-20T00:21:52.326+0000] {processor.py:830} INFO - Processing file /opt/airflow/dags/flight-pipeline.py for tasks to queue
[2026-08-20T00:21:52.331+0000] {logging_mixin.py:188} INFO - [2026-08-20T00:21:52.330+0000] {dagbag.py:545} INFO - Filling up the DagBag from /opt/airflow/dags/flight-pipeline.py
[2026-08-20T00:21:53.163+0000] {processor.py:840} INFO - DAG(s) 'flights_ops_medallioin_pipe' retrieved from /opt/airflow/dags/flight-pipeline.py
[2026-08-20T00:21:53.209+0000] {logging_mixin.py:188} INFO - [2026-08-20T00:21:53.208+0000] {dag.py:3089} INFO - Sync 1 DAGs
[2026-08-20T00:21:53.245+0000] {logging_mixin.py:188} INFO - [2026-08-20T00:21:53.244+0000] {dag.py:3947} INFO - Setting next_dagrun for flights_ops_medallioin_pipe to 2026-08-20 00:00:00+00:00, run_after=2026-08-20 00:30:00+00:00
[2026-08-20T00:21:53.282+0000] {processor.py:183} INFO - Processing /opt/airflow/dags/flight-pipeline.py took 0.972 seconds
[2026-08-20T00:22:23.608+0000] {processor.py:161} INFO - Started process (PID=990) to work on /opt/airflow/dags/flight-pipeline.py
[2026-08-20T00:22:23.611+0000] {processor.py:830} INFO - Processing file /opt/airflow/dags/flight-pipeline.py for tasks to queue
[2026-08-20T00:22:23.615+0000] {logging_mixin.py:188} INFO - [2026-08-20T00:22:23.615+0000] {dagbag.py:545} INFO - Filling up the DagBag from /opt/airflow/dags/flight-pipeline.py
[2026-08-20T00:22:24.623+0000] {processor.py:840} INFO - DAG(s) 'flights_ops_medallioin_pipe' retrieved from /opt/airflow/dags/flight-pipeline.py
[2026-08-20T00:22:24.673+0000] {logging_mixin.py:188} INFO - [2026-08-20T00:22:24.673+0000] {dag.py:3089} INFO - Sync 1 DAGs
[2026-08-20T00:22:24.713+0000] {logging_mixin.py:188} INFO - [2026-08-20T00:22:24.713+0000] {dag.py:3947} INFO - Setting next_dagrun for flights_ops_medallioin_pipe to 2026-08-20 00:00:00+00:00, run_after=2026-08-20 00:30:00+00:00
[2026-08-20T00:22:24.749+0000] {processor.py:183} INFO - Processing /opt/airflow/dags/flight-pipeline.py took 1.155 seconds
[2026-08-20T00:22:54.894+0000] {processor.py:161} INFO - Started process (PID=992) to work on /opt/airflow/dags/flight-pipeline.py
[2026-08-20T00:22:54.897+0000] {processor.py:830} INFO - Processing file /opt/airflow/dags/flight-pipeline.py for tasks to queue
[2026-08-20T00:22:54.903+0000] {logging_mixin.py:188} INFO - [2026-08-20T00:22:54.901+0000] {dagbag.py:545} INFO - Filling up the DagBag from /opt/airflow/dags/flight-pipeline.py
[2026-08-20T00:22:55.787+0000] {processor.py:840} INFO - DAG(s) 'flights_ops_medallioin_pipe' retrieved from /opt/airflow/dags/flight-pipeline.py
[2026-08-20T00:22:55.837+0000] {logging_mixin.py:188} INFO - [2026-08-20T00:22:55.836+0000] {dag.py:3089} INFO - Sync 1 DAGs
[2026-08-20T00:22:55.873+0000] {logging_mixin.py:188} INFO - [2026-08-20T00:22:55.873+0000] {dag.py:3947} INFO - Setting next_dagrun for flights_ops_medallioin_pipe to 2026-08-20 00:00:00+00:00, run_after=2026-08-20 00:30:00+00:00
[2026-08-20T00:22:55.906+0000] {processor.py:183} INFO - Processing /opt/airflow/dags/flight-pipeline.py took 1.024 seconds
[2026-08-20T00:23:26.172+0000] {processor.py:161} INFO - Started process (PID=994) to work on /opt/airflow/dags/flight-pipeline.py
[2026-08-20T00:23:26.175+0000] {processor.py:830} INFO - Processing file /opt/airflow/dags/flight-pipeline.py for tasks to queue
[2026-08-20T00:23:26.180+0000] {logging_mixin.py:188} INFO - [2026-08-20T00:23:26.180+0000] {dagbag.py:545} INFO - Filling up the DagBag from /opt/airflow/dags/flight-pipeline.py
[2026-08-20T00:23:27.058+0000] {processor.py:840} INFO - DAG(s) 'flights_ops_medallioin_pipe' retrieved from /opt/airflow/dags/flight-pipeline.py
[2026-08-20T00:23:27.107+0000] {logging_mixin.py:188} INFO - [2026-08-20T00:23:27.107+0000] {dag.py:3089} INFO - Sync 1 DAGs
[2026-08-20T00:23:27.145+0000] {logging_mixin.py:188} INFO - [2026-08-20T00:23:27.145+0000] {dag.py:3947} INFO - Setting next_dagrun for flights_ops_medallioin_pipe to 2026-08-20 00:00:00+00:00, run_after=2026-08-20 00:30:00+00:00
[2026-08-20T00:23:27.178+0000] {processor.py:183} INFO - Processing /opt/airflow/dags/flight-pipeline.py took 1.017 seconds
[2026-08-20T00:23:57.454+0000] {processor.py:161} INFO - Started process (PID=996) to work on /opt/airflow/dags/flight-pipeline.py
[2026-08-20T00:23:57.457+0000] {processor.py:830} INFO - Processing file /opt/airflow/dags/flight-pipeline.py for tasks to queue
[2026-08-20T00:23:57.463+0000] {logging_mixin.py:188} INFO - [2026-08-20T00:23:57.462+0000] {dagbag.py:545} INFO - Filling up the DagBag from /opt/airflow/dags/flight-pipeline.py
[2026-08-20T00:23:58.428+0000] {processor.py:840} INFO - DAG(s) 'flights_ops_medallioin_pipe' retrieved from /opt/airflow/dags/flight-pipeline.py
[2026-08-20T00:23:58.479+0000] {logging_mixin.py:188} INFO - [2026-08-20T00:23:58.478+0000] {dag.py:3089} INFO - Sync 1 DAGs
[2026-08-20T00:23:58.516+0000] {logging_mixin.py:188} INFO - [2026-08-20T00:23:58.515+0000] {dag.py:3947} INFO - Setting next_dagrun for flights_ops_medallioin_pipe to 2026-08-20 00:00:00+00:00, run_after=2026-08-20 00:30:00+00:00
[2026-08-20T00:23:58.552+0000] {processor.py:183} INFO - Processing /opt/airflow/dags/flight-pipeline.py took 1.109 seconds
[2026-08-20T00:24:28.764+0000] {processor.py:161} INFO - Started process (PID=998) to work on /opt/airflow/dags/flight-pipeline.py
[2026-08-20T00:24:28.767+0000] {processor.py:830} INFO - Processing file /opt/airflow/dags/flight-pipeline.py for tasks to queue
[2026-08-20T00:24:28.774+0000] {logging_mixin.py:188} INFO - [2026-08-20T00:24:28.774+0000] {dagbag.py:545} INFO - Filling up the DagBag from /opt/airflow/dags/flight-pipeline.py
[2026-08-20T00:24:29.616+0000] {processor.py:840} INFO - DAG(s) 'flights_ops_medallioin_pipe' retrieved from /opt/airflow/dags/flight-pipeline.py
[2026-08-20T00:24:29.659+0000] {logging_mixin.py:188} INFO - [2026-08-20T00:24:29.658+0000] {dag.py:3089} INFO - Sync 1 DAGs
[2026-08-20T00:24:29.693+0000] {logging_mixin.py:188} INFO - [2026-08-20T00:24:29.693+0000] {dag.py:3947} INFO - Setting next_dagrun for flights_ops_medallioin_pipe to 2026-08-20 00:00:00+00:00, run_after=2026-08-20 00:30:00+00:00
[2026-08-20T00:24:29.728+0000] {processor.py:183} INFO - Processing /opt/airflow/dags/flight-pipeline.py took 0.982 seconds
[2026-08-20T00:25:00.044+0000] {processor.py:161} INFO - Started process (PID=1000) to work on /opt/airflow/dags/flight-pipeline.py
[2026-08-20T00:25:00.047+0000] {processor.py:830} INFO - Processing file /opt/airflow/dags/flight-pipeline.py for tasks to queue
[2026-08-20T00:25:00.052+0000] {logging_mixin.py:188} INFO - [2026-08-20T00:25:00.051+0000] {dagbag.py:545} INFO - Filling up the DagBag from /opt/airflow/dags/flight-pipeline.py
[2026-08-20T00:25:01.028+0000] {processor.py:840} INFO - DAG(s) 'flights_ops_medallioin_pipe' retrieved from /opt/airflow/dags/flight-pipeline.py
[2026-08-20T00:25:01.076+0000] {logging_mixin.py:188} INFO - [2026-08-20T00:25:01.076+0000] {dag.py:3089} INFO - Sync 1 DAGs
[2026-08-20T00:25:01.115+0000] {logging_mixin.py:188} INFO - [2026-08-20T00:25:01.115+0000] {dag.py:3947} INFO - Setting next_dagrun for flights_ops_medallioin_pipe to 2026-08-20 00:00:00+00:00, run_after=2026-08-20 00:30:00+00:00
[2026-08-20T00:25:01.150+0000] {processor.py:183} INFO - Processing /opt/airflow/dags/flight-pipeline.py took 1.121 seconds
[2026-08-20T00:25:31.332+0000] {processor.py:161} INFO - Started process (PID=1002) to work on /opt/airflow/dags/flight-pipeline.py
[2026-08-20T00:25:31.335+0000] {processor.py:830} INFO - Processing file /opt/airflow/dags/flight-pipeline.py for tasks to queue
[2026-08-20T00:25:31.340+0000] {logging_mixin.py:188} INFO - [2026-08-20T00:25:31.339+0000] {dagbag.py:545} INFO - Filling up the DagBag from /opt/airflow/dags/flight-pipeline.py
[2026-08-20T00:25:32.270+0000] {processor.py:840} INFO - DAG(s) 'flights_ops_medallioin_pipe' retrieved from /opt/airflow/dags/flight-pipeline.py
[2026-08-20T00:25:32.318+0000] {logging_mixin.py:188} INFO - [2026-08-20T00:25:32.317+0000] {dag.py:3089} INFO - Sync 1 DAGs
[2026-08-20T00:25:32.357+0000] {logging_mixin.py:188} INFO - [2026-08-20T00:25:32.357+0000] {dag.py:3947} INFO - Setting next_dagrun for flights_ops_medallioin_pipe to 2026-08-20 00:00:00+00:00, run_after=2026-08-20 00:30:00+00:00
[2026-08-20T00:25:32.392+0000] {processor.py:183} INFO - Processing /opt/airflow/dags/flight-pipeline.py took 1.074 seconds
[2026-08-20T00:26:02.671+0000] {processor.py:161} INFO - Started process (PID=1004) to work on /opt/airflow/dags/flight-pipeline.py
[2026-08-20T00:26:02.674+0000] {processor.py:830} INFO - Processing file /opt/airflow/dags/flight-pipeline.py for tasks to queue
[2026-08-20T00:26:02.679+0000] {logging_mixin.py:188} INFO - [2026-08-20T00:26:02.678+0000] {dagbag.py:545} INFO - Filling up the DagBag from /opt/airflow/dags/flight-pipeline.py
[2026-08-20T00:26:03.569+0000] {processor.py:840} INFO - DAG(s) 'flights_ops_medallioin_pipe' retrieved from /opt/airflow/dags/flight-pipeline.py
[2026-08-20T00:26:03.616+0000] {logging_mixin.py:188} INFO - [2026-08-20T00:26:03.616+0000] {dag.py:3089} INFO - Sync 1 DAGs
[2026-08-20T00:26:03.654+0000] {logging_mixin.py:188} INFO - [2026-08-20T00:26:03.654+0000] {dag.py:3947} INFO - Setting next_dagrun for flights_ops_medallioin_pipe to 2026-08-20 00:00:00+00:00, run_after=2026-08-20 00:30:00+00:00
[2026-08-20T00:26:03.696+0000] {processor.py:183} INFO - Processing /opt/airflow/dags/flight-pipeline.py took 1.037 seconds
[2026-08-20T00:26:34.138+0000] {processor.py:161} INFO - Started process (PID=1006) to work on /opt/airflow/dags/flight-pipeline.py
[2026-08-20T00:26:34.142+0000] {processor.py:830} INFO - Processing file /opt/airflow/dags/flight-pipeline.py for tasks to queue
[2026-08-20T00:26:34.147+0000] {logging_mixin.py:188} INFO - [2026-08-20T00:26:34.146+0000] {dagbag.py:545} INFO - Filling up the DagBag from /opt/airflow/dags/flight-pipeline.py
[2026-08-20T00:26:35.545+0000] {processor.py:840} INFO - DAG(s) 'flights_ops_medallioin_pipe' retrieved from /opt/airflow/dags/flight-pipeline.py
[2026-08-20T00:26:35.610+0000] {logging_mixin.py:188} INFO - [2026-08-20T00:26:35.609+0000] {dag.py:3089} INFO - Sync 1 DAGs
[2026-08-20T00:26:35.662+0000] {logging_mixin.py:188} INFO - [2026-08-20T00:26:35.662+0000] {dag.py:3947} INFO - Setting next_dagrun for flights_ops_medallioin_pipe to 2026-08-20 00:00:00+00:00, run_after=2026-08-20 00:30:00+00:00
[2026-08-20T00:26:35.710+0000] {processor.py:183} INFO - Processing /opt/airflow/dags/flight-pipeline.py took 1.593 seconds
[2026-08-20T00:27:06.124+0000] {processor.py:161} INFO - Started process (PID=1008) to work on /opt/airflow/dags/flight-pipeline.py
[2026-08-20T00:27:06.136+0000] {processor.py:830} INFO - Processing file /opt/airflow/dags/flight-pipeline.py for tasks to queue
[2026-08-20T00:27:06.208+0000] {logging_mixin.py:188} INFO - [2026-08-20T00:27:06.207+0000] {dagbag.py:545} INFO - Filling up the DagBag from /opt/airflow/dags/flight-pipeline.py
[2026-08-20T00:27:08.961+0000] {processor.py:840} INFO - DAG(s) 'flights_ops_medallioin_pipe' retrieved from /opt/airflow/dags/flight-pipeline.py
[2026-08-20T00:27:09.027+0000] {logging_mixin.py:188} INFO - [2026-08-20T00:27:09.026+0000] {dag.py:3089} INFO - Sync 1 DAGs
[2026-08-20T00:27:09.073+0000] {logging_mixin.py:188} INFO - [2026-08-20T00:27:09.073+0000] {dag.py:3947} INFO - Setting next_dagrun for flights_ops_medallioin_pipe to 2026-08-20 00:00:00+00:00, run_after=2026-08-20 00:30:00+00:00
[2026-08-20T00:27:09.118+0000] {processor.py:183} INFO - Processing /opt/airflow/dags/flight-pipeline.py took 3.029 seconds
[2026-08-20T00:27:39.484+0000] {processor.py:161} INFO - Started process (PID=1010) to work on /opt/airflow/dags/flight-pipeline.py
[2026-08-20T00:27:39.487+0000] {processor.py:830} INFO - Processing file /opt/airflow/dags/flight-pipeline.py for tasks to queue
[2026-08-20T00:27:39.492+0000] {logging_mixin.py:188} INFO - [2026-08-20T00:27:39.492+0000] {dagbag.py:545} INFO - Filling up the DagBag from /opt/airflow/dags/flight-pipeline.py
[2026-08-20T00:27:40.343+0000] {processor.py:840} INFO - DAG(s) 'flights_ops_medallioin_pipe' retrieved from /opt/airflow/dags/flight-pipeline.py
[2026-08-20T00:27:40.389+0000] {logging_mixin.py:188} INFO - [2026-08-20T00:27:40.389+0000] {dag.py:3089} INFO - Sync 1 DAGs
[2026-08-20T00:27:40.426+0000] {logging_mixin.py:188} INFO - [2026-08-20T00:27:40.426+0000] {dag.py:3947} INFO - Setting next_dagrun for flights_ops_medallioin_pipe to 2026-08-20 00:00:00+00:00, run_after=2026-08-20 00:30:00+00:00
[2026-08-20T00:27:40.462+0000] {processor.py:183} INFO - Processing /opt/airflow/dags/flight-pipeline.py took 0.992 seconds
[2026-08-20T00:28:10.741+0000] {processor.py:161} INFO - Started process (PID=1012) to work on /opt/airflow/dags/flight-pipeline.py
[2026-08-20T00:28:10.744+0000] {processor.py:830} INFO - Processing file /opt/airflow/dags/flight-pipeline.py for tasks to queue
[2026-08-20T00:28:10.748+0000] {logging_mixin.py:188} INFO - [2026-08-20T00:28:10.748+0000] {dagbag.py:545} INFO - Filling up the DagBag from /opt/airflow/dags/flight-pipeline.py
[2026-08-20T00:28:11.616+0000] {processor.py:840} INFO - DAG(s) 'flights_ops_medallioin_pipe' retrieved from /opt/airflow/dags/flight-pipeline.py
[2026-08-20T00:28:11.661+0000] {logging_mixin.py:188} INFO - [2026-08-20T00:28:11.660+0000] {dag.py:3089} INFO - Sync 1 DAGs
[2026-08-20T00:28:11.699+0000] {logging_mixin.py:188} INFO - [2026-08-20T00:28:11.698+0000] {dag.py:3947} INFO - Setting next_dagrun for flights_ops_medallioin_pipe to 2026-08-20 00:00:00+00:00, run_after=2026-08-20 00:30:00+00:00
[2026-08-20T00:28:11.734+0000] {processor.py:183} INFO - Processing /opt/airflow/dags/flight-pipeline.py took 1.003 seconds
[2026-08-20T00:28:42.016+0000] {processor.py:161} INFO - Started process (PID=1014) to work on /opt/airflow/dags/flight-pipeline.py
[2026-08-20T00:28:42.019+0000] {processor.py:830} INFO - Processing file /opt/airflow/dags/flight-pipeline.py for tasks to queue
[2026-08-20T00:28:42.025+0000] {logging_mixin.py:188} INFO - [2026-08-20T00:28:42.024+0000] {dagbag.py:545} INFO - Filling up the DagBag from /opt/airflow/dags/flight-pipeline.py
[2026-08-20T00:28:42.867+0000] {processor.py:840} INFO - DAG(s) 'flights_ops_medallioin_pipe' retrieved from /opt/airflow/dags/flight-pipeline.py
[2026-08-20T00:28:42.911+0000] {logging_mixin.py:188} INFO - [2026-08-20T00:28:42.910+0000] {dag.py:3089} INFO - Sync 1 DAGs
[2026-08-20T00:28:42.946+0000] {logging_mixin.py:188} INFO - [2026-08-20T00:28:42.946+0000] {dag.py:3947} INFO - Setting next_dagrun for flights_ops_medallioin_pipe to 2026-08-20 00:00:00+00:00, run_after=2026-08-20 00:30:00+00:00
[2026-08-20T00:28:42.980+0000] {processor.py:183} INFO - Processing /opt/airflow/dags/flight-pipeline.py took 0.975 seconds
[2026-08-20T00:29:13.356+0000] {processor.py:161} INFO - Started process (PID=1016) to work on /opt/airflow/dags/flight-pipeline.py
[2026-08-20T00:29:13.362+0000] {processor.py:830} INFO - Processing file /opt/airflow/dags/flight-pipeline.py for tasks to queue
[2026-08-20T00:29:13.378+0000] {logging_mixin.py:188} INFO - [2026-08-20T00:29:13.377+0000] {dagbag.py:545} INFO - Filling up the DagBag from /opt/airflow/dags/flight-pipeline.py
[2026-08-20T05:07:51.311+0000] {processor.py:161} INFO - Started process (PID=25) to work on /opt/airflow/dags/flight-pipeline.py
[2026-08-20T05:07:51.315+0000] {processor.py:830} INFO - Processing file /opt/airflow/dags/flight-pipeline.py for tasks to queue
[2026-08-20T05:07:51.321+0000] {logging_mixin.py:188} INFO - [2026-08-20T05:07:51.320+0000] {dagbag.py:545} INFO - Filling up the DagBag from /opt/airflow/dags/flight-pipeline.py
[2026-08-20T05:07:54.109+0000] {processor.py:840} INFO - DAG(s) 'flights_ops_medallioin_pipe' retrieved from /opt/airflow/dags/flight-pipeline.py
[2026-08-20T05:07:54.503+0000] {logging_mixin.py:188} INFO - [2026-08-20T05:07:54.502+0000] {dag.py:3089} INFO - Sync 1 DAGs
[2026-08-20T05:07:54.539+0000] {logging_mixin.py:188} INFO - [2026-08-20T05:07:54.539+0000] {dag.py:3947} INFO - Setting next_dagrun for flights_ops_medallioin_pipe to 2026-08-20 04:30:00+00:00, run_after=2026-08-20 05:00:00+00:00
[2026-08-20T05:07:54.576+0000] {processor.py:183} INFO - Processing /opt/airflow/dags/flight-pipeline.py took 3.282 seconds
[2026-08-20T05:08:24.858+0000] {processor.py:161} INFO - Started process (PID=57) to work on /opt/airflow/dags/flight-pipeline.py
[2026-08-20T05:08:24.861+0000] {processor.py:830} INFO - Processing file /opt/airflow/dags/flight-pipeline.py for tasks to queue
[2026-08-20T05:08:24.866+0000] {logging_mixin.py:188} INFO - [2026-08-20T05:08:24.865+0000] {dagbag.py:545} INFO - Filling up the DagBag from /opt/airflow/dags/flight-pipeline.py
[2026-08-20T05:08:25.455+0000] {processor.py:840} INFO - DAG(s) 'flights_ops_medallioin_pipe' retrieved from /opt/airflow/dags/flight-pipeline.py
[2026-08-20T05:08:25.514+0000] {logging_mixin.py:188} INFO - [2026-08-20T05:08:25.513+0000] {dag.py:3089} INFO - Sync 1 DAGs
[2026-08-20T05:08:25.556+0000] {logging_mixin.py:188} INFO - [2026-08-20T05:08:25.556+0000] {dag.py:3947} INFO - Setting next_dagrun for flights_ops_medallioin_pipe to 2026-08-20 05:00:00+00:00, run_after=2026-08-20 05:30:00+00:00
[2026-08-20T05:08:25.592+0000] {processor.py:183} INFO - Processing /opt/airflow/dags/flight-pipeline.py took 0.745 seconds
[2026-08-20T05:08:55.923+0000] {processor.py:161} INFO - Started process (PID=59) to work on /opt/airflow/dags/flight-pipeline.py
[2026-08-20T05:08:55.927+0000] {processor.py:830} INFO - Processing file /opt/airflow/dags/flight-pipeline.py for tasks to queue
[2026-08-20T05:08:55.932+0000] {logging_mixin.py:188} INFO - [2026-08-20T05:08:55.931+0000] {dagbag.py:545} INFO - Filling up the DagBag from /opt/airflow/dags/flight-pipeline.py
[2026-08-20T05:08:56.806+0000] {processor.py:840} INFO - DAG(s) 'flights_ops_medallioin_pipe' retrieved from /opt/airflow/dags/flight-pipeline.py
[2026-08-20T05:08:56.879+0000] {logging_mixin.py:188} INFO - [2026-08-20T05:08:56.878+0000] {dag.py:3089} INFO - Sync 1 DAGs
[2026-08-20T05:08:56.940+0000] {logging_mixin.py:188} INFO - [2026-08-20T05:08:56.940+0000] {dag.py:3947} INFO - Setting next_dagrun for flights_ops_medallioin_pipe to 2026-08-20 05:00:00+00:00, run_after=2026-08-20 05:30:00+00:00
[2026-08-20T05:08:56.991+0000] {processor.py:183} INFO - Processing /opt/airflow/dags/flight-pipeline.py took 1.082 seconds
[2026-08-20T05:09:27.212+0000] {processor.py:161} INFO - Started process (PID=61) to work on /opt/airflow/dags/flight-pipeline.py
[2026-08-20T05:09:27.215+0000] {processor.py:830} INFO - Processing file /opt/airflow/dags/flight-pipeline.py for tasks to queue
[2026-08-20T05:09:27.220+0000] {logging_mixin.py:188} INFO - [2026-08-20T05:09:27.219+0000] {dagbag.py:545} INFO - Filling up the DagBag from /opt/airflow/dags/flight-pipeline.py
[2026-08-20T05:09:27.820+0000] {processor.py:840} INFO - DAG(s) 'flights_ops_medallioin_pipe' retrieved from /opt/airflow/dags/flight-pipeline.py
[2026-08-20T05:09:27.874+0000] {logging_mixin.py:188} INFO - [2026-08-20T05:09:27.873+0000] {dag.py:3089} INFO - Sync 1 DAGs
[2026-08-20T05:09:27.919+0000] {logging_mixin.py:188} INFO - [2026-08-20T05:09:27.919+0000] {dag.py:3947} INFO - Setting next_dagrun for flights_ops_medallioin_pipe to 2026-08-20 05:00:00+00:00, run_after=2026-08-20 05:30:00+00:00
[2026-08-20T05:09:27.957+0000] {processor.py:183} INFO - Processing /opt/airflow/dags/flight-pipeline.py took 0.756 seconds
[2026-08-20T05:09:58.331+0000] {processor.py:161} INFO - Started process (PID=63) to work on /opt/airflow/dags/flight-pipeline.py
[2026-08-20T05:09:58.334+0000] {processor.py:830} INFO - Processing file /opt/airflow/dags/flight-pipeline.py for tasks to queue
[2026-08-20T05:09:58.338+0000] {logging_mixin.py:188} INFO - [2026-08-20T05:09:58.338+0000] {dagbag.py:545} INFO - Filling up the DagBag from /opt/airflow/dags/flight-pipeline.py
[2026-08-20T05:09:58.982+0000] {processor.py:840} INFO - DAG(s) 'flights_ops_medallioin_pipe' retrieved from /opt/airflow/dags/flight-pipeline.py
[2026-08-20T05:09:59.050+0000] {logging_mixin.py:188} INFO - [2026-08-20T05:09:59.049+0000] {dag.py:3089} INFO - Sync 1 DAGs
[2026-08-20T05:09:59.098+0000] {logging_mixin.py:188} INFO - [2026-08-20T05:09:59.097+0000] {dag.py:3947} INFO - Setting next_dagrun for flights_ops_medallioin_pipe to 2026-08-20 05:00:00+00:00, run_after=2026-08-20 05:30:00+00:00
[2026-08-20T05:09:59.133+0000] {processor.py:183} INFO - Processing /opt/airflow/dags/flight-pipeline.py took 0.812 seconds
[2026-08-20T05:10:29.453+0000] {processor.py:161} INFO - Started process (PID=65) to work on /opt/airflow/dags/flight-pipeline.py
[2026-08-20T05:10:29.456+0000] {processor.py:830} INFO - Processing file /opt/airflow/dags/flight-pipeline.py for tasks to queue
[2026-08-20T05:10:29.461+0000] {logging_mixin.py:188} INFO - [2026-08-20T05:10:29.460+0000] {dagbag.py:545} INFO - Filling up the DagBag from /opt/airflow/dags/flight-pipeline.py
[2026-08-20T05:10:30.078+0000] {processor.py:840} INFO - DAG(s) 'flights_ops_medallioin_pipe' retrieved from /opt/airflow/dags/flight-pipeline.py
[2026-08-20T05:10:30.133+0000] {logging_mixin.py:188} INFO - [2026-08-20T05:10:30.132+0000] {dag.py:3089} INFO - Sync 1 DAGs
[2026-08-20T05:10:30.175+0000] {logging_mixin.py:188} INFO - [2026-08-20T05:10:30.175+0000] {dag.py:3947} INFO - Setting next_dagrun for flights_ops_medallioin_pipe to 2026-08-20 05:00:00+00:00, run_after=2026-08-20 05:30:00+00:00
[2026-08-20T05:10:30.212+0000] {processor.py:183} INFO - Processing /opt/airflow/dags/flight-pipeline.py took 0.770 seconds
[2026-08-20T05:11:00.530+0000] {processor.py:161} INFO - Started process (PID=97) to work on /opt/airflow/dags/flight-pipeline.py
[2026-08-20T05:11:00.533+0000] {processor.py:830} INFO - Processing file /opt/airflow/dags/flight-pipeline.py for tasks to queue
[2026-08-20T05:11:00.539+0000] {logging_mixin.py:188} INFO - [2026-08-20T05:11:00.538+0000] {dagbag.py:545} INFO - Filling up the DagBag from /opt/airflow/dags/flight-pipeline.py
[2026-08-20T05:11:01.227+0000] {processor.py:840} INFO - DAG(s) 'flights_ops_medallioin_pipe' retrieved from /opt/airflow/dags/flight-pipeline.py
[2026-08-20T05:11:01.295+0000] {logging_mixin.py:188} INFO - [2026-08-20T05:11:01.294+0000] {dag.py:3089} INFO - Sync 1 DAGs
[2026-08-20T05:11:01.346+0000] {logging_mixin.py:188} INFO - [2026-08-20T05:11:01.346+0000] {dag.py:3947} INFO - Setting next_dagrun for flights_ops_medallioin_pipe to 2026-08-20 05:00:00+00:00, run_after=2026-08-20 05:30:00+00:00
[2026-08-20T05:11:01.384+0000] {processor.py:183} INFO - Processing /opt/airflow/dags/flight-pipeline.py took 0.871 seconds
[2026-08-20T05:11:31.669+0000] {processor.py:161} INFO - Started process (PID=99) to work on /opt/airflow/dags/flight-pipeline.py
[2026-08-20T05:11:31.672+0000] {processor.py:830} INFO - Processing file /opt/airflow/dags/flight-pipeline.py for tasks to queue
[2026-08-20T05:11:31.677+0000] {logging_mixin.py:188} INFO - [2026-08-20T05:11:31.676+0000] {dagbag.py:545} INFO - Filling up the DagBag from /opt/airflow/dags/flight-pipeline.py
[2026-08-20T05:11:32.274+0000] {processor.py:840} INFO - DAG(s) 'flights_ops_medallioin_pipe' retrieved from /opt/airflow/dags/flight-pipeline.py
[2026-08-20T05:11:32.328+0000] {logging_mixin.py:188} INFO - [2026-08-20T05:11:32.326+0000] {dag.py:3089} INFO - Sync 1 DAGs
[2026-08-20T05:11:32.370+0000] {logging_mixin.py:188} INFO - [2026-08-20T05:11:32.369+0000] {dag.py:3947} INFO - Setting next_dagrun for flights_ops_medallioin_pipe to 2026-08-20 05:00:00+00:00, run_after=2026-08-20 05:30:00+00:00
[2026-08-20T05:11:32.406+0000] {processor.py:183} INFO - Processing /opt/airflow/dags/flight-pipeline.py took 0.748 seconds
[2026-08-20T05:12:02.703+0000] {processor.py:161} INFO - Started process (PID=101) to work on /opt/airflow/dags/flight-pipeline.py
[2026-08-20T05:12:02.707+0000] {processor.py:830} INFO - Processing file /opt/airflow/dags/flight-pipeline.py for tasks to queue
[2026-08-20T05:12:02.716+0000] {logging_mixin.py:188} INFO - [2026-08-20T05:12:02.715+0000] {dagbag.py:545} INFO - Filling up the DagBag from /opt/airflow/dags/flight-pipeline.py
[2026-08-20T05:12:03.380+0000] {processor.py:840} INFO - DAG(s) 'flights_ops_medallioin_pipe' retrieved from /opt/airflow/dags/flight-pipeline.py
[2026-08-20T05:12:03.432+0000] {logging_mixin.py:188} INFO - [2026-08-20T05:12:03.431+0000] {dag.py:3089} INFO - Sync 1 DAGs
[2026-08-20T05:12:03.475+0000] {logging_mixin.py:188} INFO - [2026-08-20T05:12:03.475+0000] {dag.py:3947} INFO - Setting next_dagrun for flights_ops_medallioin_pipe to 2026-08-20 05:00:00+00:00, run_after=2026-08-20 05:30:00+00:00
[2026-08-20T05:12:03.508+0000] {processor.py:183} INFO - Processing /opt/airflow/dags/flight-pipeline.py took 0.830 seconds
[2026-08-20T05:12:33.653+0000] {processor.py:161} INFO - Started process (PID=103) to work on /opt/airflow/dags/flight-pipeline.py
[2026-08-20T05:12:33.656+0000] {processor.py:830} INFO - Processing file /opt/airflow/dags/flight-pipeline.py for tasks to queue
[2026-08-20T05:12:33.662+0000] {logging_mixin.py:188} INFO - [2026-08-20T05:12:33.661+0000] {dagbag.py:545} INFO - Filling up the DagBag from /opt/airflow/dags/flight-pipeline.py
[2026-08-20T05:12:34.266+0000] {processor.py:840} INFO - DAG(s) 'flights_ops_medallioin_pipe' retrieved from /opt/airflow/dags/flight-pipeline.py
[2026-08-20T05:12:34.325+0000] {logging_mixin.py:188} INFO - [2026-08-20T05:12:34.324+0000] {dag.py:3089} INFO - Sync 1 DAGs
[2026-08-20T05:12:34.370+0000] {logging_mixin.py:188} INFO - [2026-08-20T05:12:34.370+0000] {dag.py:3947} INFO - Setting next_dagrun for flights_ops_medallioin_pipe to 2026-08-20 05:00:00+00:00, run_after=2026-08-20 05:30:00+00:00
[2026-08-20T05:12:34.407+0000] {processor.py:183} INFO - Processing /opt/airflow/dags/flight-pipeline.py took 0.765 seconds
[2026-08-20T05:13:04.763+0000] {processor.py:161} INFO - Started process (PID=105) to work on /opt/airflow/dags/flight-pipeline.py
[2026-08-20T05:13:04.765+0000] {processor.py:830} INFO - Processing file /opt/airflow/dags/flight-pipeline.py for tasks to queue
[2026-08-20T05:13:04.771+0000] {logging_mixin.py:188} INFO - [2026-08-20T05:13:04.770+0000] {dagbag.py:545} INFO - Filling up the DagBag from /opt/airflow/dags/flight-pipeline.py
[2026-08-20T05:13:05.542+0000] {processor.py:840} INFO - DAG(s) 'flights_ops_medallioin_pipe' retrieved from /opt/airflow/dags/flight-pipeline.py
[2026-08-20T05:13:05.604+0000] {logging_mixin.py:188} INFO - [2026-08-20T05:13:05.603+0000] {dag.py:3089} INFO - Sync 1 DAGs
[2026-08-20T05:13:05.655+0000] {logging_mixin.py:188} INFO - [2026-08-20T05:13:05.654+0000] {dag.py:3947} INFO - Setting next_dagrun for flights_ops_medallioin_pipe to 2026-08-20 05:00:00+00:00, run_after=2026-08-20 05:30:00+00:00
[2026-08-20T05:13:05.699+0000] {processor.py:183} INFO - Processing /opt/airflow/dags/flight-pipeline.py took 0.947 seconds
[2026-08-20T05:13:36.091+0000] {processor.py:161} INFO - Started process (PID=107) to work on /opt/airflow/dags/flight-pipeline.py
[2026-08-20T05:13:36.094+0000] {processor.py:830} INFO - Processing file /opt/airflow/dags/flight-pipeline.py for tasks to queue
[2026-08-20T05:13:36.098+0000] {logging_mixin.py:188} INFO - [2026-08-20T05:13:36.098+0000] {dagbag.py:545} INFO - Filling up the DagBag from /opt/airflow/dags/flight-pipeline.py
[2026-08-20T05:13:36.855+0000] {processor.py:840} INFO - DAG(s) 'flights_ops_medallioin_pipe' retrieved from /opt/airflow/dags/flight-pipeline.py
[2026-08-20T05:13:36.913+0000] {logging_mixin.py:188} INFO - [2026-08-20T05:13:36.912+0000] {dag.py:3089} INFO - Sync 1 DAGs
[2026-08-20T05:13:36.959+0000] {logging_mixin.py:188} INFO - [2026-08-20T05:13:36.958+0000] {dag.py:3947} INFO - Setting next_dagrun for flights_ops_medallioin_pipe to 2026-08-20 05:00:00+00:00, run_after=2026-08-20 05:30:00+00:00
[2026-08-20T05:13:36.998+0000] {processor.py:183} INFO - Processing /opt/airflow/dags/flight-pipeline.py took 0.917 seconds
[2026-08-20T05:14:07.327+0000] {processor.py:161} INFO - Started process (PID=109) to work on /opt/airflow/dags/flight-pipeline.py
[2026-08-20T05:14:07.330+0000] {processor.py:830} INFO - Processing file /opt/airflow/dags/flight-pipeline.py for tasks to queue
[2026-08-20T05:14:07.335+0000] {logging_mixin.py:188} INFO - [2026-08-20T05:14:07.334+0000] {dagbag.py:545} INFO - Filling up the DagBag from /opt/airflow/dags/flight-pipeline.py
[2026-08-20T05:14:08.041+0000] {processor.py:840} INFO - DAG(s) 'flights_ops_medallioin_pipe' retrieved from /opt/airflow/dags/flight-pipeline.py
[2026-08-20T05:14:08.101+0000] {logging_mixin.py:188} INFO - [2026-08-20T05:14:08.100+0000] {dag.py:3089} INFO - Sync 1 DAGs
[2026-08-20T05:14:08.149+0000] {logging_mixin.py:188} INFO - [2026-08-20T05:14:08.149+0000] {dag.py:3947} INFO - Setting next_dagrun for flights_ops_medallioin_pipe to 2026-08-20 05:00:00+00:00, run_after=2026-08-20 05:30:00+00:00
[2026-08-20T05:14:08.189+0000] {processor.py:183} INFO - Processing /opt/airflow/dags/flight-pipeline.py took 0.872 seconds
[2026-08-20T05:14:38.541+0000] {processor.py:161} INFO - Started process (PID=111) to work on /opt/airflow/dags/flight-pipeline.py
[2026-08-20T05:14:38.545+0000] {processor.py:830} INFO - Processing file /opt/airflow/dags/flight-pipeline.py for tasks to queue
[2026-08-20T05:14:38.549+0000] {logging_mixin.py:188} INFO - [2026-08-20T05:14:38.549+0000] {dagbag.py:545} INFO - Filling up the DagBag from /opt/airflow/dags/flight-pipeline.py
[2026-08-20T05:14:39.214+0000] {processor.py:840} INFO - DAG(s) 'flights_ops_medallioin_pipe' retrieved from /opt/airflow/dags/flight-pipeline.py
[2026-08-20T05:14:39.274+0000] {logging_mixin.py:188} INFO - [2026-08-20T05:14:39.273+0000] {dag.py:3089} INFO - Sync 1 DAGs
[2026-08-20T05:14:39.320+0000] {logging_mixin.py:188} INFO - [2026-08-20T05:14:39.320+0000] {dag.py:3947} INFO - Setting next_dagrun for flights_ops_medallioin_pipe to 2026-08-20 05:00:00+00:00, run_after=2026-08-20 05:30:00+00:00
[2026-08-20T05:14:39.620+0000] {processor.py:183} INFO - Processing /opt/airflow/dags/flight-pipeline.py took 1.093 seconds
[2026-08-20T05:15:09.862+0000] {processor.py:161} INFO - Started process (PID=113) to work on /opt/airflow/dags/flight-pipeline.py
[2026-08-20T05:15:09.865+0000] {processor.py:830} INFO - Processing file /opt/airflow/dags/flight-pipeline.py for tasks to queue
[2026-08-20T05:15:09.869+0000] {logging_mixin.py:188} INFO - [2026-08-20T05:15:09.869+0000] {dagbag.py:545} INFO - Filling up the DagBag from /opt/airflow/dags/flight-pipeline.py
[2026-08-20T05:15:10.495+0000] {processor.py:840} INFO - DAG(s) 'flights_ops_medallioin_pipe' retrieved from /opt/airflow/dags/flight-pipeline.py
[2026-08-20T05:15:10.552+0000] {logging_mixin.py:188} INFO - [2026-08-20T05:15:10.551+0000] {dag.py:3089} INFO - Sync 1 DAGs
[2026-08-20T05:15:10.598+0000] {logging_mixin.py:188} INFO - [2026-08-20T05:15:10.598+0000] {dag.py:3947} INFO - Setting next_dagrun for flights_ops_medallioin_pipe to 2026-08-20 05:00:00+00:00, run_after=2026-08-20 05:30:00+00:00
[2026-08-20T05:15:10.634+0000] {processor.py:183} INFO - Processing /opt/airflow/dags/flight-pipeline.py took 0.783 seconds
[2026-08-20T05:15:40.931+0000] {processor.py:161} INFO - Started process (PID=115) to work on /opt/airflow/dags/flight-pipeline.py
[2026-08-20T05:15:40.934+0000] {processor.py:830} INFO - Processing file /opt/airflow/dags/flight-pipeline.py for tasks to queue
[2026-08-20T05:15:40.939+0000] {logging_mixin.py:188} INFO - [2026-08-20T05:15:40.939+0000] {dagbag.py:545} INFO - Filling up the DagBag from /opt/airflow/dags/flight-pipeline.py
[2026-08-20T05:15:41.667+0000] {processor.py:840} INFO - DAG(s) 'flights_ops_medallioin_pipe' retrieved from /opt/airflow/dags/flight-pipeline.py
[2026-08-20T05:15:41.722+0000] {logging_mixin.py:188} INFO - [2026-08-20T05:15:41.721+0000] {dag.py:3089} INFO - Sync 1 DAGs
[2026-08-20T05:15:41.767+0000] {logging_mixin.py:188} INFO - [2026-08-20T05:15:41.767+0000] {dag.py:3947} INFO - Setting next_dagrun for flights_ops_medallioin_pipe to 2026-08-20 05:00:00+00:00, run_after=2026-08-20 05:30:00+00:00
[2026-08-20T05:15:41.803+0000] {processor.py:183} INFO - Processing /opt/airflow/dags/flight-pipeline.py took 0.885 seconds
[2026-08-20T05:16:12.147+0000] {processor.py:161} INFO - Started process (PID=117) to work on /opt/airflow/dags/flight-pipeline.py
[2026-08-20T05:16:12.150+0000] {processor.py:830} INFO - Processing file /opt/airflow/dags/flight-pipeline.py for tasks to queue
[2026-08-20T05:16:12.154+0000] {logging_mixin.py:188} INFO - [2026-08-20T05:16:12.154+0000] {dagbag.py:545} INFO - Filling up the DagBag from /opt/airflow/dags/flight-pipeline.py
[2026-08-20T05:16:12.780+0000] {processor.py:840} INFO - DAG(s) 'flights_ops_medallioin_pipe' retrieved from /opt/airflow/dags/flight-pipeline.py
[2026-08-20T05:16:12.860+0000] {logging_mixin.py:188} INFO - [2026-08-20T05:16:12.859+0000] {dag.py:3089} INFO - Sync 1 DAGs
[2026-08-20T05:16:12.937+0000] {logging_mixin.py:188} INFO - [2026-08-20T05:16:12.937+0000] {dag.py:3947} INFO - Setting next_dagrun for flights_ops_medallioin_pipe to 2026-08-20 05:00:00+00:00, run_after=2026-08-20 05:30:00+00:00
[2026-08-20T05:16:13.000+0000] {processor.py:183} INFO - Processing /opt/airflow/dags/flight-pipeline.py took 0.864 seconds
[2026-08-20T05:16:43.343+0000] {processor.py:161} INFO - Started process (PID=119) to work on /opt/airflow/dags/flight-pipeline.py
[2026-08-20T05:16:43.346+0000] {processor.py:830} INFO - Processing file /opt/airflow/dags/flight-pipeline.py for tasks to queue
[2026-08-20T05:16:43.350+0000] {logging_mixin.py:188} INFO - [2026-08-20T05:16:43.350+0000] {dagbag.py:545} INFO - Filling up the DagBag from /opt/airflow/dags/flight-pipeline.py
[2026-08-20T05:16:44.004+0000] {processor.py:840} INFO - DAG(s) 'flights_ops_medallioin_pipe' retrieved from /opt/airflow/dags/flight-pipeline.py
[2026-08-20T05:16:44.066+0000] {logging_mixin.py:188} INFO - [2026-08-20T05:16:44.065+0000] {dag.py:3089} INFO - Sync 1 DAGs
[2026-08-20T05:16:44.110+0000] {logging_mixin.py:188} INFO - [2026-08-20T05:16:44.110+0000] {dag.py:3947} INFO - Setting next_dagrun for flights_ops_medallioin_pipe to 2026-08-20 05:00:00+00:00, run_after=2026-08-20 05:30:00+00:00
[2026-08-20T05:16:44.148+0000] {processor.py:183} INFO - Processing /opt/airflow/dags/flight-pipeline.py took 0.819 seconds
[2026-08-20T05:17:14.459+0000] {processor.py:161} INFO - Started process (PID=121) to work on /opt/airflow/dags/flight-pipeline.py
[2026-08-20T05:17:14.461+0000] {processor.py:830} INFO - Processing file /opt/airflow/dags/flight-pipeline.py for tasks to queue
[2026-08-20T05:17:14.467+0000] {logging_mixin.py:188} INFO - [2026-08-20T05:17:14.466+0000] {dagbag.py:545} INFO - Filling up the DagBag from /opt/airflow/dags/flight-pipeline.py
[2026-08-20T05:17:15.168+0000] {processor.py:840} INFO - DAG(s) 'flights_ops_medallioin_pipe' retrieved from /opt/airflow/dags/flight-pipeline.py
[2026-08-20T05:17:15.232+0000] {logging_mixin.py:188} INFO - [2026-08-20T05:17:15.231+0000] {dag.py:3089} INFO - Sync 1 DAGs
[2026-08-20T05:17:15.280+0000] {logging_mixin.py:188} INFO - [2026-08-20T05:17:15.280+0000] {dag.py:3947} INFO - Setting next_dagrun for flights_ops_medallioin_pipe to 2026-08-20 05:00:00+00:00, run_after=2026-08-20 05:30:00+00:00
[2026-08-20T05:17:15.321+0000] {processor.py:183} INFO - Processing /opt/airflow/dags/flight-pipeline.py took 0.874 seconds
[2026-08-20T05:17:45.627+0000] {processor.py:161} INFO - Started process (PID=123) to work on /opt/airflow/dags/flight-pipeline.py
[2026-08-20T05:17:45.630+0000] {processor.py:830} INFO - Processing file /opt/airflow/dags/flight-pipeline.py for tasks to queue
[2026-08-20T05:17:45.637+0000] {logging_mixin.py:188} INFO - [2026-08-20T05:17:45.636+0000] {dagbag.py:545} INFO - Filling up the DagBag from /opt/airflow/dags/flight-pipeline.py
[2026-08-20T05:17:46.266+0000] {processor.py:840} INFO - DAG(s) 'flights_ops_medallioin_pipe' retrieved from /opt/airflow/dags/flight-pipeline.py
[2026-08-20T05:17:46.319+0000] {logging_mixin.py:188} INFO - [2026-08-20T05:17:46.318+0000] {dag.py:3089} INFO - Sync 1 DAGs
[2026-08-20T05:17:46.363+0000] {logging_mixin.py:188} INFO - [2026-08-20T05:17:46.363+0000] {dag.py:3947} INFO - Setting next_dagrun for flights_ops_medallioin_pipe to 2026-08-20 05:00:00+00:00, run_after=2026-08-20 05:30:00+00:00
[2026-08-20T05:17:46.650+0000] {processor.py:183} INFO - Processing /opt/airflow/dags/flight-pipeline.py took 1.038 seconds
[2026-08-20T05:18:16.993+0000] {processor.py:161} INFO - Started process (PID=125) to work on /opt/airflow/dags/flight-pipeline.py
[2026-08-20T05:18:16.997+0000] {processor.py:830} INFO - Processing file /opt/airflow/dags/flight-pipeline.py for tasks to queue
[2026-08-20T05:18:17.002+0000] {logging_mixin.py:188} INFO - [2026-08-20T05:18:17.001+0000] {dagbag.py:545} INFO - Filling up the DagBag from /opt/airflow/dags/flight-pipeline.py
[2026-08-20T05:18:17.648+0000] {processor.py:840} INFO - DAG(s) 'flights_ops_medallioin_pipe' retrieved from /opt/airflow/dags/flight-pipeline.py
[2026-08-20T05:18:17.703+0000] {logging_mixin.py:188} INFO - [2026-08-20T05:18:17.702+0000] {dag.py:3089} INFO - Sync 1 DAGs
[2026-08-20T05:18:17.751+0000] {logging_mixin.py:188} INFO - [2026-08-20T05:18:17.751+0000] {dag.py:3947} INFO - Setting next_dagrun for flights_ops_medallioin_pipe to 2026-08-20 05:00:00+00:00, run_after=2026-08-20 05:30:00+00:00
[2026-08-20T05:18:17.796+0000] {processor.py:183} INFO - Processing /opt/airflow/dags/flight-pipeline.py took 0.816 seconds
[2026-08-20T05:18:48.183+0000] {processor.py:161} INFO - Started process (PID=127) to work on /opt/airflow/dags/flight-pipeline.py
[2026-08-20T05:18:48.187+0000] {processor.py:830} INFO - Processing file /opt/airflow/dags/flight-pipeline.py for tasks to queue
[2026-08-20T05:18:48.193+0000] {logging_mixin.py:188} INFO - [2026-08-20T05:18:48.192+0000] {dagbag.py:545} INFO - Filling up the DagBag from /opt/airflow/dags/flight-pipeline.py
[2026-08-20T05:18:48.842+0000] {processor.py:840} INFO - DAG(s) 'flights_ops_medallioin_pipe' retrieved from /opt/airflow/dags/flight-pipeline.py
[2026-08-20T05:18:48.899+0000] {logging_mixin.py:188} INFO - [2026-08-20T05:18:48.899+0000] {dag.py:3089} INFO - Sync 1 DAGs
[2026-08-20T05:18:48.946+0000] {logging_mixin.py:188} INFO - [2026-08-20T05:18:48.946+0000] {dag.py:3947} INFO - Setting next_dagrun for flights_ops_medallioin_pipe to 2026-08-20 05:00:00+00:00, run_after=2026-08-20 05:30:00+00:00
[2026-08-20T05:18:48.990+0000] {processor.py:183} INFO - Processing /opt/airflow/dags/flight-pipeline.py took 0.825 seconds
[2026-08-20T05:19:19.329+0000] {processor.py:161} INFO - Started process (PID=129) to work on /opt/airflow/dags/flight-pipeline.py
[2026-08-20T05:19:19.332+0000] {processor.py:830} INFO - Processing file /opt/airflow/dags/flight-pipeline.py for tasks to queue
[2026-08-20T05:19:19.338+0000] {logging_mixin.py:188} INFO - [2026-08-20T05:19:19.337+0000] {dagbag.py:545} INFO - Filling up the DagBag from /opt/airflow/dags/flight-pipeline.py
[2026-08-20T05:19:19.993+0000] {processor.py:840} INFO - DAG(s) 'flights_ops_medallioin_pipe' retrieved from /opt/airflow/dags/flight-pipeline.py
[2026-08-20T05:19:20.050+0000] {logging_mixin.py:188} INFO - [2026-08-20T05:19:20.050+0000] {dag.py:3089} INFO - Sync 1 DAGs
[2026-08-20T05:19:20.097+0000] {logging_mixin.py:188} INFO - [2026-08-20T05:19:20.096+0000] {dag.py:3947} INFO - Setting next_dagrun for flights_ops_medallioin_pipe to 2026-08-20 05:00:00+00:00, run_after=2026-08-20 05:30:00+00:00
[2026-08-20T05:19:20.136+0000] {processor.py:183} INFO - Processing /opt/airflow/dags/flight-pipeline.py took 0.820 seconds
[2026-08-20T05:19:50.458+0000] {processor.py:161} INFO - Started process (PID=131) to work on /opt/airflow/dags/flight-pipeline.py
[2026-08-20T05:19:50.461+0000] {processor.py:830} INFO - Processing file /opt/airflow/dags/flight-pipeline.py for tasks to queue
[2026-08-20T05:19:50.466+0000] {logging_mixin.py:188} INFO - [2026-08-20T05:19:50.465+0000] {dagbag.py:545} INFO - Filling up the DagBag from /opt/airflow/dags/flight-pipeline.py
[2026-08-20T05:19:51.137+0000] {processor.py:840} INFO - DAG(s) 'flights_ops_medallioin_pipe' retrieved from /opt/airflow/dags/flight-pipeline.py
[2026-08-20T05:19:51.193+0000] {logging_mixin.py:188} INFO - [2026-08-20T05:19:51.192+0000] {dag.py:3089} INFO - Sync 1 DAGs
[2026-08-20T05:19:51.238+0000] {logging_mixin.py:188} INFO - [2026-08-20T05:19:51.238+0000] {dag.py:3947} INFO - Setting next_dagrun for flights_ops_medallioin_pipe to 2026-08-20 05:00:00+00:00, run_after=2026-08-20 05:30:00+00:00
[2026-08-20T05:19:51.278+0000] {processor.py:183} INFO - Processing /opt/airflow/dags/flight-pipeline.py took 0.832 seconds
[2026-08-20T05:20:21.605+0000] {processor.py:161} INFO - Started process (PID=133) to work on /opt/airflow/dags/flight-pipeline.py
[2026-08-20T05:20:21.608+0000] {processor.py:830} INFO - Processing file /opt/airflow/dags/flight-pipeline.py for tasks to queue
[2026-08-20T05:20:21.613+0000] {logging_mixin.py:188} INFO - [2026-08-20T05:20:21.612+0000] {dagbag.py:545} INFO - Filling up the DagBag from /opt/airflow/dags/flight-pipeline.py
[2026-08-20T05:20:22.254+0000] {processor.py:840} INFO - DAG(s) 'flights_ops_medallioin_pipe' retrieved from /opt/airflow/dags/flight-pipeline.py
[2026-08-20T05:20:22.314+0000] {logging_mixin.py:188} INFO - [2026-08-20T05:20:22.313+0000] {dag.py:3089} INFO - Sync 1 DAGs
[2026-08-20T05:20:22.359+0000] {logging_mixin.py:188} INFO - [2026-08-20T05:20:22.359+0000] {dag.py:3947} INFO - Setting next_dagrun for flights_ops_medallioin_pipe to 2026-08-20 05:00:00+00:00, run_after=2026-08-20 05:30:00+00:00
[2026-08-20T05:20:22.398+0000] {processor.py:183} INFO - Processing /opt/airflow/dags/flight-pipeline.py took 0.805 seconds
[2026-08-20T05:20:52.710+0000] {processor.py:161} INFO - Started process (PID=135) to work on /opt/airflow/dags/flight-pipeline.py
[2026-08-20T05:20:52.712+0000] {processor.py:830} INFO - Processing file /opt/airflow/dags/flight-pipeline.py for tasks to queue
[2026-08-20T05:20:52.718+0000] {logging_mixin.py:188} INFO - [2026-08-20T05:20:52.717+0000] {dagbag.py:545} INFO - Filling up the DagBag from /opt/airflow/dags/flight-pipeline.py
[2026-08-20T05:20:53.506+0000] {processor.py:840} INFO - DAG(s) 'flights_ops_medallioin_pipe' retrieved from /opt/airflow/dags/flight-pipeline.py
[2026-08-20T05:20:53.575+0000] {logging_mixin.py:188} INFO - [2026-08-20T05:20:53.574+0000] {dag.py:3089} INFO - Sync 1 DAGs
[2026-08-20T05:20:53.623+0000] {logging_mixin.py:188} INFO - [2026-08-20T05:20:53.622+0000] {dag.py:3947} INFO - Setting next_dagrun for flights_ops_medallioin_pipe to 2026-08-20 05:00:00+00:00, run_after=2026-08-20 05:30:00+00:00
[2026-08-20T05:20:53.906+0000] {processor.py:183} INFO - Processing /opt/airflow/dags/flight-pipeline.py took 1.207 seconds
[2026-08-20T05:21:24.054+0000] {processor.py:161} INFO - Started process (PID=137) to work on /opt/airflow/dags/flight-pipeline.py
[2026-08-20T05:21:24.058+0000] {processor.py:830} INFO - Processing file /opt/airflow/dags/flight-pipeline.py for tasks to queue
[2026-08-20T05:21:24.063+0000] {logging_mixin.py:188} INFO - [2026-08-20T05:21:24.062+0000] {dagbag.py:545} INFO - Filling up the DagBag from /opt/airflow/dags/flight-pipeline.py
[2026-08-20T05:21:24.765+0000] {processor.py:840} INFO - DAG(s) 'flights_ops_medallioin_pipe' retrieved from /opt/airflow/dags/flight-pipeline.py
[2026-08-20T05:21:24.824+0000] {logging_mixin.py:188} INFO - [2026-08-20T05:21:24.823+0000] {dag.py:3089} INFO - Sync 1 DAGs
[2026-08-20T05:21:25.122+0000] {logging_mixin.py:188} INFO - [2026-08-20T05:21:25.121+0000] {dag.py:3947} INFO - Setting next_dagrun for flights_ops_medallioin_pipe to 2026-08-20 05:00:00+00:00, run_after=2026-08-20 05:30:00+00:00
[2026-08-20T05:21:25.159+0000] {processor.py:183} INFO - Processing /opt/airflow/dags/flight-pipeline.py took 1.119 seconds
[2026-08-20T05:21:55.458+0000] {processor.py:161} INFO - Started process (PID=139) to work on /opt/airflow/dags/flight-pipeline.py
[2026-08-20T05:21:55.461+0000] {processor.py:830} INFO - Processing file /opt/airflow/dags/flight-pipeline.py for tasks to queue
[2026-08-20T05:21:55.467+0000] {logging_mixin.py:188} INFO - [2026-08-20T05:21:55.466+0000] {dagbag.py:545} INFO - Filling up the DagBag from /opt/airflow/dags/flight-pipeline.py
[2026-08-20T05:21:56.119+0000] {processor.py:840} INFO - DAG(s) 'flights_ops_medallioin_pipe' retrieved from /opt/airflow/dags/flight-pipeline.py
[2026-08-20T05:21:56.172+0000] {logging_mixin.py:188} INFO - [2026-08-20T05:21:56.171+0000] {dag.py:3089} INFO - Sync 1 DAGs
[2026-08-20T05:21:56.221+0000] {logging_mixin.py:188} INFO - [2026-08-20T05:21:56.221+0000] {dag.py:3947} INFO - Setting next_dagrun for flights_ops_medallioin_pipe to 2026-08-20 05:00:00+00:00, run_after=2026-08-20 05:30:00+00:00
[2026-08-20T05:21:56.262+0000] {processor.py:183} INFO - Processing /opt/airflow/dags/flight-pipeline.py took 0.814 seconds
[2026-08-20T05:22:26.586+0000] {processor.py:161} INFO - Started process (PID=141) to work on /opt/airflow/dags/flight-pipeline.py
[2026-08-20T05:22:26.589+0000] {processor.py:830} INFO - Processing file /opt/airflow/dags/flight-pipeline.py for tasks to queue
[2026-08-20T05:22:26.594+0000] {logging_mixin.py:188} INFO - [2026-08-20T05:22:26.593+0000] {dagbag.py:545} INFO - Filling up the DagBag from /opt/airflow/dags/flight-pipeline.py
[2026-08-20T05:22:27.241+0000] {processor.py:840} INFO - DAG(s) 'flights_ops_medallioin_pipe' retrieved from /opt/airflow/dags/flight-pipeline.py
[2026-08-20T05:22:27.301+0000] {logging_mixin.py:188} INFO - [2026-08-20T05:22:27.300+0000] {dag.py:3089} INFO - Sync 1 DAGs
[2026-08-20T05:22:27.349+0000] {logging_mixin.py:188} INFO - [2026-08-20T05:22:27.349+0000] {dag.py:3947} INFO - Setting next_dagrun for flights_ops_medallioin_pipe to 2026-08-20 05:00:00+00:00, run_after=2026-08-20 05:30:00+00:00
[2026-08-20T05:22:27.387+0000] {processor.py:183} INFO - Processing /opt/airflow/dags/flight-pipeline.py took 0.813 seconds
[2026-08-20T05:22:57.692+0000] {processor.py:161} INFO - Started process (PID=143) to work on /opt/airflow/dags/flight-pipeline.py
[2026-08-20T05:22:57.695+0000] {processor.py:830} INFO - Processing file /opt/airflow/dags/flight-pipeline.py for tasks to queue
[2026-08-20T05:22:57.699+0000] {logging_mixin.py:188} INFO - [2026-08-20T05:22:57.699+0000] {dagbag.py:545} INFO - Filling up the DagBag from /opt/airflow/dags/flight-pipeline.py
[2026-08-20T05:22:58.336+0000] {processor.py:840} INFO - DAG(s) 'flights_ops_medallioin_pipe' retrieved from /opt/airflow/dags/flight-pipeline.py
[2026-08-20T05:22:58.392+0000] {logging_mixin.py:188} INFO - [2026-08-20T05:22:58.391+0000] {dag.py:3089} INFO - Sync 1 DAGs
[2026-08-20T05:22:58.436+0000] {logging_mixin.py:188} INFO - [2026-08-20T05:22:58.435+0000] {dag.py:3947} INFO - Setting next_dagrun for flights_ops_medallioin_pipe to 2026-08-20 05:00:00+00:00, run_after=2026-08-20 05:30:00+00:00
[2026-08-20T05:22:58.474+0000] {processor.py:183} INFO - Processing /opt/airflow/dags/flight-pipeline.py took 0.793 seconds
[2026-08-20T05:23:28.763+0000] {processor.py:161} INFO - Started process (PID=145) to work on /opt/airflow/dags/flight-pipeline.py
[2026-08-20T05:23:28.766+0000] {processor.py:830} INFO - Processing file /opt/airflow/dags/flight-pipeline.py for tasks to queue
[2026-08-20T05:23:28.770+0000] {logging_mixin.py:188} INFO - [2026-08-20T05:23:28.769+0000] {dagbag.py:545} INFO - Filling up the DagBag from /opt/airflow/dags/flight-pipeline.py
[2026-08-20T05:23:29.391+0000] {processor.py:840} INFO - DAG(s) 'flights_ops_medallioin_pipe' retrieved from /opt/airflow/dags/flight-pipeline.py
[2026-08-20T05:23:29.444+0000] {logging_mixin.py:188} INFO - [2026-08-20T05:23:29.443+0000] {dag.py:3089} INFO - Sync 1 DAGs
[2026-08-20T05:23:29.484+0000] {logging_mixin.py:188} INFO - [2026-08-20T05:23:29.484+0000] {dag.py:3947} INFO - Setting next_dagrun for flights_ops_medallioin_pipe to 2026-08-20 05:00:00+00:00, run_after=2026-08-20 05:30:00+00:00
[2026-08-20T05:23:29.522+0000] {processor.py:183} INFO - Processing /opt/airflow/dags/flight-pipeline.py took 0.771 seconds
[2026-08-20T05:23:59.837+0000] {processor.py:161} INFO - Started process (PID=147) to work on /opt/airflow/dags/flight-pipeline.py
[2026-08-20T05:23:59.840+0000] {processor.py:830} INFO - Processing file /opt/airflow/dags/flight-pipeline.py for tasks to queue
[2026-08-20T05:23:59.845+0000] {logging_mixin.py:188} INFO - [2026-08-20T05:23:59.844+0000] {dagbag.py:545} INFO - Filling up the DagBag from /opt/airflow/dags/flight-pipeline.py
[2026-08-20T05:24:00.480+0000] {processor.py:840} INFO - DAG(s) 'flights_ops_medallioin_pipe' retrieved from /opt/airflow/dags/flight-pipeline.py
[2026-08-20T05:24:00.533+0000] {logging_mixin.py:188} INFO - [2026-08-20T05:24:00.532+0000] {dag.py:3089} INFO - Sync 1 DAGs
[2026-08-20T05:24:00.576+0000] {logging_mixin.py:188} INFO - [2026-08-20T05:24:00.575+0000] {dag.py:3947} INFO - Setting next_dagrun for flights_ops_medallioin_pipe to 2026-08-20 05:00:00+00:00, run_after=2026-08-20 05:30:00+00:00
[2026-08-20T05:24:00.854+0000] {processor.py:183} INFO - Processing /opt/airflow/dags/flight-pipeline.py took 1.027 seconds
[2026-08-20T05:24:31.093+0000] {processor.py:161} INFO - Started process (PID=149) to work on /opt/airflow/dags/flight-pipeline.py
[2026-08-20T05:24:31.095+0000] {processor.py:830} INFO - Processing file /opt/airflow/dags/flight-pipeline.py for tasks to queue
[2026-08-20T05:24:31.101+0000] {logging_mixin.py:188} INFO - [2026-08-20T05:24:31.101+0000] {dagbag.py:545} INFO - Filling up the DagBag from /opt/airflow/dags/flight-pipeline.py
[2026-08-20T05:24:31.741+0000] {processor.py:840} INFO - DAG(s) 'flights_ops_medallioin_pipe' retrieved from /opt/airflow/dags/flight-pipeline.py
[2026-08-20T05:24:31.795+0000] {logging_mixin.py:188} INFO - [2026-08-20T05:24:31.794+0000] {dag.py:3089} INFO - Sync 1 DAGs
[2026-08-20T05:24:32.101+0000] {logging_mixin.py:188} INFO - [2026-08-20T05:24:32.100+0000] {dag.py:3947} INFO - Setting next_dagrun for flights_ops_medallioin_pipe to 2026-08-20 05:00:00+00:00, run_after=2026-08-20 05:30:00+00:00
[2026-08-20T05:24:32.136+0000] {processor.py:183} INFO - Processing /opt/airflow/dags/flight-pipeline.py took 1.058 seconds
[2026-08-20T05:25:02.386+0000] {processor.py:161} INFO - Started process (PID=151) to work on /opt/airflow/dags/flight-pipeline.py
[2026-08-20T05:25:02.389+0000] {processor.py:830} INFO - Processing file /opt/airflow/dags/flight-pipeline.py for tasks to queue
[2026-08-20T05:25:02.394+0000] {logging_mixin.py:188} INFO - [2026-08-20T05:25:02.394+0000] {dagbag.py:545} INFO - Filling up the DagBag from /opt/airflow/dags/flight-pipeline.py
[2026-08-20T05:25:03.046+0000] {processor.py:840} INFO - DAG(s) 'flights_ops_medallioin_pipe' retrieved from /opt/airflow/dags/flight-pipeline.py
[2026-08-20T05:25:03.102+0000] {logging_mixin.py:188} INFO - [2026-08-20T05:25:03.101+0000] {dag.py:3089} INFO - Sync 1 DAGs
[2026-08-20T05:25:03.147+0000] {logging_mixin.py:188} INFO - [2026-08-20T05:25:03.146+0000] {dag.py:3947} INFO - Setting next_dagrun for flights_ops_medallioin_pipe to 2026-08-20 05:00:00+00:00, run_after=2026-08-20 05:30:00+00:00
[2026-08-20T05:25:03.186+0000] {processor.py:183} INFO - Processing /opt/airflow/dags/flight-pipeline.py took 0.814 seconds
[2026-08-20T05:25:33.534+0000] {processor.py:161} INFO - Started process (PID=153) to work on /opt/airflow/dags/flight-pipeline.py
[2026-08-20T05:25:33.539+0000] {processor.py:830} INFO - Processing file /opt/airflow/dags/flight-pipeline.py for tasks to queue
[2026-08-20T05:25:33.550+0000] {logging_mixin.py:188} INFO - [2026-08-20T05:25:33.549+0000] {dagbag.py:545} INFO - Filling up the DagBag from /opt/airflow/dags/flight-pipeline.py
[2026-08-20T05:25:34.205+0000] {processor.py:840} INFO - DAG(s) 'flights_ops_medallioin_pipe' retrieved from /opt/airflow/dags/flight-pipeline.py
[2026-08-20T05:25:34.261+0000] {logging_mixin.py:188} INFO - [2026-08-20T05:25:34.260+0000] {dag.py:3089} INFO - Sync 1 DAGs
[2026-08-20T05:25:34.304+0000] {logging_mixin.py:188} INFO - [2026-08-20T05:25:34.303+0000] {dag.py:3947} INFO - Setting next_dagrun for flights_ops_medallioin_pipe to 2026-08-20 05:00:00+00:00, run_after=2026-08-20 05:30:00+00:00
[2026-08-20T05:25:34.343+0000] {processor.py:183} INFO - Processing /opt/airflow/dags/flight-pipeline.py took 0.844 seconds
[2026-08-20T05:26:04.689+0000] {processor.py:161} INFO - Started process (PID=155) to work on /opt/airflow/dags/flight-pipeline.py
[2026-08-20T05:26:04.693+0000] {processor.py:830} INFO - Processing file /opt/airflow/dags/flight-pipeline.py for tasks to queue
[2026-08-20T05:26:04.700+0000] {logging_mixin.py:188} INFO - [2026-08-20T05:26:04.699+0000] {dagbag.py:545} INFO - Filling up the DagBag from /opt/airflow/dags/flight-pipeline.py
[2026-08-20T05:26:05.351+0000] {processor.py:840} INFO - DAG(s) 'flights_ops_medallioin_pipe' retrieved from /opt/airflow/dags/flight-pipeline.py
[2026-08-20T05:26:05.405+0000] {logging_mixin.py:188} INFO - [2026-08-20T05:26:05.404+0000] {dag.py:3089} INFO - Sync 1 DAGs
[2026-08-20T05:26:05.449+0000] {logging_mixin.py:188} INFO - [2026-08-20T05:26:05.449+0000] {dag.py:3947} INFO - Setting next_dagrun for flights_ops_medallioin_pipe to 2026-08-20 05:00:00+00:00, run_after=2026-08-20 05:30:00+00:00
[2026-08-20T05:26:05.486+0000] {processor.py:183} INFO - Processing /opt/airflow/dags/flight-pipeline.py took 0.810 seconds
[2026-08-20T05:26:35.802+0000] {processor.py:161} INFO - Started process (PID=157) to work on /opt/airflow/dags/flight-pipeline.py
[2026-08-20T05:26:35.805+0000] {processor.py:830} INFO - Processing file /opt/airflow/dags/flight-pipeline.py for tasks to queue
[2026-08-20T05:26:35.810+0000] {logging_mixin.py:188} INFO - [2026-08-20T05:26:35.810+0000] {dagbag.py:545} INFO - Filling up the DagBag from /opt/airflow/dags/flight-pipeline.py
[2026-08-20T05:26:36.456+0000] {processor.py:840} INFO - DAG(s) 'flights_ops_medallioin_pipe' retrieved from /opt/airflow/dags/flight-pipeline.py
[2026-08-20T05:26:36.511+0000] {logging_mixin.py:188} INFO - [2026-08-20T05:26:36.511+0000] {dag.py:3089} INFO - Sync 1 DAGs
[2026-08-20T05:26:36.557+0000] {logging_mixin.py:188} INFO - [2026-08-20T05:26:36.556+0000] {dag.py:3947} INFO - Setting next_dagrun for flights_ops_medallioin_pipe to 2026-08-20 05:00:00+00:00, run_after=2026-08-20 05:30:00+00:00
[2026-08-20T05:26:36.596+0000] {processor.py:183} INFO - Processing /opt/airflow/dags/flight-pipeline.py took 0.807 seconds
[2026-08-20T05:27:06.902+0000] {processor.py:161} INFO - Started process (PID=159) to work on /opt/airflow/dags/flight-pipeline.py
[2026-08-20T05:27:06.905+0000] {processor.py:830} INFO - Processing file /opt/airflow/dags/flight-pipeline.py for tasks to queue
[2026-08-20T05:27:06.911+0000] {logging_mixin.py:188} INFO - [2026-08-20T05:27:06.911+0000] {dagbag.py:545} INFO - Filling up the DagBag from /opt/airflow/dags/flight-pipeline.py
[2026-08-20T05:27:07.568+0000] {processor.py:840} INFO - DAG(s) 'flights_ops_medallioin_pipe' retrieved from /opt/airflow/dags/flight-pipeline.py
[2026-08-20T05:27:07.626+0000] {logging_mixin.py:188} INFO - [2026-08-20T05:27:07.625+0000] {dag.py:3089} INFO - Sync 1 DAGs
[2026-08-20T05:27:07.676+0000] {logging_mixin.py:188} INFO - [2026-08-20T05:27:07.676+0000] {dag.py:3947} INFO - Setting next_dagrun for flights_ops_medallioin_pipe to 2026-08-20 05:00:00+00:00, run_after=2026-08-20 05:30:00+00:00
[2026-08-20T05:27:07.961+0000] {processor.py:183} INFO - Processing /opt/airflow/dags/flight-pipeline.py took 1.071 seconds
[2026-08-20T05:27:38.176+0000] {processor.py:161} INFO - Started process (PID=161) to work on /opt/airflow/dags/flight-pipeline.py
[2026-08-20T05:27:38.180+0000] {processor.py:830} INFO - Processing file /opt/airflow/dags/flight-pipeline.py for tasks to queue
[2026-08-20T05:27:38.185+0000] {logging_mixin.py:188} INFO - [2026-08-20T05:27:38.184+0000] {dagbag.py:545} INFO - Filling up the DagBag from /opt/airflow/dags/flight-pipeline.py
[2026-08-20T05:27:38.803+0000] {processor.py:840} INFO - DAG(s) 'flights_ops_medallioin_pipe' retrieved from /opt/airflow/dags/flight-pipeline.py
[2026-08-20T05:27:38.872+0000] {logging_mixin.py:188} INFO - [2026-08-20T05:27:38.871+0000] {dag.py:3089} INFO - Sync 1 DAGs
[2026-08-20T05:27:39.142+0000] {logging_mixin.py:188} INFO - [2026-08-20T05:27:39.142+0000] {dag.py:3947} INFO - Setting next_dagrun for flights_ops_medallioin_pipe to 2026-08-20 05:00:00+00:00, run_after=2026-08-20 05:30:00+00:00
[2026-08-20T05:27:39.177+0000] {processor.py:183} INFO - Processing /opt/airflow/dags/flight-pipeline.py took 1.012 seconds
[2026-08-20T05:28:09.520+0000] {processor.py:161} INFO - Started process (PID=163) to work on /opt/airflow/dags/flight-pipeline.py
[2026-08-20T05:28:09.524+0000] {processor.py:830} INFO - Processing file /opt/airflow/dags/flight-pipeline.py for tasks to queue
[2026-08-20T05:28:09.528+0000] {logging_mixin.py:188} INFO - [2026-08-20T05:28:09.528+0000] {dagbag.py:545} INFO - Filling up the DagBag from /opt/airflow/dags/flight-pipeline.py
[2026-08-20T05:28:10.156+0000] {processor.py:840} INFO - DAG(s) 'flights_ops_medallioin_pipe' retrieved from /opt/airflow/dags/flight-pipeline.py
[2026-08-20T05:28:10.215+0000] {logging_mixin.py:188} INFO - [2026-08-20T05:28:10.214+0000] {dag.py:3089} INFO - Sync 1 DAGs
[2026-08-20T05:28:10.257+0000] {logging_mixin.py:188} INFO - [2026-08-20T05:28:10.257+0000] {dag.py:3947} INFO - Setting next_dagrun for flights_ops_medallioin_pipe to 2026-08-20 05:00:00+00:00, run_after=2026-08-20 05:30:00+00:00
[2026-08-20T05:28:10.295+0000] {processor.py:183} INFO - Processing /opt/airflow/dags/flight-pipeline.py took 0.785 seconds
[2026-08-20T05:28:40.600+0000] {processor.py:161} INFO - Started process (PID=165) to work on /opt/airflow/dags/flight-pipeline.py
[2026-08-20T05:28:40.603+0000] {processor.py:830} INFO - Processing file /opt/airflow/dags/flight-pipeline.py for tasks to queue
[2026-08-20T05:28:40.607+0000] {logging_mixin.py:188} INFO - [2026-08-20T05:28:40.607+0000] {dagbag.py:545} INFO - Filling up the DagBag from /opt/airflow/dags/flight-pipeline.py
[2026-08-20T05:28:41.237+0000] {processor.py:840} INFO - DAG(s) 'flights_ops_medallioin_pipe' retrieved from /opt/airflow/dags/flight-pipeline.py
[2026-08-20T05:28:41.295+0000] {logging_mixin.py:188} INFO - [2026-08-20T05:28:41.293+0000] {dag.py:3089} INFO - Sync 1 DAGs
[2026-08-20T05:28:41.338+0000] {logging_mixin.py:188} INFO - [2026-08-20T05:28:41.337+0000] {dag.py:3947} INFO - Setting next_dagrun for flights_ops_medallioin_pipe to 2026-08-20 05:00:00+00:00, run_after=2026-08-20 05:30:00+00:00
[2026-08-20T05:28:41.375+0000] {processor.py:183} INFO - Processing /opt/airflow/dags/flight-pipeline.py took 0.787 seconds
[2026-08-20T05:29:11.685+0000] {processor.py:161} INFO - Started process (PID=167) to work on /opt/airflow/dags/flight-pipeline.py
[2026-08-20T05:29:11.687+0000] {processor.py:830} INFO - Processing file /opt/airflow/dags/flight-pipeline.py for tasks to queue
[2026-08-20T05:29:11.692+0000] {logging_mixin.py:188} INFO - [2026-08-20T05:29:11.691+0000] {dagbag.py:545} INFO - Filling up the DagBag from /opt/airflow/dags/flight-pipeline.py
[2026-08-20T05:29:12.324+0000] {processor.py:840} INFO - DAG(s) 'flights_ops_medallioin_pipe' retrieved from /opt/airflow/dags/flight-pipeline.py
[2026-08-20T05:29:12.380+0000] {logging_mixin.py:188} INFO - [2026-08-20T05:29:12.379+0000] {dag.py:3089} INFO - Sync 1 DAGs
[2026-08-20T05:29:12.422+0000] {logging_mixin.py:188} INFO - [2026-08-20T05:29:12.422+0000] {dag.py:3947} INFO - Setting next_dagrun for flights_ops_medallioin_pipe to 2026-08-20 05:00:00+00:00, run_after=2026-08-20 05:30:00+00:00
[2026-08-20T05:29:12.462+0000] {processor.py:183} INFO - Processing /opt/airflow/dags/flight-pipeline.py took 0.788 seconds
[2026-08-20T05:29:42.765+0000] {processor.py:161} INFO - Started process (PID=169) to work on /opt/airflow/dags/flight-pipeline.py
[2026-08-20T05:29:42.768+0000] {processor.py:830} INFO - Processing file /opt/airflow/dags/flight-pipeline.py for tasks to queue
[2026-08-20T05:29:42.772+0000] {logging_mixin.py:188} INFO - [2026-08-20T05:29:42.771+0000] {dagbag.py:545} INFO - Filling up the DagBag from /opt/airflow/dags/flight-pipeline.py
[2026-08-20T05:29:43.399+0000] {processor.py:840} INFO - DAG(s) 'flights_ops_medallioin_pipe' retrieved from /opt/airflow/dags/flight-pipeline.py
[2026-08-20T05:29:43.461+0000] {logging_mixin.py:188} INFO - [2026-08-20T05:29:43.461+0000] {dag.py:3089} INFO - Sync 1 DAGs
[2026-08-20T05:29:43.508+0000] {logging_mixin.py:188} INFO - [2026-08-20T05:29:43.508+0000] {dag.py:3947} INFO - Setting next_dagrun for flights_ops_medallioin_pipe to 2026-08-20 05:00:00+00:00, run_after=2026-08-20 05:30:00+00:00
[2026-08-20T05:29:43.569+0000] {processor.py:183} INFO - Processing /opt/airflow/dags/flight-pipeline.py took 0.815 seconds
[2026-08-20T05:30:13.872+0000] {processor.py:161} INFO - Started process (PID=181) to work on /opt/airflow/dags/flight-pipeline.py
[2026-08-20T05:30:13.875+0000] {processor.py:830} INFO - Processing file /opt/airflow/dags/flight-pipeline.py for tasks to queue
[2026-08-20T05:30:13.879+0000] {logging_mixin.py:188} INFO - [2026-08-20T05:30:13.879+0000] {dagbag.py:545} INFO - Filling up the DagBag from /opt/airflow/dags/flight-pipeline.py
[2026-08-20T05:30:14.526+0000] {processor.py:840} INFO - DAG(s) 'flights_ops_medallioin_pipe' retrieved from /opt/airflow/dags/flight-pipeline.py
[2026-08-20T05:30:14.586+0000] {logging_mixin.py:188} INFO - [2026-08-20T05:30:14.585+0000] {dag.py:3089} INFO - Sync 1 DAGs
[2026-08-20T05:30:14.635+0000] {logging_mixin.py:188} INFO - [2026-08-20T05:30:14.635+0000] {dag.py:3947} INFO - Setting next_dagrun for flights_ops_medallioin_pipe to 2026-08-20 05:30:00+00:00, run_after=2026-08-20 06:00:00+00:00
[2026-08-20T05:30:14.940+0000] {processor.py:183} INFO - Processing /opt/airflow/dags/flight-pipeline.py took 1.082 seconds
[2026-08-20T05:30:45.129+0000] {processor.py:161} INFO - Started process (PID=203) to work on /opt/airflow/dags/flight-pipeline.py
[2026-08-20T05:30:45.133+0000] {processor.py:830} INFO - Processing file /opt/airflow/dags/flight-pipeline.py for tasks to queue
[2026-08-20T05:30:45.137+0000] {logging_mixin.py:188} INFO - [2026-08-20T05:30:45.136+0000] {dagbag.py:545} INFO - Filling up the DagBag from /opt/airflow/dags/flight-pipeline.py
[2026-08-20T05:30:45.765+0000] {processor.py:840} INFO - DAG(s) 'flights_ops_medallioin_pipe' retrieved from /opt/airflow/dags/flight-pipeline.py
[2026-08-20T05:30:45.845+0000] {logging_mixin.py:188} INFO - [2026-08-20T05:30:45.844+0000] {dag.py:3089} INFO - Sync 1 DAGs
[2026-08-20T05:30:45.894+0000] {logging_mixin.py:188} INFO - [2026-08-20T05:30:45.893+0000] {dag.py:3947} INFO - Setting next_dagrun for flights_ops_medallioin_pipe to 2026-08-20 05:30:00+00:00, run_after=2026-08-20 06:00:00+00:00
[2026-08-20T05:30:45.935+0000] {processor.py:183} INFO - Processing /opt/airflow/dags/flight-pipeline.py took 0.816 seconds
[2026-08-20T05:31:16.247+0000] {processor.py:161} INFO - Started process (PID=205) to work on /opt/airflow/dags/flight-pipeline.py
[2026-08-20T05:31:16.250+0000] {processor.py:830} INFO - Processing file /opt/airflow/dags/flight-pipeline.py for tasks to queue
[2026-08-20T05:31:16.255+0000] {logging_mixin.py:188} INFO - [2026-08-20T05:31:16.254+0000] {dagbag.py:545} INFO - Filling up the DagBag from /opt/airflow/dags/flight-pipeline.py
[2026-08-20T05:31:16.893+0000] {processor.py:840} INFO - DAG(s) 'flights_ops_medallioin_pipe' retrieved from /opt/airflow/dags/flight-pipeline.py
[2026-08-20T05:31:16.947+0000] {logging_mixin.py:188} INFO - [2026-08-20T05:31:16.946+0000] {dag.py:3089} INFO - Sync 1 DAGs
[2026-08-20T05:31:16.993+0000] {logging_mixin.py:188} INFO - [2026-08-20T05:31:16.992+0000] {dag.py:3947} INFO - Setting next_dagrun for flights_ops_medallioin_pipe to 2026-08-20 05:30:00+00:00, run_after=2026-08-20 06:00:00+00:00
[2026-08-20T05:31:17.030+0000] {processor.py:183} INFO - Processing /opt/airflow/dags/flight-pipeline.py took 0.794 seconds
[2026-08-20T05:31:47.399+0000] {processor.py:161} INFO - Started process (PID=207) to work on /opt/airflow/dags/flight-pipeline.py
[2026-08-20T05:31:47.402+0000] {processor.py:830} INFO - Processing file /opt/airflow/dags/flight-pipeline.py for tasks to queue
[2026-08-20T05:31:47.407+0000] {logging_mixin.py:188} INFO - [2026-08-20T05:31:47.406+0000] {dagbag.py:545} INFO - Filling up the DagBag from /opt/airflow/dags/flight-pipeline.py
[2026-08-20T05:31:48.056+0000] {processor.py:840} INFO - DAG(s) 'flights_ops_medallioin_pipe' retrieved from /opt/airflow/dags/flight-pipeline.py
[2026-08-20T05:31:48.116+0000] {logging_mixin.py:188} INFO - [2026-08-20T05:31:48.115+0000] {dag.py:3089} INFO - Sync 1 DAGs
[2026-08-20T05:31:48.161+0000] {logging_mixin.py:188} INFO - [2026-08-20T05:31:48.161+0000] {dag.py:3947} INFO - Setting next_dagrun for flights_ops_medallioin_pipe to 2026-08-20 05:30:00+00:00, run_after=2026-08-20 06:00:00+00:00
[2026-08-20T05:31:48.199+0000] {processor.py:183} INFO - Processing /opt/airflow/dags/flight-pipeline.py took 0.812 seconds
[2026-08-20T05:32:18.503+0000] {processor.py:161} INFO - Started process (PID=209) to work on /opt/airflow/dags/flight-pipeline.py
[2026-08-20T05:32:18.506+0000] {processor.py:830} INFO - Processing file /opt/airflow/dags/flight-pipeline.py for tasks to queue
[2026-08-20T05:32:18.511+0000] {logging_mixin.py:188} INFO - [2026-08-20T05:32:18.510+0000] {dagbag.py:545} INFO - Filling up the DagBag from /opt/airflow/dags/flight-pipeline.py
[2026-08-20T05:32:19.285+0000] {processor.py:840} INFO - DAG(s) 'flights_ops_medallioin_pipe' retrieved from /opt/airflow/dags/flight-pipeline.py
[2026-08-20T05:32:19.346+0000] {logging_mixin.py:188} INFO - [2026-08-20T05:32:19.345+0000] {dag.py:3089} INFO - Sync 1 DAGs
[2026-08-20T05:32:19.391+0000] {logging_mixin.py:188} INFO - [2026-08-20T05:32:19.391+0000] {dag.py:3947} INFO - Setting next_dagrun for flights_ops_medallioin_pipe to 2026-08-20 05:30:00+00:00, run_after=2026-08-20 06:00:00+00:00
[2026-08-20T05:32:19.432+0000] {processor.py:183} INFO - Processing /opt/airflow/dags/flight-pipeline.py took 0.941 seconds
[2026-08-20T05:32:49.729+0000] {processor.py:161} INFO - Started process (PID=211) to work on /opt/airflow/dags/flight-pipeline.py
[2026-08-20T05:32:49.732+0000] {processor.py:830} INFO - Processing file /opt/airflow/dags/flight-pipeline.py for tasks to queue
[2026-08-20T05:32:49.737+0000] {logging_mixin.py:188} INFO - [2026-08-20T05:32:49.737+0000] {dagbag.py:545} INFO - Filling up the DagBag from /opt/airflow/dags/flight-pipeline.py
[2026-08-20T05:32:50.372+0000] {processor.py:840} INFO - DAG(s) 'flights_ops_medallioin_pipe' retrieved from /opt/airflow/dags/flight-pipeline.py
[2026-08-20T05:32:50.424+0000] {logging_mixin.py:188} INFO - [2026-08-20T05:32:50.424+0000] {dag.py:3089} INFO - Sync 1 DAGs
[2026-08-20T05:32:50.468+0000] {logging_mixin.py:188} INFO - [2026-08-20T05:32:50.468+0000] {dag.py:3947} INFO - Setting next_dagrun for flights_ops_medallioin_pipe to 2026-08-20 05:30:00+00:00, run_after=2026-08-20 06:00:00+00:00
[2026-08-20T05:32:50.506+0000] {processor.py:183} INFO - Processing /opt/airflow/dags/flight-pipeline.py took 0.789 seconds
[2026-08-20T05:33:20.906+0000] {processor.py:161} INFO - Started process (PID=213) to work on /opt/airflow/dags/flight-pipeline.py
[2026-08-20T05:33:20.909+0000] {processor.py:830} INFO - Processing file /opt/airflow/dags/flight-pipeline.py for tasks to queue
[2026-08-20T05:33:20.914+0000] {logging_mixin.py:188} INFO - [2026-08-20T05:33:20.914+0000] {dagbag.py:545} INFO - Filling up the DagBag from /opt/airflow/dags/flight-pipeline.py
[2026-08-20T05:33:21.675+0000] {processor.py:840} INFO - DAG(s) 'flights_ops_medallioin_pipe' retrieved from /opt/airflow/dags/flight-pipeline.py
[2026-08-20T05:33:21.730+0000] {logging_mixin.py:188} INFO - [2026-08-20T05:33:21.729+0000] {dag.py:3089} INFO - Sync 1 DAGs
[2026-08-20T05:33:21.776+0000] {logging_mixin.py:188} INFO - [2026-08-20T05:33:21.776+0000] {dag.py:3947} INFO - Setting next_dagrun for flights_ops_medallioin_pipe to 2026-08-20 05:30:00+00:00, run_after=2026-08-20 06:00:00+00:00
[2026-08-20T05:33:22.095+0000] {processor.py:183} INFO - Processing /opt/airflow/dags/flight-pipeline.py took 1.201 seconds
[2026-08-20T05:33:52.392+0000] {processor.py:161} INFO - Started process (PID=215) to work on /opt/airflow/dags/flight-pipeline.py
[2026-08-20T05:33:52.395+0000] {processor.py:830} INFO - Processing file /opt/airflow/dags/flight-pipeline.py for tasks to queue
[2026-08-20T05:33:52.400+0000] {logging_mixin.py:188} INFO - [2026-08-20T05:33:52.399+0000] {dagbag.py:545} INFO - Filling up the DagBag from /opt/airflow/dags/flight-pipeline.py
[2026-08-20T05:33:53.043+0000] {processor.py:840} INFO - DAG(s) 'flights_ops_medallioin_pipe' retrieved from /opt/airflow/dags/flight-pipeline.py
[2026-08-20T05:33:53.116+0000] {logging_mixin.py:188} INFO - [2026-08-20T05:33:53.116+0000] {dag.py:3089} INFO - Sync 1 DAGs
[2026-08-20T05:33:53.397+0000] {logging_mixin.py:188} INFO - [2026-08-20T05:33:53.397+0000] {dag.py:3947} INFO - Setting next_dagrun for flights_ops_medallioin_pipe to 2026-08-20 05:30:00+00:00, run_after=2026-08-20 06:00:00+00:00
[2026-08-20T05:33:53.433+0000] {processor.py:183} INFO - Processing /opt/airflow/dags/flight-pipeline.py took 1.053 seconds
[2026-08-20T05:34:23.658+0000] {processor.py:161} INFO - Started process (PID=217) to work on /opt/airflow/dags/flight-pipeline.py
[2026-08-20T05:34:23.661+0000] {processor.py:830} INFO - Processing file /opt/airflow/dags/flight-pipeline.py for tasks to queue
[2026-08-20T05:34:23.666+0000] {logging_mixin.py:188} INFO - [2026-08-20T05:34:23.665+0000] {dagbag.py:545} INFO - Filling up the DagBag from /opt/airflow/dags/flight-pipeline.py
[2026-08-20T05:34:24.439+0000] {processor.py:840} INFO - DAG(s) 'flights_ops_medallioin_pipe' retrieved from /opt/airflow/dags/flight-pipeline.py
[2026-08-20T05:34:24.496+0000] {logging_mixin.py:188} INFO - [2026-08-20T05:34:24.495+0000] {dag.py:3089} INFO - Sync 1 DAGs
[2026-08-20T05:34:24.538+0000] {logging_mixin.py:188} INFO - [2026-08-20T05:34:24.538+0000] {dag.py:3947} INFO - Setting next_dagrun for flights_ops_medallioin_pipe to 2026-08-20 05:30:00+00:00, run_after=2026-08-20 06:00:00+00:00
[2026-08-20T05:34:24.576+0000] {processor.py:183} INFO - Processing /opt/airflow/dags/flight-pipeline.py took 0.932 seconds
[2026-08-20T05:34:54.918+0000] {processor.py:161} INFO - Started process (PID=219) to work on /opt/airflow/dags/flight-pipeline.py
[2026-08-20T05:34:54.921+0000] {processor.py:830} INFO - Processing file /opt/airflow/dags/flight-pipeline.py for tasks to queue
[2026-08-20T05:34:54.926+0000] {logging_mixin.py:188} INFO - [2026-08-20T05:34:54.926+0000] {dagbag.py:545} INFO - Filling up the DagBag from /opt/airflow/dags/flight-pipeline.py
[2026-08-20T05:34:55.571+0000] {processor.py:840} INFO - DAG(s) 'flights_ops_medallioin_pipe' retrieved from /opt/airflow/dags/flight-pipeline.py
[2026-08-20T05:34:55.624+0000] {logging_mixin.py:188} INFO - [2026-08-20T05:34:55.624+0000] {dag.py:3089} INFO - Sync 1 DAGs
[2026-08-20T05:34:55.669+0000] {logging_mixin.py:188} INFO - [2026-08-20T05:34:55.669+0000] {dag.py:3947} INFO - Setting next_dagrun for flights_ops_medallioin_pipe to 2026-08-20 05:30:00+00:00, run_after=2026-08-20 06:00:00+00:00
[2026-08-20T05:34:55.710+0000] {processor.py:183} INFO - Processing /opt/airflow/dags/flight-pipeline.py took 0.805 seconds
[2026-08-20T05:35:26.023+0000] {processor.py:161} INFO - Started process (PID=221) to work on /opt/airflow/dags/flight-pipeline.py
[2026-08-20T05:35:26.026+0000] {processor.py:830} INFO - Processing file /opt/airflow/dags/flight-pipeline.py for tasks to queue
[2026-08-20T05:35:26.031+0000] {logging_mixin.py:188} INFO - [2026-08-20T05:35:26.030+0000] {dagbag.py:545} INFO - Filling up the DagBag from /opt/airflow/dags/flight-pipeline.py
[2026-08-20T05:35:26.700+0000] {processor.py:840} INFO - DAG(s) 'flights_ops_medallioin_pipe' retrieved from /opt/airflow/dags/flight-pipeline.py
[2026-08-20T05:35:26.753+0000] {logging_mixin.py:188} INFO - [2026-08-20T05:35:26.752+0000] {dag.py:3089} INFO - Sync 1 DAGs
[2026-08-20T05:35:26.797+0000] {logging_mixin.py:188} INFO - [2026-08-20T05:35:26.796+0000] {dag.py:3947} INFO - Setting next_dagrun for flights_ops_medallioin_pipe to 2026-08-20 05:30:00+00:00, run_after=2026-08-20 06:00:00+00:00
[2026-08-20T05:35:26.834+0000] {processor.py:183} INFO - Processing /opt/airflow/dags/flight-pipeline.py took 0.822 seconds
[2026-08-20T05:35:57.157+0000] {processor.py:161} INFO - Started process (PID=223) to work on /opt/airflow/dags/flight-pipeline.py
[2026-08-20T05:35:57.160+0000] {processor.py:830} INFO - Processing file /opt/airflow/dags/flight-pipeline.py for tasks to queue
[2026-08-20T05:35:57.164+0000] {logging_mixin.py:188} INFO - [2026-08-20T05:35:57.164+0000] {dagbag.py:545} INFO - Filling up the DagBag from /opt/airflow/dags/flight-pipeline.py
[2026-08-20T05:35:57.791+0000] {processor.py:840} INFO - DAG(s) 'flights_ops_medallioin_pipe' retrieved from /opt/airflow/dags/flight-pipeline.py
[2026-08-20T05:35:57.848+0000] {logging_mixin.py:188} INFO - [2026-08-20T05:35:57.847+0000] {dag.py:3089} INFO - Sync 1 DAGs
[2026-08-20T05:35:57.893+0000] {logging_mixin.py:188} INFO - [2026-08-20T05:35:57.893+0000] {dag.py:3947} INFO - Setting next_dagrun for flights_ops_medallioin_pipe to 2026-08-20 05:30:00+00:00, run_after=2026-08-20 06:00:00+00:00
[2026-08-20T05:35:57.932+0000] {processor.py:183} INFO - Processing /opt/airflow/dags/flight-pipeline.py took 0.786 seconds
[2026-08-20T05:36:28.266+0000] {processor.py:161} INFO - Started process (PID=225) to work on /opt/airflow/dags/flight-pipeline.py
[2026-08-20T05:36:28.269+0000] {processor.py:830} INFO - Processing file /opt/airflow/dags/flight-pipeline.py for tasks to queue
[2026-08-20T05:36:28.273+0000] {logging_mixin.py:188} INFO - [2026-08-20T05:36:28.272+0000] {dagbag.py:545} INFO - Filling up the DagBag from /opt/airflow/dags/flight-pipeline.py
[2026-08-20T05:36:28.896+0000] {processor.py:840} INFO - DAG(s) 'flights_ops_medallioin_pipe' retrieved from /opt/airflow/dags/flight-pipeline.py
[2026-08-20T05:36:28.951+0000] {logging_mixin.py:188} INFO - [2026-08-20T05:36:28.950+0000] {dag.py:3089} INFO - Sync 1 DAGs
[2026-08-20T05:36:29.237+0000] {logging_mixin.py:188} INFO - [2026-08-20T05:36:29.237+0000] {dag.py:3947} INFO - Setting next_dagrun for flights_ops_medallioin_pipe to 2026-08-20 05:30:00+00:00, run_after=2026-08-20 06:00:00+00:00
[2026-08-20T05:36:29.275+0000] {processor.py:183} INFO - Processing /opt/airflow/dags/flight-pipeline.py took 1.021 seconds
[2026-08-20T05:36:59.524+0000] {processor.py:161} INFO - Started process (PID=227) to work on /opt/airflow/dags/flight-pipeline.py
[2026-08-20T05:36:59.527+0000] {processor.py:830} INFO - Processing file /opt/airflow/dags/flight-pipeline.py for tasks to queue
[2026-08-20T05:36:59.531+0000] {logging_mixin.py:188} INFO - [2026-08-20T05:36:59.530+0000] {dagbag.py:545} INFO - Filling up the DagBag from /opt/airflow/dags/flight-pipeline.py
[2026-08-20T05:37:00.169+0000] {processor.py:840} INFO - DAG(s) 'flights_ops_medallioin_pipe' retrieved from /opt/airflow/dags/flight-pipeline.py
[2026-08-20T05:37:00.224+0000] {logging_mixin.py:188} INFO - [2026-08-20T05:37:00.224+0000] {dag.py:3089} INFO - Sync 1 DAGs
[2026-08-20T05:37:00.269+0000] {logging_mixin.py:188} INFO - [2026-08-20T05:37:00.269+0000] {dag.py:3947} INFO - Setting next_dagrun for flights_ops_medallioin_pipe to 2026-08-20 05:30:00+00:00, run_after=2026-08-20 06:00:00+00:00
[2026-08-20T05:37:00.311+0000] {processor.py:183} INFO - Processing /opt/airflow/dags/flight-pipeline.py took 0.797 seconds
[2026-08-20T05:37:30.627+0000] {processor.py:161} INFO - Started process (PID=229) to work on /opt/airflow/dags/flight-pipeline.py
[2026-08-20T05:37:30.630+0000] {processor.py:830} INFO - Processing file /opt/airflow/dags/flight-pipeline.py for tasks to queue
[2026-08-20T05:37:30.635+0000] {logging_mixin.py:188} INFO - [2026-08-20T05:37:30.634+0000] {dagbag.py:545} INFO - Filling up the DagBag from /opt/airflow/dags/flight-pipeline.py
[2026-08-20T05:37:31.262+0000] {processor.py:840} INFO - DAG(s) 'flights_ops_medallioin_pipe' retrieved from /opt/airflow/dags/flight-pipeline.py
[2026-08-20T05:37:31.317+0000] {logging_mixin.py:188} INFO - [2026-08-20T05:37:31.316+0000] {dag.py:3089} INFO - Sync 1 DAGs
[2026-08-20T05:37:31.363+0000] {logging_mixin.py:188} INFO - [2026-08-20T05:37:31.362+0000] {dag.py:3947} INFO - Setting next_dagrun for flights_ops_medallioin_pipe to 2026-08-20 05:30:00+00:00, run_after=2026-08-20 06:00:00+00:00
[2026-08-20T05:37:31.400+0000] {processor.py:183} INFO - Processing /opt/airflow/dags/flight-pipeline.py took 0.784 seconds
[2026-08-20T05:38:01.769+0000] {processor.py:161} INFO - Started process (PID=231) to work on /opt/airflow/dags/flight-pipeline.py
[2026-08-20T05:38:01.772+0000] {processor.py:830} INFO - Processing file /opt/airflow/dags/flight-pipeline.py for tasks to queue
[2026-08-20T05:38:01.776+0000] {logging_mixin.py:188} INFO - [2026-08-20T05:38:01.776+0000] {dagbag.py:545} INFO - Filling up the DagBag from /opt/airflow/dags/flight-pipeline.py
[2026-08-20T05:38:02.412+0000] {processor.py:840} INFO - DAG(s) 'flights_ops_medallioin_pipe' retrieved from /opt/airflow/dags/flight-pipeline.py
[2026-08-20T05:38:02.467+0000] {logging_mixin.py:188} INFO - [2026-08-20T05:38:02.466+0000] {dag.py:3089} INFO - Sync 1 DAGs
[2026-08-20T05:38:02.509+0000] {logging_mixin.py:188} INFO - [2026-08-20T05:38:02.509+0000] {dag.py:3947} INFO - Setting next_dagrun for flights_ops_medallioin_pipe to 2026-08-20 05:30:00+00:00, run_after=2026-08-20 06:00:00+00:00
[2026-08-20T05:38:02.546+0000] {processor.py:183} INFO - Processing /opt/airflow/dags/flight-pipeline.py took 0.788 seconds
[2026-08-20T05:38:32.853+0000] {processor.py:161} INFO - Started process (PID=233) to work on /opt/airflow/dags/flight-pipeline.py
[2026-08-20T05:38:32.856+0000] {processor.py:830} INFO - Processing file /opt/airflow/dags/flight-pipeline.py for tasks to queue
[2026-08-20T05:38:32.861+0000] {logging_mixin.py:188} INFO - [2026-08-20T05:38:32.860+0000] {dagbag.py:545} INFO - Filling up the DagBag from /opt/airflow/dags/flight-pipeline.py
[2026-08-20T05:38:33.540+0000] {processor.py:840} INFO - DAG(s) 'flights_ops_medallioin_pipe' retrieved from /opt/airflow/dags/flight-pipeline.py
[2026-08-20T05:38:33.596+0000] {logging_mixin.py:188} INFO - [2026-08-20T05:38:33.595+0000] {dag.py:3089} INFO - Sync 1 DAGs
[2026-08-20T05:38:33.640+0000] {logging_mixin.py:188} INFO - [2026-08-20T05:38:33.640+0000] {dag.py:3947} INFO - Setting next_dagrun for flights_ops_medallioin_pipe to 2026-08-20 05:30:00+00:00, run_after=2026-08-20 06:00:00+00:00
[2026-08-20T05:38:33.679+0000] {processor.py:183} INFO - Processing /opt/airflow/dags/flight-pipeline.py took 0.839 seconds
[2026-08-20T05:39:04.350+0000] {processor.py:161} INFO - Started process (PID=235) to work on /opt/airflow/dags/flight-pipeline.py
[2026-08-20T05:39:04.356+0000] {processor.py:830} INFO - Processing file /opt/airflow/dags/flight-pipeline.py for tasks to queue
[2026-08-20T05:39:04.367+0000] {logging_mixin.py:188} INFO - [2026-08-20T05:39:04.366+0000] {dagbag.py:545} INFO - Filling up the DagBag from /opt/airflow/dags/flight-pipeline.py
[2026-08-20T05:39:05.205+0000] {processor.py:840} INFO - DAG(s) 'flights_ops_medallioin_pipe' retrieved from /opt/airflow/dags/flight-pipeline.py
[2026-08-20T05:39:05.265+0000] {logging_mixin.py:188} INFO - [2026-08-20T05:39:05.264+0000] {dag.py:3089} INFO - Sync 1 DAGs
[2026-08-20T05:39:05.311+0000] {logging_mixin.py:188} INFO - [2026-08-20T05:39:05.311+0000] {dag.py:3947} INFO - Setting next_dagrun for flights_ops_medallioin_pipe to 2026-08-20 05:30:00+00:00, run_after=2026-08-20 06:00:00+00:00
[2026-08-20T05:39:05.700+0000] {processor.py:183} INFO - Processing /opt/airflow/dags/flight-pipeline.py took 1.393 seconds
[2026-08-20T05:39:35.811+0000] {processor.py:161} INFO - Started process (PID=237) to work on /opt/airflow/dags/flight-pipeline.py
[2026-08-20T05:39:35.814+0000] {processor.py:830} INFO - Processing file /opt/airflow/dags/flight-pipeline.py for tasks to queue
[2026-08-20T05:39:35.818+0000] {logging_mixin.py:188} INFO - [2026-08-20T05:39:35.818+0000] {dagbag.py:545} INFO - Filling up the DagBag from /opt/airflow/dags/flight-pipeline.py
[2026-08-20T05:39:36.501+0000] {processor.py:840} INFO - DAG(s) 'flights_ops_medallioin_pipe' retrieved from /opt/airflow/dags/flight-pipeline.py
[2026-08-20T05:39:36.568+0000] {logging_mixin.py:188} INFO - [2026-08-20T05:39:36.567+0000] {dag.py:3089} INFO - Sync 1 DAGs
[2026-08-20T05:39:36.842+0000] {logging_mixin.py:188} INFO - [2026-08-20T05:39:36.842+0000] {dag.py:3947} INFO - Setting next_dagrun for flights_ops_medallioin_pipe to 2026-08-20 05:30:00+00:00, run_after=2026-08-20 06:00:00+00:00
[2026-08-20T05:39:36.878+0000] {processor.py:183} INFO - Processing /opt/airflow/dags/flight-pipeline.py took 1.080 seconds
[2026-08-20T05:40:07.073+0000] {processor.py:161} INFO - Started process (PID=239) to work on /opt/airflow/dags/flight-pipeline.py
[2026-08-20T05:40:07.076+0000] {processor.py:830} INFO - Processing file /opt/airflow/dags/flight-pipeline.py for tasks to queue
[2026-08-20T05:40:07.081+0000] {logging_mixin.py:188} INFO - [2026-08-20T05:40:07.080+0000] {dagbag.py:545} INFO - Filling up the DagBag from /opt/airflow/dags/flight-pipeline.py
[2026-08-20T05:40:07.697+0000] {processor.py:840} INFO - DAG(s) 'flights_ops_medallioin_pipe' retrieved from /opt/airflow/dags/flight-pipeline.py
[2026-08-20T05:40:07.751+0000] {logging_mixin.py:188} INFO - [2026-08-20T05:40:07.750+0000] {dag.py:3089} INFO - Sync 1 DAGs
[2026-08-20T05:40:07.798+0000] {logging_mixin.py:188} INFO - [2026-08-20T05:40:07.797+0000] {dag.py:3947} INFO - Setting next_dagrun for flights_ops_medallioin_pipe to 2026-08-20 05:30:00+00:00, run_after=2026-08-20 06:00:00+00:00
[2026-08-20T05:40:07.835+0000] {processor.py:183} INFO - Processing /opt/airflow/dags/flight-pipeline.py took 0.773 seconds
[2026-08-20T05:40:38.213+0000] {processor.py:161} INFO - Started process (PID=241) to work on /opt/airflow/dags/flight-pipeline.py
[2026-08-20T05:40:38.216+0000] {processor.py:830} INFO - Processing file /opt/airflow/dags/flight-pipeline.py for tasks to queue
[2026-08-20T05:40:38.221+0000] {logging_mixin.py:188} INFO - [2026-08-20T05:40:38.219+0000] {dagbag.py:545} INFO - Filling up the DagBag from /opt/airflow/dags/flight-pipeline.py
[2026-08-20T05:40:38.856+0000] {processor.py:840} INFO - DAG(s) 'flights_ops_medallioin_pipe' retrieved from /opt/airflow/dags/flight-pipeline.py
[2026-08-20T05:40:38.913+0000] {logging_mixin.py:188} INFO - [2026-08-20T05:40:38.912+0000] {dag.py:3089} INFO - Sync 1 DAGs
[2026-08-20T05:40:38.958+0000] {logging_mixin.py:188} INFO - [2026-08-20T05:40:38.957+0000] {dag.py:3947} INFO - Setting next_dagrun for flights_ops_medallioin_pipe to 2026-08-20 05:30:00+00:00, run_after=2026-08-20 06:00:00+00:00
[2026-08-20T05:40:38.998+0000] {processor.py:183} INFO - Processing /opt/airflow/dags/flight-pipeline.py took 0.796 seconds
[2026-08-20T05:41:09.300+0000] {processor.py:161} INFO - Started process (PID=243) to work on /opt/airflow/dags/flight-pipeline.py
[2026-08-20T05:41:09.302+0000] {processor.py:830} INFO - Processing file /opt/airflow/dags/flight-pipeline.py for tasks to queue
[2026-08-20T05:41:09.309+0000] {logging_mixin.py:188} INFO - [2026-08-20T05:41:09.308+0000] {dagbag.py:545} INFO - Filling up the DagBag from /opt/airflow/dags/flight-pipeline.py
[2026-08-20T05:41:09.941+0000] {processor.py:840} INFO - DAG(s) 'flights_ops_medallioin_pipe' retrieved from /opt/airflow/dags/flight-pipeline.py
[2026-08-20T05:41:09.997+0000] {logging_mixin.py:188} INFO - [2026-08-20T05:41:09.996+0000] {dag.py:3089} INFO - Sync 1 DAGs
[2026-08-20T05:41:10.042+0000] {logging_mixin.py:188} INFO - [2026-08-20T05:41:10.042+0000] {dag.py:3947} INFO - Setting next_dagrun for flights_ops_medallioin_pipe to 2026-08-20 05:30:00+00:00, run_after=2026-08-20 06:00:00+00:00
[2026-08-20T05:41:10.082+0000] {processor.py:183} INFO - Processing /opt/airflow/dags/flight-pipeline.py took 0.795 seconds
[2026-08-20T05:41:40.394+0000] {processor.py:161} INFO - Started process (PID=245) to work on /opt/airflow/dags/flight-pipeline.py
[2026-08-20T05:41:40.397+0000] {processor.py:830} INFO - Processing file /opt/airflow/dags/flight-pipeline.py for tasks to queue
[2026-08-20T05:41:40.403+0000] {logging_mixin.py:188} INFO - [2026-08-20T05:41:40.402+0000] {dagbag.py:545} INFO - Filling up the DagBag from /opt/airflow/dags/flight-pipeline.py
[2026-08-20T05:41:41.027+0000] {processor.py:840} INFO - DAG(s) 'flights_ops_medallioin_pipe' retrieved from /opt/airflow/dags/flight-pipeline.py
[2026-08-20T05:41:41.081+0000] {logging_mixin.py:188} INFO - [2026-08-20T05:41:41.081+0000] {dag.py:3089} INFO - Sync 1 DAGs
[2026-08-20T05:41:41.130+0000] {logging_mixin.py:188} INFO - [2026-08-20T05:41:41.130+0000] {dag.py:3947} INFO - Setting next_dagrun for flights_ops_medallioin_pipe to 2026-08-20 05:30:00+00:00, run_after=2026-08-20 06:00:00+00:00
[2026-08-20T05:41:41.176+0000] {processor.py:183} INFO - Processing /opt/airflow/dags/flight-pipeline.py took 0.793 seconds
[2026-08-20T05:42:11.547+0000] {processor.py:161} INFO - Started process (PID=247) to work on /opt/airflow/dags/flight-pipeline.py
[2026-08-20T05:42:11.550+0000] {processor.py:830} INFO - Processing file /opt/airflow/dags/flight-pipeline.py for tasks to queue
[2026-08-20T05:42:11.556+0000] {logging_mixin.py:188} INFO - [2026-08-20T05:42:11.555+0000] {dagbag.py:545} INFO - Filling up the DagBag from /opt/airflow/dags/flight-pipeline.py
[2026-08-20T05:42:12.509+0000] {processor.py:840} INFO - DAG(s) 'flights_ops_medallioin_pipe' retrieved from /opt/airflow/dags/flight-pipeline.py
[2026-08-20T05:42:12.566+0000] {logging_mixin.py:188} INFO - [2026-08-20T05:42:12.566+0000] {dag.py:3089} INFO - Sync 1 DAGs
[2026-08-20T05:42:12.616+0000] {logging_mixin.py:188} INFO - [2026-08-20T05:42:12.616+0000] {dag.py:3947} INFO - Setting next_dagrun for flights_ops_medallioin_pipe to 2026-08-20 05:30:00+00:00, run_after=2026-08-20 06:00:00+00:00
[2026-08-20T05:42:12.895+0000] {processor.py:183} INFO - Processing /opt/airflow/dags/flight-pipeline.py took 1.359 seconds
[2026-08-20T05:42:43.233+0000] {processor.py:161} INFO - Started process (PID=249) to work on /opt/airflow/dags/flight-pipeline.py
[2026-08-20T05:42:43.236+0000] {processor.py:830} INFO - Processing file /opt/airflow/dags/flight-pipeline.py for tasks to queue
[2026-08-20T05:42:43.240+0000] {logging_mixin.py:188} INFO - [2026-08-20T05:42:43.240+0000] {dagbag.py:545} INFO - Filling up the DagBag from /opt/airflow/dags/flight-pipeline.py
[2026-08-20T05:42:43.885+0000] {processor.py:840} INFO - DAG(s) 'flights_ops_medallioin_pipe' retrieved from /opt/airflow/dags/flight-pipeline.py
[2026-08-20T05:42:43.942+0000] {logging_mixin.py:188} INFO - [2026-08-20T05:42:43.941+0000] {dag.py:3089} INFO - Sync 1 DAGs
[2026-08-20T05:42:44.295+0000] {logging_mixin.py:188} INFO - [2026-08-20T05:42:44.295+0000] {dag.py:3947} INFO - Setting next_dagrun for flights_ops_medallioin_pipe to 2026-08-20 05:30:00+00:00, run_after=2026-08-20 06:00:00+00:00
[2026-08-20T05:42:44.359+0000] {processor.py:183} INFO - Processing /opt/airflow/dags/flight-pipeline.py took 1.138 seconds
[2026-08-20T05:43:14.593+0000] {processor.py:161} INFO - Started process (PID=251) to work on /opt/airflow/dags/flight-pipeline.py
[2026-08-20T05:43:14.597+0000] {processor.py:830} INFO - Processing file /opt/airflow/dags/flight-pipeline.py for tasks to queue
[2026-08-20T05:43:14.601+0000] {logging_mixin.py:188} INFO - [2026-08-20T05:43:14.601+0000] {dagbag.py:545} INFO - Filling up the DagBag from /opt/airflow/dags/flight-pipeline.py
[2026-08-20T05:43:15.238+0000] {processor.py:840} INFO - DAG(s) 'flights_ops_medallioin_pipe' retrieved from /opt/airflow/dags/flight-pipeline.py
[2026-08-20T05:43:15.296+0000] {logging_mixin.py:188} INFO - [2026-08-20T05:43:15.295+0000] {dag.py:3089} INFO - Sync 1 DAGs
[2026-08-20T05:43:15.340+0000] {logging_mixin.py:188} INFO - [2026-08-20T05:43:15.339+0000] {dag.py:3947} INFO - Setting next_dagrun for flights_ops_medallioin_pipe to 2026-08-20 05:30:00+00:00, run_after=2026-08-20 06:00:00+00:00
[2026-08-20T05:43:15.382+0000] {processor.py:183} INFO - Processing /opt/airflow/dags/flight-pipeline.py took 0.804 seconds
[2026-08-20T05:43:45.688+0000] {processor.py:161} INFO - Started process (PID=253) to work on /opt/airflow/dags/flight-pipeline.py
[2026-08-20T05:43:45.691+0000] {processor.py:830} INFO - Processing file /opt/airflow/dags/flight-pipeline.py for tasks to queue
[2026-08-20T05:43:45.695+0000] {logging_mixin.py:188} INFO - [2026-08-20T05:43:45.694+0000] {dagbag.py:545} INFO - Filling up the DagBag from /opt/airflow/dags/flight-pipeline.py
[2026-08-20T05:43:46.346+0000] {processor.py:840} INFO - DAG(s) 'flights_ops_medallioin_pipe' retrieved from /opt/airflow/dags/flight-pipeline.py
[2026-08-20T05:43:46.403+0000] {logging_mixin.py:188} INFO - [2026-08-20T05:43:46.403+0000] {dag.py:3089} INFO - Sync 1 DAGs
[2026-08-20T05:43:46.474+0000] {logging_mixin.py:188} INFO - [2026-08-20T05:43:46.474+0000] {dag.py:3947} INFO - Setting next_dagrun for flights_ops_medallioin_pipe to 2026-08-20 05:30:00+00:00, run_after=2026-08-20 06:00:00+00:00
[2026-08-20T05:43:46.514+0000] {processor.py:183} INFO - Processing /opt/airflow/dags/flight-pipeline.py took 0.838 seconds
[2026-08-20T05:44:16.859+0000] {processor.py:161} INFO - Started process (PID=255) to work on /opt/airflow/dags/flight-pipeline.py
[2026-08-20T05:44:16.862+0000] {processor.py:830} INFO - Processing file /opt/airflow/dags/flight-pipeline.py for tasks to queue
[2026-08-20T05:44:16.867+0000] {logging_mixin.py:188} INFO - [2026-08-20T05:44:16.866+0000] {dagbag.py:545} INFO - Filling up the DagBag from /opt/airflow/dags/flight-pipeline.py
[2026-08-20T05:44:17.517+0000] {processor.py:840} INFO - DAG(s) 'flights_ops_medallioin_pipe' retrieved from /opt/airflow/dags/flight-pipeline.py
[2026-08-20T05:44:17.572+0000] {logging_mixin.py:188} INFO - [2026-08-20T05:44:17.571+0000] {dag.py:3089} INFO - Sync 1 DAGs
[2026-08-20T05:44:17.616+0000] {logging_mixin.py:188} INFO - [2026-08-20T05:44:17.616+0000] {dag.py:3947} INFO - Setting next_dagrun for flights_ops_medallioin_pipe to 2026-08-20 05:30:00+00:00, run_after=2026-08-20 06:00:00+00:00
[2026-08-20T05:44:17.653+0000] {processor.py:183} INFO - Processing /opt/airflow/dags/flight-pipeline.py took 0.807 seconds
[2026-08-20T05:44:48.001+0000] {processor.py:161} INFO - Started process (PID=257) to work on /opt/airflow/dags/flight-pipeline.py
[2026-08-20T05:44:48.004+0000] {processor.py:830} INFO - Processing file /opt/airflow/dags/flight-pipeline.py for tasks to queue
[2026-08-20T05:44:48.009+0000] {logging_mixin.py:188} INFO - [2026-08-20T05:44:48.008+0000] {dagbag.py:545} INFO - Filling up the DagBag from /opt/airflow/dags/flight-pipeline.py
[2026-08-20T05:44:48.633+0000] {processor.py:840} INFO - DAG(s) 'flights_ops_medallioin_pipe' retrieved from /opt/airflow/dags/flight-pipeline.py
[2026-08-20T05:44:48.687+0000] {logging_mixin.py:188} INFO - [2026-08-20T05:44:48.687+0000] {dag.py:3089} INFO - Sync 1 DAGs
[2026-08-20T05:44:48.731+0000] {logging_mixin.py:188} INFO - [2026-08-20T05:44:48.731+0000] {dag.py:3947} INFO - Setting next_dagrun for flights_ops_medallioin_pipe to 2026-08-20 05:30:00+00:00, run_after=2026-08-20 06:00:00+00:00
[2026-08-20T05:44:48.774+0000] {processor.py:183} INFO - Processing /opt/airflow/dags/flight-pipeline.py took 0.787 seconds
[2026-08-20T05:45:19.119+0000] {processor.py:161} INFO - Started process (PID=259) to work on /opt/airflow/dags/flight-pipeline.py
[2026-08-20T05:45:19.122+0000] {processor.py:830} INFO - Processing file /opt/airflow/dags/flight-pipeline.py for tasks to queue
[2026-08-20T05:45:19.127+0000] {logging_mixin.py:188} INFO - [2026-08-20T05:45:19.126+0000] {dagbag.py:545} INFO - Filling up the DagBag from /opt/airflow/dags/flight-pipeline.py
[2026-08-20T05:45:19.800+0000] {processor.py:840} INFO - DAG(s) 'flights_ops_medallioin_pipe' retrieved from /opt/airflow/dags/flight-pipeline.py
[2026-08-20T05:45:19.859+0000] {logging_mixin.py:188} INFO - [2026-08-20T05:45:19.858+0000] {dag.py:3089} INFO - Sync 1 DAGs
[2026-08-20T05:45:19.904+0000] {logging_mixin.py:188} INFO - [2026-08-20T05:45:19.904+0000] {dag.py:3947} INFO - Setting next_dagrun for flights_ops_medallioin_pipe to 2026-08-20 05:30:00+00:00, run_after=2026-08-20 06:00:00+00:00
[2026-08-20T05:45:20.174+0000] {processor.py:183} INFO - Processing /opt/airflow/dags/flight-pipeline.py took 1.068 seconds
[2026-08-20T05:45:50.384+0000] {processor.py:161} INFO - Started process (PID=261) to work on /opt/airflow/dags/flight-pipeline.py
[2026-08-20T05:45:50.387+0000] {processor.py:830} INFO - Processing file /opt/airflow/dags/flight-pipeline.py for tasks to queue
[2026-08-20T05:45:50.392+0000] {logging_mixin.py:188} INFO - [2026-08-20T05:45:50.391+0000] {dagbag.py:545} INFO - Filling up the DagBag from /opt/airflow/dags/flight-pipeline.py
[2026-08-20T05:45:51.027+0000] {processor.py:840} INFO - DAG(s) 'flights_ops_medallioin_pipe' retrieved from /opt/airflow/dags/flight-pipeline.py
[2026-08-20T05:45:51.082+0000] {logging_mixin.py:188} INFO - [2026-08-20T05:45:51.081+0000] {dag.py:3089} INFO - Sync 1 DAGs
[2026-08-20T05:45:51.364+0000] {logging_mixin.py:188} INFO - [2026-08-20T05:45:51.363+0000] {dag.py:3947} INFO - Setting next_dagrun for flights_ops_medallioin_pipe to 2026-08-20 05:30:00+00:00, run_after=2026-08-20 06:00:00+00:00
[2026-08-20T05:45:51.398+0000] {processor.py:183} INFO - Processing /opt/airflow/dags/flight-pipeline.py took 1.027 seconds
[2026-08-20T05:46:21.658+0000] {processor.py:161} INFO - Started process (PID=263) to work on /opt/airflow/dags/flight-pipeline.py
[2026-08-20T05:46:21.661+0000] {processor.py:830} INFO - Processing file /opt/airflow/dags/flight-pipeline.py for tasks to queue
[2026-08-20T05:46:21.666+0000] {logging_mixin.py:188} INFO - [2026-08-20T05:46:21.665+0000] {dagbag.py:545} INFO - Filling up the DagBag from /opt/airflow/dags/flight-pipeline.py
[2026-08-20T05:46:22.305+0000] {processor.py:840} INFO - DAG(s) 'flights_ops_medallioin_pipe' retrieved from /opt/airflow/dags/flight-pipeline.py
[2026-08-20T05:46:22.361+0000] {logging_mixin.py:188} INFO - [2026-08-20T05:46:22.360+0000] {dag.py:3089} INFO - Sync 1 DAGs
[2026-08-20T05:46:22.405+0000] {logging_mixin.py:188} INFO - [2026-08-20T05:46:22.404+0000] {dag.py:3947} INFO - Setting next_dagrun for flights_ops_medallioin_pipe to 2026-08-20 05:30:00+00:00, run_after=2026-08-20 06:00:00+00:00
[2026-08-20T05:46:22.443+0000] {processor.py:183} INFO - Processing /opt/airflow/dags/flight-pipeline.py took 0.798 seconds
[2026-08-20T05:46:52.866+0000] {processor.py:161} INFO - Started process (PID=265) to work on /opt/airflow/dags/flight-pipeline.py
[2026-08-20T05:46:52.869+0000] {processor.py:830} INFO - Processing file /opt/airflow/dags/flight-pipeline.py for tasks to queue
[2026-08-20T05:46:52.873+0000] {logging_mixin.py:188} INFO - [2026-08-20T05:46:52.872+0000] {dagbag.py:545} INFO - Filling up the DagBag from /opt/airflow/dags/flight-pipeline.py
[2026-08-20T05:46:53.505+0000] {processor.py:840} INFO - DAG(s) 'flights_ops_medallioin_pipe' retrieved from /opt/airflow/dags/flight-pipeline.py
[2026-08-20T05:46:53.567+0000] {logging_mixin.py:188} INFO - [2026-08-20T05:46:53.567+0000] {dag.py:3089} INFO - Sync 1 DAGs
[2026-08-20T05:46:53.617+0000] {logging_mixin.py:188} INFO - [2026-08-20T05:46:53.617+0000] {dag.py:3947} INFO - Setting next_dagrun for flights_ops_medallioin_pipe to 2026-08-20 05:30:00+00:00, run_after=2026-08-20 06:00:00+00:00
[2026-08-20T05:46:53.660+0000] {processor.py:183} INFO - Processing /opt/airflow/dags/flight-pipeline.py took 0.806 seconds
[2026-08-20T05:47:23.981+0000] {processor.py:161} INFO - Started process (PID=267) to work on /opt/airflow/dags/flight-pipeline.py
[2026-08-20T05:47:23.985+0000] {processor.py:830} INFO - Processing file /opt/airflow/dags/flight-pipeline.py for tasks to queue
[2026-08-20T05:47:23.990+0000] {logging_mixin.py:188} INFO - [2026-08-20T05:47:23.990+0000] {dagbag.py:545} INFO - Filling up the DagBag from /opt/airflow/dags/flight-pipeline.py
[2026-08-20T05:47:24.745+0000] {processor.py:840} INFO - DAG(s) 'flights_ops_medallioin_pipe' retrieved from /opt/airflow/dags/flight-pipeline.py
[2026-08-20T05:47:24.796+0000] {logging_mixin.py:188} INFO - [2026-08-20T05:47:24.795+0000] {dag.py:3089} INFO - Sync 1 DAGs
[2026-08-20T05:47:24.842+0000] {logging_mixin.py:188} INFO - [2026-08-20T05:47:24.842+0000] {dag.py:3947} INFO - Setting next_dagrun for flights_ops_medallioin_pipe to 2026-08-20 05:30:00+00:00, run_after=2026-08-20 06:00:00+00:00
[2026-08-20T05:47:24.884+0000] {processor.py:183} INFO - Processing /opt/airflow/dags/flight-pipeline.py took 0.916 seconds
[2026-08-20T05:47:55.186+0000] {processor.py:161} INFO - Started process (PID=269) to work on /opt/airflow/dags/flight-pipeline.py
[2026-08-20T05:47:55.189+0000] {processor.py:830} INFO - Processing file /opt/airflow/dags/flight-pipeline.py for tasks to queue
[2026-08-20T05:47:55.196+0000] {logging_mixin.py:188} INFO - [2026-08-20T05:47:55.195+0000] {dagbag.py:545} INFO - Filling up the DagBag from /opt/airflow/dags/flight-pipeline.py
[2026-08-20T05:47:55.976+0000] {processor.py:840} INFO - DAG(s) 'flights_ops_medallioin_pipe' retrieved from /opt/airflow/dags/flight-pipeline.py
[2026-08-20T05:47:56.029+0000] {logging_mixin.py:188} INFO - [2026-08-20T05:47:56.029+0000] {dag.py:3089} INFO - Sync 1 DAGs
[2026-08-20T05:47:56.074+0000] {logging_mixin.py:188} INFO - [2026-08-20T05:47:56.073+0000] {dag.py:3947} INFO - Setting next_dagrun for flights_ops_medallioin_pipe to 2026-08-20 05:30:00+00:00, run_after=2026-08-20 06:00:00+00:00
[2026-08-20T05:47:56.113+0000] {processor.py:183} INFO - Processing /opt/airflow/dags/flight-pipeline.py took 0.937 seconds
[2026-08-20T05:48:26.422+0000] {processor.py:161} INFO - Started process (PID=271) to work on /opt/airflow/dags/flight-pipeline.py
[2026-08-20T05:48:26.425+0000] {processor.py:830} INFO - Processing file /opt/airflow/dags/flight-pipeline.py for tasks to queue
[2026-08-20T05:48:26.430+0000] {logging_mixin.py:188} INFO - [2026-08-20T05:48:26.429+0000] {dagbag.py:545} INFO - Filling up the DagBag from /opt/airflow/dags/flight-pipeline.py
[2026-08-20T05:48:27.095+0000] {processor.py:840} INFO - DAG(s) 'flights_ops_medallioin_pipe' retrieved from /opt/airflow/dags/flight-pipeline.py
[2026-08-20T05:48:27.150+0000] {logging_mixin.py:188} INFO - [2026-08-20T05:48:27.149+0000] {dag.py:3089} INFO - Sync 1 DAGs
[2026-08-20T05:48:27.198+0000] {logging_mixin.py:188} INFO - [2026-08-20T05:48:27.197+0000] {dag.py:3947} INFO - Setting next_dagrun for flights_ops_medallioin_pipe to 2026-08-20 05:30:00+00:00, run_after=2026-08-20 06:00:00+00:00
[2026-08-20T05:48:27.490+0000] {processor.py:183} INFO - Processing /opt/airflow/dags/flight-pipeline.py took 1.080 seconds
[2026-08-20T05:48:57.689+0000] {processor.py:161} INFO - Started process (PID=273) to work on /opt/airflow/dags/flight-pipeline.py
[2026-08-20T05:48:57.693+0000] {processor.py:830} INFO - Processing file /opt/airflow/dags/flight-pipeline.py for tasks to queue
[2026-08-20T05:48:57.699+0000] {logging_mixin.py:188} INFO - [2026-08-20T05:48:57.699+0000] {dagbag.py:545} INFO - Filling up the DagBag from /opt/airflow/dags/flight-pipeline.py
[2026-08-20T05:48:58.337+0000] {processor.py:840} INFO - DAG(s) 'flights_ops_medallioin_pipe' retrieved from /opt/airflow/dags/flight-pipeline.py
[2026-08-20T05:48:58.393+0000] {logging_mixin.py:188} INFO - [2026-08-20T05:48:58.392+0000] {dag.py:3089} INFO - Sync 1 DAGs
[2026-08-20T05:48:58.720+0000] {logging_mixin.py:188} INFO - [2026-08-20T05:48:58.720+0000] {dag.py:3947} INFO - Setting next_dagrun for flights_ops_medallioin_pipe to 2026-08-20 05:30:00+00:00, run_after=2026-08-20 06:00:00+00:00
[2026-08-20T05:48:58.760+0000] {processor.py:183} INFO - Processing /opt/airflow/dags/flight-pipeline.py took 1.086 seconds
[2026-08-20T05:49:29.047+0000] {processor.py:161} INFO - Started process (PID=275) to work on /opt/airflow/dags/flight-pipeline.py
[2026-08-20T05:49:29.050+0000] {processor.py:830} INFO - Processing file /opt/airflow/dags/flight-pipeline.py for tasks to queue
[2026-08-20T05:49:29.055+0000] {logging_mixin.py:188} INFO - [2026-08-20T05:49:29.054+0000] {dagbag.py:545} INFO - Filling up the DagBag from /opt/airflow/dags/flight-pipeline.py
[2026-08-20T05:49:29.731+0000] {processor.py:840} INFO - DAG(s) 'flights_ops_medallioin_pipe' retrieved from /opt/airflow/dags/flight-pipeline.py
[2026-08-20T05:49:29.788+0000] {logging_mixin.py:188} INFO - [2026-08-20T05:49:29.787+0000] {dag.py:3089} INFO - Sync 1 DAGs
[2026-08-20T05:49:29.838+0000] {logging_mixin.py:188} INFO - [2026-08-20T05:49:29.838+0000] {dag.py:3947} INFO - Setting next_dagrun for flights_ops_medallioin_pipe to 2026-08-20 05:30:00+00:00, run_after=2026-08-20 06:00:00+00:00
[2026-08-20T05:49:29.879+0000] {processor.py:183} INFO - Processing /opt/airflow/dags/flight-pipeline.py took 0.843 seconds
[2026-08-20T05:50:00.226+0000] {processor.py:161} INFO - Started process (PID=277) to work on /opt/airflow/dags/flight-pipeline.py
[2026-08-20T05:50:00.229+0000] {processor.py:830} INFO - Processing file /opt/airflow/dags/flight-pipeline.py for tasks to queue
[2026-08-20T05:50:00.233+0000] {logging_mixin.py:188} INFO - [2026-08-20T05:50:00.233+0000] {dagbag.py:545} INFO - Filling up the DagBag from /opt/airflow/dags/flight-pipeline.py
[2026-08-20T05:50:00.895+0000] {processor.py:840} INFO - DAG(s) 'flights_ops_medallioin_pipe' retrieved from /opt/airflow/dags/flight-pipeline.py
[2026-08-20T05:50:00.950+0000] {logging_mixin.py:188} INFO - [2026-08-20T05:50:00.949+0000] {dag.py:3089} INFO - Sync 1 DAGs
[2026-08-20T05:50:00.997+0000] {logging_mixin.py:188} INFO - [2026-08-20T05:50:00.997+0000] {dag.py:3947} INFO - Setting next_dagrun for flights_ops_medallioin_pipe to 2026-08-20 05:30:00+00:00, run_after=2026-08-20 06:00:00+00:00
[2026-08-20T05:50:01.034+0000] {processor.py:183} INFO - Processing /opt/airflow/dags/flight-pipeline.py took 0.819 seconds
[2026-08-20T05:50:31.359+0000] {processor.py:161} INFO - Started process (PID=279) to work on /opt/airflow/dags/flight-pipeline.py
[2026-08-20T05:50:31.363+0000] {processor.py:830} INFO - Processing file /opt/airflow/dags/flight-pipeline.py for tasks to queue
[2026-08-20T05:50:31.368+0000] {logging_mixin.py:188} INFO - [2026-08-20T05:50:31.368+0000] {dagbag.py:545} INFO - Filling up the DagBag from /opt/airflow/dags/flight-pipeline.py
[2026-08-20T05:50:32.004+0000] {processor.py:840} INFO - DAG(s) 'flights_ops_medallioin_pipe' retrieved from /opt/airflow/dags/flight-pipeline.py
[2026-08-20T05:50:32.058+0000] {logging_mixin.py:188} INFO - [2026-08-20T05:50:32.057+0000] {dag.py:3089} INFO - Sync 1 DAGs
[2026-08-20T05:50:32.104+0000] {logging_mixin.py:188} INFO - [2026-08-20T05:50:32.104+0000] {dag.py:3947} INFO - Setting next_dagrun for flights_ops_medallioin_pipe to 2026-08-20 05:30:00+00:00, run_after=2026-08-20 06:00:00+00:00
[2026-08-20T05:50:32.149+0000] {processor.py:183} INFO - Processing /opt/airflow/dags/flight-pipeline.py took 0.805 seconds
[2026-08-20T05:51:02.458+0000] {processor.py:161} INFO - Started process (PID=281) to work on /opt/airflow/dags/flight-pipeline.py
[2026-08-20T05:51:02.461+0000] {processor.py:830} INFO - Processing file /opt/airflow/dags/flight-pipeline.py for tasks to queue
[2026-08-20T05:51:02.466+0000] {logging_mixin.py:188} INFO - [2026-08-20T05:51:02.465+0000] {dagbag.py:545} INFO - Filling up the DagBag from /opt/airflow/dags/flight-pipeline.py
[2026-08-20T05:51:03.097+0000] {processor.py:840} INFO - DAG(s) 'flights_ops_medallioin_pipe' retrieved from /opt/airflow/dags/flight-pipeline.py
[2026-08-20T05:51:03.150+0000] {logging_mixin.py:188} INFO - [2026-08-20T05:51:03.149+0000] {dag.py:3089} INFO - Sync 1 DAGs
[2026-08-20T05:51:03.194+0000] {logging_mixin.py:188} INFO - [2026-08-20T05:51:03.194+0000] {dag.py:3947} INFO - Setting next_dagrun for flights_ops_medallioin_pipe to 2026-08-20 05:30:00+00:00, run_after=2026-08-20 06:00:00+00:00
[2026-08-20T05:51:03.465+0000] {processor.py:183} INFO - Processing /opt/airflow/dags/flight-pipeline.py took 1.020 seconds
[2026-08-20T05:51:33.721+0000] {processor.py:161} INFO - Started process (PID=283) to work on /opt/airflow/dags/flight-pipeline.py
[2026-08-20T05:51:33.724+0000] {processor.py:830} INFO - Processing file /opt/airflow/dags/flight-pipeline.py for tasks to queue
[2026-08-20T05:51:33.729+0000] {logging_mixin.py:188} INFO - [2026-08-20T05:51:33.728+0000] {dagbag.py:545} INFO - Filling up the DagBag from /opt/airflow/dags/flight-pipeline.py
[2026-08-20T05:51:34.388+0000] {processor.py:840} INFO - DAG(s) 'flights_ops_medallioin_pipe' retrieved from /opt/airflow/dags/flight-pipeline.py
[2026-08-20T05:51:34.449+0000] {logging_mixin.py:188} INFO - [2026-08-20T05:51:34.448+0000] {dag.py:3089} INFO - Sync 1 DAGs
[2026-08-20T05:51:34.837+0000] {logging_mixin.py:188} INFO - [2026-08-20T05:51:34.837+0000] {dag.py:3947} INFO - Setting next_dagrun for flights_ops_medallioin_pipe to 2026-08-20 05:30:00+00:00, run_after=2026-08-20 06:00:00+00:00
[2026-08-20T05:51:34.874+0000] {processor.py:183} INFO - Processing /opt/airflow/dags/flight-pipeline.py took 1.164 seconds
[2026-08-20T05:52:05.030+0000] {processor.py:161} INFO - Started process (PID=285) to work on /opt/airflow/dags/flight-pipeline.py
[2026-08-20T05:52:05.033+0000] {processor.py:830} INFO - Processing file /opt/airflow/dags/flight-pipeline.py for tasks to queue
[2026-08-20T05:52:05.041+0000] {logging_mixin.py:188} INFO - [2026-08-20T05:52:05.040+0000] {dagbag.py:545} INFO - Filling up the DagBag from /opt/airflow/dags/flight-pipeline.py
[2026-08-20T05:52:05.668+0000] {processor.py:840} INFO - DAG(s) 'flights_ops_medallioin_pipe' retrieved from /opt/airflow/dags/flight-pipeline.py
[2026-08-20T05:52:05.723+0000] {logging_mixin.py:188} INFO - [2026-08-20T05:52:05.722+0000] {dag.py:3089} INFO - Sync 1 DAGs
[2026-08-20T05:52:05.994+0000] {logging_mixin.py:188} INFO - [2026-08-20T05:52:05.994+0000] {dag.py:3947} INFO - Setting next_dagrun for flights_ops_medallioin_pipe to 2026-08-20 05:30:00+00:00, run_after=2026-08-20 06:00:00+00:00
[2026-08-20T05:52:06.030+0000] {processor.py:183} INFO - Processing /opt/airflow/dags/flight-pipeline.py took 1.014 seconds
[2026-08-20T05:52:36.330+0000] {processor.py:161} INFO - Started process (PID=287) to work on /opt/airflow/dags/flight-pipeline.py
[2026-08-20T05:52:36.333+0000] {processor.py:830} INFO - Processing file /opt/airflow/dags/flight-pipeline.py for tasks to queue
[2026-08-20T05:52:36.338+0000] {logging_mixin.py:188} INFO - [2026-08-20T05:52:36.337+0000] {dagbag.py:545} INFO - Filling up the DagBag from /opt/airflow/dags/flight-pipeline.py
[2026-08-20T05:52:37.061+0000] {processor.py:840} INFO - DAG(s) 'flights_ops_medallioin_pipe' retrieved from /opt/airflow/dags/flight-pipeline.py
[2026-08-20T05:52:37.141+0000] {logging_mixin.py:188} INFO - [2026-08-20T05:52:37.140+0000] {dag.py:3089} INFO - Sync 1 DAGs
[2026-08-20T05:52:37.187+0000] {logging_mixin.py:188} INFO - [2026-08-20T05:52:37.187+0000] {dag.py:3947} INFO - Setting next_dagrun for flights_ops_medallioin_pipe to 2026-08-20 05:30:00+00:00, run_after=2026-08-20 06:00:00+00:00
[2026-08-20T05:52:37.236+0000] {processor.py:183} INFO - Processing /opt/airflow/dags/flight-pipeline.py took 0.918 seconds
[2026-08-20T05:53:07.638+0000] {processor.py:161} INFO - Started process (PID=289) to work on /opt/airflow/dags/flight-pipeline.py
[2026-08-20T05:53:07.641+0000] {processor.py:830} INFO - Processing file /opt/airflow/dags/flight-pipeline.py for tasks to queue
[2026-08-20T05:53:07.646+0000] {logging_mixin.py:188} INFO - [2026-08-20T05:53:07.645+0000] {dagbag.py:545} INFO - Filling up the DagBag from /opt/airflow/dags/flight-pipeline.py
[2026-08-20T05:53:08.264+0000] {processor.py:840} INFO - DAG(s) 'flights_ops_medallioin_pipe' retrieved from /opt/airflow/dags/flight-pipeline.py
[2026-08-20T05:53:08.321+0000] {logging_mixin.py:188} INFO - [2026-08-20T05:53:08.320+0000] {dag.py:3089} INFO - Sync 1 DAGs
[2026-08-20T05:53:08.367+0000] {logging_mixin.py:188} INFO - [2026-08-20T05:53:08.367+0000] {dag.py:3947} INFO - Setting next_dagrun for flights_ops_medallioin_pipe to 2026-08-20 05:30:00+00:00, run_after=2026-08-20 06:00:00+00:00
[2026-08-20T05:53:08.404+0000] {processor.py:183} INFO - Processing /opt/airflow/dags/flight-pipeline.py took 0.776 seconds
[2026-08-20T05:53:38.736+0000] {processor.py:161} INFO - Started process (PID=291) to work on /opt/airflow/dags/flight-pipeline.py
[2026-08-20T05:53:38.739+0000] {processor.py:830} INFO - Processing file /opt/airflow/dags/flight-pipeline.py for tasks to queue
[2026-08-20T05:53:38.743+0000] {logging_mixin.py:188} INFO - [2026-08-20T05:53:38.743+0000] {dagbag.py:545} INFO - Filling up the DagBag from /opt/airflow/dags/flight-pipeline.py
[2026-08-20T05:53:39.389+0000] {processor.py:840} INFO - DAG(s) 'flights_ops_medallioin_pipe' retrieved from /opt/airflow/dags/flight-pipeline.py
[2026-08-20T05:53:39.442+0000] {logging_mixin.py:188} INFO - [2026-08-20T05:53:39.441+0000] {dag.py:3089} INFO - Sync 1 DAGs
[2026-08-20T05:53:39.483+0000] {logging_mixin.py:188} INFO - [2026-08-20T05:53:39.482+0000] {dag.py:3947} INFO - Setting next_dagrun for flights_ops_medallioin_pipe to 2026-08-20 05:30:00+00:00, run_after=2026-08-20 06:00:00+00:00
[2026-08-20T05:53:39.519+0000] {processor.py:183} INFO - Processing /opt/airflow/dags/flight-pipeline.py took 0.795 seconds
[2026-08-20T05:54:09.815+0000] {processor.py:161} INFO - Started process (PID=293) to work on /opt/airflow/dags/flight-pipeline.py
[2026-08-20T05:54:09.818+0000] {processor.py:830} INFO - Processing file /opt/airflow/dags/flight-pipeline.py for tasks to queue
[2026-08-20T05:54:09.822+0000] {logging_mixin.py:188} INFO - [2026-08-20T05:54:09.822+0000] {dagbag.py:545} INFO - Filling up the DagBag from /opt/airflow/dags/flight-pipeline.py
[2026-08-20T05:54:10.437+0000] {processor.py:840} INFO - DAG(s) 'flights_ops_medallioin_pipe' retrieved from /opt/airflow/dags/flight-pipeline.py
[2026-08-20T05:54:10.490+0000] {logging_mixin.py:188} INFO - [2026-08-20T05:54:10.490+0000] {dag.py:3089} INFO - Sync 1 DAGs
[2026-08-20T05:54:10.533+0000] {logging_mixin.py:188} INFO - [2026-08-20T05:54:10.533+0000] {dag.py:3947} INFO - Setting next_dagrun for flights_ops_medallioin_pipe to 2026-08-20 05:30:00+00:00, run_after=2026-08-20 06:00:00+00:00
[2026-08-20T05:54:10.820+0000] {processor.py:183} INFO - Processing /opt/airflow/dags/flight-pipeline.py took 1.017 seconds
[2026-08-20T05:54:41.079+0000] {processor.py:161} INFO - Started process (PID=295) to work on /opt/airflow/dags/flight-pipeline.py
[2026-08-20T05:54:41.082+0000] {processor.py:830} INFO - Processing file /opt/airflow/dags/flight-pipeline.py for tasks to queue
[2026-08-20T05:54:41.086+0000] {logging_mixin.py:188} INFO - [2026-08-20T05:54:41.085+0000] {dagbag.py:545} INFO - Filling up the DagBag from /opt/airflow/dags/flight-pipeline.py
[2026-08-20T05:54:41.731+0000] {processor.py:840} INFO - DAG(s) 'flights_ops_medallioin_pipe' retrieved from /opt/airflow/dags/flight-pipeline.py
[2026-08-20T05:54:41.786+0000] {logging_mixin.py:188} INFO - [2026-08-20T05:54:41.785+0000] {dag.py:3089} INFO - Sync 1 DAGs
[2026-08-20T05:54:42.064+0000] {logging_mixin.py:188} INFO - [2026-08-20T05:54:42.064+0000] {dag.py:3947} INFO - Setting next_dagrun for flights_ops_medallioin_pipe to 2026-08-20 05:30:00+00:00, run_after=2026-08-20 06:00:00+00:00
[2026-08-20T05:54:42.104+0000] {processor.py:183} INFO - Processing /opt/airflow/dags/flight-pipeline.py took 1.039 seconds
[2026-08-20T05:55:12.402+0000] {processor.py:161} INFO - Started process (PID=297) to work on /opt/airflow/dags/flight-pipeline.py
[2026-08-20T05:55:12.405+0000] {processor.py:830} INFO - Processing file /opt/airflow/dags/flight-pipeline.py for tasks to queue
[2026-08-20T05:55:12.410+0000] {logging_mixin.py:188} INFO - [2026-08-20T05:55:12.410+0000] {dagbag.py:545} INFO - Filling up the DagBag from /opt/airflow/dags/flight-pipeline.py
[2026-08-20T05:55:13.026+0000] {processor.py:840} INFO - DAG(s) 'flights_ops_medallioin_pipe' retrieved from /opt/airflow/dags/flight-pipeline.py
[2026-08-20T05:55:13.080+0000] {logging_mixin.py:188} INFO - [2026-08-20T05:55:13.079+0000] {dag.py:3089} INFO - Sync 1 DAGs
[2026-08-20T05:55:13.349+0000] {logging_mixin.py:188} INFO - [2026-08-20T05:55:13.348+0000] {dag.py:3947} INFO - Setting next_dagrun for flights_ops_medallioin_pipe to 2026-08-20 05:30:00+00:00, run_after=2026-08-20 06:00:00+00:00
[2026-08-20T05:55:13.386+0000] {processor.py:183} INFO - Processing /opt/airflow/dags/flight-pipeline.py took 0.994 seconds
[2026-08-20T05:55:43.676+0000] {processor.py:161} INFO - Started process (PID=299) to work on /opt/airflow/dags/flight-pipeline.py
[2026-08-20T05:55:43.679+0000] {processor.py:830} INFO - Processing file /opt/airflow/dags/flight-pipeline.py for tasks to queue
[2026-08-20T05:55:43.684+0000] {logging_mixin.py:188} INFO - [2026-08-20T05:55:43.683+0000] {dagbag.py:545} INFO - Filling up the DagBag from /opt/airflow/dags/flight-pipeline.py
[2026-08-20T05:55:44.303+0000] {processor.py:840} INFO - DAG(s) 'flights_ops_medallioin_pipe' retrieved from /opt/airflow/dags/flight-pipeline.py
[2026-08-20T05:55:44.363+0000] {logging_mixin.py:188} INFO - [2026-08-20T05:55:44.362+0000] {dag.py:3089} INFO - Sync 1 DAGs
[2026-08-20T05:55:44.408+0000] {logging_mixin.py:188} INFO - [2026-08-20T05:55:44.408+0000] {dag.py:3947} INFO - Setting next_dagrun for flights_ops_medallioin_pipe to 2026-08-20 05:30:00+00:00, run_after=2026-08-20 06:00:00+00:00
[2026-08-20T05:55:44.448+0000] {processor.py:183} INFO - Processing /opt/airflow/dags/flight-pipeline.py took 0.784 seconds
[2026-08-20T05:56:14.772+0000] {processor.py:161} INFO - Started process (PID=301) to work on /opt/airflow/dags/flight-pipeline.py
[2026-08-20T05:56:14.776+0000] {processor.py:830} INFO - Processing file /opt/airflow/dags/flight-pipeline.py for tasks to queue
[2026-08-20T05:56:14.787+0000] {logging_mixin.py:188} INFO - [2026-08-20T05:56:14.786+0000] {dagbag.py:545} INFO - Filling up the DagBag from /opt/airflow/dags/flight-pipeline.py
[2026-08-20T05:56:15.544+0000] {processor.py:840} INFO - DAG(s) 'flights_ops_medallioin_pipe' retrieved from /opt/airflow/dags/flight-pipeline.py
[2026-08-20T05:56:15.598+0000] {logging_mixin.py:188} INFO - [2026-08-20T05:56:15.597+0000] {dag.py:3089} INFO - Sync 1 DAGs
[2026-08-20T05:56:15.641+0000] {logging_mixin.py:188} INFO - [2026-08-20T05:56:15.641+0000] {dag.py:3947} INFO - Setting next_dagrun for flights_ops_medallioin_pipe to 2026-08-20 05:30:00+00:00, run_after=2026-08-20 06:00:00+00:00
[2026-08-20T05:56:15.680+0000] {processor.py:183} INFO - Processing /opt/airflow/dags/flight-pipeline.py took 0.929 seconds
[2026-08-20T05:56:46.008+0000] {processor.py:161} INFO - Started process (PID=303) to work on /opt/airflow/dags/flight-pipeline.py
[2026-08-20T05:56:46.011+0000] {processor.py:830} INFO - Processing file /opt/airflow/dags/flight-pipeline.py for tasks to queue
[2026-08-20T05:56:46.016+0000] {logging_mixin.py:188} INFO - [2026-08-20T05:56:46.016+0000] {dagbag.py:545} INFO - Filling up the DagBag from /opt/airflow/dags/flight-pipeline.py
[2026-08-20T05:56:46.653+0000] {processor.py:840} INFO - DAG(s) 'flights_ops_medallioin_pipe' retrieved from /opt/airflow/dags/flight-pipeline.py
[2026-08-20T05:56:46.713+0000] {logging_mixin.py:188} INFO - [2026-08-20T05:56:46.713+0000] {dag.py:3089} INFO - Sync 1 DAGs
[2026-08-20T05:56:46.764+0000] {logging_mixin.py:188} INFO - [2026-08-20T05:56:46.764+0000] {dag.py:3947} INFO - Setting next_dagrun for flights_ops_medallioin_pipe to 2026-08-20 05:30:00+00:00, run_after=2026-08-20 06:00:00+00:00
[2026-08-20T05:56:46.803+0000] {processor.py:183} INFO - Processing /opt/airflow/dags/flight-pipeline.py took 0.812 seconds
[2026-08-20T05:57:17.127+0000] {processor.py:161} INFO - Started process (PID=305) to work on /opt/airflow/dags/flight-pipeline.py
[2026-08-20T05:57:17.131+0000] {processor.py:830} INFO - Processing file /opt/airflow/dags/flight-pipeline.py for tasks to queue
[2026-08-20T05:57:17.136+0000] {logging_mixin.py:188} INFO - [2026-08-20T05:57:17.135+0000] {dagbag.py:545} INFO - Filling up the DagBag from /opt/airflow/dags/flight-pipeline.py
[2026-08-20T05:57:17.817+0000] {processor.py:840} INFO - DAG(s) 'flights_ops_medallioin_pipe' retrieved from /opt/airflow/dags/flight-pipeline.py
[2026-08-20T05:57:17.872+0000] {logging_mixin.py:188} INFO - [2026-08-20T05:57:17.872+0000] {dag.py:3089} INFO - Sync 1 DAGs
[2026-08-20T05:57:17.915+0000] {logging_mixin.py:188} INFO - [2026-08-20T05:57:17.915+0000] {dag.py:3947} INFO - Setting next_dagrun for flights_ops_medallioin_pipe to 2026-08-20 05:30:00+00:00, run_after=2026-08-20 06:00:00+00:00
[2026-08-20T05:57:18.183+0000] {processor.py:183} INFO - Processing /opt/airflow/dags/flight-pipeline.py took 1.071 seconds
[2026-08-20T05:57:48.384+0000] {processor.py:161} INFO - Started process (PID=307) to work on /opt/airflow/dags/flight-pipeline.py
[2026-08-20T05:57:48.389+0000] {processor.py:830} INFO - Processing file /opt/airflow/dags/flight-pipeline.py for tasks to queue
[2026-08-20T05:57:48.393+0000] {logging_mixin.py:188} INFO - [2026-08-20T05:57:48.393+0000] {dagbag.py:545} INFO - Filling up the DagBag from /opt/airflow/dags/flight-pipeline.py
[2026-08-20T05:57:49.038+0000] {processor.py:840} INFO - DAG(s) 'flights_ops_medallioin_pipe' retrieved from /opt/airflow/dags/flight-pipeline.py
[2026-08-20T05:57:49.092+0000] {logging_mixin.py:188} INFO - [2026-08-20T05:57:49.091+0000] {dag.py:3089} INFO - Sync 1 DAGs
[2026-08-20T05:57:49.370+0000] {logging_mixin.py:188} INFO - [2026-08-20T05:57:49.370+0000] {dag.py:3947} INFO - Setting next_dagrun for flights_ops_medallioin_pipe to 2026-08-20 05:30:00+00:00, run_after=2026-08-20 06:00:00+00:00
[2026-08-20T05:57:49.406+0000] {processor.py:183} INFO - Processing /opt/airflow/dags/flight-pipeline.py took 1.036 seconds
[2026-08-20T05:58:19.781+0000] {processor.py:161} INFO - Started process (PID=309) to work on /opt/airflow/dags/flight-pipeline.py
[2026-08-20T05:58:19.784+0000] {processor.py:830} INFO - Processing file /opt/airflow/dags/flight-pipeline.py for tasks to queue
[2026-08-20T05:58:19.788+0000] {logging_mixin.py:188} INFO - [2026-08-20T05:58:19.787+0000] {dagbag.py:545} INFO - Filling up the DagBag from /opt/airflow/dags/flight-pipeline.py
[2026-08-20T05:58:20.409+0000] {processor.py:840} INFO - DAG(s) 'flights_ops_medallioin_pipe' retrieved from /opt/airflow/dags/flight-pipeline.py
[2026-08-20T05:58:20.464+0000] {logging_mixin.py:188} INFO - [2026-08-20T05:58:20.463+0000] {dag.py:3089} INFO - Sync 1 DAGs
[2026-08-20T05:58:20.735+0000] {logging_mixin.py:188} INFO - [2026-08-20T05:58:20.735+0000] {dag.py:3947} INFO - Setting next_dagrun for flights_ops_medallioin_pipe to 2026-08-20 05:30:00+00:00, run_after=2026-08-20 06:00:00+00:00
[2026-08-20T05:58:20.769+0000] {processor.py:183} INFO - Processing /opt/airflow/dags/flight-pipeline.py took 0.998 seconds
[2026-08-20T05:58:51.051+0000] {processor.py:161} INFO - Started process (PID=311) to work on /opt/airflow/dags/flight-pipeline.py
[2026-08-20T05:58:51.054+0000] {processor.py:830} INFO - Processing file /opt/airflow/dags/flight-pipeline.py for tasks to queue
[2026-08-20T05:58:51.058+0000] {logging_mixin.py:188} INFO - [2026-08-20T05:58:51.058+0000] {dagbag.py:545} INFO - Filling up the DagBag from /opt/airflow/dags/flight-pipeline.py
[2026-08-20T05:58:51.637+0000] {processor.py:840} INFO - DAG(s) 'flights_ops_medallioin_pipe' retrieved from /opt/airflow/dags/flight-pipeline.py
[2026-08-20T05:58:51.690+0000] {logging_mixin.py:188} INFO - [2026-08-20T05:58:51.690+0000] {dag.py:3089} INFO - Sync 1 DAGs
[2026-08-20T05:58:51.730+0000] {logging_mixin.py:188} INFO - [2026-08-20T05:58:51.730+0000] {dag.py:3947} INFO - Setting next_dagrun for flights_ops_medallioin_pipe to 2026-08-20 05:30:00+00:00, run_after=2026-08-20 06:00:00+00:00
[2026-08-20T05:58:51.764+0000] {processor.py:183} INFO - Processing /opt/airflow/dags/flight-pipeline.py took 0.724 seconds
[2026-08-20T05:59:22.065+0000] {processor.py:161} INFO - Started process (PID=313) to work on /opt/airflow/dags/flight-pipeline.py
[2026-08-20T05:59:22.068+0000] {processor.py:830} INFO - Processing file /opt/airflow/dags/flight-pipeline.py for tasks to queue
[2026-08-20T05:59:22.072+0000] {logging_mixin.py:188} INFO - [2026-08-20T05:59:22.072+0000] {dagbag.py:545} INFO - Filling up the DagBag from /opt/airflow/dags/flight-pipeline.py
[2026-08-20T05:59:22.662+0000] {processor.py:840} INFO - DAG(s) 'flights_ops_medallioin_pipe' retrieved from /opt/airflow/dags/flight-pipeline.py
[2026-08-20T05:59:22.716+0000] {logging_mixin.py:188} INFO - [2026-08-20T05:59:22.715+0000] {dag.py:3089} INFO - Sync 1 DAGs
[2026-08-20T05:59:22.758+0000] {logging_mixin.py:188} INFO - [2026-08-20T05:59:22.758+0000] {dag.py:3947} INFO - Setting next_dagrun for flights_ops_medallioin_pipe to 2026-08-20 05:30:00+00:00, run_after=2026-08-20 06:00:00+00:00
[2026-08-20T05:59:22.793+0000] {processor.py:183} INFO - Processing /opt/airflow/dags/flight-pipeline.py took 0.739 seconds
[2026-08-20T05:59:53.099+0000] {processor.py:161} INFO - Started process (PID=315) to work on /opt/airflow/dags/flight-pipeline.py
[2026-08-20T05:59:53.102+0000] {processor.py:830} INFO - Processing file /opt/airflow/dags/flight-pipeline.py for tasks to queue
[2026-08-20T05:59:53.108+0000] {logging_mixin.py:188} INFO - [2026-08-20T05:59:53.107+0000] {dagbag.py:545} INFO - Filling up the DagBag from /opt/airflow/dags/flight-pipeline.py
[2026-08-20T05:59:53.723+0000] {processor.py:840} INFO - DAG(s) 'flights_ops_medallioin_pipe' retrieved from /opt/airflow/dags/flight-pipeline.py
[2026-08-20T05:59:53.774+0000] {logging_mixin.py:188} INFO - [2026-08-20T05:59:53.773+0000] {dag.py:3089} INFO - Sync 1 DAGs
[2026-08-20T05:59:53.816+0000] {logging_mixin.py:188} INFO - [2026-08-20T05:59:53.815+0000] {dag.py:3947} INFO - Setting next_dagrun for flights_ops_medallioin_pipe to 2026-08-20 05:30:00+00:00, run_after=2026-08-20 06:00:00+00:00
[2026-08-20T05:59:53.859+0000] {processor.py:183} INFO - Processing /opt/airflow/dags/flight-pipeline.py took 0.774 seconds
[2026-08-20T06:00:24.142+0000] {processor.py:161} INFO - Started process (PID=347) to work on /opt/airflow/dags/flight-pipeline.py
[2026-08-20T06:00:24.144+0000] {processor.py:830} INFO - Processing file /opt/airflow/dags/flight-pipeline.py for tasks to queue
[2026-08-20T06:00:24.148+0000] {logging_mixin.py:188} INFO - [2026-08-20T06:00:24.148+0000] {dagbag.py:545} INFO - Filling up the DagBag from /opt/airflow/dags/flight-pipeline.py
[2026-08-20T06:00:24.749+0000] {processor.py:840} INFO - DAG(s) 'flights_ops_medallioin_pipe' retrieved from /opt/airflow/dags/flight-pipeline.py
[2026-08-20T06:00:24.802+0000] {logging_mixin.py:188} INFO - [2026-08-20T06:00:24.802+0000] {dag.py:3089} INFO - Sync 1 DAGs
[2026-08-20T06:00:24.850+0000] {logging_mixin.py:188} INFO - [2026-08-20T06:00:24.850+0000] {dag.py:3947} INFO - Setting next_dagrun for flights_ops_medallioin_pipe to 2026-08-20 06:00:00+00:00, run_after=2026-08-20 06:30:00+00:00
[2026-08-20T06:00:25.261+0000] {processor.py:183} INFO - Processing /opt/airflow/dags/flight-pipeline.py took 1.130 seconds
[2026-08-20T06:00:55.411+0000] {processor.py:161} INFO - Started process (PID=349) to work on /opt/airflow/dags/flight-pipeline.py
[2026-08-20T06:00:55.414+0000] {processor.py:830} INFO - Processing file /opt/airflow/dags/flight-pipeline.py for tasks to queue
[2026-08-20T06:00:55.418+0000] {logging_mixin.py:188} INFO - [2026-08-20T06:00:55.418+0000] {dagbag.py:545} INFO - Filling up the DagBag from /opt/airflow/dags/flight-pipeline.py
[2026-08-20T06:00:56.004+0000] {processor.py:840} INFO - DAG(s) 'flights_ops_medallioin_pipe' retrieved from /opt/airflow/dags/flight-pipeline.py
[2026-08-20T06:00:56.056+0000] {logging_mixin.py:188} INFO - [2026-08-20T06:00:56.055+0000] {dag.py:3089} INFO - Sync 1 DAGs
[2026-08-20T06:00:56.318+0000] {logging_mixin.py:188} INFO - [2026-08-20T06:00:56.318+0000] {dag.py:3947} INFO - Setting next_dagrun for flights_ops_medallioin_pipe to 2026-08-20 06:00:00+00:00, run_after=2026-08-20 06:30:00+00:00
[2026-08-20T06:00:56.352+0000] {processor.py:183} INFO - Processing /opt/airflow/dags/flight-pipeline.py took 0.952 seconds
[2026-08-20T06:01:26.686+0000] {processor.py:161} INFO - Started process (PID=351) to work on /opt/airflow/dags/flight-pipeline.py
[2026-08-20T06:01:26.689+0000] {processor.py:830} INFO - Processing file /opt/airflow/dags/flight-pipeline.py for tasks to queue
[2026-08-20T06:01:26.693+0000] {logging_mixin.py:188} INFO - [2026-08-20T06:01:26.693+0000] {dagbag.py:545} INFO - Filling up the DagBag from /opt/airflow/dags/flight-pipeline.py
[2026-08-20T06:01:27.300+0000] {processor.py:840} INFO - DAG(s) 'flights_ops_medallioin_pipe' retrieved from /opt/airflow/dags/flight-pipeline.py
[2026-08-20T06:01:27.355+0000] {logging_mixin.py:188} INFO - [2026-08-20T06:01:27.354+0000] {dag.py:3089} INFO - Sync 1 DAGs
[2026-08-20T06:01:27.642+0000] {logging_mixin.py:188} INFO - [2026-08-20T06:01:27.641+0000] {dag.py:3947} INFO - Setting next_dagrun for flights_ops_medallioin_pipe to 2026-08-20 06:00:00+00:00, run_after=2026-08-20 06:30:00+00:00
[2026-08-20T06:01:27.678+0000] {processor.py:183} INFO - Processing /opt/airflow/dags/flight-pipeline.py took 1.002 seconds
[2026-08-20T06:01:57.959+0000] {processor.py:161} INFO - Started process (PID=353) to work on /opt/airflow/dags/flight-pipeline.py
[2026-08-20T06:01:57.962+0000] {processor.py:830} INFO - Processing file /opt/airflow/dags/flight-pipeline.py for tasks to queue
[2026-08-20T06:01:57.967+0000] {logging_mixin.py:188} INFO - [2026-08-20T06:01:57.966+0000] {dagbag.py:545} INFO - Filling up the DagBag from /opt/airflow/dags/flight-pipeline.py
[2026-08-20T06:01:58.551+0000] {processor.py:840} INFO - DAG(s) 'flights_ops_medallioin_pipe' retrieved from /opt/airflow/dags/flight-pipeline.py
[2026-08-20T06:01:58.603+0000] {logging_mixin.py:188} INFO - [2026-08-20T06:01:58.603+0000] {dag.py:3089} INFO - Sync 1 DAGs
[2026-08-20T06:01:58.645+0000] {logging_mixin.py:188} INFO - [2026-08-20T06:01:58.644+0000] {dag.py:3947} INFO - Setting next_dagrun for flights_ops_medallioin_pipe to 2026-08-20 06:00:00+00:00, run_after=2026-08-20 06:30:00+00:00
[2026-08-20T06:01:58.681+0000] {processor.py:183} INFO - Processing /opt/airflow/dags/flight-pipeline.py took 0.731 seconds
[2026-08-20T06:02:29.001+0000] {processor.py:161} INFO - Started process (PID=355) to work on /opt/airflow/dags/flight-pipeline.py
[2026-08-20T06:02:29.005+0000] {processor.py:830} INFO - Processing file /opt/airflow/dags/flight-pipeline.py for tasks to queue
[2026-08-20T06:02:29.010+0000] {logging_mixin.py:188} INFO - [2026-08-20T06:02:29.010+0000] {dagbag.py:545} INFO - Filling up the DagBag from /opt/airflow/dags/flight-pipeline.py
[2026-08-20T06:02:29.596+0000] {processor.py:840} INFO - DAG(s) 'flights_ops_medallioin_pipe' retrieved from /opt/airflow/dags/flight-pipeline.py
[2026-08-20T06:02:29.647+0000] {logging_mixin.py:188} INFO - [2026-08-20T06:02:29.647+0000] {dag.py:3089} INFO - Sync 1 DAGs
[2026-08-20T06:02:29.689+0000] {logging_mixin.py:188} INFO - [2026-08-20T06:02:29.689+0000] {dag.py:3947} INFO - Setting next_dagrun for flights_ops_medallioin_pipe to 2026-08-20 06:00:00+00:00, run_after=2026-08-20 06:30:00+00:00
[2026-08-20T06:02:29.725+0000] {processor.py:183} INFO - Processing /opt/airflow/dags/flight-pipeline.py took 0.735 seconds
[2026-08-20T06:03:00.100+0000] {processor.py:161} INFO - Started process (PID=357) to work on /opt/airflow/dags/flight-pipeline.py
[2026-08-20T06:03:00.103+0000] {processor.py:830} INFO - Processing file /opt/airflow/dags/flight-pipeline.py for tasks to queue
[2026-08-20T06:03:00.108+0000] {logging_mixin.py:188} INFO - [2026-08-20T06:03:00.107+0000] {dagbag.py:545} INFO - Filling up the DagBag from /opt/airflow/dags/flight-pipeline.py
[2026-08-20T06:03:00.756+0000] {processor.py:840} INFO - DAG(s) 'flights_ops_medallioin_pipe' retrieved from /opt/airflow/dags/flight-pipeline.py
[2026-08-20T06:03:00.818+0000] {logging_mixin.py:188} INFO - [2026-08-20T06:03:00.817+0000] {dag.py:3089} INFO - Sync 1 DAGs
[2026-08-20T06:03:00.862+0000] {logging_mixin.py:188} INFO - [2026-08-20T06:03:00.861+0000] {dag.py:3947} INFO - Setting next_dagrun for flights_ops_medallioin_pipe to 2026-08-20 06:00:00+00:00, run_after=2026-08-20 06:30:00+00:00
[2026-08-20T06:03:00.900+0000] {processor.py:183} INFO - Processing /opt/airflow/dags/flight-pipeline.py took 0.813 seconds
[2026-08-20T06:03:31.210+0000] {processor.py:161} INFO - Started process (PID=359) to work on /opt/airflow/dags/flight-pipeline.py
[2026-08-20T06:03:31.213+0000] {processor.py:830} INFO - Processing file /opt/airflow/dags/flight-pipeline.py for tasks to queue
[2026-08-20T06:03:31.218+0000] {logging_mixin.py:188} INFO - [2026-08-20T06:03:31.217+0000] {dagbag.py:545} INFO - Filling up the DagBag from /opt/airflow/dags/flight-pipeline.py
[2026-08-20T06:03:31.803+0000] {processor.py:840} INFO - DAG(s) 'flights_ops_medallioin_pipe' retrieved from /opt/airflow/dags/flight-pipeline.py
[2026-08-20T06:03:31.855+0000] {logging_mixin.py:188} INFO - [2026-08-20T06:03:31.854+0000] {dag.py:3089} INFO - Sync 1 DAGs
[2026-08-20T06:03:32.122+0000] {logging_mixin.py:188} INFO - [2026-08-20T06:03:32.121+0000] {dag.py:3947} INFO - Setting next_dagrun for flights_ops_medallioin_pipe to 2026-08-20 06:00:00+00:00, run_after=2026-08-20 06:30:00+00:00
[2026-08-20T06:03:32.156+0000] {processor.py:183} INFO - Processing /opt/airflow/dags/flight-pipeline.py took 0.957 seconds
[2026-08-20T06:04:02.472+0000] {processor.py:161} INFO - Started process (PID=361) to work on /opt/airflow/dags/flight-pipeline.py
[2026-08-20T06:04:02.475+0000] {processor.py:830} INFO - Processing file /opt/airflow/dags/flight-pipeline.py for tasks to queue
[2026-08-20T06:04:02.480+0000] {logging_mixin.py:188} INFO - [2026-08-20T06:04:02.479+0000] {dagbag.py:545} INFO - Filling up the DagBag from /opt/airflow/dags/flight-pipeline.py
[2026-08-20T06:04:03.064+0000] {processor.py:840} INFO - DAG(s) 'flights_ops_medallioin_pipe' retrieved from /opt/airflow/dags/flight-pipeline.py
[2026-08-20T06:04:03.117+0000] {logging_mixin.py:188} INFO - [2026-08-20T06:04:03.116+0000] {dag.py:3089} INFO - Sync 1 DAGs
[2026-08-20T06:04:03.408+0000] {logging_mixin.py:188} INFO - [2026-08-20T06:04:03.408+0000] {dag.py:3947} INFO - Setting next_dagrun for flights_ops_medallioin_pipe to 2026-08-20 06:00:00+00:00, run_after=2026-08-20 06:30:00+00:00
[2026-08-20T06:04:03.440+0000] {processor.py:183} INFO - Processing /opt/airflow/dags/flight-pipeline.py took 0.982 seconds
[2026-08-20T06:04:33.752+0000] {processor.py:161} INFO - Started process (PID=363) to work on /opt/airflow/dags/flight-pipeline.py
[2026-08-20T06:04:33.755+0000] {processor.py:830} INFO - Processing file /opt/airflow/dags/flight-pipeline.py for tasks to queue
[2026-08-20T06:04:33.759+0000] {logging_mixin.py:188} INFO - [2026-08-20T06:04:33.759+0000] {dagbag.py:545} INFO - Filling up the DagBag from /opt/airflow/dags/flight-pipeline.py
[2026-08-20T06:04:34.366+0000] {processor.py:840} INFO - DAG(s) 'flights_ops_medallioin_pipe' retrieved from /opt/airflow/dags/flight-pipeline.py
[2026-08-20T06:04:34.421+0000] {logging_mixin.py:188} INFO - [2026-08-20T06:04:34.420+0000] {dag.py:3089} INFO - Sync 1 DAGs
[2026-08-20T06:04:34.462+0000] {logging_mixin.py:188} INFO - [2026-08-20T06:04:34.461+0000] {dag.py:3947} INFO - Setting next_dagrun for flights_ops_medallioin_pipe to 2026-08-20 06:00:00+00:00, run_after=2026-08-20 06:30:00+00:00
[2026-08-20T06:04:34.498+0000] {processor.py:183} INFO - Processing /opt/airflow/dags/flight-pipeline.py took 0.756 seconds
[2026-08-20T06:05:04.830+0000] {processor.py:161} INFO - Started process (PID=365) to work on /opt/airflow/dags/flight-pipeline.py
[2026-08-20T06:05:04.833+0000] {processor.py:830} INFO - Processing file /opt/airflow/dags/flight-pipeline.py for tasks to queue
[2026-08-20T06:05:04.841+0000] {logging_mixin.py:188} INFO - [2026-08-20T06:05:04.840+0000] {dagbag.py:545} INFO - Filling up the DagBag from /opt/airflow/dags/flight-pipeline.py
[2026-08-20T06:05:05.607+0000] {processor.py:840} INFO - DAG(s) 'flights_ops_medallioin_pipe' retrieved from /opt/airflow/dags/flight-pipeline.py
[2026-08-20T06:05:05.660+0000] {logging_mixin.py:188} INFO - [2026-08-20T06:05:05.660+0000] {dag.py:3089} INFO - Sync 1 DAGs
[2026-08-20T06:05:05.702+0000] {logging_mixin.py:188} INFO - [2026-08-20T06:05:05.701+0000] {dag.py:3947} INFO - Setting next_dagrun for flights_ops_medallioin_pipe to 2026-08-20 06:00:00+00:00, run_after=2026-08-20 06:30:00+00:00
[2026-08-20T06:05:05.738+0000] {processor.py:183} INFO - Processing /opt/airflow/dags/flight-pipeline.py took 0.923 seconds
[2026-08-20T06:05:36.051+0000] {processor.py:161} INFO - Started process (PID=367) to work on /opt/airflow/dags/flight-pipeline.py
[2026-08-20T06:05:36.054+0000] {processor.py:830} INFO - Processing file /opt/airflow/dags/flight-pipeline.py for tasks to queue
[2026-08-20T06:05:36.059+0000] {logging_mixin.py:188} INFO - [2026-08-20T06:05:36.059+0000] {dagbag.py:545} INFO - Filling up the DagBag from /opt/airflow/dags/flight-pipeline.py
[2026-08-20T06:05:36.670+0000] {processor.py:840} INFO - DAG(s) 'flights_ops_medallioin_pipe' retrieved from /opt/airflow/dags/flight-pipeline.py
[2026-08-20T06:05:36.724+0000] {logging_mixin.py:188} INFO - [2026-08-20T06:05:36.723+0000] {dag.py:3089} INFO - Sync 1 DAGs
[2026-08-20T06:05:36.765+0000] {logging_mixin.py:188} INFO - [2026-08-20T06:05:36.765+0000] {dag.py:3947} INFO - Setting next_dagrun for flights_ops_medallioin_pipe to 2026-08-20 06:00:00+00:00, run_after=2026-08-20 06:30:00+00:00
[2026-08-20T06:05:36.801+0000] {processor.py:183} INFO - Processing /opt/airflow/dags/flight-pipeline.py took 0.763 seconds
[2026-08-20T06:06:07.124+0000] {processor.py:161} INFO - Started process (PID=369) to work on /opt/airflow/dags/flight-pipeline.py
[2026-08-20T06:06:07.127+0000] {processor.py:830} INFO - Processing file /opt/airflow/dags/flight-pipeline.py for tasks to queue
[2026-08-20T06:06:07.131+0000] {logging_mixin.py:188} INFO - [2026-08-20T06:06:07.130+0000] {dagbag.py:545} INFO - Filling up the DagBag from /opt/airflow/dags/flight-pipeline.py
[2026-08-20T06:06:07.758+0000] {processor.py:840} INFO - DAG(s) 'flights_ops_medallioin_pipe' retrieved from /opt/airflow/dags/flight-pipeline.py
[2026-08-20T06:06:07.810+0000] {logging_mixin.py:188} INFO - [2026-08-20T06:06:07.809+0000] {dag.py:3089} INFO - Sync 1 DAGs
[2026-08-20T06:06:07.850+0000] {logging_mixin.py:188} INFO - [2026-08-20T06:06:07.850+0000] {dag.py:3947} INFO - Setting next_dagrun for flights_ops_medallioin_pipe to 2026-08-20 06:00:00+00:00, run_after=2026-08-20 06:30:00+00:00
[2026-08-20T06:06:08.120+0000] {processor.py:183} INFO - Processing /opt/airflow/dags/flight-pipeline.py took 1.007 seconds
[2026-08-20T06:06:38.409+0000] {processor.py:161} INFO - Started process (PID=371) to work on /opt/airflow/dags/flight-pipeline.py
[2026-08-20T06:06:38.413+0000] {processor.py:830} INFO - Processing file /opt/airflow/dags/flight-pipeline.py for tasks to queue
[2026-08-20T06:06:38.418+0000] {logging_mixin.py:188} INFO - [2026-08-20T06:06:38.417+0000] {dagbag.py:545} INFO - Filling up the DagBag from /opt/airflow/dags/flight-pipeline.py
[2026-08-20T06:06:39.013+0000] {processor.py:840} INFO - DAG(s) 'flights_ops_medallioin_pipe' retrieved from /opt/airflow/dags/flight-pipeline.py
[2026-08-20T06:06:39.070+0000] {logging_mixin.py:188} INFO - [2026-08-20T06:06:39.069+0000] {dag.py:3089} INFO - Sync 1 DAGs
[2026-08-20T06:06:39.336+0000] {logging_mixin.py:188} INFO - [2026-08-20T06:06:39.335+0000] {dag.py:3947} INFO - Setting next_dagrun for flights_ops_medallioin_pipe to 2026-08-20 06:00:00+00:00, run_after=2026-08-20 06:30:00+00:00
[2026-08-20T06:06:39.368+0000] {processor.py:183} INFO - Processing /opt/airflow/dags/flight-pipeline.py took 0.971 seconds
[2026-08-20T06:07:09.678+0000] {processor.py:161} INFO - Started process (PID=373) to work on /opt/airflow/dags/flight-pipeline.py
[2026-08-20T06:07:09.681+0000] {processor.py:830} INFO - Processing file /opt/airflow/dags/flight-pipeline.py for tasks to queue
[2026-08-20T06:07:09.685+0000] {logging_mixin.py:188} INFO - [2026-08-20T06:07:09.684+0000] {dagbag.py:545} INFO - Filling up the DagBag from /opt/airflow/dags/flight-pipeline.py
[2026-08-20T06:07:10.276+0000] {processor.py:840} INFO - DAG(s) 'flights_ops_medallioin_pipe' retrieved from /opt/airflow/dags/flight-pipeline.py
[2026-08-20T06:07:10.329+0000] {logging_mixin.py:188} INFO - [2026-08-20T06:07:10.328+0000] {dag.py:3089} INFO - Sync 1 DAGs
[2026-08-20T06:07:10.593+0000] {logging_mixin.py:188} INFO - [2026-08-20T06:07:10.593+0000] {dag.py:3947} INFO - Setting next_dagrun for flights_ops_medallioin_pipe to 2026-08-20 06:00:00+00:00, run_after=2026-08-20 06:30:00+00:00
[2026-08-20T06:07:10.627+0000] {processor.py:183} INFO - Processing /opt/airflow/dags/flight-pipeline.py took 0.960 seconds
[2026-08-20T06:07:41.002+0000] {processor.py:161} INFO - Started process (PID=375) to work on /opt/airflow/dags/flight-pipeline.py
[2026-08-20T06:07:41.006+0000] {processor.py:830} INFO - Processing file /opt/airflow/dags/flight-pipeline.py for tasks to queue
[2026-08-20T06:07:41.011+0000] {logging_mixin.py:188} INFO - [2026-08-20T06:07:41.010+0000] {dagbag.py:545} INFO - Filling up the DagBag from /opt/airflow/dags/flight-pipeline.py
[2026-08-20T06:07:41.613+0000] {processor.py:840} INFO - DAG(s) 'flights_ops_medallioin_pipe' retrieved from /opt/airflow/dags/flight-pipeline.py
[2026-08-20T06:07:41.893+0000] {logging_mixin.py:188} INFO - [2026-08-20T06:07:41.892+0000] {dag.py:3089} INFO - Sync 1 DAGs
[2026-08-20T06:07:41.948+0000] {logging_mixin.py:188} INFO - [2026-08-20T06:07:41.948+0000] {dag.py:3947} INFO - Setting next_dagrun for flights_ops_medallioin_pipe to 2026-08-20 06:00:00+00:00, run_after=2026-08-20 06:30:00+00:00
[2026-08-20T06:07:41.983+0000] {processor.py:183} INFO - Processing /opt/airflow/dags/flight-pipeline.py took 1.011 seconds
[2026-08-20T06:08:12.365+0000] {processor.py:161} INFO - Started process (PID=377) to work on /opt/airflow/dags/flight-pipeline.py
[2026-08-20T06:08:12.367+0000] {processor.py:830} INFO - Processing file /opt/airflow/dags/flight-pipeline.py for tasks to queue
[2026-08-20T06:08:12.373+0000] {logging_mixin.py:188} INFO - [2026-08-20T06:08:12.373+0000] {dagbag.py:545} INFO - Filling up the DagBag from /opt/airflow/dags/flight-pipeline.py
[2026-08-20T06:08:12.966+0000] {processor.py:840} INFO - DAG(s) 'flights_ops_medallioin_pipe' retrieved from /opt/airflow/dags/flight-pipeline.py
[2026-08-20T06:08:13.019+0000] {logging_mixin.py:188} INFO - [2026-08-20T06:08:13.019+0000] {dag.py:3089} INFO - Sync 1 DAGs
[2026-08-20T06:08:13.062+0000] {logging_mixin.py:188} INFO - [2026-08-20T06:08:13.062+0000] {dag.py:3947} INFO - Setting next_dagrun for flights_ops_medallioin_pipe to 2026-08-20 06:00:00+00:00, run_after=2026-08-20 06:30:00+00:00
[2026-08-20T06:08:13.100+0000] {processor.py:183} INFO - Processing /opt/airflow/dags/flight-pipeline.py took 0.749 seconds
[2026-08-20T06:08:43.484+0000] {processor.py:161} INFO - Started process (PID=379) to work on /opt/airflow/dags/flight-pipeline.py
[2026-08-20T06:08:43.487+0000] {processor.py:830} INFO - Processing file /opt/airflow/dags/flight-pipeline.py for tasks to queue
[2026-08-20T06:08:43.492+0000] {logging_mixin.py:188} INFO - [2026-08-20T06:08:43.492+0000] {dagbag.py:545} INFO - Filling up the DagBag from /opt/airflow/dags/flight-pipeline.py
[2026-08-20T06:08:44.105+0000] {processor.py:840} INFO - DAG(s) 'flights_ops_medallioin_pipe' retrieved from /opt/airflow/dags/flight-pipeline.py
[2026-08-20T06:08:44.158+0000] {logging_mixin.py:188} INFO - [2026-08-20T06:08:44.157+0000] {dag.py:3089} INFO - Sync 1 DAGs
[2026-08-20T06:08:44.199+0000] {logging_mixin.py:188} INFO - [2026-08-20T06:08:44.199+0000] {dag.py:3947} INFO - Setting next_dagrun for flights_ops_medallioin_pipe to 2026-08-20 06:00:00+00:00, run_after=2026-08-20 06:30:00+00:00
[2026-08-20T06:08:44.237+0000] {processor.py:183} INFO - Processing /opt/airflow/dags/flight-pipeline.py took 0.765 seconds
[2026-08-20T06:09:14.567+0000] {processor.py:161} INFO - Started process (PID=381) to work on /opt/airflow/dags/flight-pipeline.py
[2026-08-20T06:09:14.569+0000] {processor.py:830} INFO - Processing file /opt/airflow/dags/flight-pipeline.py for tasks to queue
[2026-08-20T06:09:14.574+0000] {logging_mixin.py:188} INFO - [2026-08-20T06:09:14.573+0000] {dagbag.py:545} INFO - Filling up the DagBag from /opt/airflow/dags/flight-pipeline.py
[2026-08-20T06:09:15.174+0000] {processor.py:840} INFO - DAG(s) 'flights_ops_medallioin_pipe' retrieved from /opt/airflow/dags/flight-pipeline.py
[2026-08-20T06:09:15.226+0000] {logging_mixin.py:188} INFO - [2026-08-20T06:09:15.226+0000] {dag.py:3089} INFO - Sync 1 DAGs
[2026-08-20T06:09:15.270+0000] {logging_mixin.py:188} INFO - [2026-08-20T06:09:15.270+0000] {dag.py:3947} INFO - Setting next_dagrun for flights_ops_medallioin_pipe to 2026-08-20 06:00:00+00:00, run_after=2026-08-20 06:30:00+00:00
[2026-08-20T06:09:15.658+0000] {processor.py:183} INFO - Processing /opt/airflow/dags/flight-pipeline.py took 1.102 seconds
[2026-08-20T06:09:45.854+0000] {processor.py:161} INFO - Started process (PID=393) to work on /opt/airflow/dags/flight-pipeline.py
[2026-08-20T06:09:45.857+0000] {processor.py:830} INFO - Processing file /opt/airflow/dags/flight-pipeline.py for tasks to queue
[2026-08-20T06:09:45.863+0000] {logging_mixin.py:188} INFO - [2026-08-20T06:09:45.862+0000] {dagbag.py:545} INFO - Filling up the DagBag from /opt/airflow/dags/flight-pipeline.py
[2026-08-20T06:09:46.526+0000] {processor.py:840} INFO - DAG(s) 'flights_ops_medallioin_pipe' retrieved from /opt/airflow/dags/flight-pipeline.py
[2026-08-20T06:09:46.579+0000] {logging_mixin.py:188} INFO - [2026-08-20T06:09:46.578+0000] {dag.py:3089} INFO - Sync 1 DAGs
[2026-08-20T06:09:46.923+0000] {logging_mixin.py:188} INFO - [2026-08-20T06:09:46.922+0000] {dag.py:3947} INFO - Setting next_dagrun for flights_ops_medallioin_pipe to 2026-08-20 06:00:00+00:00, run_after=2026-08-20 06:30:00+00:00
[2026-08-20T06:09:46.964+0000] {processor.py:183} INFO - Processing /opt/airflow/dags/flight-pipeline.py took 1.122 seconds
[2026-08-20T06:10:17.198+0000] {processor.py:161} INFO - Started process (PID=415) to work on /opt/airflow/dags/flight-pipeline.py
[2026-08-20T06:10:17.203+0000] {processor.py:830} INFO - Processing file /opt/airflow/dags/flight-pipeline.py for tasks to queue
[2026-08-20T06:10:17.210+0000] {logging_mixin.py:188} INFO - [2026-08-20T06:10:17.209+0000] {dagbag.py:545} INFO - Filling up the DagBag from /opt/airflow/dags/flight-pipeline.py
[2026-08-20T06:10:18.182+0000] {processor.py:840} INFO - DAG(s) 'flights_ops_medallioin_pipe' retrieved from /opt/airflow/dags/flight-pipeline.py
[2026-08-20T06:10:18.265+0000] {logging_mixin.py:188} INFO - [2026-08-20T06:10:18.264+0000] {dag.py:3089} INFO - Sync 1 DAGs
[2026-08-20T06:10:18.918+0000] {logging_mixin.py:188} INFO - [2026-08-20T06:10:18.917+0000] {dag.py:3947} INFO - Setting next_dagrun for flights_ops_medallioin_pipe to 2026-08-20 06:00:00+00:00, run_after=2026-08-20 06:30:00+00:00
[2026-08-20T06:10:19.016+0000] {processor.py:183} INFO - Processing /opt/airflow/dags/flight-pipeline.py took 1.840 seconds
[2026-08-20T06:10:49.351+0000] {processor.py:161} INFO - Started process (PID=417) to work on /opt/airflow/dags/flight-pipeline.py
[2026-08-20T06:10:49.354+0000] {processor.py:830} INFO - Processing file /opt/airflow/dags/flight-pipeline.py for tasks to queue
[2026-08-20T06:10:49.359+0000] {logging_mixin.py:188} INFO - [2026-08-20T06:10:49.358+0000] {dagbag.py:545} INFO - Filling up the DagBag from /opt/airflow/dags/flight-pipeline.py
[2026-08-20T06:10:50.006+0000] {processor.py:840} INFO - DAG(s) 'flights_ops_medallioin_pipe' retrieved from /opt/airflow/dags/flight-pipeline.py
[2026-08-20T06:10:50.060+0000] {logging_mixin.py:188} INFO - [2026-08-20T06:10:50.059+0000] {dag.py:3089} INFO - Sync 1 DAGs
[2026-08-20T06:10:50.102+0000] {logging_mixin.py:188} INFO - [2026-08-20T06:10:50.102+0000] {dag.py:3947} INFO - Setting next_dagrun for flights_ops_medallioin_pipe to 2026-08-20 06:00:00+00:00, run_after=2026-08-20 06:30:00+00:00
[2026-08-20T06:10:50.141+0000] {processor.py:183} INFO - Processing /opt/airflow/dags/flight-pipeline.py took 0.800 seconds
[2026-08-20T06:11:20.460+0000] {processor.py:161} INFO - Started process (PID=419) to work on /opt/airflow/dags/flight-pipeline.py
[2026-08-20T06:11:20.464+0000] {processor.py:830} INFO - Processing file /opt/airflow/dags/flight-pipeline.py for tasks to queue
[2026-08-20T06:11:20.474+0000] {logging_mixin.py:188} INFO - [2026-08-20T06:11:20.473+0000] {dagbag.py:545} INFO - Filling up the DagBag from /opt/airflow/dags/flight-pipeline.py
[2026-08-20T06:11:21.084+0000] {processor.py:840} INFO - DAG(s) 'flights_ops_medallioin_pipe' retrieved from /opt/airflow/dags/flight-pipeline.py
[2026-08-20T06:11:21.137+0000] {logging_mixin.py:188} INFO - [2026-08-20T06:11:21.136+0000] {dag.py:3089} INFO - Sync 1 DAGs
[2026-08-20T06:11:21.195+0000] {logging_mixin.py:188} INFO - [2026-08-20T06:11:21.195+0000] {dag.py:3947} INFO - Setting next_dagrun for flights_ops_medallioin_pipe to 2026-08-20 06:00:00+00:00, run_after=2026-08-20 06:30:00+00:00
[2026-08-20T06:11:21.231+0000] {processor.py:183} INFO - Processing /opt/airflow/dags/flight-pipeline.py took 0.791 seconds
[2026-08-20T06:11:51.529+0000] {processor.py:161} INFO - Started process (PID=421) to work on /opt/airflow/dags/flight-pipeline.py
[2026-08-20T06:11:51.533+0000] {processor.py:830} INFO - Processing file /opt/airflow/dags/flight-pipeline.py for tasks to queue
[2026-08-20T06:11:51.538+0000] {logging_mixin.py:188} INFO - [2026-08-20T06:11:51.538+0000] {dagbag.py:545} INFO - Filling up the DagBag from /opt/airflow/dags/flight-pipeline.py
[2026-08-20T06:11:52.155+0000] {processor.py:840} INFO - DAG(s) 'flights_ops_medallioin_pipe' retrieved from /opt/airflow/dags/flight-pipeline.py
[2026-08-20T06:11:52.207+0000] {logging_mixin.py:188} INFO - [2026-08-20T06:11:52.206+0000] {dag.py:3089} INFO - Sync 1 DAGs
[2026-08-20T06:11:52.248+0000] {logging_mixin.py:188} INFO - [2026-08-20T06:11:52.247+0000] {dag.py:3947} INFO - Setting next_dagrun for flights_ops_medallioin_pipe to 2026-08-20 06:00:00+00:00, run_after=2026-08-20 06:30:00+00:00
[2026-08-20T06:11:52.290+0000] {processor.py:183} INFO - Processing /opt/airflow/dags/flight-pipeline.py took 0.777 seconds
[2026-08-20T06:12:22.589+0000] {processor.py:161} INFO - Started process (PID=423) to work on /opt/airflow/dags/flight-pipeline.py
[2026-08-20T06:12:22.592+0000] {processor.py:830} INFO - Processing file /opt/airflow/dags/flight-pipeline.py for tasks to queue
[2026-08-20T06:12:22.598+0000] {logging_mixin.py:188} INFO - [2026-08-20T06:12:22.597+0000] {dagbag.py:545} INFO - Filling up the DagBag from /opt/airflow/dags/flight-pipeline.py
[2026-08-20T06:12:23.210+0000] {processor.py:840} INFO - DAG(s) 'flights_ops_medallioin_pipe' retrieved from /opt/airflow/dags/flight-pipeline.py
[2026-08-20T06:12:23.261+0000] {logging_mixin.py:188} INFO - [2026-08-20T06:12:23.260+0000] {dag.py:3089} INFO - Sync 1 DAGs
[2026-08-20T06:12:23.304+0000] {logging_mixin.py:188} INFO - [2026-08-20T06:12:23.303+0000] {dag.py:3947} INFO - Setting next_dagrun for flights_ops_medallioin_pipe to 2026-08-20 06:00:00+00:00, run_after=2026-08-20 06:30:00+00:00
[2026-08-20T06:12:23.559+0000] {processor.py:183} INFO - Processing /opt/airflow/dags/flight-pipeline.py took 0.983 seconds
[2026-08-20T06:12:53.856+0000] {processor.py:161} INFO - Started process (PID=425) to work on /opt/airflow/dags/flight-pipeline.py
[2026-08-20T06:12:53.859+0000] {processor.py:830} INFO - Processing file /opt/airflow/dags/flight-pipeline.py for tasks to queue
[2026-08-20T06:12:53.865+0000] {logging_mixin.py:188} INFO - [2026-08-20T06:12:53.864+0000] {dagbag.py:545} INFO - Filling up the DagBag from /opt/airflow/dags/flight-pipeline.py
[2026-08-20T06:12:54.479+0000] {processor.py:840} INFO - DAG(s) 'flights_ops_medallioin_pipe' retrieved from /opt/airflow/dags/flight-pipeline.py
[2026-08-20T06:12:54.531+0000] {logging_mixin.py:188} INFO - [2026-08-20T06:12:54.530+0000] {dag.py:3089} INFO - Sync 1 DAGs
[2026-08-20T06:12:54.789+0000] {logging_mixin.py:188} INFO - [2026-08-20T06:12:54.788+0000] {dag.py:3947} INFO - Setting next_dagrun for flights_ops_medallioin_pipe to 2026-08-20 06:00:00+00:00, run_after=2026-08-20 06:30:00+00:00
[2026-08-20T06:12:54.825+0000] {processor.py:183} INFO - Processing /opt/airflow/dags/flight-pipeline.py took 0.982 seconds
[2026-08-20T06:13:25.203+0000] {processor.py:161} INFO - Started process (PID=427) to work on /opt/airflow/dags/flight-pipeline.py
[2026-08-20T06:13:25.205+0000] {processor.py:830} INFO - Processing file /opt/airflow/dags/flight-pipeline.py for tasks to queue
[2026-08-20T06:13:25.209+0000] {logging_mixin.py:188} INFO - [2026-08-20T06:13:25.209+0000] {dagbag.py:545} INFO - Filling up the DagBag from /opt/airflow/dags/flight-pipeline.py
[2026-08-20T06:13:25.930+0000] {processor.py:840} INFO - DAG(s) 'flights_ops_medallioin_pipe' retrieved from /opt/airflow/dags/flight-pipeline.py
[2026-08-20T06:13:25.985+0000] {logging_mixin.py:188} INFO - [2026-08-20T06:13:25.985+0000] {dag.py:3089} INFO - Sync 1 DAGs
[2026-08-20T06:13:26.247+0000] {logging_mixin.py:188} INFO - [2026-08-20T06:13:26.247+0000] {dag.py:3947} INFO - Setting next_dagrun for flights_ops_medallioin_pipe to 2026-08-20 06:00:00+00:00, run_after=2026-08-20 06:30:00+00:00
[2026-08-20T06:13:26.281+0000] {processor.py:183} INFO - Processing /opt/airflow/dags/flight-pipeline.py took 1.089 seconds
[2026-08-20T06:13:56.473+0000] {processor.py:161} INFO - Started process (PID=429) to work on /opt/airflow/dags/flight-pipeline.py
[2026-08-20T06:13:56.476+0000] {processor.py:830} INFO - Processing file /opt/airflow/dags/flight-pipeline.py for tasks to queue
[2026-08-20T06:13:56.480+0000] {logging_mixin.py:188} INFO - [2026-08-20T06:13:56.480+0000] {dagbag.py:545} INFO - Filling up the DagBag from /opt/airflow/dags/flight-pipeline.py
[2026-08-20T06:13:57.082+0000] {processor.py:840} INFO - DAG(s) 'flights_ops_medallioin_pipe' retrieved from /opt/airflow/dags/flight-pipeline.py
[2026-08-20T06:13:57.136+0000] {logging_mixin.py:188} INFO - [2026-08-20T06:13:57.135+0000] {dag.py:3089} INFO - Sync 1 DAGs
[2026-08-20T06:13:57.177+0000] {logging_mixin.py:188} INFO - [2026-08-20T06:13:57.176+0000] {dag.py:3947} INFO - Setting next_dagrun for flights_ops_medallioin_pipe to 2026-08-20 06:00:00+00:00, run_after=2026-08-20 06:30:00+00:00
[2026-08-20T06:13:57.211+0000] {processor.py:183} INFO - Processing /opt/airflow/dags/flight-pipeline.py took 0.749 seconds
[2026-08-20T06:14:27.511+0000] {processor.py:161} INFO - Started process (PID=431) to work on /opt/airflow/dags/flight-pipeline.py
[2026-08-20T06:14:27.514+0000] {processor.py:830} INFO - Processing file /opt/airflow/dags/flight-pipeline.py for tasks to queue
[2026-08-20T06:14:27.519+0000] {logging_mixin.py:188} INFO - [2026-08-20T06:14:27.519+0000] {dagbag.py:545} INFO - Filling up the DagBag from /opt/airflow/dags/flight-pipeline.py
[2026-08-20T06:14:28.160+0000] {processor.py:840} INFO - DAG(s) 'flights_ops_medallioin_pipe' retrieved from /opt/airflow/dags/flight-pipeline.py
[2026-08-20T06:14:28.210+0000] {logging_mixin.py:188} INFO - [2026-08-20T06:14:28.210+0000] {dag.py:3089} INFO - Sync 1 DAGs
[2026-08-20T06:14:28.251+0000] {logging_mixin.py:188} INFO - [2026-08-20T06:14:28.251+0000] {dag.py:3947} INFO - Setting next_dagrun for flights_ops_medallioin_pipe to 2026-08-20 06:00:00+00:00, run_after=2026-08-20 06:30:00+00:00
[2026-08-20T06:14:28.286+0000] {processor.py:183} INFO - Processing /opt/airflow/dags/flight-pipeline.py took 0.789 seconds
[2026-08-20T06:14:58.580+0000] {processor.py:161} INFO - Started process (PID=433) to work on /opt/airflow/dags/flight-pipeline.py
[2026-08-20T06:14:58.583+0000] {processor.py:830} INFO - Processing file /opt/airflow/dags/flight-pipeline.py for tasks to queue
[2026-08-20T06:14:58.587+0000] {logging_mixin.py:188} INFO - [2026-08-20T06:14:58.586+0000] {dagbag.py:545} INFO - Filling up the DagBag from /opt/airflow/dags/flight-pipeline.py
[2026-08-20T06:14:59.183+0000] {processor.py:840} INFO - DAG(s) 'flights_ops_medallioin_pipe' retrieved from /opt/airflow/dags/flight-pipeline.py
[2026-08-20T06:14:59.235+0000] {logging_mixin.py:188} INFO - [2026-08-20T06:14:59.234+0000] {dag.py:3089} INFO - Sync 1 DAGs
[2026-08-20T06:14:59.276+0000] {logging_mixin.py:188} INFO - [2026-08-20T06:14:59.275+0000] {dag.py:3947} INFO - Setting next_dagrun for flights_ops_medallioin_pipe to 2026-08-20 06:00:00+00:00, run_after=2026-08-20 06:30:00+00:00
[2026-08-20T06:14:59.316+0000] {processor.py:183} INFO - Processing /opt/airflow/dags/flight-pipeline.py took 0.747 seconds
[2026-08-20T06:15:29.614+0000] {processor.py:161} INFO - Started process (PID=435) to work on /opt/airflow/dags/flight-pipeline.py
[2026-08-20T06:15:29.617+0000] {processor.py:830} INFO - Processing file /opt/airflow/dags/flight-pipeline.py for tasks to queue
[2026-08-20T06:15:29.623+0000] {logging_mixin.py:188} INFO - [2026-08-20T06:15:29.621+0000] {dagbag.py:545} INFO - Filling up the DagBag from /opt/airflow/dags/flight-pipeline.py
[2026-08-20T06:15:30.225+0000] {processor.py:840} INFO - DAG(s) 'flights_ops_medallioin_pipe' retrieved from /opt/airflow/dags/flight-pipeline.py
[2026-08-20T06:15:30.281+0000] {logging_mixin.py:188} INFO - [2026-08-20T06:15:30.281+0000] {dag.py:3089} INFO - Sync 1 DAGs
[2026-08-20T06:15:30.328+0000] {logging_mixin.py:188} INFO - [2026-08-20T06:15:30.328+0000] {dag.py:3947} INFO - Setting next_dagrun for flights_ops_medallioin_pipe to 2026-08-20 06:00:00+00:00, run_after=2026-08-20 06:30:00+00:00
[2026-08-20T06:15:30.631+0000] {processor.py:183} INFO - Processing /opt/airflow/dags/flight-pipeline.py took 1.031 seconds
[2026-08-20T06:16:00.896+0000] {processor.py:161} INFO - Started process (PID=437) to work on /opt/airflow/dags/flight-pipeline.py
[2026-08-20T06:16:00.900+0000] {processor.py:830} INFO - Processing file /opt/airflow/dags/flight-pipeline.py for tasks to queue
[2026-08-20T06:16:00.909+0000] {logging_mixin.py:188} INFO - [2026-08-20T06:16:00.907+0000] {dagbag.py:545} INFO - Filling up the DagBag from /opt/airflow/dags/flight-pipeline.py
[2026-08-20T06:16:01.518+0000] {processor.py:840} INFO - DAG(s) 'flights_ops_medallioin_pipe' retrieved from /opt/airflow/dags/flight-pipeline.py
[2026-08-20T06:16:01.573+0000] {logging_mixin.py:188} INFO - [2026-08-20T06:16:01.572+0000] {dag.py:3089} INFO - Sync 1 DAGs
[2026-08-20T06:16:02.678+0000] {logging_mixin.py:188} INFO - [2026-08-20T06:16:02.668+0000] {dag.py:3947} INFO - Setting next_dagrun for flights_ops_medallioin_pipe to 2026-08-20 06:00:00+00:00, run_after=2026-08-20 06:30:00+00:00
[2026-08-20T06:16:03.015+0000] {processor.py:183} INFO - Processing /opt/airflow/dags/flight-pipeline.py took 2.121 seconds
[2026-08-20T06:20:33.410+0000] {processor.py:161} INFO - Started process (PID=439) to work on /opt/airflow/dags/flight-pipeline.py
[2026-08-20T06:20:33.413+0000] {processor.py:830} INFO - Processing file /opt/airflow/dags/flight-pipeline.py for tasks to queue
[2026-08-20T06:20:33.419+0000] {logging_mixin.py:188} INFO - [2026-08-20T06:20:33.418+0000] {dagbag.py:545} INFO - Filling up the DagBag from /opt/airflow/dags/flight-pipeline.py
[2026-08-20T06:20:34.255+0000] {processor.py:840} INFO - DAG(s) 'flights_ops_medallioin_pipe' retrieved from /opt/airflow/dags/flight-pipeline.py
[2026-08-20T06:20:34.321+0000] {logging_mixin.py:188} INFO - [2026-08-20T06:20:34.321+0000] {dag.py:3089} INFO - Sync 1 DAGs
[2026-08-20T06:20:34.658+0000] {logging_mixin.py:188} INFO - [2026-08-20T06:20:34.658+0000] {dag.py:3947} INFO - Setting next_dagrun for flights_ops_medallioin_pipe to 2026-08-20 06:00:00+00:00, run_after=2026-08-20 06:30:00+00:00
[2026-08-20T06:20:34.696+0000] {processor.py:183} INFO - Processing /opt/airflow/dags/flight-pipeline.py took 1.297 seconds
[2026-08-20T06:21:05.005+0000] {processor.py:161} INFO - Started process (PID=441) to work on /opt/airflow/dags/flight-pipeline.py
[2026-08-20T06:21:05.009+0000] {processor.py:830} INFO - Processing file /opt/airflow/dags/flight-pipeline.py for tasks to queue
[2026-08-20T06:21:05.013+0000] {logging_mixin.py:188} INFO - [2026-08-20T06:21:05.013+0000] {dagbag.py:545} INFO - Filling up the DagBag from /opt/airflow/dags/flight-pipeline.py
[2026-08-20T06:21:05.662+0000] {processor.py:840} INFO - DAG(s) 'flights_ops_medallioin_pipe' retrieved from /opt/airflow/dags/flight-pipeline.py
[2026-08-20T06:21:05.989+0000] {logging_mixin.py:188} INFO - [2026-08-20T06:21:05.988+0000] {dag.py:3089} INFO - Sync 1 DAGs
[2026-08-20T06:21:06.027+0000] {logging_mixin.py:188} INFO - [2026-08-20T06:21:06.027+0000] {dag.py:3947} INFO - Setting next_dagrun for flights_ops_medallioin_pipe to 2026-08-20 06:00:00+00:00, run_after=2026-08-20 06:30:00+00:00
[2026-08-20T06:21:06.064+0000] {processor.py:183} INFO - Processing /opt/airflow/dags/flight-pipeline.py took 1.071 seconds
[2026-08-20T06:21:36.351+0000] {processor.py:161} INFO - Started process (PID=443) to work on /opt/airflow/dags/flight-pipeline.py
[2026-08-20T06:21:36.355+0000] {processor.py:830} INFO - Processing file /opt/airflow/dags/flight-pipeline.py for tasks to queue
[2026-08-20T06:21:36.360+0000] {logging_mixin.py:188} INFO - [2026-08-20T06:21:36.359+0000] {dagbag.py:545} INFO - Filling up the DagBag from /opt/airflow/dags/flight-pipeline.py
[2026-08-20T06:21:37.085+0000] {processor.py:840} INFO - DAG(s) 'flights_ops_medallioin_pipe' retrieved from /opt/airflow/dags/flight-pipeline.py
[2026-08-20T06:21:37.139+0000] {logging_mixin.py:188} INFO - [2026-08-20T06:21:37.138+0000] {dag.py:3089} INFO - Sync 1 DAGs
[2026-08-20T06:21:37.186+0000] {logging_mixin.py:188} INFO - [2026-08-20T06:21:37.185+0000] {dag.py:3947} INFO - Setting next_dagrun for flights_ops_medallioin_pipe to 2026-08-20 06:00:00+00:00, run_after=2026-08-20 06:30:00+00:00
[2026-08-20T06:21:37.224+0000] {processor.py:183} INFO - Processing /opt/airflow/dags/flight-pipeline.py took 0.888 seconds
[2026-08-20T06:22:07.543+0000] {processor.py:161} INFO - Started process (PID=445) to work on /opt/airflow/dags/flight-pipeline.py
[2026-08-20T06:22:07.546+0000] {processor.py:830} INFO - Processing file /opt/airflow/dags/flight-pipeline.py for tasks to queue
[2026-08-20T06:22:07.550+0000] {logging_mixin.py:188} INFO - [2026-08-20T06:22:07.549+0000] {dagbag.py:545} INFO - Filling up the DagBag from /opt/airflow/dags/flight-pipeline.py
[2026-08-20T06:22:08.308+0000] {processor.py:840} INFO - DAG(s) 'flights_ops_medallioin_pipe' retrieved from /opt/airflow/dags/flight-pipeline.py
[2026-08-20T06:22:08.365+0000] {logging_mixin.py:188} INFO - [2026-08-20T06:22:08.364+0000] {dag.py:3089} INFO - Sync 1 DAGs
[2026-08-20T06:22:08.409+0000] {logging_mixin.py:188} INFO - [2026-08-20T06:22:08.409+0000] {dag.py:3947} INFO - Setting next_dagrun for flights_ops_medallioin_pipe to 2026-08-20 06:00:00+00:00, run_after=2026-08-20 06:30:00+00:00
[2026-08-20T06:22:08.449+0000] {processor.py:183} INFO - Processing /opt/airflow/dags/flight-pipeline.py took 0.917 seconds
[2026-08-20T06:22:38.823+0000] {processor.py:161} INFO - Started process (PID=447) to work on /opt/airflow/dags/flight-pipeline.py
[2026-08-20T06:22:38.827+0000] {processor.py:830} INFO - Processing file /opt/airflow/dags/flight-pipeline.py for tasks to queue
[2026-08-20T06:22:38.831+0000] {logging_mixin.py:188} INFO - [2026-08-20T06:22:38.831+0000] {dagbag.py:545} INFO - Filling up the DagBag from /opt/airflow/dags/flight-pipeline.py
[2026-08-20T06:22:39.515+0000] {processor.py:840} INFO - DAG(s) 'flights_ops_medallioin_pipe' retrieved from /opt/airflow/dags/flight-pipeline.py
[2026-08-20T06:22:39.580+0000] {logging_mixin.py:188} INFO - [2026-08-20T06:22:39.579+0000] {dag.py:3089} INFO - Sync 1 DAGs
[2026-08-20T06:22:39.624+0000] {logging_mixin.py:188} INFO - [2026-08-20T06:22:39.624+0000] {dag.py:3947} INFO - Setting next_dagrun for flights_ops_medallioin_pipe to 2026-08-20 06:00:00+00:00, run_after=2026-08-20 06:30:00+00:00
[2026-08-20T06:22:39.905+0000] {processor.py:183} INFO - Processing /opt/airflow/dags/flight-pipeline.py took 1.093 seconds
[2026-08-20T06:23:10.121+0000] {processor.py:161} INFO - Started process (PID=449) to work on /opt/airflow/dags/flight-pipeline.py
[2026-08-20T06:23:10.124+0000] {processor.py:830} INFO - Processing file /opt/airflow/dags/flight-pipeline.py for tasks to queue
[2026-08-20T06:23:10.130+0000] {logging_mixin.py:188} INFO - [2026-08-20T06:23:10.129+0000] {dagbag.py:545} INFO - Filling up the DagBag from /opt/airflow/dags/flight-pipeline.py
[2026-08-20T06:23:10.785+0000] {processor.py:840} INFO - DAG(s) 'flights_ops_medallioin_pipe' retrieved from /opt/airflow/dags/flight-pipeline.py
[2026-08-20T06:23:10.842+0000] {logging_mixin.py:188} INFO - [2026-08-20T06:23:10.841+0000] {dag.py:3089} INFO - Sync 1 DAGs
[2026-08-20T06:23:11.113+0000] {logging_mixin.py:188} INFO - [2026-08-20T06:23:11.112+0000] {dag.py:3947} INFO - Setting next_dagrun for flights_ops_medallioin_pipe to 2026-08-20 06:00:00+00:00, run_after=2026-08-20 06:30:00+00:00
[2026-08-20T06:23:11.149+0000] {processor.py:183} INFO - Processing /opt/airflow/dags/flight-pipeline.py took 1.041 seconds
[2026-08-20T06:23:41.502+0000] {processor.py:161} INFO - Started process (PID=451) to work on /opt/airflow/dags/flight-pipeline.py
[2026-08-20T06:23:41.505+0000] {processor.py:830} INFO - Processing file /opt/airflow/dags/flight-pipeline.py for tasks to queue
[2026-08-20T06:23:41.512+0000] {logging_mixin.py:188} INFO - [2026-08-20T06:23:41.511+0000] {dagbag.py:545} INFO - Filling up the DagBag from /opt/airflow/dags/flight-pipeline.py
[2026-08-20T06:23:42.135+0000] {processor.py:840} INFO - DAG(s) 'flights_ops_medallioin_pipe' retrieved from /opt/airflow/dags/flight-pipeline.py
[2026-08-20T06:23:42.190+0000] {logging_mixin.py:188} INFO - [2026-08-20T06:23:42.189+0000] {dag.py:3089} INFO - Sync 1 DAGs
[2026-08-20T06:23:42.470+0000] {logging_mixin.py:188} INFO - [2026-08-20T06:23:42.469+0000] {dag.py:3947} INFO - Setting next_dagrun for flights_ops_medallioin_pipe to 2026-08-20 06:00:00+00:00, run_after=2026-08-20 06:30:00+00:00
[2026-08-20T06:23:42.506+0000] {processor.py:183} INFO - Processing /opt/airflow/dags/flight-pipeline.py took 1.016 seconds
[2026-08-20T06:24:12.779+0000] {processor.py:161} INFO - Started process (PID=453) to work on /opt/airflow/dags/flight-pipeline.py
[2026-08-20T06:24:12.783+0000] {processor.py:830} INFO - Processing file /opt/airflow/dags/flight-pipeline.py for tasks to queue
[2026-08-20T06:24:12.790+0000] {logging_mixin.py:188} INFO - [2026-08-20T06:24:12.789+0000] {dagbag.py:545} INFO - Filling up the DagBag from /opt/airflow/dags/flight-pipeline.py
[2026-08-20T06:24:13.491+0000] {processor.py:840} INFO - DAG(s) 'flights_ops_medallioin_pipe' retrieved from /opt/airflow/dags/flight-pipeline.py
[2026-08-20T06:24:13.859+0000] {logging_mixin.py:188} INFO - [2026-08-20T06:24:13.858+0000] {dag.py:3089} INFO - Sync 1 DAGs
[2026-08-20T06:24:13.981+0000] {logging_mixin.py:188} INFO - [2026-08-20T06:24:13.981+0000] {dag.py:3947} INFO - Setting next_dagrun for flights_ops_medallioin_pipe to 2026-08-20 06:00:00+00:00, run_after=2026-08-20 06:30:00+00:00
[2026-08-20T06:24:14.119+0000] {processor.py:183} INFO - Processing /opt/airflow/dags/flight-pipeline.py took 1.355 seconds
[2026-08-20T06:24:44.456+0000] {processor.py:161} INFO - Started process (PID=455) to work on /opt/airflow/dags/flight-pipeline.py
[2026-08-20T06:24:44.459+0000] {processor.py:830} INFO - Processing file /opt/airflow/dags/flight-pipeline.py for tasks to queue
[2026-08-20T06:24:44.464+0000] {logging_mixin.py:188} INFO - [2026-08-20T06:24:44.464+0000] {dagbag.py:545} INFO - Filling up the DagBag from /opt/airflow/dags/flight-pipeline.py
[2026-08-20T06:24:45.150+0000] {processor.py:840} INFO - DAG(s) 'flights_ops_medallioin_pipe' retrieved from /opt/airflow/dags/flight-pipeline.py
[2026-08-20T06:24:45.206+0000] {logging_mixin.py:188} INFO - [2026-08-20T06:24:45.205+0000] {dag.py:3089} INFO - Sync 1 DAGs
[2026-08-20T06:24:45.250+0000] {logging_mixin.py:188} INFO - [2026-08-20T06:24:45.250+0000] {dag.py:3947} INFO - Setting next_dagrun for flights_ops_medallioin_pipe to 2026-08-20 06:00:00+00:00, run_after=2026-08-20 06:30:00+00:00
[2026-08-20T06:24:45.289+0000] {processor.py:183} INFO - Processing /opt/airflow/dags/flight-pipeline.py took 0.847 seconds
[2026-08-20T06:25:15.469+0000] {processor.py:161} INFO - Started process (PID=457) to work on /opt/airflow/dags/flight-pipeline.py
[2026-08-20T06:25:15.472+0000] {processor.py:830} INFO - Processing file /opt/airflow/dags/flight-pipeline.py for tasks to queue
[2026-08-20T06:25:15.477+0000] {logging_mixin.py:188} INFO - [2026-08-20T06:25:15.476+0000] {dagbag.py:545} INFO - Filling up the DagBag from /opt/airflow/dags/flight-pipeline.py
[2026-08-20T06:25:16.133+0000] {processor.py:840} INFO - DAG(s) 'flights_ops_medallioin_pipe' retrieved from /opt/airflow/dags/flight-pipeline.py
[2026-08-20T06:25:16.189+0000] {logging_mixin.py:188} INFO - [2026-08-20T06:25:16.188+0000] {dag.py:3089} INFO - Sync 1 DAGs
[2026-08-20T06:25:16.235+0000] {logging_mixin.py:188} INFO - [2026-08-20T06:25:16.235+0000] {dag.py:3947} INFO - Setting next_dagrun for flights_ops_medallioin_pipe to 2026-08-20 06:00:00+00:00, run_after=2026-08-20 06:30:00+00:00
[2026-08-20T06:25:16.273+0000] {processor.py:183} INFO - Processing /opt/airflow/dags/flight-pipeline.py took 0.819 seconds
[2026-08-20T06:25:46.719+0000] {processor.py:161} INFO - Started process (PID=459) to work on /opt/airflow/dags/flight-pipeline.py
[2026-08-20T06:25:46.722+0000] {processor.py:830} INFO - Processing file /opt/airflow/dags/flight-pipeline.py for tasks to queue
[2026-08-20T06:25:46.727+0000] {logging_mixin.py:188} INFO - [2026-08-20T06:25:46.726+0000] {dagbag.py:545} INFO - Filling up the DagBag from /opt/airflow/dags/flight-pipeline.py
[2026-08-20T06:25:47.372+0000] {processor.py:840} INFO - DAG(s) 'flights_ops_medallioin_pipe' retrieved from /opt/airflow/dags/flight-pipeline.py
[2026-08-20T06:25:47.427+0000] {logging_mixin.py:188} INFO - [2026-08-20T06:25:47.426+0000] {dag.py:3089} INFO - Sync 1 DAGs
[2026-08-20T06:25:47.474+0000] {logging_mixin.py:188} INFO - [2026-08-20T06:25:47.473+0000] {dag.py:3947} INFO - Setting next_dagrun for flights_ops_medallioin_pipe to 2026-08-20 06:00:00+00:00, run_after=2026-08-20 06:30:00+00:00
[2026-08-20T06:25:47.754+0000] {processor.py:183} INFO - Processing /opt/airflow/dags/flight-pipeline.py took 1.050 seconds
[2026-08-20T06:26:18.101+0000] {processor.py:161} INFO - Started process (PID=461) to work on /opt/airflow/dags/flight-pipeline.py
[2026-08-20T06:26:18.105+0000] {processor.py:830} INFO - Processing file /opt/airflow/dags/flight-pipeline.py for tasks to queue
[2026-08-20T06:26:18.113+0000] {logging_mixin.py:188} INFO - [2026-08-20T06:26:18.112+0000] {dagbag.py:545} INFO - Filling up the DagBag from /opt/airflow/dags/flight-pipeline.py
[2026-08-20T06:26:18.828+0000] {processor.py:840} INFO - DAG(s) 'flights_ops_medallioin_pipe' retrieved from /opt/airflow/dags/flight-pipeline.py
[2026-08-20T06:26:18.885+0000] {logging_mixin.py:188} INFO - [2026-08-20T06:26:18.884+0000] {dag.py:3089} INFO - Sync 1 DAGs
[2026-08-20T06:26:19.171+0000] {logging_mixin.py:188} INFO - [2026-08-20T06:26:19.171+0000] {dag.py:3947} INFO - Setting next_dagrun for flights_ops_medallioin_pipe to 2026-08-20 06:00:00+00:00, run_after=2026-08-20 06:30:00+00:00
[2026-08-20T06:26:19.207+0000] {processor.py:183} INFO - Processing /opt/airflow/dags/flight-pipeline.py took 1.129 seconds
[2026-08-20T06:26:49.451+0000] {processor.py:161} INFO - Started process (PID=463) to work on /opt/airflow/dags/flight-pipeline.py
[2026-08-20T06:26:49.454+0000] {processor.py:830} INFO - Processing file /opt/airflow/dags/flight-pipeline.py for tasks to queue
[2026-08-20T06:26:49.459+0000] {logging_mixin.py:188} INFO - [2026-08-20T06:26:49.458+0000] {dagbag.py:545} INFO - Filling up the DagBag from /opt/airflow/dags/flight-pipeline.py
[2026-08-20T06:26:50.087+0000] {processor.py:840} INFO - DAG(s) 'flights_ops_medallioin_pipe' retrieved from /opt/airflow/dags/flight-pipeline.py
[2026-08-20T06:26:50.145+0000] {logging_mixin.py:188} INFO - [2026-08-20T06:26:50.144+0000] {dag.py:3089} INFO - Sync 1 DAGs
[2026-08-20T06:26:50.478+0000] {logging_mixin.py:188} INFO - [2026-08-20T06:26:50.478+0000] {dag.py:3947} INFO - Setting next_dagrun for flights_ops_medallioin_pipe to 2026-08-20 06:00:00+00:00, run_after=2026-08-20 06:30:00+00:00
[2026-08-20T06:26:50.521+0000] {processor.py:183} INFO - Processing /opt/airflow/dags/flight-pipeline.py took 1.082 seconds
[2026-08-20T06:27:20.812+0000] {processor.py:161} INFO - Started process (PID=465) to work on /opt/airflow/dags/flight-pipeline.py
[2026-08-20T06:27:20.815+0000] {processor.py:830} INFO - Processing file /opt/airflow/dags/flight-pipeline.py for tasks to queue
[2026-08-20T06:27:20.819+0000] {logging_mixin.py:188} INFO - [2026-08-20T06:27:20.819+0000] {dagbag.py:545} INFO - Filling up the DagBag from /opt/airflow/dags/flight-pipeline.py
[2026-08-20T06:27:21.488+0000] {processor.py:840} INFO - DAG(s) 'flights_ops_medallioin_pipe' retrieved from /opt/airflow/dags/flight-pipeline.py
[2026-08-20T06:27:21.784+0000] {logging_mixin.py:188} INFO - [2026-08-20T06:27:21.784+0000] {dag.py:3089} INFO - Sync 1 DAGs
[2026-08-20T06:27:21.826+0000] {logging_mixin.py:188} INFO - [2026-08-20T06:27:21.825+0000] {dag.py:3947} INFO - Setting next_dagrun for flights_ops_medallioin_pipe to 2026-08-20 06:00:00+00:00, run_after=2026-08-20 06:30:00+00:00
[2026-08-20T06:27:21.879+0000] {processor.py:183} INFO - Processing /opt/airflow/dags/flight-pipeline.py took 1.080 seconds
[2026-08-20T06:27:52.087+0000] {processor.py:161} INFO - Started process (PID=467) to work on /opt/airflow/dags/flight-pipeline.py
[2026-08-20T06:27:52.090+0000] {processor.py:830} INFO - Processing file /opt/airflow/dags/flight-pipeline.py for tasks to queue
[2026-08-20T06:27:52.094+0000] {logging_mixin.py:188} INFO - [2026-08-20T06:27:52.094+0000] {dagbag.py:545} INFO - Filling up the DagBag from /opt/airflow/dags/flight-pipeline.py
[2026-08-20T06:27:52.774+0000] {processor.py:840} INFO - DAG(s) 'flights_ops_medallioin_pipe' retrieved from /opt/airflow/dags/flight-pipeline.py
[2026-08-20T06:27:52.832+0000] {logging_mixin.py:188} INFO - [2026-08-20T06:27:52.830+0000] {dag.py:3089} INFO - Sync 1 DAGs
[2026-08-20T06:27:52.877+0000] {logging_mixin.py:188} INFO - [2026-08-20T06:27:52.877+0000] {dag.py:3947} INFO - Setting next_dagrun for flights_ops_medallioin_pipe to 2026-08-20 06:00:00+00:00, run_after=2026-08-20 06:30:00+00:00
[2026-08-20T06:27:52.916+0000] {processor.py:183} INFO - Processing /opt/airflow/dags/flight-pipeline.py took 0.841 seconds
[2026-08-20T06:28:23.225+0000] {processor.py:161} INFO - Started process (PID=469) to work on /opt/airflow/dags/flight-pipeline.py
[2026-08-20T06:28:23.227+0000] {processor.py:830} INFO - Processing file /opt/airflow/dags/flight-pipeline.py for tasks to queue
[2026-08-20T06:28:23.232+0000] {logging_mixin.py:188} INFO - [2026-08-20T06:28:23.232+0000] {dagbag.py:545} INFO - Filling up the DagBag from /opt/airflow/dags/flight-pipeline.py
[2026-08-20T06:28:23.875+0000] {processor.py:840} INFO - DAG(s) 'flights_ops_medallioin_pipe' retrieved from /opt/airflow/dags/flight-pipeline.py
[2026-08-20T06:28:23.933+0000] {logging_mixin.py:188} INFO - [2026-08-20T06:28:23.933+0000] {dag.py:3089} INFO - Sync 1 DAGs
[2026-08-20T06:28:23.985+0000] {logging_mixin.py:188} INFO - [2026-08-20T06:28:23.984+0000] {dag.py:3947} INFO - Setting next_dagrun for flights_ops_medallioin_pipe to 2026-08-20 06:00:00+00:00, run_after=2026-08-20 06:30:00+00:00
[2026-08-20T06:28:24.030+0000] {processor.py:183} INFO - Processing /opt/airflow/dags/flight-pipeline.py took 0.817 seconds
[2026-08-20T06:28:54.389+0000] {processor.py:161} INFO - Started process (PID=471) to work on /opt/airflow/dags/flight-pipeline.py
[2026-08-20T06:28:54.392+0000] {processor.py:830} INFO - Processing file /opt/airflow/dags/flight-pipeline.py for tasks to queue
[2026-08-20T06:28:54.397+0000] {logging_mixin.py:188} INFO - [2026-08-20T06:28:54.396+0000] {dagbag.py:545} INFO - Filling up the DagBag from /opt/airflow/dags/flight-pipeline.py
[2026-08-20T06:28:55.066+0000] {processor.py:840} INFO - DAG(s) 'flights_ops_medallioin_pipe' retrieved from /opt/airflow/dags/flight-pipeline.py
[2026-08-20T06:28:55.123+0000] {logging_mixin.py:188} INFO - [2026-08-20T06:28:55.122+0000] {dag.py:3089} INFO - Sync 1 DAGs
[2026-08-20T06:28:55.169+0000] {logging_mixin.py:188} INFO - [2026-08-20T06:28:55.169+0000] {dag.py:3947} INFO - Setting next_dagrun for flights_ops_medallioin_pipe to 2026-08-20 06:00:00+00:00, run_after=2026-08-20 06:30:00+00:00
[2026-08-20T06:28:55.453+0000] {processor.py:183} INFO - Processing /opt/airflow/dags/flight-pipeline.py took 1.077 seconds
[2026-08-20T06:29:25.652+0000] {processor.py:161} INFO - Started process (PID=473) to work on /opt/airflow/dags/flight-pipeline.py
[2026-08-20T06:29:25.655+0000] {processor.py:830} INFO - Processing file /opt/airflow/dags/flight-pipeline.py for tasks to queue
[2026-08-20T06:29:25.660+0000] {logging_mixin.py:188} INFO - [2026-08-20T06:29:25.660+0000] {dagbag.py:545} INFO - Filling up the DagBag from /opt/airflow/dags/flight-pipeline.py
[2026-08-20T06:29:26.301+0000] {processor.py:840} INFO - DAG(s) 'flights_ops_medallioin_pipe' retrieved from /opt/airflow/dags/flight-pipeline.py
[2026-08-20T06:29:26.360+0000] {logging_mixin.py:188} INFO - [2026-08-20T06:29:26.359+0000] {dag.py:3089} INFO - Sync 1 DAGs
[2026-08-20T06:29:26.647+0000] {logging_mixin.py:188} INFO - [2026-08-20T06:29:26.647+0000] {dag.py:3947} INFO - Setting next_dagrun for flights_ops_medallioin_pipe to 2026-08-20 06:00:00+00:00, run_after=2026-08-20 06:30:00+00:00
[2026-08-20T06:29:26.686+0000] {processor.py:183} INFO - Processing /opt/airflow/dags/flight-pipeline.py took 1.046 seconds
[2026-08-20T06:29:56.993+0000] {processor.py:161} INFO - Started process (PID=475) to work on /opt/airflow/dags/flight-pipeline.py
[2026-08-20T06:29:56.996+0000] {processor.py:830} INFO - Processing file /opt/airflow/dags/flight-pipeline.py for tasks to queue
[2026-08-20T06:29:57.003+0000] {logging_mixin.py:188} INFO - [2026-08-20T06:29:57.002+0000] {dagbag.py:545} INFO - Filling up the DagBag from /opt/airflow/dags/flight-pipeline.py
[2026-08-20T06:29:57.628+0000] {processor.py:840} INFO - DAG(s) 'flights_ops_medallioin_pipe' retrieved from /opt/airflow/dags/flight-pipeline.py
[2026-08-20T06:29:57.686+0000] {logging_mixin.py:188} INFO - [2026-08-20T06:29:57.685+0000] {dag.py:3089} INFO - Sync 1 DAGs
[2026-08-20T06:29:57.978+0000] {logging_mixin.py:188} INFO - [2026-08-20T06:29:57.977+0000] {dag.py:3947} INFO - Setting next_dagrun for flights_ops_medallioin_pipe to 2026-08-20 06:00:00+00:00, run_after=2026-08-20 06:30:00+00:00
[2026-08-20T06:29:58.013+0000] {processor.py:183} INFO - Processing /opt/airflow/dags/flight-pipeline.py took 1.031 seconds
[2026-08-20T06:30:28.317+0000] {processor.py:161} INFO - Started process (PID=507) to work on /opt/airflow/dags/flight-pipeline.py
[2026-08-20T06:30:28.322+0000] {processor.py:830} INFO - Processing file /opt/airflow/dags/flight-pipeline.py for tasks to queue
[2026-08-20T06:30:28.336+0000] {logging_mixin.py:188} INFO - [2026-08-20T06:30:28.335+0000] {dagbag.py:545} INFO - Filling up the DagBag from /opt/airflow/dags/flight-pipeline.py
[2026-08-20T06:30:29.081+0000] {processor.py:840} INFO - DAG(s) 'flights_ops_medallioin_pipe' retrieved from /opt/airflow/dags/flight-pipeline.py
[2026-08-20T06:30:29.411+0000] {logging_mixin.py:188} INFO - [2026-08-20T06:30:29.410+0000] {dag.py:3089} INFO - Sync 1 DAGs
[2026-08-20T06:30:29.454+0000] {logging_mixin.py:188} INFO - [2026-08-20T06:30:29.454+0000] {dag.py:3947} INFO - Setting next_dagrun for flights_ops_medallioin_pipe to 2026-08-20 06:30:00+00:00, run_after=2026-08-20 07:00:00+00:00
[2026-08-20T06:30:29.489+0000] {processor.py:183} INFO - Processing /opt/airflow/dags/flight-pipeline.py took 1.204 seconds
[2026-08-20T06:30:59.588+0000] {processor.py:161} INFO - Started process (PID=509) to work on /opt/airflow/dags/flight-pipeline.py
[2026-08-20T06:30:59.592+0000] {processor.py:830} INFO - Processing file /opt/airflow/dags/flight-pipeline.py for tasks to queue
[2026-08-20T06:30:59.597+0000] {logging_mixin.py:188} INFO - [2026-08-20T06:30:59.596+0000] {dagbag.py:545} INFO - Filling up the DagBag from /opt/airflow/dags/flight-pipeline.py
[2026-08-20T06:31:00.282+0000] {processor.py:840} INFO - DAG(s) 'flights_ops_medallioin_pipe' retrieved from /opt/airflow/dags/flight-pipeline.py
[2026-08-20T06:31:00.348+0000] {logging_mixin.py:188} INFO - [2026-08-20T06:31:00.345+0000] {dag.py:3089} INFO - Sync 1 DAGs
[2026-08-20T06:31:00.395+0000] {logging_mixin.py:188} INFO - [2026-08-20T06:31:00.394+0000] {dag.py:3947} INFO - Setting next_dagrun for flights_ops_medallioin_pipe to 2026-08-20 06:30:00+00:00, run_after=2026-08-20 07:00:00+00:00
[2026-08-20T06:31:00.437+0000] {processor.py:183} INFO - Processing /opt/airflow/dags/flight-pipeline.py took 0.860 seconds
[2026-08-20T06:31:30.760+0000] {processor.py:161} INFO - Started process (PID=511) to work on /opt/airflow/dags/flight-pipeline.py
[2026-08-20T06:31:30.763+0000] {processor.py:830} INFO - Processing file /opt/airflow/dags/flight-pipeline.py for tasks to queue
[2026-08-20T06:31:30.767+0000] {logging_mixin.py:188} INFO - [2026-08-20T06:31:30.766+0000] {dagbag.py:545} INFO - Filling up the DagBag from /opt/airflow/dags/flight-pipeline.py
[2026-08-20T06:31:31.433+0000] {processor.py:840} INFO - DAG(s) 'flights_ops_medallioin_pipe' retrieved from /opt/airflow/dags/flight-pipeline.py
[2026-08-20T06:31:31.489+0000] {logging_mixin.py:188} INFO - [2026-08-20T06:31:31.488+0000] {dag.py:3089} INFO - Sync 1 DAGs
[2026-08-20T06:31:31.533+0000] {logging_mixin.py:188} INFO - [2026-08-20T06:31:31.532+0000] {dag.py:3947} INFO - Setting next_dagrun for flights_ops_medallioin_pipe to 2026-08-20 06:30:00+00:00, run_after=2026-08-20 07:00:00+00:00
[2026-08-20T06:31:31.818+0000] {processor.py:183} INFO - Processing /opt/airflow/dags/flight-pipeline.py took 1.071 seconds
[2026-08-20T06:32:02.065+0000] {processor.py:161} INFO - Started process (PID=513) to work on /opt/airflow/dags/flight-pipeline.py
[2026-08-20T06:32:02.068+0000] {processor.py:830} INFO - Processing file /opt/airflow/dags/flight-pipeline.py for tasks to queue
[2026-08-20T06:32:02.073+0000] {logging_mixin.py:188} INFO - [2026-08-20T06:32:02.072+0000] {dagbag.py:545} INFO - Filling up the DagBag from /opt/airflow/dags/flight-pipeline.py
[2026-08-20T06:32:02.747+0000] {processor.py:840} INFO - DAG(s) 'flights_ops_medallioin_pipe' retrieved from /opt/airflow/dags/flight-pipeline.py
[2026-08-20T06:32:02.806+0000] {logging_mixin.py:188} INFO - [2026-08-20T06:32:02.805+0000] {dag.py:3089} INFO - Sync 1 DAGs
[2026-08-20T06:32:03.138+0000] {logging_mixin.py:188} INFO - [2026-08-20T06:32:03.138+0000] {dag.py:3947} INFO - Setting next_dagrun for flights_ops_medallioin_pipe to 2026-08-20 06:30:00+00:00, run_after=2026-08-20 07:00:00+00:00
[2026-08-20T06:32:03.173+0000] {processor.py:183} INFO - Processing /opt/airflow/dags/flight-pipeline.py took 1.121 seconds
[2026-08-20T06:32:33.378+0000] {processor.py:161} INFO - Started process (PID=515) to work on /opt/airflow/dags/flight-pipeline.py
[2026-08-20T06:32:33.382+0000] {processor.py:830} INFO - Processing file /opt/airflow/dags/flight-pipeline.py for tasks to queue
[2026-08-20T06:32:33.386+0000] {logging_mixin.py:188} INFO - [2026-08-20T06:32:33.386+0000] {dagbag.py:545} INFO - Filling up the DagBag from /opt/airflow/dags/flight-pipeline.py
[2026-08-20T06:32:34.047+0000] {processor.py:840} INFO - DAG(s) 'flights_ops_medallioin_pipe' retrieved from /opt/airflow/dags/flight-pipeline.py
[2026-08-20T06:32:34.104+0000] {logging_mixin.py:188} INFO - [2026-08-20T06:32:34.104+0000] {dag.py:3089} INFO - Sync 1 DAGs
[2026-08-20T06:32:34.416+0000] {logging_mixin.py:188} INFO - [2026-08-20T06:32:34.416+0000] {dag.py:3947} INFO - Setting next_dagrun for flights_ops_medallioin_pipe to 2026-08-20 06:30:00+00:00, run_after=2026-08-20 07:00:00+00:00
[2026-08-20T06:32:34.451+0000] {processor.py:183} INFO - Processing /opt/airflow/dags/flight-pipeline.py took 1.086 seconds
[2026-08-20T06:33:04.756+0000] {processor.py:161} INFO - Started process (PID=517) to work on /opt/airflow/dags/flight-pipeline.py
[2026-08-20T06:33:04.759+0000] {processor.py:830} INFO - Processing file /opt/airflow/dags/flight-pipeline.py for tasks to queue
[2026-08-20T06:33:04.764+0000] {logging_mixin.py:188} INFO - [2026-08-20T06:33:04.764+0000] {dagbag.py:545} INFO - Filling up the DagBag from /opt/airflow/dags/flight-pipeline.py
[2026-08-20T06:33:05.406+0000] {processor.py:840} INFO - DAG(s) 'flights_ops_medallioin_pipe' retrieved from /opt/airflow/dags/flight-pipeline.py
[2026-08-20T06:33:05.709+0000] {logging_mixin.py:188} INFO - [2026-08-20T06:33:05.708+0000] {dag.py:3089} INFO - Sync 1 DAGs
[2026-08-20T06:33:05.750+0000] {logging_mixin.py:188} INFO - [2026-08-20T06:33:05.750+0000] {dag.py:3947} INFO - Setting next_dagrun for flights_ops_medallioin_pipe to 2026-08-20 06:30:00+00:00, run_after=2026-08-20 07:00:00+00:00
[2026-08-20T06:33:05.786+0000] {processor.py:183} INFO - Processing /opt/airflow/dags/flight-pipeline.py took 1.041 seconds
[2026-08-20T06:33:36.056+0000] {processor.py:161} INFO - Started process (PID=519) to work on /opt/airflow/dags/flight-pipeline.py
[2026-08-20T06:33:36.059+0000] {processor.py:830} INFO - Processing file /opt/airflow/dags/flight-pipeline.py for tasks to queue
[2026-08-20T06:33:36.064+0000] {logging_mixin.py:188} INFO - [2026-08-20T06:33:36.063+0000] {dagbag.py:545} INFO - Filling up the DagBag from /opt/airflow/dags/flight-pipeline.py
[2026-08-20T06:33:36.703+0000] {processor.py:840} INFO - DAG(s) 'flights_ops_medallioin_pipe' retrieved from /opt/airflow/dags/flight-pipeline.py
[2026-08-20T06:33:37.015+0000] {logging_mixin.py:188} INFO - [2026-08-20T06:33:37.014+0000] {dag.py:3089} INFO - Sync 1 DAGs
[2026-08-20T06:33:37.062+0000] {logging_mixin.py:188} INFO - [2026-08-20T06:33:37.061+0000] {dag.py:3947} INFO - Setting next_dagrun for flights_ops_medallioin_pipe to 2026-08-20 06:30:00+00:00, run_after=2026-08-20 07:00:00+00:00
[2026-08-20T06:33:37.104+0000] {processor.py:183} INFO - Processing /opt/airflow/dags/flight-pipeline.py took 1.061 seconds
[2026-08-20T06:34:07.338+0000] {processor.py:161} INFO - Started process (PID=521) to work on /opt/airflow/dags/flight-pipeline.py
[2026-08-20T06:34:07.343+0000] {processor.py:830} INFO - Processing file /opt/airflow/dags/flight-pipeline.py for tasks to queue
[2026-08-20T06:34:07.350+0000] {logging_mixin.py:188} INFO - [2026-08-20T06:34:07.349+0000] {dagbag.py:545} INFO - Filling up the DagBag from /opt/airflow/dags/flight-pipeline.py
[2026-08-20T06:34:08.104+0000] {processor.py:840} INFO - DAG(s) 'flights_ops_medallioin_pipe' retrieved from /opt/airflow/dags/flight-pipeline.py
[2026-08-20T06:34:08.170+0000] {logging_mixin.py:188} INFO - [2026-08-20T06:34:08.169+0000] {dag.py:3089} INFO - Sync 1 DAGs
[2026-08-20T06:34:08.219+0000] {logging_mixin.py:188} INFO - [2026-08-20T06:34:08.219+0000] {dag.py:3947} INFO - Setting next_dagrun for flights_ops_medallioin_pipe to 2026-08-20 06:30:00+00:00, run_after=2026-08-20 07:00:00+00:00
[2026-08-20T06:34:08.257+0000] {processor.py:183} INFO - Processing /opt/airflow/dags/flight-pipeline.py took 0.936 seconds
[2026-08-20T06:34:38.596+0000] {processor.py:161} INFO - Started process (PID=523) to work on /opt/airflow/dags/flight-pipeline.py
[2026-08-20T06:34:38.598+0000] {processor.py:830} INFO - Processing file /opt/airflow/dags/flight-pipeline.py for tasks to queue
[2026-08-20T06:34:38.604+0000] {logging_mixin.py:188} INFO - [2026-08-20T06:34:38.603+0000] {dagbag.py:545} INFO - Filling up the DagBag from /opt/airflow/dags/flight-pipeline.py
[2026-08-20T06:34:39.410+0000] {processor.py:840} INFO - DAG(s) 'flights_ops_medallioin_pipe' retrieved from /opt/airflow/dags/flight-pipeline.py
[2026-08-20T06:34:39.523+0000] {logging_mixin.py:188} INFO - [2026-08-20T06:34:39.521+0000] {dag.py:3089} INFO - Sync 1 DAGs
[2026-08-20T06:34:39.604+0000] {logging_mixin.py:188} INFO - [2026-08-20T06:34:39.604+0000] {dag.py:3947} INFO - Setting next_dagrun for flights_ops_medallioin_pipe to 2026-08-20 06:30:00+00:00, run_after=2026-08-20 07:00:00+00:00
[2026-08-20T06:34:39.967+0000] {processor.py:183} INFO - Processing /opt/airflow/dags/flight-pipeline.py took 1.384 seconds
[2026-08-20T06:35:10.496+0000] {processor.py:161} INFO - Started process (PID=525) to work on /opt/airflow/dags/flight-pipeline.py
[2026-08-20T06:35:10.499+0000] {processor.py:830} INFO - Processing file /opt/airflow/dags/flight-pipeline.py for tasks to queue
[2026-08-20T06:35:10.505+0000] {logging_mixin.py:188} INFO - [2026-08-20T06:35:10.504+0000] {dagbag.py:545} INFO - Filling up the DagBag from /opt/airflow/dags/flight-pipeline.py
[2026-08-20T06:35:11.323+0000] {processor.py:840} INFO - DAG(s) 'flights_ops_medallioin_pipe' retrieved from /opt/airflow/dags/flight-pipeline.py
[2026-08-20T06:35:11.384+0000] {logging_mixin.py:188} INFO - [2026-08-20T06:35:11.384+0000] {dag.py:3089} INFO - Sync 1 DAGs
[2026-08-20T06:35:11.704+0000] {logging_mixin.py:188} INFO - [2026-08-20T06:35:11.704+0000] {dag.py:3947} INFO - Setting next_dagrun for flights_ops_medallioin_pipe to 2026-08-20 06:30:00+00:00, run_after=2026-08-20 07:00:00+00:00
[2026-08-20T06:35:11.740+0000] {processor.py:183} INFO - Processing /opt/airflow/dags/flight-pipeline.py took 1.259 seconds
[2026-08-20T06:35:41.919+0000] {processor.py:161} INFO - Started process (PID=527) to work on /opt/airflow/dags/flight-pipeline.py
[2026-08-20T06:35:41.922+0000] {processor.py:830} INFO - Processing file /opt/airflow/dags/flight-pipeline.py for tasks to queue
[2026-08-20T06:35:41.927+0000] {logging_mixin.py:188} INFO - [2026-08-20T06:35:41.926+0000] {dagbag.py:545} INFO - Filling up the DagBag from /opt/airflow/dags/flight-pipeline.py
[2026-08-20T06:35:42.608+0000] {processor.py:840} INFO - DAG(s) 'flights_ops_medallioin_pipe' retrieved from /opt/airflow/dags/flight-pipeline.py
[2026-08-20T06:35:42.667+0000] {logging_mixin.py:188} INFO - [2026-08-20T06:35:42.666+0000] {dag.py:3089} INFO - Sync 1 DAGs
[2026-08-20T06:35:42.982+0000] {logging_mixin.py:188} INFO - [2026-08-20T06:35:42.982+0000] {dag.py:3947} INFO - Setting next_dagrun for flights_ops_medallioin_pipe to 2026-08-20 06:30:00+00:00, run_after=2026-08-20 07:00:00+00:00
[2026-08-20T06:35:43.042+0000] {processor.py:183} INFO - Processing /opt/airflow/dags/flight-pipeline.py took 1.137 seconds
[2026-08-20T08:47:13.444+0000] {processor.py:161} INFO - Started process (PID=25) to work on /opt/airflow/dags/flight-pipeline.py
[2026-08-20T08:47:13.449+0000] {processor.py:830} INFO - Processing file /opt/airflow/dags/flight-pipeline.py for tasks to queue
[2026-08-20T08:47:13.456+0000] {logging_mixin.py:188} INFO - [2026-08-20T08:47:13.455+0000] {dagbag.py:545} INFO - Filling up the DagBag from /opt/airflow/dags/flight-pipeline.py
[2026-08-20T08:47:16.988+0000] {processor.py:840} INFO - DAG(s) 'flights_ops_medallioin_pipe' retrieved from /opt/airflow/dags/flight-pipeline.py
[2026-08-20T08:47:17.500+0000] {logging_mixin.py:188} INFO - [2026-08-20T08:47:17.499+0000] {dag.py:3089} INFO - Sync 1 DAGs
[2026-08-20T08:47:17.548+0000] {logging_mixin.py:188} INFO - [2026-08-20T08:47:17.547+0000] {dag.py:3947} INFO - Setting next_dagrun for flights_ops_medallioin_pipe to 2026-08-20 08:00:00+00:00, run_after=2026-08-20 08:30:00+00:00
[2026-08-20T08:47:17.598+0000] {processor.py:183} INFO - Processing /opt/airflow/dags/flight-pipeline.py took 4.180 seconds
[2026-08-20T08:47:47.847+0000] {processor.py:161} INFO - Started process (PID=57) to work on /opt/airflow/dags/flight-pipeline.py
[2026-08-20T08:47:47.852+0000] {processor.py:830} INFO - Processing file /opt/airflow/dags/flight-pipeline.py for tasks to queue
[2026-08-20T08:47:47.860+0000] {logging_mixin.py:188} INFO - [2026-08-20T08:47:47.860+0000] {dagbag.py:545} INFO - Filling up the DagBag from /opt/airflow/dags/flight-pipeline.py
[2026-08-20T08:47:48.641+0000] {processor.py:840} INFO - DAG(s) 'flights_ops_medallioin_pipe' retrieved from /opt/airflow/dags/flight-pipeline.py
[2026-08-20T08:47:48.702+0000] {logging_mixin.py:188} INFO - [2026-08-20T08:47:48.701+0000] {dag.py:3089} INFO - Sync 1 DAGs
[2026-08-20T08:47:48.757+0000] {logging_mixin.py:188} INFO - [2026-08-20T08:47:48.756+0000] {dag.py:3947} INFO - Setting next_dagrun for flights_ops_medallioin_pipe to 2026-08-20 08:30:00+00:00, run_after=2026-08-20 09:00:00+00:00
[2026-08-20T08:47:48.801+0000] {processor.py:183} INFO - Processing /opt/airflow/dags/flight-pipeline.py took 0.972 seconds
[2026-08-20T08:48:19.164+0000] {processor.py:161} INFO - Started process (PID=59) to work on /opt/airflow/dags/flight-pipeline.py
[2026-08-20T08:48:19.168+0000] {processor.py:830} INFO - Processing file /opt/airflow/dags/flight-pipeline.py for tasks to queue
[2026-08-20T08:48:19.173+0000] {logging_mixin.py:188} INFO - [2026-08-20T08:48:19.172+0000] {dagbag.py:545} INFO - Filling up the DagBag from /opt/airflow/dags/flight-pipeline.py
[2026-08-20T08:48:19.852+0000] {processor.py:840} INFO - DAG(s) 'flights_ops_medallioin_pipe' retrieved from /opt/airflow/dags/flight-pipeline.py
[2026-08-20T08:48:19.914+0000] {logging_mixin.py:188} INFO - [2026-08-20T08:48:19.913+0000] {dag.py:3089} INFO - Sync 1 DAGs
[2026-08-20T08:48:19.965+0000] {logging_mixin.py:188} INFO - [2026-08-20T08:48:19.965+0000] {dag.py:3947} INFO - Setting next_dagrun for flights_ops_medallioin_pipe to 2026-08-20 08:30:00+00:00, run_after=2026-08-20 09:00:00+00:00
[2026-08-20T08:48:20.032+0000] {processor.py:183} INFO - Processing /opt/airflow/dags/flight-pipeline.py took 0.884 seconds
[2026-08-20T08:52:57.453+0000] {processor.py:161} INFO - Started process (PID=25) to work on /opt/airflow/dags/flight-pipeline.py
[2026-08-20T08:52:57.458+0000] {processor.py:830} INFO - Processing file /opt/airflow/dags/flight-pipeline.py for tasks to queue
[2026-08-20T08:52:57.466+0000] {logging_mixin.py:188} INFO - [2026-08-20T08:52:57.465+0000] {dagbag.py:545} INFO - Filling up the DagBag from /opt/airflow/dags/flight-pipeline.py
[2026-08-20T08:53:00.333+0000] {processor.py:840} INFO - DAG(s) 'flights_ops_medallioin_pipe' retrieved from /opt/airflow/dags/flight-pipeline.py
[2026-08-20T08:53:00.832+0000] {logging_mixin.py:188} INFO - [2026-08-20T08:53:00.831+0000] {dag.py:3089} INFO - Sync 1 DAGs
[2026-08-20T08:53:00.889+0000] {logging_mixin.py:188} INFO - [2026-08-20T08:53:00.888+0000] {dag.py:3947} INFO - Setting next_dagrun for flights_ops_medallioin_pipe to 2026-08-20 08:30:00+00:00, run_after=2026-08-20 09:00:00+00:00
[2026-08-20T08:53:00.970+0000] {processor.py:183} INFO - Processing /opt/airflow/dags/flight-pipeline.py took 3.538 seconds
[2026-08-20T08:53:31.329+0000] {processor.py:161} INFO - Started process (PID=27) to work on /opt/airflow/dags/flight-pipeline.py
[2026-08-20T08:53:31.332+0000] {processor.py:830} INFO - Processing file /opt/airflow/dags/flight-pipeline.py for tasks to queue
[2026-08-20T08:53:31.338+0000] {logging_mixin.py:188} INFO - [2026-08-20T08:53:31.337+0000] {dagbag.py:545} INFO - Filling up the DagBag from /opt/airflow/dags/flight-pipeline.py
[2026-08-20T08:53:32.085+0000] {processor.py:840} INFO - DAG(s) 'flights_ops_medallioin_pipe' retrieved from /opt/airflow/dags/flight-pipeline.py
[2026-08-20T08:53:32.156+0000] {logging_mixin.py:188} INFO - [2026-08-20T08:53:32.155+0000] {dag.py:3089} INFO - Sync 1 DAGs
[2026-08-20T08:53:32.218+0000] {logging_mixin.py:188} INFO - [2026-08-20T08:53:32.218+0000] {dag.py:3947} INFO - Setting next_dagrun for flights_ops_medallioin_pipe to 2026-08-20 08:30:00+00:00, run_after=2026-08-20 09:00:00+00:00
[2026-08-20T08:53:32.266+0000] {processor.py:183} INFO - Processing /opt/airflow/dags/flight-pipeline.py took 0.951 seconds
[2026-08-20T08:54:02.661+0000] {processor.py:161} INFO - Started process (PID=39) to work on /opt/airflow/dags/flight-pipeline.py
[2026-08-20T08:54:02.666+0000] {processor.py:830} INFO - Processing file /opt/airflow/dags/flight-pipeline.py for tasks to queue
[2026-08-20T08:54:02.674+0000] {logging_mixin.py:188} INFO - [2026-08-20T08:54:02.673+0000] {dagbag.py:545} INFO - Filling up the DagBag from /opt/airflow/dags/flight-pipeline.py
[2026-08-20T08:54:03.486+0000] {processor.py:840} INFO - DAG(s) 'flights_ops_medallioin_pipe' retrieved from /opt/airflow/dags/flight-pipeline.py
[2026-08-20T08:54:03.563+0000] {logging_mixin.py:188} INFO - [2026-08-20T08:54:03.562+0000] {dag.py:3089} INFO - Sync 1 DAGs
[2026-08-20T08:54:03.637+0000] {logging_mixin.py:188} INFO - [2026-08-20T08:54:03.636+0000] {dag.py:3947} INFO - Setting next_dagrun for flights_ops_medallioin_pipe to 2026-08-20 08:30:00+00:00, run_after=2026-08-20 09:00:00+00:00
[2026-08-20T08:54:03.690+0000] {processor.py:183} INFO - Processing /opt/airflow/dags/flight-pipeline.py took 1.049 seconds
[2026-08-20T08:54:33.968+0000] {processor.py:161} INFO - Started process (PID=61) to work on /opt/airflow/dags/flight-pipeline.py
[2026-08-20T08:54:33.973+0000] {processor.py:830} INFO - Processing file /opt/airflow/dags/flight-pipeline.py for tasks to queue
[2026-08-20T08:54:33.979+0000] {logging_mixin.py:188} INFO - [2026-08-20T08:54:33.978+0000] {dagbag.py:545} INFO - Filling up the DagBag from /opt/airflow/dags/flight-pipeline.py
[2026-08-20T08:54:34.666+0000] {processor.py:840} INFO - DAG(s) 'flights_ops_medallioin_pipe' retrieved from /opt/airflow/dags/flight-pipeline.py
[2026-08-20T08:54:34.724+0000] {logging_mixin.py:188} INFO - [2026-08-20T08:54:34.723+0000] {dag.py:3089} INFO - Sync 1 DAGs
[2026-08-20T08:54:34.775+0000] {logging_mixin.py:188} INFO - [2026-08-20T08:54:34.775+0000] {dag.py:3947} INFO - Setting next_dagrun for flights_ops_medallioin_pipe to 2026-08-20 08:30:00+00:00, run_after=2026-08-20 09:00:00+00:00
[2026-08-20T08:54:34.857+0000] {processor.py:183} INFO - Processing /opt/airflow/dags/flight-pipeline.py took 0.905 seconds
[2026-08-20T08:55:05.262+0000] {processor.py:161} INFO - Started process (PID=63) to work on /opt/airflow/dags/flight-pipeline.py
[2026-08-20T08:55:05.266+0000] {processor.py:830} INFO - Processing file /opt/airflow/dags/flight-pipeline.py for tasks to queue
[2026-08-20T08:55:05.272+0000] {logging_mixin.py:188} INFO - [2026-08-20T08:55:05.271+0000] {dagbag.py:545} INFO - Filling up the DagBag from /opt/airflow/dags/flight-pipeline.py
[2026-08-20T08:55:05.963+0000] {processor.py:840} INFO - DAG(s) 'flights_ops_medallioin_pipe' retrieved from /opt/airflow/dags/flight-pipeline.py
[2026-08-20T08:55:06.040+0000] {logging_mixin.py:188} INFO - [2026-08-20T08:55:06.040+0000] {dag.py:3089} INFO - Sync 1 DAGs
[2026-08-20T08:55:06.090+0000] {logging_mixin.py:188} INFO - [2026-08-20T08:55:06.089+0000] {dag.py:3947} INFO - Setting next_dagrun for flights_ops_medallioin_pipe to 2026-08-20 08:30:00+00:00, run_after=2026-08-20 09:00:00+00:00
[2026-08-20T08:55:06.157+0000] {processor.py:183} INFO - Processing /opt/airflow/dags/flight-pipeline.py took 0.910 seconds
[2026-08-20T08:55:36.565+0000] {processor.py:161} INFO - Started process (PID=65) to work on /opt/airflow/dags/flight-pipeline.py
[2026-08-20T08:55:36.569+0000] {processor.py:830} INFO - Processing file /opt/airflow/dags/flight-pipeline.py for tasks to queue
[2026-08-20T08:55:36.577+0000] {logging_mixin.py:188} INFO - [2026-08-20T08:55:36.575+0000] {dagbag.py:545} INFO - Filling up the DagBag from /opt/airflow/dags/flight-pipeline.py
[2026-08-20T08:55:37.252+0000] {processor.py:840} INFO - DAG(s) 'flights_ops_medallioin_pipe' retrieved from /opt/airflow/dags/flight-pipeline.py
[2026-08-20T08:55:37.313+0000] {logging_mixin.py:188} INFO - [2026-08-20T08:55:37.312+0000] {dag.py:3089} INFO - Sync 1 DAGs
[2026-08-20T08:55:37.358+0000] {logging_mixin.py:188} INFO - [2026-08-20T08:55:37.358+0000] {dag.py:3947} INFO - Setting next_dagrun for flights_ops_medallioin_pipe to 2026-08-20 08:30:00+00:00, run_after=2026-08-20 09:00:00+00:00
[2026-08-20T08:55:37.417+0000] {processor.py:183} INFO - Processing /opt/airflow/dags/flight-pipeline.py took 0.864 seconds
[2026-08-20T08:56:07.896+0000] {processor.py:161} INFO - Started process (PID=67) to work on /opt/airflow/dags/flight-pipeline.py
[2026-08-20T08:56:07.900+0000] {processor.py:830} INFO - Processing file /opt/airflow/dags/flight-pipeline.py for tasks to queue
[2026-08-20T08:56:07.907+0000] {logging_mixin.py:188} INFO - [2026-08-20T08:56:07.907+0000] {dagbag.py:545} INFO - Filling up the DagBag from /opt/airflow/dags/flight-pipeline.py
[2026-08-20T08:56:08.518+0000] {processor.py:840} INFO - DAG(s) 'flights_ops_medallioin_pipe' retrieved from /opt/airflow/dags/flight-pipeline.py
[2026-08-20T08:56:08.583+0000] {logging_mixin.py:188} INFO - [2026-08-20T08:56:08.582+0000] {dag.py:3089} INFO - Sync 1 DAGs
[2026-08-20T08:56:08.627+0000] {logging_mixin.py:188} INFO - [2026-08-20T08:56:08.626+0000] {dag.py:3947} INFO - Setting next_dagrun for flights_ops_medallioin_pipe to 2026-08-20 08:30:00+00:00, run_after=2026-08-20 09:00:00+00:00
[2026-08-20T08:56:08.668+0000] {processor.py:183} INFO - Processing /opt/airflow/dags/flight-pipeline.py took 0.783 seconds
[2026-08-20T08:56:39.052+0000] {processor.py:161} INFO - Started process (PID=69) to work on /opt/airflow/dags/flight-pipeline.py
[2026-08-20T08:56:39.055+0000] {processor.py:830} INFO - Processing file /opt/airflow/dags/flight-pipeline.py for tasks to queue
[2026-08-20T08:56:39.061+0000] {logging_mixin.py:188} INFO - [2026-08-20T08:56:39.060+0000] {dagbag.py:545} INFO - Filling up the DagBag from /opt/airflow/dags/flight-pipeline.py
[2026-08-20T08:56:39.703+0000] {processor.py:840} INFO - DAG(s) 'flights_ops_medallioin_pipe' retrieved from /opt/airflow/dags/flight-pipeline.py
[2026-08-20T08:56:39.760+0000] {logging_mixin.py:188} INFO - [2026-08-20T08:56:39.759+0000] {dag.py:3089} INFO - Sync 1 DAGs
[2026-08-20T08:56:39.806+0000] {logging_mixin.py:188} INFO - [2026-08-20T08:56:39.805+0000] {dag.py:3947} INFO - Setting next_dagrun for flights_ops_medallioin_pipe to 2026-08-20 08:30:00+00:00, run_after=2026-08-20 09:00:00+00:00
[2026-08-20T08:56:39.868+0000] {processor.py:183} INFO - Processing /opt/airflow/dags/flight-pipeline.py took 0.831 seconds
[2026-08-20T08:57:10.277+0000] {processor.py:161} INFO - Started process (PID=71) to work on /opt/airflow/dags/flight-pipeline.py
[2026-08-20T08:57:10.280+0000] {processor.py:830} INFO - Processing file /opt/airflow/dags/flight-pipeline.py for tasks to queue
[2026-08-20T08:57:10.287+0000] {logging_mixin.py:188} INFO - [2026-08-20T08:57:10.286+0000] {dagbag.py:545} INFO - Filling up the DagBag from /opt/airflow/dags/flight-pipeline.py
[2026-08-20T08:57:11.208+0000] {processor.py:840} INFO - DAG(s) 'flights_ops_medallioin_pipe' retrieved from /opt/airflow/dags/flight-pipeline.py
[2026-08-20T08:57:11.286+0000] {logging_mixin.py:188} INFO - [2026-08-20T08:57:11.284+0000] {dag.py:3089} INFO - Sync 1 DAGs
[2026-08-20T08:57:11.351+0000] {logging_mixin.py:188} INFO - [2026-08-20T08:57:11.350+0000] {dag.py:3947} INFO - Setting next_dagrun for flights_ops_medallioin_pipe to 2026-08-20 08:30:00+00:00, run_after=2026-08-20 09:00:00+00:00
[2026-08-20T08:57:11.424+0000] {processor.py:183} INFO - Processing /opt/airflow/dags/flight-pipeline.py took 1.163 seconds
[2026-08-20T08:57:41.640+0000] {processor.py:161} INFO - Started process (PID=73) to work on /opt/airflow/dags/flight-pipeline.py
[2026-08-20T08:57:41.643+0000] {processor.py:830} INFO - Processing file /opt/airflow/dags/flight-pipeline.py for tasks to queue
[2026-08-20T08:57:41.650+0000] {logging_mixin.py:188} INFO - [2026-08-20T08:57:41.649+0000] {dagbag.py:545} INFO - Filling up the DagBag from /opt/airflow/dags/flight-pipeline.py
[2026-08-20T08:57:42.306+0000] {processor.py:840} INFO - DAG(s) 'flights_ops_medallioin_pipe' retrieved from /opt/airflow/dags/flight-pipeline.py
[2026-08-20T08:57:42.371+0000] {logging_mixin.py:188} INFO - [2026-08-20T08:57:42.370+0000] {dag.py:3089} INFO - Sync 1 DAGs
[2026-08-20T08:57:42.427+0000] {logging_mixin.py:188} INFO - [2026-08-20T08:57:42.427+0000] {dag.py:3947} INFO - Setting next_dagrun for flights_ops_medallioin_pipe to 2026-08-20 08:30:00+00:00, run_after=2026-08-20 09:00:00+00:00
[2026-08-20T08:57:42.465+0000] {processor.py:183} INFO - Processing /opt/airflow/dags/flight-pipeline.py took 0.841 seconds
[2026-08-20T08:58:13.013+0000] {processor.py:161} INFO - Started process (PID=75) to work on /opt/airflow/dags/flight-pipeline.py
[2026-08-20T08:58:13.016+0000] {processor.py:830} INFO - Processing file /opt/airflow/dags/flight-pipeline.py for tasks to queue
[2026-08-20T08:58:13.021+0000] {logging_mixin.py:188} INFO - [2026-08-20T08:58:13.021+0000] {dagbag.py:545} INFO - Filling up the DagBag from /opt/airflow/dags/flight-pipeline.py
[2026-08-20T08:58:13.796+0000] {processor.py:840} INFO - DAG(s) 'flights_ops_medallioin_pipe' retrieved from /opt/airflow/dags/flight-pipeline.py
[2026-08-20T08:58:13.891+0000] {logging_mixin.py:188} INFO - [2026-08-20T08:58:13.890+0000] {dag.py:3089} INFO - Sync 1 DAGs
[2026-08-20T08:58:13.942+0000] {logging_mixin.py:188} INFO - [2026-08-20T08:58:13.942+0000] {dag.py:3947} INFO - Setting next_dagrun for flights_ops_medallioin_pipe to 2026-08-20 08:30:00+00:00, run_after=2026-08-20 09:00:00+00:00
[2026-08-20T08:58:13.996+0000] {processor.py:183} INFO - Processing /opt/airflow/dags/flight-pipeline.py took 1.000 seconds
[2026-08-20T08:58:44.378+0000] {processor.py:161} INFO - Started process (PID=77) to work on /opt/airflow/dags/flight-pipeline.py
[2026-08-20T08:58:44.381+0000] {processor.py:830} INFO - Processing file /opt/airflow/dags/flight-pipeline.py for tasks to queue
[2026-08-20T08:58:44.390+0000] {logging_mixin.py:188} INFO - [2026-08-20T08:58:44.389+0000] {dagbag.py:545} INFO - Filling up the DagBag from /opt/airflow/dags/flight-pipeline.py
[2026-08-20T08:58:45.278+0000] {processor.py:840} INFO - DAG(s) 'flights_ops_medallioin_pipe' retrieved from /opt/airflow/dags/flight-pipeline.py
[2026-08-20T08:58:45.367+0000] {logging_mixin.py:188} INFO - [2026-08-20T08:58:45.366+0000] {dag.py:3089} INFO - Sync 1 DAGs
[2026-08-20T08:58:45.498+0000] {logging_mixin.py:188} INFO - [2026-08-20T08:58:45.498+0000] {dag.py:3947} INFO - Setting next_dagrun for flights_ops_medallioin_pipe to 2026-08-20 08:30:00+00:00, run_after=2026-08-20 09:00:00+00:00
[2026-08-20T08:58:45.558+0000] {processor.py:183} INFO - Processing /opt/airflow/dags/flight-pipeline.py took 1.203 seconds
[2026-08-20T08:59:15.769+0000] {processor.py:161} INFO - Started process (PID=79) to work on /opt/airflow/dags/flight-pipeline.py
[2026-08-20T08:59:15.778+0000] {processor.py:830} INFO - Processing file /opt/airflow/dags/flight-pipeline.py for tasks to queue
[2026-08-20T08:59:15.783+0000] {logging_mixin.py:188} INFO - [2026-08-20T08:59:15.783+0000] {dagbag.py:545} INFO - Filling up the DagBag from /opt/airflow/dags/flight-pipeline.py
[2026-08-20T08:59:16.449+0000] {processor.py:840} INFO - DAG(s) 'flights_ops_medallioin_pipe' retrieved from /opt/airflow/dags/flight-pipeline.py
[2026-08-20T08:59:16.510+0000] {logging_mixin.py:188} INFO - [2026-08-20T08:59:16.508+0000] {dag.py:3089} INFO - Sync 1 DAGs
[2026-08-20T08:59:16.558+0000] {logging_mixin.py:188} INFO - [2026-08-20T08:59:16.558+0000] {dag.py:3947} INFO - Setting next_dagrun for flights_ops_medallioin_pipe to 2026-08-20 08:30:00+00:00, run_after=2026-08-20 09:00:00+00:00
[2026-08-20T08:59:16.606+0000] {processor.py:183} INFO - Processing /opt/airflow/dags/flight-pipeline.py took 0.850 seconds
[2026-08-20T08:59:46.990+0000] {processor.py:161} INFO - Started process (PID=81) to work on /opt/airflow/dags/flight-pipeline.py
[2026-08-20T08:59:46.993+0000] {processor.py:830} INFO - Processing file /opt/airflow/dags/flight-pipeline.py for tasks to queue
[2026-08-20T08:59:46.998+0000] {logging_mixin.py:188} INFO - [2026-08-20T08:59:46.998+0000] {dagbag.py:545} INFO - Filling up the DagBag from /opt/airflow/dags/flight-pipeline.py
[2026-08-20T08:59:47.741+0000] {processor.py:840} INFO - DAG(s) 'flights_ops_medallioin_pipe' retrieved from /opt/airflow/dags/flight-pipeline.py
[2026-08-20T08:59:47.813+0000] {logging_mixin.py:188} INFO - [2026-08-20T08:59:47.812+0000] {dag.py:3089} INFO - Sync 1 DAGs
[2026-08-20T08:59:47.866+0000] {logging_mixin.py:188} INFO - [2026-08-20T08:59:47.866+0000] {dag.py:3947} INFO - Setting next_dagrun for flights_ops_medallioin_pipe to 2026-08-20 08:30:00+00:00, run_after=2026-08-20 09:00:00+00:00
[2026-08-20T08:59:48.197+0000] {processor.py:183} INFO - Processing /opt/airflow/dags/flight-pipeline.py took 1.220 seconds
[2026-08-20T09:00:18.314+0000] {processor.py:161} INFO - Started process (PID=94) to work on /opt/airflow/dags/flight-pipeline.py
[2026-08-20T09:00:18.318+0000] {processor.py:830} INFO - Processing file /opt/airflow/dags/flight-pipeline.py for tasks to queue
[2026-08-20T09:00:18.324+0000] {logging_mixin.py:188} INFO - [2026-08-20T09:00:18.324+0000] {dagbag.py:545} INFO - Filling up the DagBag from /opt/airflow/dags/flight-pipeline.py
[2026-08-20T09:00:19.137+0000] {processor.py:840} INFO - DAG(s) 'flights_ops_medallioin_pipe' retrieved from /opt/airflow/dags/flight-pipeline.py
[2026-08-20T09:00:19.217+0000] {logging_mixin.py:188} INFO - [2026-08-20T09:00:19.216+0000] {dag.py:3089} INFO - Sync 1 DAGs
[2026-08-20T09:00:19.274+0000] {logging_mixin.py:188} INFO - [2026-08-20T09:00:19.273+0000] {dag.py:3947} INFO - Setting next_dagrun for flights_ops_medallioin_pipe to 2026-08-20 09:00:00+00:00, run_after=2026-08-20 09:30:00+00:00
[2026-08-20T09:00:19.343+0000] {processor.py:183} INFO - Processing /opt/airflow/dags/flight-pipeline.py took 1.048 seconds
[2026-08-20T09:00:49.634+0000] {processor.py:161} INFO - Started process (PID=115) to work on /opt/airflow/dags/flight-pipeline.py
[2026-08-20T09:00:49.637+0000] {processor.py:830} INFO - Processing file /opt/airflow/dags/flight-pipeline.py for tasks to queue
[2026-08-20T09:00:49.643+0000] {logging_mixin.py:188} INFO - [2026-08-20T09:00:49.642+0000] {dagbag.py:545} INFO - Filling up the DagBag from /opt/airflow/dags/flight-pipeline.py
[2026-08-20T09:00:50.427+0000] {processor.py:840} INFO - DAG(s) 'flights_ops_medallioin_pipe' retrieved from /opt/airflow/dags/flight-pipeline.py
[2026-08-20T09:00:50.486+0000] {logging_mixin.py:188} INFO - [2026-08-20T09:00:50.485+0000] {dag.py:3089} INFO - Sync 1 DAGs
[2026-08-20T09:00:50.535+0000] {logging_mixin.py:188} INFO - [2026-08-20T09:00:50.534+0000] {dag.py:3947} INFO - Setting next_dagrun for flights_ops_medallioin_pipe to 2026-08-20 09:00:00+00:00, run_after=2026-08-20 09:30:00+00:00
[2026-08-20T09:00:50.602+0000] {processor.py:183} INFO - Processing /opt/airflow/dags/flight-pipeline.py took 0.987 seconds
[2026-08-20T09:01:20.959+0000] {processor.py:161} INFO - Started process (PID=117) to work on /opt/airflow/dags/flight-pipeline.py
[2026-08-20T09:01:20.962+0000] {processor.py:830} INFO - Processing file /opt/airflow/dags/flight-pipeline.py for tasks to queue
[2026-08-20T09:01:20.968+0000] {logging_mixin.py:188} INFO - [2026-08-20T09:01:20.967+0000] {dagbag.py:545} INFO - Filling up the DagBag from /opt/airflow/dags/flight-pipeline.py
[2026-08-20T09:01:21.659+0000] {processor.py:840} INFO - DAG(s) 'flights_ops_medallioin_pipe' retrieved from /opt/airflow/dags/flight-pipeline.py
[2026-08-20T09:01:21.725+0000] {logging_mixin.py:188} INFO - [2026-08-20T09:01:21.723+0000] {dag.py:3089} INFO - Sync 1 DAGs
[2026-08-20T09:01:21.788+0000] {logging_mixin.py:188} INFO - [2026-08-20T09:01:21.787+0000] {dag.py:3947} INFO - Setting next_dagrun for flights_ops_medallioin_pipe to 2026-08-20 09:00:00+00:00, run_after=2026-08-20 09:30:00+00:00
[2026-08-20T09:01:21.841+0000] {processor.py:183} INFO - Processing /opt/airflow/dags/flight-pipeline.py took 0.896 seconds
[2026-08-20T09:01:52.285+0000] {processor.py:161} INFO - Started process (PID=119) to work on /opt/airflow/dags/flight-pipeline.py
[2026-08-20T09:01:52.292+0000] {processor.py:830} INFO - Processing file /opt/airflow/dags/flight-pipeline.py for tasks to queue
[2026-08-20T09:01:52.299+0000] {logging_mixin.py:188} INFO - [2026-08-20T09:01:52.298+0000] {dagbag.py:545} INFO - Filling up the DagBag from /opt/airflow/dags/flight-pipeline.py
[2026-08-20T09:01:53.221+0000] {processor.py:840} INFO - DAG(s) 'flights_ops_medallioin_pipe' retrieved from /opt/airflow/dags/flight-pipeline.py
[2026-08-20T09:01:53.306+0000] {logging_mixin.py:188} INFO - [2026-08-20T09:01:53.304+0000] {dag.py:3089} INFO - Sync 1 DAGs
[2026-08-20T09:01:53.381+0000] {logging_mixin.py:188} INFO - [2026-08-20T09:01:53.379+0000] {dag.py:3947} INFO - Setting next_dagrun for flights_ops_medallioin_pipe to 2026-08-20 09:00:00+00:00, run_after=2026-08-20 09:30:00+00:00
[2026-08-20T09:01:53.445+0000] {processor.py:183} INFO - Processing /opt/airflow/dags/flight-pipeline.py took 1.180 seconds
[2026-08-20T09:02:23.667+0000] {processor.py:161} INFO - Started process (PID=121) to work on /opt/airflow/dags/flight-pipeline.py
[2026-08-20T09:02:23.672+0000] {processor.py:830} INFO - Processing file /opt/airflow/dags/flight-pipeline.py for tasks to queue
[2026-08-20T09:02:23.677+0000] {logging_mixin.py:188} INFO - [2026-08-20T09:02:23.676+0000] {dagbag.py:545} INFO - Filling up the DagBag from /opt/airflow/dags/flight-pipeline.py
[2026-08-20T09:02:24.417+0000] {processor.py:840} INFO - DAG(s) 'flights_ops_medallioin_pipe' retrieved from /opt/airflow/dags/flight-pipeline.py
[2026-08-20T09:02:24.477+0000] {logging_mixin.py:188} INFO - [2026-08-20T09:02:24.476+0000] {dag.py:3089} INFO - Sync 1 DAGs
[2026-08-20T09:02:24.523+0000] {logging_mixin.py:188} INFO - [2026-08-20T09:02:24.522+0000] {dag.py:3947} INFO - Setting next_dagrun for flights_ops_medallioin_pipe to 2026-08-20 09:00:00+00:00, run_after=2026-08-20 09:30:00+00:00
[2026-08-20T09:02:24.560+0000] {processor.py:183} INFO - Processing /opt/airflow/dags/flight-pipeline.py took 0.907 seconds
[2026-08-20T09:02:54.977+0000] {processor.py:161} INFO - Started process (PID=123) to work on /opt/airflow/dags/flight-pipeline.py
[2026-08-20T09:02:54.982+0000] {processor.py:830} INFO - Processing file /opt/airflow/dags/flight-pipeline.py for tasks to queue
[2026-08-20T09:02:54.988+0000] {logging_mixin.py:188} INFO - [2026-08-20T09:02:54.987+0000] {dagbag.py:545} INFO - Filling up the DagBag from /opt/airflow/dags/flight-pipeline.py
[2026-08-20T09:02:55.659+0000] {processor.py:840} INFO - DAG(s) 'flights_ops_medallioin_pipe' retrieved from /opt/airflow/dags/flight-pipeline.py
[2026-08-20T09:02:55.719+0000] {logging_mixin.py:188} INFO - [2026-08-20T09:02:55.718+0000] {dag.py:3089} INFO - Sync 1 DAGs
[2026-08-20T09:02:55.770+0000] {logging_mixin.py:188} INFO - [2026-08-20T09:02:55.770+0000] {dag.py:3947} INFO - Setting next_dagrun for flights_ops_medallioin_pipe to 2026-08-20 09:00:00+00:00, run_after=2026-08-20 09:30:00+00:00
[2026-08-20T09:02:56.116+0000] {processor.py:183} INFO - Processing /opt/airflow/dags/flight-pipeline.py took 1.155 seconds
[2026-08-20T09:03:26.609+0000] {processor.py:161} INFO - Started process (PID=125) to work on /opt/airflow/dags/flight-pipeline.py
[2026-08-20T09:03:26.613+0000] {processor.py:830} INFO - Processing file /opt/airflow/dags/flight-pipeline.py for tasks to queue
[2026-08-20T09:03:26.619+0000] {logging_mixin.py:188} INFO - [2026-08-20T09:03:26.619+0000] {dagbag.py:545} INFO - Filling up the DagBag from /opt/airflow/dags/flight-pipeline.py
[2026-08-20T09:03:27.352+0000] {processor.py:840} INFO - DAG(s) 'flights_ops_medallioin_pipe' retrieved from /opt/airflow/dags/flight-pipeline.py
[2026-08-20T09:03:27.411+0000] {logging_mixin.py:188} INFO - [2026-08-20T09:03:27.410+0000] {dag.py:3089} INFO - Sync 1 DAGs
[2026-08-20T09:03:27.462+0000] {logging_mixin.py:188} INFO - [2026-08-20T09:03:27.462+0000] {dag.py:3947} INFO - Setting next_dagrun for flights_ops_medallioin_pipe to 2026-08-20 09:00:00+00:00, run_after=2026-08-20 09:30:00+00:00
[2026-08-20T09:03:27.532+0000] {processor.py:183} INFO - Processing /opt/airflow/dags/flight-pipeline.py took 0.936 seconds
[2026-08-20T09:03:57.964+0000] {processor.py:161} INFO - Started process (PID=127) to work on /opt/airflow/dags/flight-pipeline.py
[2026-08-20T09:03:57.968+0000] {processor.py:830} INFO - Processing file /opt/airflow/dags/flight-pipeline.py for tasks to queue
[2026-08-20T09:03:57.975+0000] {logging_mixin.py:188} INFO - [2026-08-20T09:03:57.974+0000] {dagbag.py:545} INFO - Filling up the DagBag from /opt/airflow/dags/flight-pipeline.py
[2026-08-20T09:03:58.659+0000] {processor.py:840} INFO - DAG(s) 'flights_ops_medallioin_pipe' retrieved from /opt/airflow/dags/flight-pipeline.py
[2026-08-20T09:03:58.733+0000] {logging_mixin.py:188} INFO - [2026-08-20T09:03:58.732+0000] {dag.py:3089} INFO - Sync 1 DAGs
[2026-08-20T09:03:58.792+0000] {logging_mixin.py:188} INFO - [2026-08-20T09:03:58.791+0000] {dag.py:3947} INFO - Setting next_dagrun for flights_ops_medallioin_pipe to 2026-08-20 09:00:00+00:00, run_after=2026-08-20 09:30:00+00:00
[2026-08-20T09:03:58.919+0000] {processor.py:183} INFO - Processing /opt/airflow/dags/flight-pipeline.py took 0.975 seconds
[2026-08-20T09:04:29.331+0000] {processor.py:161} INFO - Started process (PID=129) to work on /opt/airflow/dags/flight-pipeline.py
[2026-08-20T09:04:29.335+0000] {processor.py:830} INFO - Processing file /opt/airflow/dags/flight-pipeline.py for tasks to queue
[2026-08-20T09:04:29.340+0000] {logging_mixin.py:188} INFO - [2026-08-20T09:04:29.339+0000] {dagbag.py:545} INFO - Filling up the DagBag from /opt/airflow/dags/flight-pipeline.py
[2026-08-20T09:04:30.034+0000] {processor.py:840} INFO - DAG(s) 'flights_ops_medallioin_pipe' retrieved from /opt/airflow/dags/flight-pipeline.py
[2026-08-20T09:04:30.095+0000] {logging_mixin.py:188} INFO - [2026-08-20T09:04:30.094+0000] {dag.py:3089} INFO - Sync 1 DAGs
[2026-08-20T09:04:30.140+0000] {logging_mixin.py:188} INFO - [2026-08-20T09:04:30.140+0000] {dag.py:3947} INFO - Setting next_dagrun for flights_ops_medallioin_pipe to 2026-08-20 09:00:00+00:00, run_after=2026-08-20 09:30:00+00:00
[2026-08-20T09:04:30.204+0000] {processor.py:183} INFO - Processing /opt/airflow/dags/flight-pipeline.py took 0.886 seconds
[2026-08-20T09:05:00.615+0000] {processor.py:161} INFO - Started process (PID=131) to work on /opt/airflow/dags/flight-pipeline.py
[2026-08-20T09:05:00.618+0000] {processor.py:830} INFO - Processing file /opt/airflow/dags/flight-pipeline.py for tasks to queue
[2026-08-20T09:05:00.624+0000] {logging_mixin.py:188} INFO - [2026-08-20T09:05:00.623+0000] {dagbag.py:545} INFO - Filling up the DagBag from /opt/airflow/dags/flight-pipeline.py
[2026-08-20T09:05:01.350+0000] {processor.py:840} INFO - DAG(s) 'flights_ops_medallioin_pipe' retrieved from /opt/airflow/dags/flight-pipeline.py
[2026-08-20T09:05:01.409+0000] {logging_mixin.py:188} INFO - [2026-08-20T09:05:01.409+0000] {dag.py:3089} INFO - Sync 1 DAGs
[2026-08-20T09:05:01.457+0000] {logging_mixin.py:188} INFO - [2026-08-20T09:05:01.457+0000] {dag.py:3947} INFO - Setting next_dagrun for flights_ops_medallioin_pipe to 2026-08-20 09:00:00+00:00, run_after=2026-08-20 09:30:00+00:00
[2026-08-20T09:05:01.523+0000] {processor.py:183} INFO - Processing /opt/airflow/dags/flight-pipeline.py took 0.923 seconds
[2026-08-20T09:05:31.942+0000] {processor.py:161} INFO - Started process (PID=133) to work on /opt/airflow/dags/flight-pipeline.py
[2026-08-20T09:05:31.946+0000] {processor.py:830} INFO - Processing file /opt/airflow/dags/flight-pipeline.py for tasks to queue
[2026-08-20T09:05:31.951+0000] {logging_mixin.py:188} INFO - [2026-08-20T09:05:31.951+0000] {dagbag.py:545} INFO - Filling up the DagBag from /opt/airflow/dags/flight-pipeline.py
[2026-08-20T09:05:32.654+0000] {processor.py:840} INFO - DAG(s) 'flights_ops_medallioin_pipe' retrieved from /opt/airflow/dags/flight-pipeline.py
[2026-08-20T09:05:32.712+0000] {logging_mixin.py:188} INFO - [2026-08-20T09:05:32.711+0000] {dag.py:3089} INFO - Sync 1 DAGs
[2026-08-20T09:05:32.758+0000] {logging_mixin.py:188} INFO - [2026-08-20T09:05:32.757+0000] {dag.py:3947} INFO - Setting next_dagrun for flights_ops_medallioin_pipe to 2026-08-20 09:00:00+00:00, run_after=2026-08-20 09:30:00+00:00
[2026-08-20T09:05:32.802+0000] {processor.py:183} INFO - Processing /opt/airflow/dags/flight-pipeline.py took 0.873 seconds
[2026-08-20T09:06:03.194+0000] {processor.py:161} INFO - Started process (PID=135) to work on /opt/airflow/dags/flight-pipeline.py
[2026-08-20T09:06:03.199+0000] {processor.py:830} INFO - Processing file /opt/airflow/dags/flight-pipeline.py for tasks to queue
[2026-08-20T09:06:03.205+0000] {logging_mixin.py:188} INFO - [2026-08-20T09:06:03.204+0000] {dagbag.py:545} INFO - Filling up the DagBag from /opt/airflow/dags/flight-pipeline.py
[2026-08-20T09:06:04.007+0000] {processor.py:840} INFO - DAG(s) 'flights_ops_medallioin_pipe' retrieved from /opt/airflow/dags/flight-pipeline.py
[2026-08-20T09:06:04.072+0000] {logging_mixin.py:188} INFO - [2026-08-20T09:06:04.071+0000] {dag.py:3089} INFO - Sync 1 DAGs
[2026-08-20T09:06:04.126+0000] {logging_mixin.py:188} INFO - [2026-08-20T09:06:04.126+0000] {dag.py:3947} INFO - Setting next_dagrun for flights_ops_medallioin_pipe to 2026-08-20 09:00:00+00:00, run_after=2026-08-20 09:30:00+00:00
[2026-08-20T09:06:04.491+0000] {processor.py:183} INFO - Processing /opt/airflow/dags/flight-pipeline.py took 1.312 seconds
[2026-08-20T09:06:34.623+0000] {processor.py:161} INFO - Started process (PID=137) to work on /opt/airflow/dags/flight-pipeline.py
[2026-08-20T09:06:34.626+0000] {processor.py:830} INFO - Processing file /opt/airflow/dags/flight-pipeline.py for tasks to queue
[2026-08-20T09:06:34.631+0000] {logging_mixin.py:188} INFO - [2026-08-20T09:06:34.631+0000] {dagbag.py:545} INFO - Filling up the DagBag from /opt/airflow/dags/flight-pipeline.py
[2026-08-20T09:06:35.329+0000] {processor.py:840} INFO - DAG(s) 'flights_ops_medallioin_pipe' retrieved from /opt/airflow/dags/flight-pipeline.py
[2026-08-20T09:06:35.385+0000] {logging_mixin.py:188} INFO - [2026-08-20T09:06:35.385+0000] {dag.py:3089} INFO - Sync 1 DAGs
[2026-08-20T09:06:35.432+0000] {logging_mixin.py:188} INFO - [2026-08-20T09:06:35.432+0000] {dag.py:3947} INFO - Setting next_dagrun for flights_ops_medallioin_pipe to 2026-08-20 09:00:00+00:00, run_after=2026-08-20 09:30:00+00:00
[2026-08-20T09:06:35.498+0000] {processor.py:183} INFO - Processing /opt/airflow/dags/flight-pipeline.py took 0.890 seconds
[2026-08-20T09:07:05.944+0000] {processor.py:161} INFO - Started process (PID=139) to work on /opt/airflow/dags/flight-pipeline.py
[2026-08-20T09:07:05.948+0000] {processor.py:830} INFO - Processing file /opt/airflow/dags/flight-pipeline.py for tasks to queue
[2026-08-20T09:07:05.953+0000] {logging_mixin.py:188} INFO - [2026-08-20T09:07:05.952+0000] {dagbag.py:545} INFO - Filling up the DagBag from /opt/airflow/dags/flight-pipeline.py
[2026-08-20T09:07:06.646+0000] {processor.py:840} INFO - DAG(s) 'flights_ops_medallioin_pipe' retrieved from /opt/airflow/dags/flight-pipeline.py
[2026-08-20T09:07:06.707+0000] {logging_mixin.py:188} INFO - [2026-08-20T09:07:06.706+0000] {dag.py:3089} INFO - Sync 1 DAGs
[2026-08-20T09:07:06.755+0000] {logging_mixin.py:188} INFO - [2026-08-20T09:07:06.755+0000] {dag.py:3947} INFO - Setting next_dagrun for flights_ops_medallioin_pipe to 2026-08-20 09:00:00+00:00, run_after=2026-08-20 09:30:00+00:00
[2026-08-20T09:07:06.818+0000] {processor.py:183} INFO - Processing /opt/airflow/dags/flight-pipeline.py took 0.889 seconds
[2026-08-20T09:07:37.218+0000] {processor.py:161} INFO - Started process (PID=141) to work on /opt/airflow/dags/flight-pipeline.py
[2026-08-20T09:07:37.220+0000] {processor.py:830} INFO - Processing file /opt/airflow/dags/flight-pipeline.py for tasks to queue
[2026-08-20T09:07:37.227+0000] {logging_mixin.py:188} INFO - [2026-08-20T09:07:37.226+0000] {dagbag.py:545} INFO - Filling up the DagBag from /opt/airflow/dags/flight-pipeline.py
[2026-08-20T09:07:37.949+0000] {processor.py:840} INFO - DAG(s) 'flights_ops_medallioin_pipe' retrieved from /opt/airflow/dags/flight-pipeline.py
[2026-08-20T09:07:38.012+0000] {logging_mixin.py:188} INFO - [2026-08-20T09:07:38.011+0000] {dag.py:3089} INFO - Sync 1 DAGs
[2026-08-20T09:07:38.060+0000] {logging_mixin.py:188} INFO - [2026-08-20T09:07:38.059+0000] {dag.py:3947} INFO - Setting next_dagrun for flights_ops_medallioin_pipe to 2026-08-20 09:00:00+00:00, run_after=2026-08-20 09:30:00+00:00
[2026-08-20T09:07:38.097+0000] {processor.py:183} INFO - Processing /opt/airflow/dags/flight-pipeline.py took 0.894 seconds
[2026-08-20T09:08:08.577+0000] {processor.py:161} INFO - Started process (PID=143) to work on /opt/airflow/dags/flight-pipeline.py
[2026-08-20T09:08:08.580+0000] {processor.py:830} INFO - Processing file /opt/airflow/dags/flight-pipeline.py for tasks to queue
[2026-08-20T09:08:08.585+0000] {logging_mixin.py:188} INFO - [2026-08-20T09:08:08.584+0000] {dagbag.py:545} INFO - Filling up the DagBag from /opt/airflow/dags/flight-pipeline.py
[2026-08-20T09:08:09.400+0000] {processor.py:840} INFO - DAG(s) 'flights_ops_medallioin_pipe' retrieved from /opt/airflow/dags/flight-pipeline.py
[2026-08-20T09:08:09.472+0000] {logging_mixin.py:188} INFO - [2026-08-20T09:08:09.471+0000] {dag.py:3089} INFO - Sync 1 DAGs
[2026-08-20T09:08:09.526+0000] {logging_mixin.py:188} INFO - [2026-08-20T09:08:09.526+0000] {dag.py:3947} INFO - Setting next_dagrun for flights_ops_medallioin_pipe to 2026-08-20 09:00:00+00:00, run_after=2026-08-20 09:30:00+00:00
[2026-08-20T09:08:09.598+0000] {processor.py:183} INFO - Processing /opt/airflow/dags/flight-pipeline.py took 1.033 seconds
[2026-08-20T09:08:39.956+0000] {processor.py:161} INFO - Started process (PID=145) to work on /opt/airflow/dags/flight-pipeline.py
[2026-08-20T09:08:39.960+0000] {processor.py:830} INFO - Processing file /opt/airflow/dags/flight-pipeline.py for tasks to queue
[2026-08-20T09:08:39.965+0000] {logging_mixin.py:188} INFO - [2026-08-20T09:08:39.965+0000] {dagbag.py:545} INFO - Filling up the DagBag from /opt/airflow/dags/flight-pipeline.py
[2026-08-20T09:08:40.853+0000] {processor.py:840} INFO - DAG(s) 'flights_ops_medallioin_pipe' retrieved from /opt/airflow/dags/flight-pipeline.py
[2026-08-20T09:08:40.928+0000] {logging_mixin.py:188} INFO - [2026-08-20T09:08:40.927+0000] {dag.py:3089} INFO - Sync 1 DAGs
[2026-08-20T09:08:40.994+0000] {logging_mixin.py:188} INFO - [2026-08-20T09:08:40.993+0000] {dag.py:3947} INFO - Setting next_dagrun for flights_ops_medallioin_pipe to 2026-08-20 09:00:00+00:00, run_after=2026-08-20 09:30:00+00:00
[2026-08-20T09:08:41.041+0000] {processor.py:183} INFO - Processing /opt/airflow/dags/flight-pipeline.py took 1.107 seconds
[2026-08-20T09:09:11.354+0000] {processor.py:161} INFO - Started process (PID=147) to work on /opt/airflow/dags/flight-pipeline.py
[2026-08-20T09:09:11.357+0000] {processor.py:830} INFO - Processing file /opt/airflow/dags/flight-pipeline.py for tasks to queue
[2026-08-20T09:09:11.364+0000] {logging_mixin.py:188} INFO - [2026-08-20T09:09:11.363+0000] {dagbag.py:545} INFO - Filling up the DagBag from /opt/airflow/dags/flight-pipeline.py
[2026-08-20T09:09:12.129+0000] {processor.py:840} INFO - DAG(s) 'flights_ops_medallioin_pipe' retrieved from /opt/airflow/dags/flight-pipeline.py
[2026-08-20T09:09:12.186+0000] {logging_mixin.py:188} INFO - [2026-08-20T09:09:12.185+0000] {dag.py:3089} INFO - Sync 1 DAGs
[2026-08-20T09:09:12.234+0000] {logging_mixin.py:188} INFO - [2026-08-20T09:09:12.233+0000] {dag.py:3947} INFO - Setting next_dagrun for flights_ops_medallioin_pipe to 2026-08-20 09:00:00+00:00, run_after=2026-08-20 09:30:00+00:00
[2026-08-20T09:09:12.547+0000] {processor.py:183} INFO - Processing /opt/airflow/dags/flight-pipeline.py took 1.211 seconds
[2026-08-20T09:09:42.760+0000] {processor.py:161} INFO - Started process (PID=149) to work on /opt/airflow/dags/flight-pipeline.py
[2026-08-20T09:09:42.764+0000] {processor.py:830} INFO - Processing file /opt/airflow/dags/flight-pipeline.py for tasks to queue
[2026-08-20T09:09:42.773+0000] {logging_mixin.py:188} INFO - [2026-08-20T09:09:42.772+0000] {dagbag.py:545} INFO - Filling up the DagBag from /opt/airflow/dags/flight-pipeline.py
[2026-08-20T09:09:43.803+0000] {processor.py:840} INFO - DAG(s) 'flights_ops_medallioin_pipe' retrieved from /opt/airflow/dags/flight-pipeline.py
[2026-08-20T09:09:43.889+0000] {logging_mixin.py:188} INFO - [2026-08-20T09:09:43.888+0000] {dag.py:3089} INFO - Sync 1 DAGs
[2026-08-20T09:09:44.223+0000] {logging_mixin.py:188} INFO - [2026-08-20T09:09:44.223+0000] {dag.py:3947} INFO - Setting next_dagrun for flights_ops_medallioin_pipe to 2026-08-20 09:00:00+00:00, run_after=2026-08-20 09:30:00+00:00
[2026-08-20T09:09:44.289+0000] {processor.py:183} INFO - Processing /opt/airflow/dags/flight-pipeline.py took 1.550 seconds
[2026-08-20T09:10:14.699+0000] {processor.py:161} INFO - Started process (PID=151) to work on /opt/airflow/dags/flight-pipeline.py
[2026-08-20T09:10:14.703+0000] {processor.py:830} INFO - Processing file /opt/airflow/dags/flight-pipeline.py for tasks to queue
[2026-08-20T09:10:14.713+0000] {logging_mixin.py:188} INFO - [2026-08-20T09:10:14.711+0000] {dagbag.py:545} INFO - Filling up the DagBag from /opt/airflow/dags/flight-pipeline.py
[2026-08-20T09:10:15.439+0000] {processor.py:840} INFO - DAG(s) 'flights_ops_medallioin_pipe' retrieved from /opt/airflow/dags/flight-pipeline.py
[2026-08-20T09:10:15.501+0000] {logging_mixin.py:188} INFO - [2026-08-20T09:10:15.500+0000] {dag.py:3089} INFO - Sync 1 DAGs
[2026-08-20T09:10:15.562+0000] {logging_mixin.py:188} INFO - [2026-08-20T09:10:15.562+0000] {dag.py:3947} INFO - Setting next_dagrun for flights_ops_medallioin_pipe to 2026-08-20 09:00:00+00:00, run_after=2026-08-20 09:30:00+00:00
[2026-08-20T09:10:15.649+0000] {processor.py:183} INFO - Processing /opt/airflow/dags/flight-pipeline.py took 0.965 seconds
[2026-08-20T09:10:46.105+0000] {processor.py:161} INFO - Started process (PID=153) to work on /opt/airflow/dags/flight-pipeline.py
[2026-08-20T09:10:46.109+0000] {processor.py:830} INFO - Processing file /opt/airflow/dags/flight-pipeline.py for tasks to queue
[2026-08-20T09:10:46.115+0000] {logging_mixin.py:188} INFO - [2026-08-20T09:10:46.114+0000] {dagbag.py:545} INFO - Filling up the DagBag from /opt/airflow/dags/flight-pipeline.py
[2026-08-20T09:10:46.822+0000] {processor.py:840} INFO - DAG(s) 'flights_ops_medallioin_pipe' retrieved from /opt/airflow/dags/flight-pipeline.py
[2026-08-20T09:10:46.892+0000] {logging_mixin.py:188} INFO - [2026-08-20T09:10:46.891+0000] {dag.py:3089} INFO - Sync 1 DAGs
[2026-08-20T09:10:46.949+0000] {logging_mixin.py:188} INFO - [2026-08-20T09:10:46.949+0000] {dag.py:3947} INFO - Setting next_dagrun for flights_ops_medallioin_pipe to 2026-08-20 09:00:00+00:00, run_after=2026-08-20 09:30:00+00:00
[2026-08-20T09:10:46.990+0000] {processor.py:183} INFO - Processing /opt/airflow/dags/flight-pipeline.py took 0.898 seconds
[2026-08-20T09:11:17.412+0000] {processor.py:161} INFO - Started process (PID=155) to work on /opt/airflow/dags/flight-pipeline.py
[2026-08-20T09:11:17.415+0000] {processor.py:830} INFO - Processing file /opt/airflow/dags/flight-pipeline.py for tasks to queue
[2026-08-20T09:11:17.420+0000] {logging_mixin.py:188} INFO - [2026-08-20T09:11:17.419+0000] {dagbag.py:545} INFO - Filling up the DagBag from /opt/airflow/dags/flight-pipeline.py
[2026-08-20T09:11:18.201+0000] {processor.py:840} INFO - DAG(s) 'flights_ops_medallioin_pipe' retrieved from /opt/airflow/dags/flight-pipeline.py
[2026-08-20T09:11:18.262+0000] {logging_mixin.py:188} INFO - [2026-08-20T09:11:18.261+0000] {dag.py:3089} INFO - Sync 1 DAGs
[2026-08-20T09:11:18.308+0000] {logging_mixin.py:188} INFO - [2026-08-20T09:11:18.308+0000] {dag.py:3947} INFO - Setting next_dagrun for flights_ops_medallioin_pipe to 2026-08-20 09:00:00+00:00, run_after=2026-08-20 09:30:00+00:00
[2026-08-20T09:11:18.370+0000] {processor.py:183} INFO - Processing /opt/airflow/dags/flight-pipeline.py took 0.971 seconds
[2026-08-20T09:11:48.759+0000] {processor.py:161} INFO - Started process (PID=157) to work on /opt/airflow/dags/flight-pipeline.py
[2026-08-20T09:11:48.763+0000] {processor.py:830} INFO - Processing file /opt/airflow/dags/flight-pipeline.py for tasks to queue
[2026-08-20T09:11:48.768+0000] {logging_mixin.py:188} INFO - [2026-08-20T09:11:48.767+0000] {dagbag.py:545} INFO - Filling up the DagBag from /opt/airflow/dags/flight-pipeline.py
[2026-08-20T09:11:49.428+0000] {processor.py:840} INFO - DAG(s) 'flights_ops_medallioin_pipe' retrieved from /opt/airflow/dags/flight-pipeline.py
[2026-08-20T09:11:49.488+0000] {logging_mixin.py:188} INFO - [2026-08-20T09:11:49.486+0000] {dag.py:3089} INFO - Sync 1 DAGs
[2026-08-20T09:11:49.540+0000] {logging_mixin.py:188} INFO - [2026-08-20T09:11:49.540+0000] {dag.py:3947} INFO - Setting next_dagrun for flights_ops_medallioin_pipe to 2026-08-20 09:00:00+00:00, run_after=2026-08-20 09:30:00+00:00
[2026-08-20T09:11:49.583+0000] {processor.py:183} INFO - Processing /opt/airflow/dags/flight-pipeline.py took 0.836 seconds
[2026-08-20T09:12:19.999+0000] {processor.py:161} INFO - Started process (PID=159) to work on /opt/airflow/dags/flight-pipeline.py
[2026-08-20T09:12:20.002+0000] {processor.py:830} INFO - Processing file /opt/airflow/dags/flight-pipeline.py for tasks to queue
[2026-08-20T09:12:20.008+0000] {logging_mixin.py:188} INFO - [2026-08-20T09:12:20.008+0000] {dagbag.py:545} INFO - Filling up the DagBag from /opt/airflow/dags/flight-pipeline.py
[2026-08-20T09:12:20.819+0000] {processor.py:840} INFO - DAG(s) 'flights_ops_medallioin_pipe' retrieved from /opt/airflow/dags/flight-pipeline.py
[2026-08-20T09:12:20.894+0000] {logging_mixin.py:188} INFO - [2026-08-20T09:12:20.893+0000] {dag.py:3089} INFO - Sync 1 DAGs
[2026-08-20T09:12:20.964+0000] {logging_mixin.py:188} INFO - [2026-08-20T09:12:20.963+0000] {dag.py:3947} INFO - Setting next_dagrun for flights_ops_medallioin_pipe to 2026-08-20 09:00:00+00:00, run_after=2026-08-20 09:30:00+00:00
[2026-08-20T09:12:21.375+0000] {processor.py:183} INFO - Processing /opt/airflow/dags/flight-pipeline.py took 1.390 seconds
[2026-08-20T09:12:51.765+0000] {processor.py:161} INFO - Started process (PID=161) to work on /opt/airflow/dags/flight-pipeline.py
[2026-08-20T09:12:51.768+0000] {processor.py:830} INFO - Processing file /opt/airflow/dags/flight-pipeline.py for tasks to queue
[2026-08-20T09:12:51.774+0000] {logging_mixin.py:188} INFO - [2026-08-20T09:12:51.773+0000] {dagbag.py:545} INFO - Filling up the DagBag from /opt/airflow/dags/flight-pipeline.py
[2026-08-20T09:12:52.586+0000] {processor.py:840} INFO - DAG(s) 'flights_ops_medallioin_pipe' retrieved from /opt/airflow/dags/flight-pipeline.py
[2026-08-20T09:12:52.654+0000] {logging_mixin.py:188} INFO - [2026-08-20T09:12:52.653+0000] {dag.py:3089} INFO - Sync 1 DAGs
[2026-08-20T09:12:52.715+0000] {logging_mixin.py:188} INFO - [2026-08-20T09:12:52.715+0000] {dag.py:3947} INFO - Setting next_dagrun for flights_ops_medallioin_pipe to 2026-08-20 09:00:00+00:00, run_after=2026-08-20 09:30:00+00:00
[2026-08-20T09:12:52.784+0000] {processor.py:183} INFO - Processing /opt/airflow/dags/flight-pipeline.py took 1.034 seconds
[2026-08-20T09:13:23.207+0000] {processor.py:161} INFO - Started process (PID=163) to work on /opt/airflow/dags/flight-pipeline.py
[2026-08-20T09:13:23.210+0000] {processor.py:830} INFO - Processing file /opt/airflow/dags/flight-pipeline.py for tasks to queue
[2026-08-20T09:13:23.215+0000] {logging_mixin.py:188} INFO - [2026-08-20T09:13:23.214+0000] {dagbag.py:545} INFO - Filling up the DagBag from /opt/airflow/dags/flight-pipeline.py
[2026-08-20T09:13:23.936+0000] {processor.py:840} INFO - DAG(s) 'flights_ops_medallioin_pipe' retrieved from /opt/airflow/dags/flight-pipeline.py
[2026-08-20T09:13:24.000+0000] {logging_mixin.py:188} INFO - [2026-08-20T09:13:23.999+0000] {dag.py:3089} INFO - Sync 1 DAGs
[2026-08-20T09:13:24.047+0000] {logging_mixin.py:188} INFO - [2026-08-20T09:13:24.047+0000] {dag.py:3947} INFO - Setting next_dagrun for flights_ops_medallioin_pipe to 2026-08-20 09:00:00+00:00, run_after=2026-08-20 09:30:00+00:00
[2026-08-20T09:13:24.111+0000] {processor.py:183} INFO - Processing /opt/airflow/dags/flight-pipeline.py took 0.915 seconds
[2026-08-20T09:13:54.505+0000] {processor.py:161} INFO - Started process (PID=165) to work on /opt/airflow/dags/flight-pipeline.py
[2026-08-20T09:13:54.509+0000] {processor.py:830} INFO - Processing file /opt/airflow/dags/flight-pipeline.py for tasks to queue
[2026-08-20T09:13:54.515+0000] {logging_mixin.py:188} INFO - [2026-08-20T09:13:54.514+0000] {dagbag.py:545} INFO - Filling up the DagBag from /opt/airflow/dags/flight-pipeline.py
[2026-08-20T09:13:55.279+0000] {processor.py:840} INFO - DAG(s) 'flights_ops_medallioin_pipe' retrieved from /opt/airflow/dags/flight-pipeline.py
[2026-08-20T09:13:55.339+0000] {logging_mixin.py:188} INFO - [2026-08-20T09:13:55.338+0000] {dag.py:3089} INFO - Sync 1 DAGs
[2026-08-20T09:13:55.383+0000] {logging_mixin.py:188} INFO - [2026-08-20T09:13:55.383+0000] {dag.py:3947} INFO - Setting next_dagrun for flights_ops_medallioin_pipe to 2026-08-20 09:00:00+00:00, run_after=2026-08-20 09:30:00+00:00
[2026-08-20T09:13:55.455+0000] {processor.py:183} INFO - Processing /opt/airflow/dags/flight-pipeline.py took 0.962 seconds
[2026-08-20T09:14:25.858+0000] {processor.py:161} INFO - Started process (PID=167) to work on /opt/airflow/dags/flight-pipeline.py
[2026-08-20T09:14:25.862+0000] {processor.py:830} INFO - Processing file /opt/airflow/dags/flight-pipeline.py for tasks to queue
[2026-08-20T09:14:25.866+0000] {logging_mixin.py:188} INFO - [2026-08-20T09:14:25.866+0000] {dagbag.py:545} INFO - Filling up the DagBag from /opt/airflow/dags/flight-pipeline.py
[2026-08-20T09:14:26.577+0000] {processor.py:840} INFO - DAG(s) 'flights_ops_medallioin_pipe' retrieved from /opt/airflow/dags/flight-pipeline.py
[2026-08-20T09:14:26.642+0000] {logging_mixin.py:188} INFO - [2026-08-20T09:14:26.642+0000] {dag.py:3089} INFO - Sync 1 DAGs
[2026-08-20T09:14:26.696+0000] {logging_mixin.py:188} INFO - [2026-08-20T09:14:26.695+0000] {dag.py:3947} INFO - Setting next_dagrun for flights_ops_medallioin_pipe to 2026-08-20 09:00:00+00:00, run_after=2026-08-20 09:30:00+00:00
[2026-08-20T09:14:26.758+0000] {processor.py:183} INFO - Processing /opt/airflow/dags/flight-pipeline.py took 0.910 seconds
[2026-08-20T09:14:57.150+0000] {processor.py:161} INFO - Started process (PID=169) to work on /opt/airflow/dags/flight-pipeline.py
[2026-08-20T09:14:57.153+0000] {processor.py:830} INFO - Processing file /opt/airflow/dags/flight-pipeline.py for tasks to queue
[2026-08-20T09:14:57.158+0000] {logging_mixin.py:188} INFO - [2026-08-20T09:14:57.157+0000] {dagbag.py:545} INFO - Filling up the DagBag from /opt/airflow/dags/flight-pipeline.py
[2026-08-20T09:14:58.031+0000] {processor.py:840} INFO - DAG(s) 'flights_ops_medallioin_pipe' retrieved from /opt/airflow/dags/flight-pipeline.py
[2026-08-20T09:14:58.102+0000] {logging_mixin.py:188} INFO - [2026-08-20T09:14:58.101+0000] {dag.py:3089} INFO - Sync 1 DAGs
[2026-08-20T09:14:58.161+0000] {logging_mixin.py:188} INFO - [2026-08-20T09:14:58.160+0000] {dag.py:3947} INFO - Setting next_dagrun for flights_ops_medallioin_pipe to 2026-08-20 09:00:00+00:00, run_after=2026-08-20 09:30:00+00:00
[2026-08-20T09:14:58.227+0000] {processor.py:183} INFO - Processing /opt/airflow/dags/flight-pipeline.py took 1.088 seconds
[2026-08-20T09:15:28.573+0000] {processor.py:161} INFO - Started process (PID=171) to work on /opt/airflow/dags/flight-pipeline.py
[2026-08-20T09:15:28.578+0000] {processor.py:830} INFO - Processing file /opt/airflow/dags/flight-pipeline.py for tasks to queue
[2026-08-20T09:15:28.585+0000] {logging_mixin.py:188} INFO - [2026-08-20T09:15:28.583+0000] {dagbag.py:545} INFO - Filling up the DagBag from /opt/airflow/dags/flight-pipeline.py
[2026-08-20T09:15:29.323+0000] {processor.py:840} INFO - DAG(s) 'flights_ops_medallioin_pipe' retrieved from /opt/airflow/dags/flight-pipeline.py
[2026-08-20T09:15:29.394+0000] {logging_mixin.py:188} INFO - [2026-08-20T09:15:29.394+0000] {dag.py:3089} INFO - Sync 1 DAGs
[2026-08-20T09:15:29.451+0000] {logging_mixin.py:188} INFO - [2026-08-20T09:15:29.450+0000] {dag.py:3947} INFO - Setting next_dagrun for flights_ops_medallioin_pipe to 2026-08-20 09:00:00+00:00, run_after=2026-08-20 09:30:00+00:00
[2026-08-20T09:15:29.771+0000] {processor.py:183} INFO - Processing /opt/airflow/dags/flight-pipeline.py took 1.215 seconds
[2026-08-20T09:15:59.947+0000] {processor.py:161} INFO - Started process (PID=173) to work on /opt/airflow/dags/flight-pipeline.py
[2026-08-20T09:15:59.951+0000] {processor.py:830} INFO - Processing file /opt/airflow/dags/flight-pipeline.py for tasks to queue
[2026-08-20T09:15:59.959+0000] {logging_mixin.py:188} INFO - [2026-08-20T09:15:59.958+0000] {dagbag.py:545} INFO - Filling up the DagBag from /opt/airflow/dags/flight-pipeline.py
[2026-08-20T09:16:00.702+0000] {processor.py:840} INFO - DAG(s) 'flights_ops_medallioin_pipe' retrieved from /opt/airflow/dags/flight-pipeline.py
[2026-08-20T09:16:00.769+0000] {logging_mixin.py:188} INFO - [2026-08-20T09:16:00.769+0000] {dag.py:3089} INFO - Sync 1 DAGs
[2026-08-20T09:16:00.821+0000] {logging_mixin.py:188} INFO - [2026-08-20T09:16:00.820+0000] {dag.py:3947} INFO - Setting next_dagrun for flights_ops_medallioin_pipe to 2026-08-20 09:00:00+00:00, run_after=2026-08-20 09:30:00+00:00
[2026-08-20T09:16:00.887+0000] {processor.py:183} INFO - Processing /opt/airflow/dags/flight-pipeline.py took 0.955 seconds
[2026-08-20T09:16:31.281+0000] {processor.py:161} INFO - Started process (PID=175) to work on /opt/airflow/dags/flight-pipeline.py
[2026-08-20T09:16:31.285+0000] {processor.py:830} INFO - Processing file /opt/airflow/dags/flight-pipeline.py for tasks to queue
[2026-08-20T09:16:31.291+0000] {logging_mixin.py:188} INFO - [2026-08-20T09:16:31.290+0000] {dagbag.py:545} INFO - Filling up the DagBag from /opt/airflow/dags/flight-pipeline.py
[2026-08-20T09:16:32.053+0000] {processor.py:840} INFO - DAG(s) 'flights_ops_medallioin_pipe' retrieved from /opt/airflow/dags/flight-pipeline.py
[2026-08-20T09:16:32.119+0000] {logging_mixin.py:188} INFO - [2026-08-20T09:16:32.118+0000] {dag.py:3089} INFO - Sync 1 DAGs
[2026-08-20T09:16:32.171+0000] {logging_mixin.py:188} INFO - [2026-08-20T09:16:32.171+0000] {dag.py:3947} INFO - Setting next_dagrun for flights_ops_medallioin_pipe to 2026-08-20 09:00:00+00:00, run_after=2026-08-20 09:30:00+00:00
[2026-08-20T09:16:32.237+0000] {processor.py:183} INFO - Processing /opt/airflow/dags/flight-pipeline.py took 0.967 seconds
[2026-08-20T09:17:02.667+0000] {processor.py:161} INFO - Started process (PID=177) to work on /opt/airflow/dags/flight-pipeline.py
[2026-08-20T09:17:02.670+0000] {processor.py:830} INFO - Processing file /opt/airflow/dags/flight-pipeline.py for tasks to queue
[2026-08-20T09:17:02.676+0000] {logging_mixin.py:188} INFO - [2026-08-20T09:17:02.675+0000] {dagbag.py:545} INFO - Filling up the DagBag from /opt/airflow/dags/flight-pipeline.py
[2026-08-20T09:17:03.367+0000] {processor.py:840} INFO - DAG(s) 'flights_ops_medallioin_pipe' retrieved from /opt/airflow/dags/flight-pipeline.py
[2026-08-20T09:17:03.429+0000] {logging_mixin.py:188} INFO - [2026-08-20T09:17:03.429+0000] {dag.py:3089} INFO - Sync 1 DAGs
[2026-08-20T09:17:03.487+0000] {logging_mixin.py:188} INFO - [2026-08-20T09:17:03.486+0000] {dag.py:3947} INFO - Setting next_dagrun for flights_ops_medallioin_pipe to 2026-08-20 09:00:00+00:00, run_after=2026-08-20 09:30:00+00:00
[2026-08-20T09:17:03.527+0000] {processor.py:183} INFO - Processing /opt/airflow/dags/flight-pipeline.py took 0.874 seconds
[2026-08-20T09:17:33.949+0000] {processor.py:161} INFO - Started process (PID=179) to work on /opt/airflow/dags/flight-pipeline.py
[2026-08-20T09:17:33.952+0000] {processor.py:830} INFO - Processing file /opt/airflow/dags/flight-pipeline.py for tasks to queue
[2026-08-20T09:17:33.963+0000] {logging_mixin.py:188} INFO - [2026-08-20T09:17:33.961+0000] {dagbag.py:545} INFO - Filling up the DagBag from /opt/airflow/dags/flight-pipeline.py
[2026-08-20T09:17:34.638+0000] {processor.py:840} INFO - DAG(s) 'flights_ops_medallioin_pipe' retrieved from /opt/airflow/dags/flight-pipeline.py
[2026-08-20T09:17:34.695+0000] {logging_mixin.py:188} INFO - [2026-08-20T09:17:34.694+0000] {dag.py:3089} INFO - Sync 1 DAGs
[2026-08-20T09:17:34.742+0000] {logging_mixin.py:188} INFO - [2026-08-20T09:17:34.741+0000] {dag.py:3947} INFO - Setting next_dagrun for flights_ops_medallioin_pipe to 2026-08-20 09:00:00+00:00, run_after=2026-08-20 09:30:00+00:00
[2026-08-20T09:17:34.804+0000] {processor.py:183} INFO - Processing /opt/airflow/dags/flight-pipeline.py took 0.869 seconds
[2026-08-20T09:18:05.311+0000] {processor.py:161} INFO - Started process (PID=181) to work on /opt/airflow/dags/flight-pipeline.py
[2026-08-20T09:18:05.315+0000] {processor.py:830} INFO - Processing file /opt/airflow/dags/flight-pipeline.py for tasks to queue
[2026-08-20T09:18:05.319+0000] {logging_mixin.py:188} INFO - [2026-08-20T09:18:05.319+0000] {dagbag.py:545} INFO - Filling up the DagBag from /opt/airflow/dags/flight-pipeline.py
[2026-08-20T09:18:06.147+0000] {processor.py:840} INFO - DAG(s) 'flights_ops_medallioin_pipe' retrieved from /opt/airflow/dags/flight-pipeline.py
[2026-08-20T09:18:06.214+0000] {logging_mixin.py:188} INFO - [2026-08-20T09:18:06.213+0000] {dag.py:3089} INFO - Sync 1 DAGs
[2026-08-20T09:18:06.274+0000] {logging_mixin.py:188} INFO - [2026-08-20T09:18:06.274+0000] {dag.py:3947} INFO - Setting next_dagrun for flights_ops_medallioin_pipe to 2026-08-20 09:00:00+00:00, run_after=2026-08-20 09:30:00+00:00
[2026-08-20T09:18:06.595+0000] {processor.py:183} INFO - Processing /opt/airflow/dags/flight-pipeline.py took 1.299 seconds
[2026-08-20T09:18:36.988+0000] {processor.py:161} INFO - Started process (PID=183) to work on /opt/airflow/dags/flight-pipeline.py
[2026-08-20T09:18:36.994+0000] {processor.py:830} INFO - Processing file /opt/airflow/dags/flight-pipeline.py for tasks to queue
[2026-08-20T09:18:37.001+0000] {logging_mixin.py:188} INFO - [2026-08-20T09:18:37.000+0000] {dagbag.py:545} INFO - Filling up the DagBag from /opt/airflow/dags/flight-pipeline.py
[2026-08-20T09:18:38.020+0000] {processor.py:840} INFO - DAG(s) 'flights_ops_medallioin_pipe' retrieved from /opt/airflow/dags/flight-pipeline.py
[2026-08-20T09:18:38.091+0000] {logging_mixin.py:188} INFO - [2026-08-20T09:18:38.090+0000] {dag.py:3089} INFO - Sync 1 DAGs
[2026-08-20T09:18:38.450+0000] {logging_mixin.py:188} INFO - [2026-08-20T09:18:38.449+0000] {dag.py:3947} INFO - Setting next_dagrun for flights_ops_medallioin_pipe to 2026-08-20 09:00:00+00:00, run_after=2026-08-20 09:30:00+00:00
[2026-08-20T09:18:38.494+0000] {processor.py:183} INFO - Processing /opt/airflow/dags/flight-pipeline.py took 1.527 seconds
[2026-08-20T09:19:08.906+0000] {processor.py:161} INFO - Started process (PID=185) to work on /opt/airflow/dags/flight-pipeline.py
[2026-08-20T09:19:08.910+0000] {processor.py:830} INFO - Processing file /opt/airflow/dags/flight-pipeline.py for tasks to queue
[2026-08-20T09:19:08.916+0000] {logging_mixin.py:188} INFO - [2026-08-20T09:19:08.915+0000] {dagbag.py:545} INFO - Filling up the DagBag from /opt/airflow/dags/flight-pipeline.py
[2026-08-20T09:19:09.647+0000] {processor.py:840} INFO - DAG(s) 'flights_ops_medallioin_pipe' retrieved from /opt/airflow/dags/flight-pipeline.py
[2026-08-20T09:19:09.705+0000] {logging_mixin.py:188} INFO - [2026-08-20T09:19:09.704+0000] {dag.py:3089} INFO - Sync 1 DAGs
[2026-08-20T09:19:09.755+0000] {logging_mixin.py:188} INFO - [2026-08-20T09:19:09.755+0000] {dag.py:3947} INFO - Setting next_dagrun for flights_ops_medallioin_pipe to 2026-08-20 09:00:00+00:00, run_after=2026-08-20 09:30:00+00:00
[2026-08-20T09:19:09.817+0000] {processor.py:183} INFO - Processing /opt/airflow/dags/flight-pipeline.py took 0.930 seconds
[2026-08-20T09:19:40.213+0000] {processor.py:161} INFO - Started process (PID=187) to work on /opt/airflow/dags/flight-pipeline.py
[2026-08-20T09:19:40.216+0000] {processor.py:830} INFO - Processing file /opt/airflow/dags/flight-pipeline.py for tasks to queue
[2026-08-20T09:19:40.226+0000] {logging_mixin.py:188} INFO - [2026-08-20T09:19:40.225+0000] {dagbag.py:545} INFO - Filling up the DagBag from /opt/airflow/dags/flight-pipeline.py
[2026-08-20T09:19:41.066+0000] {processor.py:840} INFO - DAG(s) 'flights_ops_medallioin_pipe' retrieved from /opt/airflow/dags/flight-pipeline.py
[2026-08-20T09:19:41.141+0000] {logging_mixin.py:188} INFO - [2026-08-20T09:19:41.139+0000] {dag.py:3089} INFO - Sync 1 DAGs
[2026-08-20T09:19:41.197+0000] {logging_mixin.py:188} INFO - [2026-08-20T09:19:41.197+0000] {dag.py:3947} INFO - Setting next_dagrun for flights_ops_medallioin_pipe to 2026-08-20 09:00:00+00:00, run_after=2026-08-20 09:30:00+00:00
[2026-08-20T09:19:41.277+0000] {processor.py:183} INFO - Processing /opt/airflow/dags/flight-pipeline.py took 1.086 seconds
[2026-08-20T09:20:11.551+0000] {processor.py:161} INFO - Started process (PID=189) to work on /opt/airflow/dags/flight-pipeline.py
[2026-08-20T09:20:11.554+0000] {processor.py:830} INFO - Processing file /opt/airflow/dags/flight-pipeline.py for tasks to queue
[2026-08-20T09:20:11.562+0000] {logging_mixin.py:188} INFO - [2026-08-20T09:20:11.561+0000] {dagbag.py:545} INFO - Filling up the DagBag from /opt/airflow/dags/flight-pipeline.py
[2026-08-20T09:20:12.291+0000] {processor.py:840} INFO - DAG(s) 'flights_ops_medallioin_pipe' retrieved from /opt/airflow/dags/flight-pipeline.py
[2026-08-20T09:20:12.360+0000] {logging_mixin.py:188} INFO - [2026-08-20T09:20:12.360+0000] {dag.py:3089} INFO - Sync 1 DAGs
[2026-08-20T09:20:12.426+0000] {logging_mixin.py:188} INFO - [2026-08-20T09:20:12.426+0000] {dag.py:3947} INFO - Setting next_dagrun for flights_ops_medallioin_pipe to 2026-08-20 09:00:00+00:00, run_after=2026-08-20 09:30:00+00:00
[2026-08-20T09:20:12.474+0000] {processor.py:183} INFO - Processing /opt/airflow/dags/flight-pipeline.py took 0.940 seconds
[2026-08-20T09:20:42.895+0000] {processor.py:161} INFO - Started process (PID=191) to work on /opt/airflow/dags/flight-pipeline.py
[2026-08-20T09:20:42.898+0000] {processor.py:830} INFO - Processing file /opt/airflow/dags/flight-pipeline.py for tasks to queue
[2026-08-20T09:20:42.902+0000] {logging_mixin.py:188} INFO - [2026-08-20T09:20:42.902+0000] {dagbag.py:545} INFO - Filling up the DagBag from /opt/airflow/dags/flight-pipeline.py
[2026-08-20T09:20:43.610+0000] {processor.py:840} INFO - DAG(s) 'flights_ops_medallioin_pipe' retrieved from /opt/airflow/dags/flight-pipeline.py
[2026-08-20T09:20:43.683+0000] {logging_mixin.py:188} INFO - [2026-08-20T09:20:43.682+0000] {dag.py:3089} INFO - Sync 1 DAGs
[2026-08-20T09:20:43.731+0000] {logging_mixin.py:188} INFO - [2026-08-20T09:20:43.730+0000] {dag.py:3947} INFO - Setting next_dagrun for flights_ops_medallioin_pipe to 2026-08-20 09:00:00+00:00, run_after=2026-08-20 09:30:00+00:00
[2026-08-20T09:20:43.792+0000] {processor.py:183} INFO - Processing /opt/airflow/dags/flight-pipeline.py took 0.909 seconds
[2026-08-20T09:21:14.357+0000] {processor.py:161} INFO - Started process (PID=193) to work on /opt/airflow/dags/flight-pipeline.py
[2026-08-20T09:21:14.360+0000] {processor.py:830} INFO - Processing file /opt/airflow/dags/flight-pipeline.py for tasks to queue
[2026-08-20T09:21:14.366+0000] {logging_mixin.py:188} INFO - [2026-08-20T09:21:14.365+0000] {dagbag.py:545} INFO - Filling up the DagBag from /opt/airflow/dags/flight-pipeline.py
[2026-08-20T09:21:15.106+0000] {processor.py:840} INFO - DAG(s) 'flights_ops_medallioin_pipe' retrieved from /opt/airflow/dags/flight-pipeline.py
[2026-08-20T09:21:15.170+0000] {logging_mixin.py:188} INFO - [2026-08-20T09:21:15.169+0000] {dag.py:3089} INFO - Sync 1 DAGs
[2026-08-20T09:21:15.222+0000] {logging_mixin.py:188} INFO - [2026-08-20T09:21:15.222+0000] {dag.py:3947} INFO - Setting next_dagrun for flights_ops_medallioin_pipe to 2026-08-20 09:00:00+00:00, run_after=2026-08-20 09:30:00+00:00
[2026-08-20T09:21:15.558+0000] {processor.py:183} INFO - Processing /opt/airflow/dags/flight-pipeline.py took 1.215 seconds
[2026-08-20T09:21:45.726+0000] {processor.py:161} INFO - Started process (PID=195) to work on /opt/airflow/dags/flight-pipeline.py
[2026-08-20T09:21:45.729+0000] {processor.py:830} INFO - Processing file /opt/airflow/dags/flight-pipeline.py for tasks to queue
[2026-08-20T09:21:45.735+0000] {logging_mixin.py:188} INFO - [2026-08-20T09:21:45.734+0000] {dagbag.py:545} INFO - Filling up the DagBag from /opt/airflow/dags/flight-pipeline.py
[2026-08-20T09:21:46.468+0000] {processor.py:840} INFO - DAG(s) 'flights_ops_medallioin_pipe' retrieved from /opt/airflow/dags/flight-pipeline.py
[2026-08-20T09:21:46.531+0000] {logging_mixin.py:188} INFO - [2026-08-20T09:21:46.530+0000] {dag.py:3089} INFO - Sync 1 DAGs
[2026-08-20T09:21:46.884+0000] {logging_mixin.py:188} INFO - [2026-08-20T09:21:46.883+0000] {dag.py:3947} INFO - Setting next_dagrun for flights_ops_medallioin_pipe to 2026-08-20 09:00:00+00:00, run_after=2026-08-20 09:30:00+00:00
[2026-08-20T09:21:46.948+0000] {processor.py:183} INFO - Processing /opt/airflow/dags/flight-pipeline.py took 1.236 seconds
[2026-08-20T09:22:17.276+0000] {processor.py:161} INFO - Started process (PID=197) to work on /opt/airflow/dags/flight-pipeline.py
[2026-08-20T09:22:17.279+0000] {processor.py:830} INFO - Processing file /opt/airflow/dags/flight-pipeline.py for tasks to queue
[2026-08-20T09:22:17.285+0000] {logging_mixin.py:188} INFO - [2026-08-20T09:22:17.284+0000] {dagbag.py:545} INFO - Filling up the DagBag from /opt/airflow/dags/flight-pipeline.py
[2026-08-20T09:22:17.962+0000] {processor.py:840} INFO - DAG(s) 'flights_ops_medallioin_pipe' retrieved from /opt/airflow/dags/flight-pipeline.py
[2026-08-20T09:22:18.021+0000] {logging_mixin.py:188} INFO - [2026-08-20T09:22:18.020+0000] {dag.py:3089} INFO - Sync 1 DAGs
[2026-08-20T09:22:18.070+0000] {logging_mixin.py:188} INFO - [2026-08-20T09:22:18.069+0000] {dag.py:3947} INFO - Setting next_dagrun for flights_ops_medallioin_pipe to 2026-08-20 09:00:00+00:00, run_after=2026-08-20 09:30:00+00:00
[2026-08-20T09:22:18.133+0000] {processor.py:183} INFO - Processing /opt/airflow/dags/flight-pipeline.py took 0.869 seconds
[2026-08-20T09:22:48.541+0000] {processor.py:161} INFO - Started process (PID=199) to work on /opt/airflow/dags/flight-pipeline.py
[2026-08-20T09:22:48.544+0000] {processor.py:830} INFO - Processing file /opt/airflow/dags/flight-pipeline.py for tasks to queue
[2026-08-20T09:22:48.550+0000] {logging_mixin.py:188} INFO - [2026-08-20T09:22:48.550+0000] {dagbag.py:545} INFO - Filling up the DagBag from /opt/airflow/dags/flight-pipeline.py
[2026-08-20T09:22:49.343+0000] {processor.py:840} INFO - DAG(s) 'flights_ops_medallioin_pipe' retrieved from /opt/airflow/dags/flight-pipeline.py
[2026-08-20T09:22:49.416+0000] {logging_mixin.py:188} INFO - [2026-08-20T09:22:49.414+0000] {dag.py:3089} INFO - Sync 1 DAGs
[2026-08-20T09:22:49.483+0000] {logging_mixin.py:188} INFO - [2026-08-20T09:22:49.483+0000] {dag.py:3947} INFO - Setting next_dagrun for flights_ops_medallioin_pipe to 2026-08-20 09:00:00+00:00, run_after=2026-08-20 09:30:00+00:00
[2026-08-20T09:22:49.562+0000] {processor.py:183} INFO - Processing /opt/airflow/dags/flight-pipeline.py took 1.036 seconds
[2026-08-20T09:23:20.075+0000] {processor.py:161} INFO - Started process (PID=201) to work on /opt/airflow/dags/flight-pipeline.py
[2026-08-20T09:23:20.078+0000] {processor.py:830} INFO - Processing file /opt/airflow/dags/flight-pipeline.py for tasks to queue
[2026-08-20T09:23:20.083+0000] {logging_mixin.py:188} INFO - [2026-08-20T09:23:20.082+0000] {dagbag.py:545} INFO - Filling up the DagBag from /opt/airflow/dags/flight-pipeline.py
[2026-08-20T09:23:20.816+0000] {processor.py:840} INFO - DAG(s) 'flights_ops_medallioin_pipe' retrieved from /opt/airflow/dags/flight-pipeline.py
[2026-08-20T09:23:20.876+0000] {logging_mixin.py:188} INFO - [2026-08-20T09:23:20.875+0000] {dag.py:3089} INFO - Sync 1 DAGs
[2026-08-20T09:23:20.925+0000] {logging_mixin.py:188} INFO - [2026-08-20T09:23:20.924+0000] {dag.py:3947} INFO - Setting next_dagrun for flights_ops_medallioin_pipe to 2026-08-20 09:00:00+00:00, run_after=2026-08-20 09:30:00+00:00
[2026-08-20T09:23:21.000+0000] {processor.py:183} INFO - Processing /opt/airflow/dags/flight-pipeline.py took 0.936 seconds
[2026-08-20T09:23:51.413+0000] {processor.py:161} INFO - Started process (PID=203) to work on /opt/airflow/dags/flight-pipeline.py
[2026-08-20T09:23:51.416+0000] {processor.py:830} INFO - Processing file /opt/airflow/dags/flight-pipeline.py for tasks to queue
[2026-08-20T09:23:51.422+0000] {logging_mixin.py:188} INFO - [2026-08-20T09:23:51.421+0000] {dagbag.py:545} INFO - Filling up the DagBag from /opt/airflow/dags/flight-pipeline.py
[2026-08-20T09:23:52.152+0000] {processor.py:840} INFO - DAG(s) 'flights_ops_medallioin_pipe' retrieved from /opt/airflow/dags/flight-pipeline.py
[2026-08-20T09:23:52.212+0000] {logging_mixin.py:188} INFO - [2026-08-20T09:23:52.211+0000] {dag.py:3089} INFO - Sync 1 DAGs
[2026-08-20T09:23:52.262+0000] {logging_mixin.py:188} INFO - [2026-08-20T09:23:52.262+0000] {dag.py:3947} INFO - Setting next_dagrun for flights_ops_medallioin_pipe to 2026-08-20 09:00:00+00:00, run_after=2026-08-20 09:30:00+00:00
[2026-08-20T09:23:52.333+0000] {processor.py:183} INFO - Processing /opt/airflow/dags/flight-pipeline.py took 0.931 seconds
[2026-08-20T09:24:22.783+0000] {processor.py:161} INFO - Started process (PID=205) to work on /opt/airflow/dags/flight-pipeline.py
[2026-08-20T09:24:22.787+0000] {processor.py:830} INFO - Processing file /opt/airflow/dags/flight-pipeline.py for tasks to queue
[2026-08-20T09:24:22.793+0000] {logging_mixin.py:188} INFO - [2026-08-20T09:24:22.791+0000] {dagbag.py:545} INFO - Filling up the DagBag from /opt/airflow/dags/flight-pipeline.py
[2026-08-20T09:24:23.567+0000] {processor.py:840} INFO - DAG(s) 'flights_ops_medallioin_pipe' retrieved from /opt/airflow/dags/flight-pipeline.py
[2026-08-20T09:24:23.631+0000] {logging_mixin.py:188} INFO - [2026-08-20T09:24:23.630+0000] {dag.py:3089} INFO - Sync 1 DAGs
[2026-08-20T09:24:23.683+0000] {logging_mixin.py:188} INFO - [2026-08-20T09:24:23.683+0000] {dag.py:3947} INFO - Setting next_dagrun for flights_ops_medallioin_pipe to 2026-08-20 09:00:00+00:00, run_after=2026-08-20 09:30:00+00:00
[2026-08-20T09:24:23.996+0000] {processor.py:183} INFO - Processing /opt/airflow/dags/flight-pipeline.py took 1.227 seconds
[2026-08-20T09:24:54.124+0000] {processor.py:161} INFO - Started process (PID=207) to work on /opt/airflow/dags/flight-pipeline.py
[2026-08-20T09:24:54.128+0000] {processor.py:830} INFO - Processing file /opt/airflow/dags/flight-pipeline.py for tasks to queue
[2026-08-20T09:24:54.133+0000] {logging_mixin.py:188} INFO - [2026-08-20T09:24:54.132+0000] {dagbag.py:545} INFO - Filling up the DagBag from /opt/airflow/dags/flight-pipeline.py
[2026-08-20T09:24:54.872+0000] {processor.py:840} INFO - DAG(s) 'flights_ops_medallioin_pipe' retrieved from /opt/airflow/dags/flight-pipeline.py
[2026-08-20T09:24:54.942+0000] {logging_mixin.py:188} INFO - [2026-08-20T09:24:54.941+0000] {dag.py:3089} INFO - Sync 1 DAGs
[2026-08-20T09:24:55.300+0000] {logging_mixin.py:188} INFO - [2026-08-20T09:24:55.299+0000] {dag.py:3947} INFO - Setting next_dagrun for flights_ops_medallioin_pipe to 2026-08-20 09:00:00+00:00, run_after=2026-08-20 09:30:00+00:00
[2026-08-20T09:24:55.344+0000] {processor.py:183} INFO - Processing /opt/airflow/dags/flight-pipeline.py took 1.236 seconds
[2026-08-20T09:25:25.685+0000] {processor.py:161} INFO - Started process (PID=209) to work on /opt/airflow/dags/flight-pipeline.py
[2026-08-20T09:25:25.689+0000] {processor.py:830} INFO - Processing file /opt/airflow/dags/flight-pipeline.py for tasks to queue
[2026-08-20T09:25:25.695+0000] {logging_mixin.py:188} INFO - [2026-08-20T09:25:25.695+0000] {dagbag.py:545} INFO - Filling up the DagBag from /opt/airflow/dags/flight-pipeline.py
[2026-08-20T09:25:26.508+0000] {processor.py:840} INFO - DAG(s) 'flights_ops_medallioin_pipe' retrieved from /opt/airflow/dags/flight-pipeline.py
[2026-08-20T09:25:26.592+0000] {logging_mixin.py:188} INFO - [2026-08-20T09:25:26.591+0000] {dag.py:3089} INFO - Sync 1 DAGs
[2026-08-20T09:25:26.647+0000] {logging_mixin.py:188} INFO - [2026-08-20T09:25:26.647+0000] {dag.py:3947} INFO - Setting next_dagrun for flights_ops_medallioin_pipe to 2026-08-20 09:00:00+00:00, run_after=2026-08-20 09:30:00+00:00
[2026-08-20T09:25:26.719+0000] {processor.py:183} INFO - Processing /opt/airflow/dags/flight-pipeline.py took 1.050 seconds
