[2026-08-19T21:10:32.363+0000] {processor.py:161} INFO - Started process (PID=25) to work on /opt/airflow/dags/flight-pipeline.py
[2026-08-19T21:10:32.367+0000] {processor.py:830} INFO - Processing file /opt/airflow/dags/flight-pipeline.py for tasks to queue
[2026-08-19T21:10:32.379+0000] {logging_mixin.py:188} INFO - [2026-08-19T21:10:32.377+0000] {dagbag.py:545} INFO - Filling up the DagBag from /opt/airflow/dags/flight-pipeline.py
[2026-08-19T21:10:32.554+0000] {processor.py:840} INFO - DAG(s) 'flights_ops_medallioin_pipe' retrieved from /opt/airflow/dags/flight-pipeline.py
[2026-08-19T21:10:33.421+0000] {logging_mixin.py:188} INFO - [2026-08-19T21:10:33.419+0000] {override.py:1858} INFO - Created Permission View: can read on DAG:flights_ops_medallioin_pipe
[2026-08-19T21:10:33.454+0000] {logging_mixin.py:188} INFO - [2026-08-19T21:10:33.453+0000] {override.py:1858} INFO - Created Permission View: can delete on DAG:flights_ops_medallioin_pipe
[2026-08-19T21:10:33.472+0000] {logging_mixin.py:188} INFO - [2026-08-19T21:10:33.472+0000] {override.py:1858} INFO - Created Permission View: can edit on DAG:flights_ops_medallioin_pipe
[2026-08-19T21:10:33.475+0000] {logging_mixin.py:188} INFO - [2026-08-19T21:10:33.475+0000] {dag.py:3089} INFO - Sync 1 DAGs
[2026-08-19T21:10:33.521+0000] {logging_mixin.py:188} INFO - [2026-08-19T21:10:33.521+0000] {dag.py:3111} INFO - Creating ORM DAG for flights_ops_medallioin_pipe
[2026-08-19T21:10:33.561+0000] {logging_mixin.py:188} INFO - [2026-08-19T21:10:33.560+0000] {dag.py:3947} INFO - Setting next_dagrun for flights_ops_medallioin_pipe to 2026-08-19 20:30:00+00:00, run_after=2026-08-19 21:00:00+00:00
[2026-08-19T21:10:33.611+0000] {processor.py:183} INFO - Processing /opt/airflow/dags/flight-pipeline.py took 1.281 seconds
[2026-08-19T21:11:03.745+0000] {processor.py:161} INFO - Started process (PID=26) to work on /opt/airflow/dags/flight-pipeline.py
[2026-08-19T21:11:03.749+0000] {processor.py:830} INFO - Processing file /opt/airflow/dags/flight-pipeline.py for tasks to queue
[2026-08-19T21:11:03.756+0000] {logging_mixin.py:188} INFO - [2026-08-19T21:11:03.755+0000] {dagbag.py:545} INFO - Filling up the DagBag from /opt/airflow/dags/flight-pipeline.py
[2026-08-19T21:11:03.847+0000] {processor.py:840} INFO - DAG(s) 'flights_ops_medallioin_pipe' retrieved from /opt/airflow/dags/flight-pipeline.py
[2026-08-19T21:11:03.931+0000] {logging_mixin.py:188} INFO - [2026-08-19T21:11:03.930+0000] {dag.py:3089} INFO - Sync 1 DAGs
[2026-08-19T21:11:03.992+0000] {logging_mixin.py:188} INFO - [2026-08-19T21:11:03.991+0000] {dag.py:3947} INFO - Setting next_dagrun for flights_ops_medallioin_pipe to 2026-08-19 20:30:00+00:00, run_after=2026-08-19 21:00:00+00:00
[2026-08-19T21:11:04.039+0000] {processor.py:183} INFO - Processing /opt/airflow/dags/flight-pipeline.py took 0.311 seconds
[2026-08-19T21:11:34.334+0000] {processor.py:161} INFO - Started process (PID=27) to work on /opt/airflow/dags/flight-pipeline.py
[2026-08-19T21:11:34.337+0000] {processor.py:830} INFO - Processing file /opt/airflow/dags/flight-pipeline.py for tasks to queue
[2026-08-19T21:11:34.342+0000] {logging_mixin.py:188} INFO - [2026-08-19T21:11:34.342+0000] {dagbag.py:545} INFO - Filling up the DagBag from /opt/airflow/dags/flight-pipeline.py
[2026-08-19T21:11:34.425+0000] {processor.py:840} INFO - DAG(s) 'flights_ops_medallioin_pipe' retrieved from /opt/airflow/dags/flight-pipeline.py
[2026-08-19T21:11:34.498+0000] {logging_mixin.py:188} INFO - [2026-08-19T21:11:34.497+0000] {dag.py:3089} INFO - Sync 1 DAGs
[2026-08-19T21:11:34.550+0000] {logging_mixin.py:188} INFO - [2026-08-19T21:11:34.550+0000] {dag.py:3947} INFO - Setting next_dagrun for flights_ops_medallioin_pipe to 2026-08-19 20:30:00+00:00, run_after=2026-08-19 21:00:00+00:00
[2026-08-19T21:11:34.642+0000] {processor.py:183} INFO - Processing /opt/airflow/dags/flight-pipeline.py took 0.325 seconds
[2026-08-19T21:12:05.034+0000] {processor.py:161} INFO - Started process (PID=37) to work on /opt/airflow/dags/flight-pipeline.py
[2026-08-19T21:12:05.038+0000] {processor.py:830} INFO - Processing file /opt/airflow/dags/flight-pipeline.py for tasks to queue
[2026-08-19T21:12:05.045+0000] {logging_mixin.py:188} INFO - [2026-08-19T21:12:05.044+0000] {dagbag.py:545} INFO - Filling up the DagBag from /opt/airflow/dags/flight-pipeline.py
[2026-08-19T21:12:05.134+0000] {processor.py:840} INFO - DAG(s) 'flights_ops_medallioin_pipe' retrieved from /opt/airflow/dags/flight-pipeline.py
[2026-08-19T21:12:05.250+0000] {logging_mixin.py:188} INFO - [2026-08-19T21:12:05.249+0000] {dag.py:3089} INFO - Sync 1 DAGs
[2026-08-19T21:12:05.344+0000] {logging_mixin.py:188} INFO - [2026-08-19T21:12:05.343+0000] {dag.py:3947} INFO - Setting next_dagrun for flights_ops_medallioin_pipe to 2026-08-19 21:00:00+00:00, run_after=2026-08-19 21:30:00+00:00
[2026-08-19T21:12:05.457+0000] {processor.py:183} INFO - Processing /opt/airflow/dags/flight-pipeline.py took 0.443 seconds
[2026-08-19T21:12:35.834+0000] {processor.py:161} INFO - Started process (PID=47) to work on /opt/airflow/dags/flight-pipeline.py
[2026-08-19T21:12:35.837+0000] {processor.py:830} INFO - Processing file /opt/airflow/dags/flight-pipeline.py for tasks to queue
[2026-08-19T21:12:35.842+0000] {logging_mixin.py:188} INFO - [2026-08-19T21:12:35.841+0000] {dagbag.py:545} INFO - Filling up the DagBag from /opt/airflow/dags/flight-pipeline.py
[2026-08-19T21:12:35.921+0000] {processor.py:840} INFO - DAG(s) 'flights_ops_medallioin_pipe' retrieved from /opt/airflow/dags/flight-pipeline.py
[2026-08-19T21:12:36.008+0000] {logging_mixin.py:188} INFO - [2026-08-19T21:12:36.007+0000] {dag.py:3089} INFO - Sync 1 DAGs
[2026-08-19T21:12:36.153+0000] {logging_mixin.py:188} INFO - [2026-08-19T21:12:36.153+0000] {dag.py:3947} INFO - Setting next_dagrun for flights_ops_medallioin_pipe to 2026-08-19 21:00:00+00:00, run_after=2026-08-19 21:30:00+00:00
[2026-08-19T21:12:36.251+0000] {processor.py:183} INFO - Processing /opt/airflow/dags/flight-pipeline.py took 0.432 seconds
[2026-08-19T21:13:06.640+0000] {processor.py:161} INFO - Started process (PID=48) to work on /opt/airflow/dags/flight-pipeline.py
[2026-08-19T21:13:06.643+0000] {processor.py:830} INFO - Processing file /opt/airflow/dags/flight-pipeline.py for tasks to queue
[2026-08-19T21:13:06.648+0000] {logging_mixin.py:188} INFO - [2026-08-19T21:13:06.648+0000] {dagbag.py:545} INFO - Filling up the DagBag from /opt/airflow/dags/flight-pipeline.py
[2026-08-19T21:13:06.738+0000] {processor.py:840} INFO - DAG(s) 'flights_ops_medallioin_pipe' retrieved from /opt/airflow/dags/flight-pipeline.py
[2026-08-19T21:13:06.806+0000] {logging_mixin.py:188} INFO - [2026-08-19T21:13:06.805+0000] {dag.py:3089} INFO - Sync 1 DAGs
[2026-08-19T21:13:06.864+0000] {logging_mixin.py:188} INFO - [2026-08-19T21:13:06.864+0000] {dag.py:3947} INFO - Setting next_dagrun for flights_ops_medallioin_pipe to 2026-08-19 21:00:00+00:00, run_after=2026-08-19 21:30:00+00:00
[2026-08-19T21:13:06.939+0000] {processor.py:183} INFO - Processing /opt/airflow/dags/flight-pipeline.py took 0.315 seconds
[2026-08-19T21:13:37.297+0000] {processor.py:161} INFO - Started process (PID=49) to work on /opt/airflow/dags/flight-pipeline.py
[2026-08-19T21:13:37.300+0000] {processor.py:830} INFO - Processing file /opt/airflow/dags/flight-pipeline.py for tasks to queue
[2026-08-19T21:13:37.306+0000] {logging_mixin.py:188} INFO - [2026-08-19T21:13:37.305+0000] {dagbag.py:545} INFO - Filling up the DagBag from /opt/airflow/dags/flight-pipeline.py
[2026-08-19T21:13:37.377+0000] {processor.py:840} INFO - DAG(s) 'flights_ops_medallioin_pipe' retrieved from /opt/airflow/dags/flight-pipeline.py
[2026-08-19T21:13:37.443+0000] {logging_mixin.py:188} INFO - [2026-08-19T21:13:37.443+0000] {dag.py:3089} INFO - Sync 1 DAGs
[2026-08-19T21:13:37.498+0000] {logging_mixin.py:188} INFO - [2026-08-19T21:13:37.498+0000] {dag.py:3947} INFO - Setting next_dagrun for flights_ops_medallioin_pipe to 2026-08-19 21:00:00+00:00, run_after=2026-08-19 21:30:00+00:00
[2026-08-19T21:13:37.580+0000] {processor.py:183} INFO - Processing /opt/airflow/dags/flight-pipeline.py took 0.298 seconds
[2026-08-19T21:14:07.935+0000] {processor.py:161} INFO - Started process (PID=50) to work on /opt/airflow/dags/flight-pipeline.py
[2026-08-19T21:14:07.940+0000] {processor.py:830} INFO - Processing file /opt/airflow/dags/flight-pipeline.py for tasks to queue
[2026-08-19T21:14:07.945+0000] {logging_mixin.py:188} INFO - [2026-08-19T21:14:07.944+0000] {dagbag.py:545} INFO - Filling up the DagBag from /opt/airflow/dags/flight-pipeline.py
[2026-08-19T21:14:08.010+0000] {processor.py:840} INFO - DAG(s) 'flights_ops_medallioin_pipe' retrieved from /opt/airflow/dags/flight-pipeline.py
[2026-08-19T21:14:08.081+0000] {logging_mixin.py:188} INFO - [2026-08-19T21:14:08.081+0000] {dag.py:3089} INFO - Sync 1 DAGs
[2026-08-19T21:14:08.142+0000] {logging_mixin.py:188} INFO - [2026-08-19T21:14:08.142+0000] {dag.py:3947} INFO - Setting next_dagrun for flights_ops_medallioin_pipe to 2026-08-19 21:00:00+00:00, run_after=2026-08-19 21:30:00+00:00
[2026-08-19T21:14:08.188+0000] {processor.py:183} INFO - Processing /opt/airflow/dags/flight-pipeline.py took 0.266 seconds
[2026-08-19T21:14:38.605+0000] {processor.py:161} INFO - Started process (PID=51) to work on /opt/airflow/dags/flight-pipeline.py
[2026-08-19T21:14:38.608+0000] {processor.py:830} INFO - Processing file /opt/airflow/dags/flight-pipeline.py for tasks to queue
[2026-08-19T21:14:38.614+0000] {logging_mixin.py:188} INFO - [2026-08-19T21:14:38.613+0000] {dagbag.py:545} INFO - Filling up the DagBag from /opt/airflow/dags/flight-pipeline.py
[2026-08-19T21:14:38.696+0000] {processor.py:840} INFO - DAG(s) 'flights_ops_medallioin_pipe' retrieved from /opt/airflow/dags/flight-pipeline.py
[2026-08-19T21:14:38.783+0000] {logging_mixin.py:188} INFO - [2026-08-19T21:14:38.782+0000] {dag.py:3089} INFO - Sync 1 DAGs
[2026-08-19T21:14:38.845+0000] {logging_mixin.py:188} INFO - [2026-08-19T21:14:38.844+0000] {dag.py:3947} INFO - Setting next_dagrun for flights_ops_medallioin_pipe to 2026-08-19 21:00:00+00:00, run_after=2026-08-19 21:30:00+00:00
[2026-08-19T21:14:38.904+0000] {processor.py:183} INFO - Processing /opt/airflow/dags/flight-pipeline.py took 0.313 seconds
[2026-08-19T21:15:09.006+0000] {processor.py:161} INFO - Started process (PID=52) to work on /opt/airflow/dags/flight-pipeline.py
[2026-08-19T21:15:09.009+0000] {processor.py:830} INFO - Processing file /opt/airflow/dags/flight-pipeline.py for tasks to queue
[2026-08-19T21:15:09.014+0000] {logging_mixin.py:188} INFO - [2026-08-19T21:15:09.013+0000] {dagbag.py:545} INFO - Filling up the DagBag from /opt/airflow/dags/flight-pipeline.py
[2026-08-19T21:15:09.092+0000] {processor.py:840} INFO - DAG(s) 'flights_ops_medallioin_pipe' retrieved from /opt/airflow/dags/flight-pipeline.py
[2026-08-19T21:15:09.161+0000] {logging_mixin.py:188} INFO - [2026-08-19T21:15:09.161+0000] {dag.py:3089} INFO - Sync 1 DAGs
[2026-08-19T21:15:09.218+0000] {logging_mixin.py:188} INFO - [2026-08-19T21:15:09.217+0000] {dag.py:3947} INFO - Setting next_dagrun for flights_ops_medallioin_pipe to 2026-08-19 21:00:00+00:00, run_after=2026-08-19 21:30:00+00:00
[2026-08-19T21:15:09.267+0000] {processor.py:183} INFO - Processing /opt/airflow/dags/flight-pipeline.py took 0.276 seconds
[2026-08-19T21:15:39.707+0000] {processor.py:161} INFO - Started process (PID=53) to work on /opt/airflow/dags/flight-pipeline.py
[2026-08-19T21:15:39.711+0000] {processor.py:830} INFO - Processing file /opt/airflow/dags/flight-pipeline.py for tasks to queue
[2026-08-19T21:15:39.718+0000] {logging_mixin.py:188} INFO - [2026-08-19T21:15:39.717+0000] {dagbag.py:545} INFO - Filling up the DagBag from /opt/airflow/dags/flight-pipeline.py
[2026-08-19T21:15:39.801+0000] {processor.py:840} INFO - DAG(s) 'flights_ops_medallioin_pipe' retrieved from /opt/airflow/dags/flight-pipeline.py
[2026-08-19T21:15:39.883+0000] {logging_mixin.py:188} INFO - [2026-08-19T21:15:39.883+0000] {dag.py:3089} INFO - Sync 1 DAGs
[2026-08-19T21:15:39.952+0000] {logging_mixin.py:188} INFO - [2026-08-19T21:15:39.951+0000] {dag.py:3947} INFO - Setting next_dagrun for flights_ops_medallioin_pipe to 2026-08-19 21:00:00+00:00, run_after=2026-08-19 21:30:00+00:00
[2026-08-19T21:15:40.027+0000] {processor.py:183} INFO - Processing /opt/airflow/dags/flight-pipeline.py took 0.335 seconds
[2026-08-19T21:16:10.403+0000] {processor.py:161} INFO - Started process (PID=54) to work on /opt/airflow/dags/flight-pipeline.py
[2026-08-19T21:16:10.407+0000] {processor.py:830} INFO - Processing file /opt/airflow/dags/flight-pipeline.py for tasks to queue
[2026-08-19T21:16:10.412+0000] {logging_mixin.py:188} INFO - [2026-08-19T21:16:10.412+0000] {dagbag.py:545} INFO - Filling up the DagBag from /opt/airflow/dags/flight-pipeline.py
[2026-08-19T21:16:10.505+0000] {processor.py:840} INFO - DAG(s) 'flights_ops_medallioin_pipe' retrieved from /opt/airflow/dags/flight-pipeline.py
[2026-08-19T21:16:10.588+0000] {logging_mixin.py:188} INFO - [2026-08-19T21:16:10.588+0000] {dag.py:3089} INFO - Sync 1 DAGs
[2026-08-19T21:16:10.649+0000] {logging_mixin.py:188} INFO - [2026-08-19T21:16:10.649+0000] {dag.py:3947} INFO - Setting next_dagrun for flights_ops_medallioin_pipe to 2026-08-19 21:00:00+00:00, run_after=2026-08-19 21:30:00+00:00
[2026-08-19T21:16:10.722+0000] {processor.py:183} INFO - Processing /opt/airflow/dags/flight-pipeline.py took 0.333 seconds
[2026-08-19T21:16:41.169+0000] {processor.py:161} INFO - Started process (PID=55) to work on /opt/airflow/dags/flight-pipeline.py
[2026-08-19T21:16:41.172+0000] {processor.py:830} INFO - Processing file /opt/airflow/dags/flight-pipeline.py for tasks to queue
[2026-08-19T21:16:41.179+0000] {logging_mixin.py:188} INFO - [2026-08-19T21:16:41.178+0000] {dagbag.py:545} INFO - Filling up the DagBag from /opt/airflow/dags/flight-pipeline.py
[2026-08-19T21:16:41.261+0000] {processor.py:840} INFO - DAG(s) 'flights_ops_medallioin_pipe' retrieved from /opt/airflow/dags/flight-pipeline.py
[2026-08-19T21:16:41.343+0000] {logging_mixin.py:188} INFO - [2026-08-19T21:16:41.342+0000] {dag.py:3089} INFO - Sync 1 DAGs
[2026-08-19T21:16:41.400+0000] {logging_mixin.py:188} INFO - [2026-08-19T21:16:41.399+0000] {dag.py:3947} INFO - Setting next_dagrun for flights_ops_medallioin_pipe to 2026-08-19 21:00:00+00:00, run_after=2026-08-19 21:30:00+00:00
[2026-08-19T21:16:41.470+0000] {processor.py:183} INFO - Processing /opt/airflow/dags/flight-pipeline.py took 0.318 seconds
[2026-08-19T21:17:11.864+0000] {processor.py:161} INFO - Started process (PID=56) to work on /opt/airflow/dags/flight-pipeline.py
[2026-08-19T21:17:11.868+0000] {processor.py:830} INFO - Processing file /opt/airflow/dags/flight-pipeline.py for tasks to queue
[2026-08-19T21:17:11.875+0000] {logging_mixin.py:188} INFO - [2026-08-19T21:17:11.875+0000] {dagbag.py:545} INFO - Filling up the DagBag from /opt/airflow/dags/flight-pipeline.py
[2026-08-19T21:17:11.978+0000] {processor.py:840} INFO - DAG(s) 'flights_ops_medallioin_pipe' retrieved from /opt/airflow/dags/flight-pipeline.py
[2026-08-19T21:17:12.077+0000] {logging_mixin.py:188} INFO - [2026-08-19T21:17:12.076+0000] {dag.py:3089} INFO - Sync 1 DAGs
[2026-08-19T21:17:12.138+0000] {logging_mixin.py:188} INFO - [2026-08-19T21:17:12.137+0000] {dag.py:3947} INFO - Setting next_dagrun for flights_ops_medallioin_pipe to 2026-08-19 21:00:00+00:00, run_after=2026-08-19 21:30:00+00:00
[2026-08-19T21:17:12.214+0000] {processor.py:183} INFO - Processing /opt/airflow/dags/flight-pipeline.py took 0.366 seconds
[2026-08-19T21:17:42.620+0000] {processor.py:161} INFO - Started process (PID=57) to work on /opt/airflow/dags/flight-pipeline.py
[2026-08-19T21:17:42.623+0000] {processor.py:830} INFO - Processing file /opt/airflow/dags/flight-pipeline.py for tasks to queue
[2026-08-19T21:17:42.629+0000] {logging_mixin.py:188} INFO - [2026-08-19T21:17:42.628+0000] {dagbag.py:545} INFO - Filling up the DagBag from /opt/airflow/dags/flight-pipeline.py
[2026-08-19T21:17:42.738+0000] {processor.py:840} INFO - DAG(s) 'flights_ops_medallioin_pipe' retrieved from /opt/airflow/dags/flight-pipeline.py
[2026-08-19T21:17:42.841+0000] {logging_mixin.py:188} INFO - [2026-08-19T21:17:42.840+0000] {dag.py:3089} INFO - Sync 1 DAGs
[2026-08-19T21:17:42.922+0000] {logging_mixin.py:188} INFO - [2026-08-19T21:17:42.921+0000] {dag.py:3947} INFO - Setting next_dagrun for flights_ops_medallioin_pipe to 2026-08-19 21:00:00+00:00, run_after=2026-08-19 21:30:00+00:00
[2026-08-19T21:17:42.987+0000] {processor.py:183} INFO - Processing /opt/airflow/dags/flight-pipeline.py took 0.382 seconds
[2026-08-19T21:18:13.497+0000] {processor.py:161} INFO - Started process (PID=58) to work on /opt/airflow/dags/flight-pipeline.py
[2026-08-19T21:18:13.502+0000] {processor.py:830} INFO - Processing file /opt/airflow/dags/flight-pipeline.py for tasks to queue
[2026-08-19T21:18:13.508+0000] {logging_mixin.py:188} INFO - [2026-08-19T21:18:13.507+0000] {dagbag.py:545} INFO - Filling up the DagBag from /opt/airflow/dags/flight-pipeline.py
[2026-08-19T21:18:13.593+0000] {processor.py:840} INFO - DAG(s) 'flights_ops_medallioin_pipe' retrieved from /opt/airflow/dags/flight-pipeline.py
[2026-08-19T21:18:13.679+0000] {logging_mixin.py:188} INFO - [2026-08-19T21:18:13.678+0000] {dag.py:3089} INFO - Sync 1 DAGs
[2026-08-19T21:18:13.758+0000] {logging_mixin.py:188} INFO - [2026-08-19T21:18:13.757+0000] {dag.py:3947} INFO - Setting next_dagrun for flights_ops_medallioin_pipe to 2026-08-19 21:00:00+00:00, run_after=2026-08-19 21:30:00+00:00
[2026-08-19T21:18:13.835+0000] {processor.py:183} INFO - Processing /opt/airflow/dags/flight-pipeline.py took 0.355 seconds
[2026-08-19T21:18:44.252+0000] {processor.py:161} INFO - Started process (PID=59) to work on /opt/airflow/dags/flight-pipeline.py
[2026-08-19T21:18:44.256+0000] {processor.py:830} INFO - Processing file /opt/airflow/dags/flight-pipeline.py for tasks to queue
[2026-08-19T21:18:44.262+0000] {logging_mixin.py:188} INFO - [2026-08-19T21:18:44.261+0000] {dagbag.py:545} INFO - Filling up the DagBag from /opt/airflow/dags/flight-pipeline.py
[2026-08-19T21:18:44.346+0000] {processor.py:840} INFO - DAG(s) 'flights_ops_medallioin_pipe' retrieved from /opt/airflow/dags/flight-pipeline.py
[2026-08-19T21:18:44.428+0000] {logging_mixin.py:188} INFO - [2026-08-19T21:18:44.427+0000] {dag.py:3089} INFO - Sync 1 DAGs
[2026-08-19T21:18:44.502+0000] {logging_mixin.py:188} INFO - [2026-08-19T21:18:44.501+0000] {dag.py:3947} INFO - Setting next_dagrun for flights_ops_medallioin_pipe to 2026-08-19 21:00:00+00:00, run_after=2026-08-19 21:30:00+00:00
[2026-08-19T21:18:44.558+0000] {processor.py:183} INFO - Processing /opt/airflow/dags/flight-pipeline.py took 0.327 seconds
[2026-08-19T21:19:14.925+0000] {processor.py:161} INFO - Started process (PID=60) to work on /opt/airflow/dags/flight-pipeline.py
[2026-08-19T21:19:14.929+0000] {processor.py:830} INFO - Processing file /opt/airflow/dags/flight-pipeline.py for tasks to queue
[2026-08-19T21:19:14.934+0000] {logging_mixin.py:188} INFO - [2026-08-19T21:19:14.933+0000] {dagbag.py:545} INFO - Filling up the DagBag from /opt/airflow/dags/flight-pipeline.py
[2026-08-19T21:19:15.019+0000] {processor.py:840} INFO - DAG(s) 'flights_ops_medallioin_pipe' retrieved from /opt/airflow/dags/flight-pipeline.py
[2026-08-19T21:19:15.106+0000] {logging_mixin.py:188} INFO - [2026-08-19T21:19:15.106+0000] {dag.py:3089} INFO - Sync 1 DAGs
[2026-08-19T21:19:15.168+0000] {logging_mixin.py:188} INFO - [2026-08-19T21:19:15.168+0000] {dag.py:3947} INFO - Setting next_dagrun for flights_ops_medallioin_pipe to 2026-08-19 21:00:00+00:00, run_after=2026-08-19 21:30:00+00:00
[2026-08-19T21:19:15.251+0000] {processor.py:183} INFO - Processing /opt/airflow/dags/flight-pipeline.py took 0.340 seconds
[2026-08-19T21:19:45.761+0000] {processor.py:161} INFO - Started process (PID=61) to work on /opt/airflow/dags/flight-pipeline.py
[2026-08-19T21:19:45.766+0000] {processor.py:830} INFO - Processing file /opt/airflow/dags/flight-pipeline.py for tasks to queue
[2026-08-19T21:19:45.773+0000] {logging_mixin.py:188} INFO - [2026-08-19T21:19:45.772+0000] {dagbag.py:545} INFO - Filling up the DagBag from /opt/airflow/dags/flight-pipeline.py
[2026-08-19T21:19:45.863+0000] {processor.py:840} INFO - DAG(s) 'flights_ops_medallioin_pipe' retrieved from /opt/airflow/dags/flight-pipeline.py
[2026-08-19T21:19:45.929+0000] {logging_mixin.py:188} INFO - [2026-08-19T21:19:45.929+0000] {dag.py:3089} INFO - Sync 1 DAGs
[2026-08-19T21:19:45.983+0000] {logging_mixin.py:188} INFO - [2026-08-19T21:19:45.982+0000] {dag.py:3947} INFO - Setting next_dagrun for flights_ops_medallioin_pipe to 2026-08-19 21:00:00+00:00, run_after=2026-08-19 21:30:00+00:00
[2026-08-19T21:19:46.025+0000] {processor.py:183} INFO - Processing /opt/airflow/dags/flight-pipeline.py took 0.276 seconds
[2026-08-19T21:20:16.449+0000] {processor.py:161} INFO - Started process (PID=62) to work on /opt/airflow/dags/flight-pipeline.py
[2026-08-19T21:20:16.452+0000] {processor.py:830} INFO - Processing file /opt/airflow/dags/flight-pipeline.py for tasks to queue
[2026-08-19T21:20:16.461+0000] {logging_mixin.py:188} INFO - [2026-08-19T21:20:16.460+0000] {dagbag.py:545} INFO - Filling up the DagBag from /opt/airflow/dags/flight-pipeline.py
[2026-08-19T21:20:16.545+0000] {processor.py:840} INFO - DAG(s) 'flights_ops_medallioin_pipe' retrieved from /opt/airflow/dags/flight-pipeline.py
[2026-08-19T21:20:16.617+0000] {logging_mixin.py:188} INFO - [2026-08-19T21:20:16.616+0000] {dag.py:3089} INFO - Sync 1 DAGs
[2026-08-19T21:20:16.675+0000] {logging_mixin.py:188} INFO - [2026-08-19T21:20:16.674+0000] {dag.py:3947} INFO - Setting next_dagrun for flights_ops_medallioin_pipe to 2026-08-19 21:00:00+00:00, run_after=2026-08-19 21:30:00+00:00
[2026-08-19T21:20:16.719+0000] {processor.py:183} INFO - Processing /opt/airflow/dags/flight-pipeline.py took 0.284 seconds
[2026-08-19T21:20:46.957+0000] {processor.py:161} INFO - Started process (PID=63) to work on /opt/airflow/dags/flight-pipeline.py
[2026-08-19T21:20:46.961+0000] {processor.py:830} INFO - Processing file /opt/airflow/dags/flight-pipeline.py for tasks to queue
[2026-08-19T21:20:46.973+0000] {logging_mixin.py:188} INFO - [2026-08-19T21:20:46.972+0000] {dagbag.py:545} INFO - Filling up the DagBag from /opt/airflow/dags/flight-pipeline.py
[2026-08-19T21:20:47.090+0000] {processor.py:840} INFO - DAG(s) 'flights_ops_medallioin_pipe' retrieved from /opt/airflow/dags/flight-pipeline.py
[2026-08-19T21:20:47.194+0000] {logging_mixin.py:188} INFO - [2026-08-19T21:20:47.193+0000] {dag.py:3089} INFO - Sync 1 DAGs
[2026-08-19T21:20:47.263+0000] {logging_mixin.py:188} INFO - [2026-08-19T21:20:47.262+0000] {dag.py:3947} INFO - Setting next_dagrun for flights_ops_medallioin_pipe to 2026-08-19 21:00:00+00:00, run_after=2026-08-19 21:30:00+00:00
[2026-08-19T21:20:47.337+0000] {processor.py:183} INFO - Processing /opt/airflow/dags/flight-pipeline.py took 0.403 seconds
[2026-08-19T21:21:17.455+0000] {processor.py:161} INFO - Started process (PID=64) to work on /opt/airflow/dags/flight-pipeline.py
[2026-08-19T21:21:17.460+0000] {processor.py:830} INFO - Processing file /opt/airflow/dags/flight-pipeline.py for tasks to queue
[2026-08-19T21:21:17.468+0000] {logging_mixin.py:188} INFO - [2026-08-19T21:21:17.467+0000] {dagbag.py:545} INFO - Filling up the DagBag from /opt/airflow/dags/flight-pipeline.py
[2026-08-19T21:21:17.553+0000] {processor.py:840} INFO - DAG(s) 'flights_ops_medallioin_pipe' retrieved from /opt/airflow/dags/flight-pipeline.py
[2026-08-19T21:21:17.631+0000] {logging_mixin.py:188} INFO - [2026-08-19T21:21:17.630+0000] {dag.py:3089} INFO - Sync 1 DAGs
[2026-08-19T21:21:17.694+0000] {logging_mixin.py:188} INFO - [2026-08-19T21:21:17.694+0000] {dag.py:3947} INFO - Setting next_dagrun for flights_ops_medallioin_pipe to 2026-08-19 21:00:00+00:00, run_after=2026-08-19 21:30:00+00:00
[2026-08-19T21:21:17.751+0000] {processor.py:183} INFO - Processing /opt/airflow/dags/flight-pipeline.py took 0.312 seconds
[2026-08-19T21:21:48.113+0000] {processor.py:161} INFO - Started process (PID=65) to work on /opt/airflow/dags/flight-pipeline.py
[2026-08-19T21:21:48.132+0000] {processor.py:830} INFO - Processing file /opt/airflow/dags/flight-pipeline.py for tasks to queue
[2026-08-19T21:21:48.149+0000] {logging_mixin.py:188} INFO - [2026-08-19T21:21:48.147+0000] {dagbag.py:545} INFO - Filling up the DagBag from /opt/airflow/dags/flight-pipeline.py
[2026-08-19T21:21:48.288+0000] {processor.py:840} INFO - DAG(s) 'flights_ops_medallioin_pipe' retrieved from /opt/airflow/dags/flight-pipeline.py
[2026-08-19T21:21:48.411+0000] {logging_mixin.py:188} INFO - [2026-08-19T21:21:48.410+0000] {dag.py:3089} INFO - Sync 1 DAGs
[2026-08-19T21:21:48.485+0000] {logging_mixin.py:188} INFO - [2026-08-19T21:21:48.485+0000] {dag.py:3947} INFO - Setting next_dagrun for flights_ops_medallioin_pipe to 2026-08-19 21:00:00+00:00, run_after=2026-08-19 21:30:00+00:00
[2026-08-19T21:21:48.569+0000] {processor.py:183} INFO - Processing /opt/airflow/dags/flight-pipeline.py took 0.494 seconds
[2026-08-19T21:22:18.962+0000] {processor.py:161} INFO - Started process (PID=66) to work on /opt/airflow/dags/flight-pipeline.py
[2026-08-19T21:22:18.965+0000] {processor.py:830} INFO - Processing file /opt/airflow/dags/flight-pipeline.py for tasks to queue
[2026-08-19T21:22:18.972+0000] {logging_mixin.py:188} INFO - [2026-08-19T21:22:18.971+0000] {dagbag.py:545} INFO - Filling up the DagBag from /opt/airflow/dags/flight-pipeline.py
[2026-08-19T21:22:19.054+0000] {processor.py:840} INFO - DAG(s) 'flights_ops_medallioin_pipe' retrieved from /opt/airflow/dags/flight-pipeline.py
[2026-08-19T21:22:19.124+0000] {logging_mixin.py:188} INFO - [2026-08-19T21:22:19.123+0000] {dag.py:3089} INFO - Sync 1 DAGs
[2026-08-19T21:22:19.202+0000] {logging_mixin.py:188} INFO - [2026-08-19T21:22:19.202+0000] {dag.py:3947} INFO - Setting next_dagrun for flights_ops_medallioin_pipe to 2026-08-19 21:00:00+00:00, run_after=2026-08-19 21:30:00+00:00
[2026-08-19T21:22:19.287+0000] {processor.py:183} INFO - Processing /opt/airflow/dags/flight-pipeline.py took 0.340 seconds
[2026-08-19T21:22:49.688+0000] {processor.py:161} INFO - Started process (PID=67) to work on /opt/airflow/dags/flight-pipeline.py
[2026-08-19T21:22:49.692+0000] {processor.py:830} INFO - Processing file /opt/airflow/dags/flight-pipeline.py for tasks to queue
[2026-08-19T21:22:49.698+0000] {logging_mixin.py:188} INFO - [2026-08-19T21:22:49.697+0000] {dagbag.py:545} INFO - Filling up the DagBag from /opt/airflow/dags/flight-pipeline.py
[2026-08-19T21:22:49.786+0000] {processor.py:840} INFO - DAG(s) 'flights_ops_medallioin_pipe' retrieved from /opt/airflow/dags/flight-pipeline.py
[2026-08-19T21:22:49.873+0000] {logging_mixin.py:188} INFO - [2026-08-19T21:22:49.873+0000] {dag.py:3089} INFO - Sync 1 DAGs
[2026-08-19T21:22:49.942+0000] {logging_mixin.py:188} INFO - [2026-08-19T21:22:49.941+0000] {dag.py:3947} INFO - Setting next_dagrun for flights_ops_medallioin_pipe to 2026-08-19 21:00:00+00:00, run_after=2026-08-19 21:30:00+00:00
[2026-08-19T21:22:50.021+0000] {processor.py:183} INFO - Processing /opt/airflow/dags/flight-pipeline.py took 0.352 seconds
[2026-08-19T21:23:20.431+0000] {processor.py:161} INFO - Started process (PID=68) to work on /opt/airflow/dags/flight-pipeline.py
[2026-08-19T21:23:20.435+0000] {processor.py:830} INFO - Processing file /opt/airflow/dags/flight-pipeline.py for tasks to queue
[2026-08-19T21:23:20.442+0000] {logging_mixin.py:188} INFO - [2026-08-19T21:23:20.441+0000] {dagbag.py:545} INFO - Filling up the DagBag from /opt/airflow/dags/flight-pipeline.py
[2026-08-19T21:23:20.519+0000] {processor.py:840} INFO - DAG(s) 'flights_ops_medallioin_pipe' retrieved from /opt/airflow/dags/flight-pipeline.py
[2026-08-19T21:23:20.601+0000] {logging_mixin.py:188} INFO - [2026-08-19T21:23:20.600+0000] {dag.py:3089} INFO - Sync 1 DAGs
[2026-08-19T21:23:20.686+0000] {logging_mixin.py:188} INFO - [2026-08-19T21:23:20.686+0000] {dag.py:3947} INFO - Setting next_dagrun for flights_ops_medallioin_pipe to 2026-08-19 21:00:00+00:00, run_after=2026-08-19 21:30:00+00:00
[2026-08-19T21:23:20.738+0000] {processor.py:183} INFO - Processing /opt/airflow/dags/flight-pipeline.py took 0.325 seconds
[2026-08-19T21:23:51.139+0000] {processor.py:161} INFO - Started process (PID=69) to work on /opt/airflow/dags/flight-pipeline.py
[2026-08-19T21:23:51.144+0000] {processor.py:830} INFO - Processing file /opt/airflow/dags/flight-pipeline.py for tasks to queue
[2026-08-19T21:23:51.151+0000] {logging_mixin.py:188} INFO - [2026-08-19T21:23:51.149+0000] {dagbag.py:545} INFO - Filling up the DagBag from /opt/airflow/dags/flight-pipeline.py
[2026-08-19T21:23:51.254+0000] {processor.py:840} INFO - DAG(s) 'flights_ops_medallioin_pipe' retrieved from /opt/airflow/dags/flight-pipeline.py
[2026-08-19T21:23:51.342+0000] {logging_mixin.py:188} INFO - [2026-08-19T21:23:51.342+0000] {dag.py:3089} INFO - Sync 1 DAGs
[2026-08-19T21:23:51.409+0000] {logging_mixin.py:188} INFO - [2026-08-19T21:23:51.408+0000] {dag.py:3947} INFO - Setting next_dagrun for flights_ops_medallioin_pipe to 2026-08-19 21:00:00+00:00, run_after=2026-08-19 21:30:00+00:00
[2026-08-19T21:23:51.484+0000] {processor.py:183} INFO - Processing /opt/airflow/dags/flight-pipeline.py took 0.370 seconds
[2026-08-19T21:24:21.905+0000] {processor.py:161} INFO - Started process (PID=70) to work on /opt/airflow/dags/flight-pipeline.py
[2026-08-19T21:24:21.912+0000] {processor.py:830} INFO - Processing file /opt/airflow/dags/flight-pipeline.py for tasks to queue
[2026-08-19T21:24:21.923+0000] {logging_mixin.py:188} INFO - [2026-08-19T21:24:21.922+0000] {dagbag.py:545} INFO - Filling up the DagBag from /opt/airflow/dags/flight-pipeline.py
[2026-08-19T21:24:22.132+0000] {processor.py:840} INFO - DAG(s) 'flights_ops_medallioin_pipe' retrieved from /opt/airflow/dags/flight-pipeline.py
[2026-08-19T21:24:22.223+0000] {logging_mixin.py:188} INFO - [2026-08-19T21:24:22.222+0000] {dag.py:3089} INFO - Sync 1 DAGs
[2026-08-19T21:24:22.309+0000] {logging_mixin.py:188} INFO - [2026-08-19T21:24:22.308+0000] {dag.py:3947} INFO - Setting next_dagrun for flights_ops_medallioin_pipe to 2026-08-19 21:00:00+00:00, run_after=2026-08-19 21:30:00+00:00
[2026-08-19T21:24:22.392+0000] {processor.py:183} INFO - Processing /opt/airflow/dags/flight-pipeline.py took 0.523 seconds
[2026-08-19T21:24:52.775+0000] {processor.py:161} INFO - Started process (PID=71) to work on /opt/airflow/dags/flight-pipeline.py
[2026-08-19T21:24:52.780+0000] {processor.py:830} INFO - Processing file /opt/airflow/dags/flight-pipeline.py for tasks to queue
[2026-08-19T21:24:52.785+0000] {logging_mixin.py:188} INFO - [2026-08-19T21:24:52.785+0000] {dagbag.py:545} INFO - Filling up the DagBag from /opt/airflow/dags/flight-pipeline.py
[2026-08-19T21:24:52.874+0000] {processor.py:840} INFO - DAG(s) 'flights_ops_medallioin_pipe' retrieved from /opt/airflow/dags/flight-pipeline.py
[2026-08-19T21:24:52.979+0000] {logging_mixin.py:188} INFO - [2026-08-19T21:24:52.978+0000] {dag.py:3089} INFO - Sync 1 DAGs
[2026-08-19T21:24:53.059+0000] {logging_mixin.py:188} INFO - [2026-08-19T21:24:53.058+0000] {dag.py:3947} INFO - Setting next_dagrun for flights_ops_medallioin_pipe to 2026-08-19 21:00:00+00:00, run_after=2026-08-19 21:30:00+00:00
[2026-08-19T21:24:53.201+0000] {processor.py:183} INFO - Processing /opt/airflow/dags/flight-pipeline.py took 0.444 seconds
[2026-08-19T21:25:23.523+0000] {processor.py:161} INFO - Started process (PID=72) to work on /opt/airflow/dags/flight-pipeline.py
[2026-08-19T21:25:23.526+0000] {processor.py:830} INFO - Processing file /opt/airflow/dags/flight-pipeline.py for tasks to queue
[2026-08-19T21:25:23.531+0000] {logging_mixin.py:188} INFO - [2026-08-19T21:25:23.530+0000] {dagbag.py:545} INFO - Filling up the DagBag from /opt/airflow/dags/flight-pipeline.py
[2026-08-19T21:25:23.610+0000] {processor.py:840} INFO - DAG(s) 'flights_ops_medallioin_pipe' retrieved from /opt/airflow/dags/flight-pipeline.py
[2026-08-19T21:25:23.683+0000] {logging_mixin.py:188} INFO - [2026-08-19T21:25:23.682+0000] {dag.py:3089} INFO - Sync 1 DAGs
[2026-08-19T21:25:23.742+0000] {logging_mixin.py:188} INFO - [2026-08-19T21:25:23.741+0000] {dag.py:3947} INFO - Setting next_dagrun for flights_ops_medallioin_pipe to 2026-08-19 21:00:00+00:00, run_after=2026-08-19 21:30:00+00:00
[2026-08-19T21:25:23.792+0000] {processor.py:183} INFO - Processing /opt/airflow/dags/flight-pipeline.py took 0.281 seconds
[2026-08-19T21:25:54.220+0000] {processor.py:161} INFO - Started process (PID=73) to work on /opt/airflow/dags/flight-pipeline.py
[2026-08-19T21:25:54.223+0000] {processor.py:830} INFO - Processing file /opt/airflow/dags/flight-pipeline.py for tasks to queue
[2026-08-19T21:25:54.228+0000] {logging_mixin.py:188} INFO - [2026-08-19T21:25:54.227+0000] {dagbag.py:545} INFO - Filling up the DagBag from /opt/airflow/dags/flight-pipeline.py
[2026-08-19T21:25:54.303+0000] {processor.py:840} INFO - DAG(s) 'flights_ops_medallioin_pipe' retrieved from /opt/airflow/dags/flight-pipeline.py
[2026-08-19T21:25:54.365+0000] {logging_mixin.py:188} INFO - [2026-08-19T21:25:54.365+0000] {dag.py:3089} INFO - Sync 1 DAGs
[2026-08-19T21:25:54.412+0000] {logging_mixin.py:188} INFO - [2026-08-19T21:25:54.411+0000] {dag.py:3947} INFO - Setting next_dagrun for flights_ops_medallioin_pipe to 2026-08-19 21:00:00+00:00, run_after=2026-08-19 21:30:00+00:00
[2026-08-19T21:25:54.487+0000] {processor.py:183} INFO - Processing /opt/airflow/dags/flight-pipeline.py took 0.279 seconds
[2026-08-19T21:26:25.057+0000] {processor.py:161} INFO - Started process (PID=74) to work on /opt/airflow/dags/flight-pipeline.py
[2026-08-19T21:26:25.063+0000] {processor.py:830} INFO - Processing file /opt/airflow/dags/flight-pipeline.py for tasks to queue
[2026-08-19T21:26:25.070+0000] {logging_mixin.py:188} INFO - [2026-08-19T21:26:25.069+0000] {dagbag.py:545} INFO - Filling up the DagBag from /opt/airflow/dags/flight-pipeline.py
[2026-08-19T21:26:25.153+0000] {processor.py:840} INFO - DAG(s) 'flights_ops_medallioin_pipe' retrieved from /opt/airflow/dags/flight-pipeline.py
[2026-08-19T21:26:25.235+0000] {logging_mixin.py:188} INFO - [2026-08-19T21:26:25.234+0000] {dag.py:3089} INFO - Sync 1 DAGs
[2026-08-19T21:26:25.308+0000] {logging_mixin.py:188} INFO - [2026-08-19T21:26:25.307+0000] {dag.py:3947} INFO - Setting next_dagrun for flights_ops_medallioin_pipe to 2026-08-19 21:00:00+00:00, run_after=2026-08-19 21:30:00+00:00
[2026-08-19T21:26:25.360+0000] {processor.py:183} INFO - Processing /opt/airflow/dags/flight-pipeline.py took 0.323 seconds
[2026-08-19T21:26:55.737+0000] {processor.py:161} INFO - Started process (PID=75) to work on /opt/airflow/dags/flight-pipeline.py
[2026-08-19T21:26:55.741+0000] {processor.py:830} INFO - Processing file /opt/airflow/dags/flight-pipeline.py for tasks to queue
[2026-08-19T21:26:55.747+0000] {logging_mixin.py:188} INFO - [2026-08-19T21:26:55.746+0000] {dagbag.py:545} INFO - Filling up the DagBag from /opt/airflow/dags/flight-pipeline.py
[2026-08-19T21:26:55.831+0000] {processor.py:840} INFO - DAG(s) 'flights_ops_medallioin_pipe' retrieved from /opt/airflow/dags/flight-pipeline.py
[2026-08-19T21:26:55.914+0000] {logging_mixin.py:188} INFO - [2026-08-19T21:26:55.913+0000] {dag.py:3089} INFO - Sync 1 DAGs
[2026-08-19T21:26:56.011+0000] {logging_mixin.py:188} INFO - [2026-08-19T21:26:56.010+0000] {dag.py:3947} INFO - Setting next_dagrun for flights_ops_medallioin_pipe to 2026-08-19 21:00:00+00:00, run_after=2026-08-19 21:30:00+00:00
[2026-08-19T21:26:56.074+0000] {processor.py:183} INFO - Processing /opt/airflow/dags/flight-pipeline.py took 0.350 seconds
[2026-08-19T21:27:26.456+0000] {processor.py:161} INFO - Started process (PID=76) to work on /opt/airflow/dags/flight-pipeline.py
[2026-08-19T21:27:26.460+0000] {processor.py:830} INFO - Processing file /opt/airflow/dags/flight-pipeline.py for tasks to queue
[2026-08-19T21:27:26.466+0000] {logging_mixin.py:188} INFO - [2026-08-19T21:27:26.465+0000] {dagbag.py:545} INFO - Filling up the DagBag from /opt/airflow/dags/flight-pipeline.py
[2026-08-19T21:27:26.545+0000] {processor.py:840} INFO - DAG(s) 'flights_ops_medallioin_pipe' retrieved from /opt/airflow/dags/flight-pipeline.py
[2026-08-19T21:27:26.619+0000] {logging_mixin.py:188} INFO - [2026-08-19T21:27:26.619+0000] {dag.py:3089} INFO - Sync 1 DAGs
[2026-08-19T21:27:26.669+0000] {logging_mixin.py:188} INFO - [2026-08-19T21:27:26.669+0000] {dag.py:3947} INFO - Setting next_dagrun for flights_ops_medallioin_pipe to 2026-08-19 21:00:00+00:00, run_after=2026-08-19 21:30:00+00:00
[2026-08-19T21:27:26.739+0000] {processor.py:183} INFO - Processing /opt/airflow/dags/flight-pipeline.py took 0.297 seconds
[2026-08-19T21:27:57.228+0000] {processor.py:161} INFO - Started process (PID=77) to work on /opt/airflow/dags/flight-pipeline.py
[2026-08-19T21:27:57.232+0000] {processor.py:830} INFO - Processing file /opt/airflow/dags/flight-pipeline.py for tasks to queue
[2026-08-19T21:27:57.238+0000] {logging_mixin.py:188} INFO - [2026-08-19T21:27:57.237+0000] {dagbag.py:545} INFO - Filling up the DagBag from /opt/airflow/dags/flight-pipeline.py
[2026-08-19T21:27:57.323+0000] {processor.py:840} INFO - DAG(s) 'flights_ops_medallioin_pipe' retrieved from /opt/airflow/dags/flight-pipeline.py
[2026-08-19T21:27:57.415+0000] {logging_mixin.py:188} INFO - [2026-08-19T21:27:57.415+0000] {dag.py:3089} INFO - Sync 1 DAGs
[2026-08-19T21:27:57.482+0000] {logging_mixin.py:188} INFO - [2026-08-19T21:27:57.481+0000] {dag.py:3947} INFO - Setting next_dagrun for flights_ops_medallioin_pipe to 2026-08-19 21:00:00+00:00, run_after=2026-08-19 21:30:00+00:00
[2026-08-19T21:27:57.558+0000] {processor.py:183} INFO - Processing /opt/airflow/dags/flight-pipeline.py took 0.347 seconds
[2026-08-19T21:28:27.951+0000] {processor.py:161} INFO - Started process (PID=78) to work on /opt/airflow/dags/flight-pipeline.py
[2026-08-19T21:28:27.955+0000] {processor.py:830} INFO - Processing file /opt/airflow/dags/flight-pipeline.py for tasks to queue
[2026-08-19T21:28:27.962+0000] {logging_mixin.py:188} INFO - [2026-08-19T21:28:27.961+0000] {dagbag.py:545} INFO - Filling up the DagBag from /opt/airflow/dags/flight-pipeline.py
[2026-08-19T21:28:28.048+0000] {processor.py:840} INFO - DAG(s) 'flights_ops_medallioin_pipe' retrieved from /opt/airflow/dags/flight-pipeline.py
[2026-08-19T21:28:28.124+0000] {logging_mixin.py:188} INFO - [2026-08-19T21:28:28.123+0000] {dag.py:3089} INFO - Sync 1 DAGs
[2026-08-19T21:28:28.199+0000] {logging_mixin.py:188} INFO - [2026-08-19T21:28:28.199+0000] {dag.py:3947} INFO - Setting next_dagrun for flights_ops_medallioin_pipe to 2026-08-19 21:00:00+00:00, run_after=2026-08-19 21:30:00+00:00
[2026-08-19T21:28:28.290+0000] {processor.py:183} INFO - Processing /opt/airflow/dags/flight-pipeline.py took 0.352 seconds
[2026-08-19T21:28:58.695+0000] {processor.py:161} INFO - Started process (PID=79) to work on /opt/airflow/dags/flight-pipeline.py
[2026-08-19T21:28:58.706+0000] {processor.py:830} INFO - Processing file /opt/airflow/dags/flight-pipeline.py for tasks to queue
[2026-08-19T21:28:58.712+0000] {logging_mixin.py:188} INFO - [2026-08-19T21:28:58.712+0000] {dagbag.py:545} INFO - Filling up the DagBag from /opt/airflow/dags/flight-pipeline.py
[2026-08-19T21:28:58.790+0000] {processor.py:840} INFO - DAG(s) 'flights_ops_medallioin_pipe' retrieved from /opt/airflow/dags/flight-pipeline.py
[2026-08-19T21:28:58.878+0000] {logging_mixin.py:188} INFO - [2026-08-19T21:28:58.877+0000] {dag.py:3089} INFO - Sync 1 DAGs
[2026-08-19T21:28:58.955+0000] {logging_mixin.py:188} INFO - [2026-08-19T21:28:58.955+0000] {dag.py:3947} INFO - Setting next_dagrun for flights_ops_medallioin_pipe to 2026-08-19 21:00:00+00:00, run_after=2026-08-19 21:30:00+00:00
[2026-08-19T21:28:59.031+0000] {processor.py:183} INFO - Processing /opt/airflow/dags/flight-pipeline.py took 0.351 seconds
[2026-08-19T21:29:29.579+0000] {processor.py:161} INFO - Started process (PID=80) to work on /opt/airflow/dags/flight-pipeline.py
[2026-08-19T21:29:29.583+0000] {processor.py:830} INFO - Processing file /opt/airflow/dags/flight-pipeline.py for tasks to queue
[2026-08-19T21:29:29.589+0000] {logging_mixin.py:188} INFO - [2026-08-19T21:29:29.588+0000] {dagbag.py:545} INFO - Filling up the DagBag from /opt/airflow/dags/flight-pipeline.py
[2026-08-19T21:29:29.674+0000] {processor.py:840} INFO - DAG(s) 'flights_ops_medallioin_pipe' retrieved from /opt/airflow/dags/flight-pipeline.py
[2026-08-19T21:29:29.758+0000] {logging_mixin.py:188} INFO - [2026-08-19T21:29:29.757+0000] {dag.py:3089} INFO - Sync 1 DAGs
[2026-08-19T21:29:29.832+0000] {logging_mixin.py:188} INFO - [2026-08-19T21:29:29.831+0000] {dag.py:3947} INFO - Setting next_dagrun for flights_ops_medallioin_pipe to 2026-08-19 21:00:00+00:00, run_after=2026-08-19 21:30:00+00:00
[2026-08-19T21:29:29.888+0000] {processor.py:183} INFO - Processing /opt/airflow/dags/flight-pipeline.py took 0.325 seconds
[2026-08-19T21:30:00.294+0000] {processor.py:161} INFO - Started process (PID=82) to work on /opt/airflow/dags/flight-pipeline.py
[2026-08-19T21:30:00.299+0000] {processor.py:830} INFO - Processing file /opt/airflow/dags/flight-pipeline.py for tasks to queue
[2026-08-19T21:30:00.306+0000] {logging_mixin.py:188} INFO - [2026-08-19T21:30:00.305+0000] {dagbag.py:545} INFO - Filling up the DagBag from /opt/airflow/dags/flight-pipeline.py
[2026-08-19T21:30:00.398+0000] {processor.py:840} INFO - DAG(s) 'flights_ops_medallioin_pipe' retrieved from /opt/airflow/dags/flight-pipeline.py
[2026-08-19T21:30:00.491+0000] {logging_mixin.py:188} INFO - [2026-08-19T21:30:00.491+0000] {dag.py:3089} INFO - Sync 1 DAGs
[2026-08-19T21:30:00.573+0000] {logging_mixin.py:188} INFO - [2026-08-19T21:30:00.572+0000] {dag.py:3947} INFO - Setting next_dagrun for flights_ops_medallioin_pipe to 2026-08-19 21:30:00+00:00, run_after=2026-08-19 22:00:00+00:00
[2026-08-19T21:30:00.655+0000] {processor.py:183} INFO - Processing /opt/airflow/dags/flight-pipeline.py took 0.379 seconds
[2026-08-19T21:30:31.065+0000] {processor.py:161} INFO - Started process (PID=91) to work on /opt/airflow/dags/flight-pipeline.py
[2026-08-19T21:30:31.076+0000] {processor.py:830} INFO - Processing file /opt/airflow/dags/flight-pipeline.py for tasks to queue
[2026-08-19T21:30:31.129+0000] {logging_mixin.py:188} INFO - [2026-08-19T21:30:31.127+0000] {dagbag.py:545} INFO - Filling up the DagBag from /opt/airflow/dags/flight-pipeline.py
[2026-08-19T21:30:31.256+0000] {processor.py:840} INFO - DAG(s) 'flights_ops_medallioin_pipe' retrieved from /opt/airflow/dags/flight-pipeline.py
[2026-08-19T21:30:31.337+0000] {logging_mixin.py:188} INFO - [2026-08-19T21:30:31.336+0000] {dag.py:3089} INFO - Sync 1 DAGs
[2026-08-19T21:30:31.406+0000] {logging_mixin.py:188} INFO - [2026-08-19T21:30:31.405+0000] {dag.py:3947} INFO - Setting next_dagrun for flights_ops_medallioin_pipe to 2026-08-19 21:30:00+00:00, run_after=2026-08-19 22:00:00+00:00
[2026-08-19T21:30:31.463+0000] {processor.py:183} INFO - Processing /opt/airflow/dags/flight-pipeline.py took 0.434 seconds
[2026-08-19T21:31:01.880+0000] {processor.py:161} INFO - Started process (PID=92) to work on /opt/airflow/dags/flight-pipeline.py
[2026-08-19T21:31:01.883+0000] {processor.py:830} INFO - Processing file /opt/airflow/dags/flight-pipeline.py for tasks to queue
[2026-08-19T21:31:01.890+0000] {logging_mixin.py:188} INFO - [2026-08-19T21:31:01.889+0000] {dagbag.py:545} INFO - Filling up the DagBag from /opt/airflow/dags/flight-pipeline.py
[2026-08-19T21:31:01.986+0000] {processor.py:840} INFO - DAG(s) 'flights_ops_medallioin_pipe' retrieved from /opt/airflow/dags/flight-pipeline.py
[2026-08-19T21:31:02.067+0000] {logging_mixin.py:188} INFO - [2026-08-19T21:31:02.066+0000] {dag.py:3089} INFO - Sync 1 DAGs
[2026-08-19T21:31:02.153+0000] {logging_mixin.py:188} INFO - [2026-08-19T21:31:02.152+0000] {dag.py:3947} INFO - Setting next_dagrun for flights_ops_medallioin_pipe to 2026-08-19 21:30:00+00:00, run_after=2026-08-19 22:00:00+00:00
[2026-08-19T21:31:02.300+0000] {processor.py:183} INFO - Processing /opt/airflow/dags/flight-pipeline.py took 0.445 seconds
[2026-08-19T21:31:32.888+0000] {processor.py:161} INFO - Started process (PID=93) to work on /opt/airflow/dags/flight-pipeline.py
[2026-08-19T21:31:32.892+0000] {processor.py:830} INFO - Processing file /opt/airflow/dags/flight-pipeline.py for tasks to queue
[2026-08-19T21:31:32.899+0000] {logging_mixin.py:188} INFO - [2026-08-19T21:31:32.898+0000] {dagbag.py:545} INFO - Filling up the DagBag from /opt/airflow/dags/flight-pipeline.py
[2026-08-19T21:31:32.983+0000] {processor.py:840} INFO - DAG(s) 'flights_ops_medallioin_pipe' retrieved from /opt/airflow/dags/flight-pipeline.py
[2026-08-19T21:31:33.073+0000] {logging_mixin.py:188} INFO - [2026-08-19T21:31:33.072+0000] {dag.py:3089} INFO - Sync 1 DAGs
[2026-08-19T21:31:33.140+0000] {logging_mixin.py:188} INFO - [2026-08-19T21:31:33.139+0000] {dag.py:3947} INFO - Setting next_dagrun for flights_ops_medallioin_pipe to 2026-08-19 21:30:00+00:00, run_after=2026-08-19 22:00:00+00:00
[2026-08-19T21:31:33.192+0000] {processor.py:183} INFO - Processing /opt/airflow/dags/flight-pipeline.py took 0.325 seconds
[2026-08-19T21:32:03.451+0000] {processor.py:161} INFO - Started process (PID=94) to work on /opt/airflow/dags/flight-pipeline.py
[2026-08-19T21:32:03.455+0000] {processor.py:830} INFO - Processing file /opt/airflow/dags/flight-pipeline.py for tasks to queue
[2026-08-19T21:32:03.462+0000] {logging_mixin.py:188} INFO - [2026-08-19T21:32:03.461+0000] {dagbag.py:545} INFO - Filling up the DagBag from /opt/airflow/dags/flight-pipeline.py
[2026-08-19T21:32:03.535+0000] {processor.py:840} INFO - DAG(s) 'flights_ops_medallioin_pipe' retrieved from /opt/airflow/dags/flight-pipeline.py
[2026-08-19T21:32:03.610+0000] {logging_mixin.py:188} INFO - [2026-08-19T21:32:03.610+0000] {dag.py:3089} INFO - Sync 1 DAGs
[2026-08-19T21:32:03.669+0000] {logging_mixin.py:188} INFO - [2026-08-19T21:32:03.668+0000] {dag.py:3947} INFO - Setting next_dagrun for flights_ops_medallioin_pipe to 2026-08-19 21:30:00+00:00, run_after=2026-08-19 22:00:00+00:00
[2026-08-19T21:32:03.743+0000] {processor.py:183} INFO - Processing /opt/airflow/dags/flight-pipeline.py took 0.308 seconds
[2026-08-19T21:32:33.846+0000] {processor.py:161} INFO - Started process (PID=95) to work on /opt/airflow/dags/flight-pipeline.py
[2026-08-19T21:32:33.849+0000] {processor.py:830} INFO - Processing file /opt/airflow/dags/flight-pipeline.py for tasks to queue
[2026-08-19T21:32:33.855+0000] {logging_mixin.py:188} INFO - [2026-08-19T21:32:33.854+0000] {dagbag.py:545} INFO - Filling up the DagBag from /opt/airflow/dags/flight-pipeline.py
[2026-08-19T21:32:33.931+0000] {processor.py:840} INFO - DAG(s) 'flights_ops_medallioin_pipe' retrieved from /opt/airflow/dags/flight-pipeline.py
[2026-08-19T21:32:34.002+0000] {logging_mixin.py:188} INFO - [2026-08-19T21:32:34.001+0000] {dag.py:3089} INFO - Sync 1 DAGs
[2026-08-19T21:32:34.057+0000] {logging_mixin.py:188} INFO - [2026-08-19T21:32:34.057+0000] {dag.py:3947} INFO - Setting next_dagrun for flights_ops_medallioin_pipe to 2026-08-19 21:30:00+00:00, run_after=2026-08-19 22:00:00+00:00
[2026-08-19T21:32:34.100+0000] {processor.py:183} INFO - Processing /opt/airflow/dags/flight-pipeline.py took 0.269 seconds
[2026-08-19T21:33:04.381+0000] {processor.py:161} INFO - Started process (PID=96) to work on /opt/airflow/dags/flight-pipeline.py
[2026-08-19T21:33:04.385+0000] {processor.py:830} INFO - Processing file /opt/airflow/dags/flight-pipeline.py for tasks to queue
[2026-08-19T21:33:04.390+0000] {logging_mixin.py:188} INFO - [2026-08-19T21:33:04.389+0000] {dagbag.py:545} INFO - Filling up the DagBag from /opt/airflow/dags/flight-pipeline.py
[2026-08-19T21:33:04.482+0000] {processor.py:840} INFO - DAG(s) 'flights_ops_medallioin_pipe' retrieved from /opt/airflow/dags/flight-pipeline.py
[2026-08-19T21:33:04.566+0000] {logging_mixin.py:188} INFO - [2026-08-19T21:33:04.566+0000] {dag.py:3089} INFO - Sync 1 DAGs
[2026-08-19T21:33:04.634+0000] {logging_mixin.py:188} INFO - [2026-08-19T21:33:04.633+0000] {dag.py:3947} INFO - Setting next_dagrun for flights_ops_medallioin_pipe to 2026-08-19 21:30:00+00:00, run_after=2026-08-19 22:00:00+00:00
[2026-08-19T21:33:04.695+0000] {processor.py:183} INFO - Processing /opt/airflow/dags/flight-pipeline.py took 0.330 seconds
[2026-08-19T21:33:35.110+0000] {processor.py:161} INFO - Started process (PID=97) to work on /opt/airflow/dags/flight-pipeline.py
[2026-08-19T21:33:35.113+0000] {processor.py:830} INFO - Processing file /opt/airflow/dags/flight-pipeline.py for tasks to queue
[2026-08-19T21:33:35.119+0000] {logging_mixin.py:188} INFO - [2026-08-19T21:33:35.118+0000] {dagbag.py:545} INFO - Filling up the DagBag from /opt/airflow/dags/flight-pipeline.py
[2026-08-19T21:33:35.197+0000] {processor.py:840} INFO - DAG(s) 'flights_ops_medallioin_pipe' retrieved from /opt/airflow/dags/flight-pipeline.py
[2026-08-19T21:33:35.270+0000] {logging_mixin.py:188} INFO - [2026-08-19T21:33:35.269+0000] {dag.py:3089} INFO - Sync 1 DAGs
[2026-08-19T21:33:35.324+0000] {logging_mixin.py:188} INFO - [2026-08-19T21:33:35.324+0000] {dag.py:3947} INFO - Setting next_dagrun for flights_ops_medallioin_pipe to 2026-08-19 21:30:00+00:00, run_after=2026-08-19 22:00:00+00:00
[2026-08-19T21:33:35.391+0000] {processor.py:183} INFO - Processing /opt/airflow/dags/flight-pipeline.py took 0.295 seconds
[2026-08-19T21:34:05.784+0000] {processor.py:161} INFO - Started process (PID=98) to work on /opt/airflow/dags/flight-pipeline.py
[2026-08-19T21:34:05.787+0000] {processor.py:830} INFO - Processing file /opt/airflow/dags/flight-pipeline.py for tasks to queue
[2026-08-19T21:34:05.793+0000] {logging_mixin.py:188} INFO - [2026-08-19T21:34:05.792+0000] {dagbag.py:545} INFO - Filling up the DagBag from /opt/airflow/dags/flight-pipeline.py
[2026-08-19T21:34:05.869+0000] {processor.py:840} INFO - DAG(s) 'flights_ops_medallioin_pipe' retrieved from /opt/airflow/dags/flight-pipeline.py
[2026-08-19T21:34:05.945+0000] {logging_mixin.py:188} INFO - [2026-08-19T21:34:05.944+0000] {dag.py:3089} INFO - Sync 1 DAGs
[2026-08-19T21:34:06.001+0000] {logging_mixin.py:188} INFO - [2026-08-19T21:34:06.001+0000] {dag.py:3947} INFO - Setting next_dagrun for flights_ops_medallioin_pipe to 2026-08-19 21:30:00+00:00, run_after=2026-08-19 22:00:00+00:00
[2026-08-19T21:34:06.074+0000] {processor.py:183} INFO - Processing /opt/airflow/dags/flight-pipeline.py took 0.305 seconds
[2026-08-19T21:34:36.430+0000] {processor.py:161} INFO - Started process (PID=99) to work on /opt/airflow/dags/flight-pipeline.py
[2026-08-19T21:34:36.435+0000] {processor.py:830} INFO - Processing file /opt/airflow/dags/flight-pipeline.py for tasks to queue
[2026-08-19T21:34:36.440+0000] {logging_mixin.py:188} INFO - [2026-08-19T21:34:36.439+0000] {dagbag.py:545} INFO - Filling up the DagBag from /opt/airflow/dags/flight-pipeline.py
[2026-08-19T21:34:36.516+0000] {processor.py:840} INFO - DAG(s) 'flights_ops_medallioin_pipe' retrieved from /opt/airflow/dags/flight-pipeline.py
[2026-08-19T21:34:36.621+0000] {logging_mixin.py:188} INFO - [2026-08-19T21:34:36.620+0000] {dag.py:3089} INFO - Sync 1 DAGs
[2026-08-19T21:34:36.696+0000] {logging_mixin.py:188} INFO - [2026-08-19T21:34:36.696+0000] {dag.py:3947} INFO - Setting next_dagrun for flights_ops_medallioin_pipe to 2026-08-19 21:30:00+00:00, run_after=2026-08-19 22:00:00+00:00
[2026-08-19T21:34:36.778+0000] {processor.py:183} INFO - Processing /opt/airflow/dags/flight-pipeline.py took 0.361 seconds
[2026-08-19T21:35:07.161+0000] {processor.py:161} INFO - Started process (PID=100) to work on /opt/airflow/dags/flight-pipeline.py
[2026-08-19T21:35:07.165+0000] {processor.py:830} INFO - Processing file /opt/airflow/dags/flight-pipeline.py for tasks to queue
[2026-08-19T21:35:07.170+0000] {logging_mixin.py:188} INFO - [2026-08-19T21:35:07.169+0000] {dagbag.py:545} INFO - Filling up the DagBag from /opt/airflow/dags/flight-pipeline.py
[2026-08-19T21:35:07.251+0000] {processor.py:840} INFO - DAG(s) 'flights_ops_medallioin_pipe' retrieved from /opt/airflow/dags/flight-pipeline.py
[2026-08-19T21:35:07.342+0000] {logging_mixin.py:188} INFO - [2026-08-19T21:35:07.341+0000] {dag.py:3089} INFO - Sync 1 DAGs
[2026-08-19T21:35:07.415+0000] {logging_mixin.py:188} INFO - [2026-08-19T21:35:07.414+0000] {dag.py:3947} INFO - Setting next_dagrun for flights_ops_medallioin_pipe to 2026-08-19 21:30:00+00:00, run_after=2026-08-19 22:00:00+00:00
[2026-08-19T21:35:07.464+0000] {processor.py:183} INFO - Processing /opt/airflow/dags/flight-pipeline.py took 0.317 seconds
[2026-08-19T21:35:37.567+0000] {processor.py:161} INFO - Started process (PID=101) to work on /opt/airflow/dags/flight-pipeline.py
[2026-08-19T21:35:37.574+0000] {processor.py:830} INFO - Processing file /opt/airflow/dags/flight-pipeline.py for tasks to queue
[2026-08-19T21:35:37.580+0000] {logging_mixin.py:188} INFO - [2026-08-19T21:35:37.579+0000] {dagbag.py:545} INFO - Filling up the DagBag from /opt/airflow/dags/flight-pipeline.py
[2026-08-19T21:35:37.668+0000] {processor.py:840} INFO - DAG(s) 'flights_ops_medallioin_pipe' retrieved from /opt/airflow/dags/flight-pipeline.py
[2026-08-19T21:35:37.756+0000] {logging_mixin.py:188} INFO - [2026-08-19T21:35:37.756+0000] {dag.py:3089} INFO - Sync 1 DAGs
[2026-08-19T21:35:37.818+0000] {logging_mixin.py:188} INFO - [2026-08-19T21:35:37.817+0000] {dag.py:3947} INFO - Setting next_dagrun for flights_ops_medallioin_pipe to 2026-08-19 21:30:00+00:00, run_after=2026-08-19 22:00:00+00:00
[2026-08-19T21:35:37.889+0000] {processor.py:183} INFO - Processing /opt/airflow/dags/flight-pipeline.py took 0.342 seconds
[2026-08-19T21:36:08.152+0000] {processor.py:161} INFO - Started process (PID=102) to work on /opt/airflow/dags/flight-pipeline.py
[2026-08-19T21:36:08.155+0000] {processor.py:830} INFO - Processing file /opt/airflow/dags/flight-pipeline.py for tasks to queue
[2026-08-19T21:36:08.163+0000] {logging_mixin.py:188} INFO - [2026-08-19T21:36:08.162+0000] {dagbag.py:545} INFO - Filling up the DagBag from /opt/airflow/dags/flight-pipeline.py
[2026-08-19T21:36:08.251+0000] {processor.py:840} INFO - DAG(s) 'flights_ops_medallioin_pipe' retrieved from /opt/airflow/dags/flight-pipeline.py
[2026-08-19T21:36:08.364+0000] {logging_mixin.py:188} INFO - [2026-08-19T21:36:08.364+0000] {dag.py:3089} INFO - Sync 1 DAGs
[2026-08-19T21:36:08.483+0000] {logging_mixin.py:188} INFO - [2026-08-19T21:36:08.482+0000] {dag.py:3947} INFO - Setting next_dagrun for flights_ops_medallioin_pipe to 2026-08-19 21:30:00+00:00, run_after=2026-08-19 22:00:00+00:00
[2026-08-19T21:36:08.610+0000] {processor.py:183} INFO - Processing /opt/airflow/dags/flight-pipeline.py took 0.476 seconds
[2026-08-19T21:36:38.991+0000] {processor.py:161} INFO - Started process (PID=103) to work on /opt/airflow/dags/flight-pipeline.py
[2026-08-19T21:36:38.994+0000] {processor.py:830} INFO - Processing file /opt/airflow/dags/flight-pipeline.py for tasks to queue
[2026-08-19T21:36:39.002+0000] {logging_mixin.py:188} INFO - [2026-08-19T21:36:39.002+0000] {dagbag.py:545} INFO - Filling up the DagBag from /opt/airflow/dags/flight-pipeline.py
[2026-08-19T21:36:39.084+0000] {processor.py:840} INFO - DAG(s) 'flights_ops_medallioin_pipe' retrieved from /opt/airflow/dags/flight-pipeline.py
[2026-08-19T21:36:39.166+0000] {logging_mixin.py:188} INFO - [2026-08-19T21:36:39.165+0000] {dag.py:3089} INFO - Sync 1 DAGs
[2026-08-19T21:36:39.223+0000] {logging_mixin.py:188} INFO - [2026-08-19T21:36:39.223+0000] {dag.py:3947} INFO - Setting next_dagrun for flights_ops_medallioin_pipe to 2026-08-19 21:30:00+00:00, run_after=2026-08-19 22:00:00+00:00
[2026-08-19T21:36:39.294+0000] {processor.py:183} INFO - Processing /opt/airflow/dags/flight-pipeline.py took 0.320 seconds
[2026-08-19T21:37:09.667+0000] {processor.py:161} INFO - Started process (PID=104) to work on /opt/airflow/dags/flight-pipeline.py
[2026-08-19T21:37:09.671+0000] {processor.py:830} INFO - Processing file /opt/airflow/dags/flight-pipeline.py for tasks to queue
[2026-08-19T21:37:09.676+0000] {logging_mixin.py:188} INFO - [2026-08-19T21:37:09.675+0000] {dagbag.py:545} INFO - Filling up the DagBag from /opt/airflow/dags/flight-pipeline.py
[2026-08-19T21:37:09.747+0000] {processor.py:840} INFO - DAG(s) 'flights_ops_medallioin_pipe' retrieved from /opt/airflow/dags/flight-pipeline.py
[2026-08-19T21:37:09.814+0000] {logging_mixin.py:188} INFO - [2026-08-19T21:37:09.814+0000] {dag.py:3089} INFO - Sync 1 DAGs
[2026-08-19T21:37:09.874+0000] {logging_mixin.py:188} INFO - [2026-08-19T21:37:09.873+0000] {dag.py:3947} INFO - Setting next_dagrun for flights_ops_medallioin_pipe to 2026-08-19 21:30:00+00:00, run_after=2026-08-19 22:00:00+00:00
[2026-08-19T21:37:09.913+0000] {processor.py:183} INFO - Processing /opt/airflow/dags/flight-pipeline.py took 0.260 seconds
[2026-08-19T21:37:40.271+0000] {processor.py:161} INFO - Started process (PID=105) to work on /opt/airflow/dags/flight-pipeline.py
[2026-08-19T21:37:40.275+0000] {processor.py:830} INFO - Processing file /opt/airflow/dags/flight-pipeline.py for tasks to queue
[2026-08-19T21:37:40.281+0000] {logging_mixin.py:188} INFO - [2026-08-19T21:37:40.280+0000] {dagbag.py:545} INFO - Filling up the DagBag from /opt/airflow/dags/flight-pipeline.py
[2026-08-19T21:37:40.351+0000] {processor.py:840} INFO - DAG(s) 'flights_ops_medallioin_pipe' retrieved from /opt/airflow/dags/flight-pipeline.py
[2026-08-19T21:37:40.426+0000] {logging_mixin.py:188} INFO - [2026-08-19T21:37:40.425+0000] {dag.py:3089} INFO - Sync 1 DAGs
[2026-08-19T21:37:40.517+0000] {logging_mixin.py:188} INFO - [2026-08-19T21:37:40.516+0000] {dag.py:3947} INFO - Setting next_dagrun for flights_ops_medallioin_pipe to 2026-08-19 21:30:00+00:00, run_after=2026-08-19 22:00:00+00:00
[2026-08-19T21:37:40.673+0000] {processor.py:183} INFO - Processing /opt/airflow/dags/flight-pipeline.py took 0.418 seconds
[2026-08-19T21:38:11.192+0000] {processor.py:161} INFO - Started process (PID=106) to work on /opt/airflow/dags/flight-pipeline.py
[2026-08-19T21:38:11.197+0000] {processor.py:830} INFO - Processing file /opt/airflow/dags/flight-pipeline.py for tasks to queue
[2026-08-19T21:38:11.205+0000] {logging_mixin.py:188} INFO - [2026-08-19T21:38:11.204+0000] {dagbag.py:545} INFO - Filling up the DagBag from /opt/airflow/dags/flight-pipeline.py
[2026-08-19T21:38:11.298+0000] {processor.py:840} INFO - DAG(s) 'flights_ops_medallioin_pipe' retrieved from /opt/airflow/dags/flight-pipeline.py
[2026-08-19T21:38:11.388+0000] {logging_mixin.py:188} INFO - [2026-08-19T21:38:11.387+0000] {dag.py:3089} INFO - Sync 1 DAGs
[2026-08-19T21:38:11.449+0000] {logging_mixin.py:188} INFO - [2026-08-19T21:38:11.448+0000] {dag.py:3947} INFO - Setting next_dagrun for flights_ops_medallioin_pipe to 2026-08-19 21:30:00+00:00, run_after=2026-08-19 22:00:00+00:00
[2026-08-19T21:38:11.525+0000] {processor.py:183} INFO - Processing /opt/airflow/dags/flight-pipeline.py took 0.351 seconds
[2026-08-19T21:38:41.915+0000] {processor.py:161} INFO - Started process (PID=107) to work on /opt/airflow/dags/flight-pipeline.py
[2026-08-19T21:38:41.920+0000] {processor.py:830} INFO - Processing file /opt/airflow/dags/flight-pipeline.py for tasks to queue
[2026-08-19T21:38:41.926+0000] {logging_mixin.py:188} INFO - [2026-08-19T21:38:41.925+0000] {dagbag.py:545} INFO - Filling up the DagBag from /opt/airflow/dags/flight-pipeline.py
[2026-08-19T21:38:42.008+0000] {processor.py:840} INFO - DAG(s) 'flights_ops_medallioin_pipe' retrieved from /opt/airflow/dags/flight-pipeline.py
[2026-08-19T21:38:42.100+0000] {logging_mixin.py:188} INFO - [2026-08-19T21:38:42.099+0000] {dag.py:3089} INFO - Sync 1 DAGs
[2026-08-19T21:38:42.162+0000] {logging_mixin.py:188} INFO - [2026-08-19T21:38:42.162+0000] {dag.py:3947} INFO - Setting next_dagrun for flights_ops_medallioin_pipe to 2026-08-19 21:30:00+00:00, run_after=2026-08-19 22:00:00+00:00
[2026-08-19T21:38:42.211+0000] {processor.py:183} INFO - Processing /opt/airflow/dags/flight-pipeline.py took 0.310 seconds
[2026-08-19T21:39:12.342+0000] {processor.py:161} INFO - Started process (PID=108) to work on /opt/airflow/dags/flight-pipeline.py
[2026-08-19T21:39:12.345+0000] {processor.py:830} INFO - Processing file /opt/airflow/dags/flight-pipeline.py for tasks to queue
[2026-08-19T21:39:12.351+0000] {logging_mixin.py:188} INFO - [2026-08-19T21:39:12.351+0000] {dagbag.py:545} INFO - Filling up the DagBag from /opt/airflow/dags/flight-pipeline.py
[2026-08-19T21:39:12.422+0000] {processor.py:840} INFO - DAG(s) 'flights_ops_medallioin_pipe' retrieved from /opt/airflow/dags/flight-pipeline.py
[2026-08-19T21:39:12.500+0000] {logging_mixin.py:188} INFO - [2026-08-19T21:39:12.500+0000] {dag.py:3089} INFO - Sync 1 DAGs
[2026-08-19T21:39:12.565+0000] {logging_mixin.py:188} INFO - [2026-08-19T21:39:12.565+0000] {dag.py:3947} INFO - Setting next_dagrun for flights_ops_medallioin_pipe to 2026-08-19 21:30:00+00:00, run_after=2026-08-19 22:00:00+00:00
[2026-08-19T21:39:12.645+0000] {processor.py:183} INFO - Processing /opt/airflow/dags/flight-pipeline.py took 0.318 seconds
[2026-08-19T21:39:42.992+0000] {processor.py:161} INFO - Started process (PID=109) to work on /opt/airflow/dags/flight-pipeline.py
[2026-08-19T21:39:42.995+0000] {processor.py:830} INFO - Processing file /opt/airflow/dags/flight-pipeline.py for tasks to queue
[2026-08-19T21:39:43.001+0000] {logging_mixin.py:188} INFO - [2026-08-19T21:39:43.000+0000] {dagbag.py:545} INFO - Filling up the DagBag from /opt/airflow/dags/flight-pipeline.py
[2026-08-19T21:39:43.099+0000] {processor.py:840} INFO - DAG(s) 'flights_ops_medallioin_pipe' retrieved from /opt/airflow/dags/flight-pipeline.py
[2026-08-19T21:39:43.184+0000] {logging_mixin.py:188} INFO - [2026-08-19T21:39:43.183+0000] {dag.py:3089} INFO - Sync 1 DAGs
[2026-08-19T21:39:43.259+0000] {logging_mixin.py:188} INFO - [2026-08-19T21:39:43.258+0000] {dag.py:3947} INFO - Setting next_dagrun for flights_ops_medallioin_pipe to 2026-08-19 21:30:00+00:00, run_after=2026-08-19 22:00:00+00:00
[2026-08-19T21:39:43.332+0000] {processor.py:183} INFO - Processing /opt/airflow/dags/flight-pipeline.py took 0.357 seconds
[2026-08-19T21:40:13.769+0000] {processor.py:161} INFO - Started process (PID=110) to work on /opt/airflow/dags/flight-pipeline.py
[2026-08-19T21:40:13.772+0000] {processor.py:830} INFO - Processing file /opt/airflow/dags/flight-pipeline.py for tasks to queue
[2026-08-19T21:40:13.779+0000] {logging_mixin.py:188} INFO - [2026-08-19T21:40:13.779+0000] {dagbag.py:545} INFO - Filling up the DagBag from /opt/airflow/dags/flight-pipeline.py
[2026-08-19T21:40:13.874+0000] {processor.py:840} INFO - DAG(s) 'flights_ops_medallioin_pipe' retrieved from /opt/airflow/dags/flight-pipeline.py
[2026-08-19T21:40:13.966+0000] {logging_mixin.py:188} INFO - [2026-08-19T21:40:13.966+0000] {dag.py:3089} INFO - Sync 1 DAGs
[2026-08-19T21:40:14.033+0000] {logging_mixin.py:188} INFO - [2026-08-19T21:40:14.033+0000] {dag.py:3947} INFO - Setting next_dagrun for flights_ops_medallioin_pipe to 2026-08-19 21:30:00+00:00, run_after=2026-08-19 22:00:00+00:00
[2026-08-19T21:40:14.085+0000] {processor.py:183} INFO - Processing /opt/airflow/dags/flight-pipeline.py took 0.337 seconds
[2026-08-19T21:40:44.224+0000] {processor.py:161} INFO - Started process (PID=111) to work on /opt/airflow/dags/flight-pipeline.py
[2026-08-19T21:40:44.227+0000] {processor.py:830} INFO - Processing file /opt/airflow/dags/flight-pipeline.py for tasks to queue
[2026-08-19T21:40:44.232+0000] {logging_mixin.py:188} INFO - [2026-08-19T21:40:44.231+0000] {dagbag.py:545} INFO - Filling up the DagBag from /opt/airflow/dags/flight-pipeline.py
[2026-08-19T21:40:44.312+0000] {processor.py:840} INFO - DAG(s) 'flights_ops_medallioin_pipe' retrieved from /opt/airflow/dags/flight-pipeline.py
[2026-08-19T21:40:44.396+0000] {logging_mixin.py:188} INFO - [2026-08-19T21:40:44.395+0000] {dag.py:3089} INFO - Sync 1 DAGs
[2026-08-19T21:40:44.465+0000] {logging_mixin.py:188} INFO - [2026-08-19T21:40:44.465+0000] {dag.py:3947} INFO - Setting next_dagrun for flights_ops_medallioin_pipe to 2026-08-19 21:30:00+00:00, run_after=2026-08-19 22:00:00+00:00
[2026-08-19T21:40:44.543+0000] {processor.py:183} INFO - Processing /opt/airflow/dags/flight-pipeline.py took 0.333 seconds
[2026-08-19T21:41:14.789+0000] {processor.py:161} INFO - Started process (PID=112) to work on /opt/airflow/dags/flight-pipeline.py
[2026-08-19T21:41:14.793+0000] {processor.py:830} INFO - Processing file /opt/airflow/dags/flight-pipeline.py for tasks to queue
[2026-08-19T21:41:14.798+0000] {logging_mixin.py:188} INFO - [2026-08-19T21:41:14.797+0000] {dagbag.py:545} INFO - Filling up the DagBag from /opt/airflow/dags/flight-pipeline.py
[2026-08-19T21:41:14.879+0000] {processor.py:840} INFO - DAG(s) 'flights_ops_medallioin_pipe' retrieved from /opt/airflow/dags/flight-pipeline.py
[2026-08-19T21:41:14.949+0000] {logging_mixin.py:188} INFO - [2026-08-19T21:41:14.949+0000] {dag.py:3089} INFO - Sync 1 DAGs
[2026-08-19T21:41:14.996+0000] {logging_mixin.py:188} INFO - [2026-08-19T21:41:14.996+0000] {dag.py:3947} INFO - Setting next_dagrun for flights_ops_medallioin_pipe to 2026-08-19 21:30:00+00:00, run_after=2026-08-19 22:00:00+00:00
[2026-08-19T21:41:15.059+0000] {processor.py:183} INFO - Processing /opt/airflow/dags/flight-pipeline.py took 0.282 seconds
[2026-08-19T21:41:45.228+0000] {processor.py:161} INFO - Started process (PID=113) to work on /opt/airflow/dags/flight-pipeline.py
[2026-08-19T21:41:45.232+0000] {processor.py:830} INFO - Processing file /opt/airflow/dags/flight-pipeline.py for tasks to queue
[2026-08-19T21:41:45.237+0000] {logging_mixin.py:188} INFO - [2026-08-19T21:41:45.236+0000] {dagbag.py:545} INFO - Filling up the DagBag from /opt/airflow/dags/flight-pipeline.py
[2026-08-19T21:41:45.306+0000] {processor.py:840} INFO - DAG(s) 'flights_ops_medallioin_pipe' retrieved from /opt/airflow/dags/flight-pipeline.py
[2026-08-19T21:41:45.376+0000] {logging_mixin.py:188} INFO - [2026-08-19T21:41:45.375+0000] {dag.py:3089} INFO - Sync 1 DAGs
[2026-08-19T21:41:45.424+0000] {logging_mixin.py:188} INFO - [2026-08-19T21:41:45.424+0000] {dag.py:3947} INFO - Setting next_dagrun for flights_ops_medallioin_pipe to 2026-08-19 21:30:00+00:00, run_after=2026-08-19 22:00:00+00:00
[2026-08-19T21:41:45.489+0000] {processor.py:183} INFO - Processing /opt/airflow/dags/flight-pipeline.py took 0.273 seconds
[2026-08-19T21:42:15.717+0000] {processor.py:161} INFO - Started process (PID=114) to work on /opt/airflow/dags/flight-pipeline.py
[2026-08-19T21:42:15.720+0000] {processor.py:830} INFO - Processing file /opt/airflow/dags/flight-pipeline.py for tasks to queue
[2026-08-19T21:42:15.727+0000] {logging_mixin.py:188} INFO - [2026-08-19T21:42:15.726+0000] {dagbag.py:545} INFO - Filling up the DagBag from /opt/airflow/dags/flight-pipeline.py
[2026-08-19T21:42:15.809+0000] {processor.py:840} INFO - DAG(s) 'flights_ops_medallioin_pipe' retrieved from /opt/airflow/dags/flight-pipeline.py
[2026-08-19T21:42:15.878+0000] {logging_mixin.py:188} INFO - [2026-08-19T21:42:15.878+0000] {dag.py:3089} INFO - Sync 1 DAGs
[2026-08-19T21:42:15.928+0000] {logging_mixin.py:188} INFO - [2026-08-19T21:42:15.927+0000] {dag.py:3947} INFO - Setting next_dagrun for flights_ops_medallioin_pipe to 2026-08-19 21:30:00+00:00, run_after=2026-08-19 22:00:00+00:00
[2026-08-19T21:42:16.000+0000] {processor.py:183} INFO - Processing /opt/airflow/dags/flight-pipeline.py took 0.299 seconds
[2026-08-19T21:42:46.183+0000] {processor.py:161} INFO - Started process (PID=115) to work on /opt/airflow/dags/flight-pipeline.py
[2026-08-19T21:42:46.187+0000] {processor.py:830} INFO - Processing file /opt/airflow/dags/flight-pipeline.py for tasks to queue
[2026-08-19T21:42:46.192+0000] {logging_mixin.py:188} INFO - [2026-08-19T21:42:46.191+0000] {dagbag.py:545} INFO - Filling up the DagBag from /opt/airflow/dags/flight-pipeline.py
[2026-08-19T21:42:46.273+0000] {processor.py:840} INFO - DAG(s) 'flights_ops_medallioin_pipe' retrieved from /opt/airflow/dags/flight-pipeline.py
[2026-08-19T21:42:46.346+0000] {logging_mixin.py:188} INFO - [2026-08-19T21:42:46.345+0000] {dag.py:3089} INFO - Sync 1 DAGs
[2026-08-19T21:42:46.404+0000] {logging_mixin.py:188} INFO - [2026-08-19T21:42:46.403+0000] {dag.py:3947} INFO - Setting next_dagrun for flights_ops_medallioin_pipe to 2026-08-19 21:30:00+00:00, run_after=2026-08-19 22:00:00+00:00
[2026-08-19T21:42:46.478+0000] {processor.py:183} INFO - Processing /opt/airflow/dags/flight-pipeline.py took 0.310 seconds
[2026-08-19T21:43:16.678+0000] {processor.py:161} INFO - Started process (PID=116) to work on /opt/airflow/dags/flight-pipeline.py
[2026-08-19T21:43:16.682+0000] {processor.py:830} INFO - Processing file /opt/airflow/dags/flight-pipeline.py for tasks to queue
[2026-08-19T21:43:16.691+0000] {logging_mixin.py:188} INFO - [2026-08-19T21:43:16.689+0000] {dagbag.py:545} INFO - Filling up the DagBag from /opt/airflow/dags/flight-pipeline.py
[2026-08-19T21:43:16.814+0000] {processor.py:840} INFO - DAG(s) 'flights_ops_medallioin_pipe' retrieved from /opt/airflow/dags/flight-pipeline.py
[2026-08-19T21:43:16.903+0000] {logging_mixin.py:188} INFO - [2026-08-19T21:43:16.903+0000] {dag.py:3089} INFO - Sync 1 DAGs
[2026-08-19T21:43:16.972+0000] {logging_mixin.py:188} INFO - [2026-08-19T21:43:16.971+0000] {dag.py:3947} INFO - Setting next_dagrun for flights_ops_medallioin_pipe to 2026-08-19 21:30:00+00:00, run_after=2026-08-19 22:00:00+00:00
[2026-08-19T21:43:17.046+0000] {processor.py:183} INFO - Processing /opt/airflow/dags/flight-pipeline.py took 0.391 seconds
[2026-08-19T21:43:47.154+0000] {processor.py:161} INFO - Started process (PID=117) to work on /opt/airflow/dags/flight-pipeline.py
[2026-08-19T21:43:47.158+0000] {processor.py:830} INFO - Processing file /opt/airflow/dags/flight-pipeline.py for tasks to queue
[2026-08-19T21:43:47.165+0000] {logging_mixin.py:188} INFO - [2026-08-19T21:43:47.164+0000] {dagbag.py:545} INFO - Filling up the DagBag from /opt/airflow/dags/flight-pipeline.py
[2026-08-19T21:43:47.237+0000] {processor.py:840} INFO - DAG(s) 'flights_ops_medallioin_pipe' retrieved from /opt/airflow/dags/flight-pipeline.py
[2026-08-19T21:43:47.323+0000] {logging_mixin.py:188} INFO - [2026-08-19T21:43:47.322+0000] {dag.py:3089} INFO - Sync 1 DAGs
[2026-08-19T21:43:47.400+0000] {logging_mixin.py:188} INFO - [2026-08-19T21:43:47.399+0000] {dag.py:3947} INFO - Setting next_dagrun for flights_ops_medallioin_pipe to 2026-08-19 21:30:00+00:00, run_after=2026-08-19 22:00:00+00:00
[2026-08-19T21:43:47.540+0000] {processor.py:183} INFO - Processing /opt/airflow/dags/flight-pipeline.py took 0.399 seconds
[2026-08-19T21:44:17.729+0000] {processor.py:161} INFO - Started process (PID=118) to work on /opt/airflow/dags/flight-pipeline.py
[2026-08-19T21:44:17.733+0000] {processor.py:830} INFO - Processing file /opt/airflow/dags/flight-pipeline.py for tasks to queue
[2026-08-19T21:44:17.739+0000] {logging_mixin.py:188} INFO - [2026-08-19T21:44:17.738+0000] {dagbag.py:545} INFO - Filling up the DagBag from /opt/airflow/dags/flight-pipeline.py
[2026-08-19T21:44:17.811+0000] {processor.py:840} INFO - DAG(s) 'flights_ops_medallioin_pipe' retrieved from /opt/airflow/dags/flight-pipeline.py
[2026-08-19T21:44:17.900+0000] {logging_mixin.py:188} INFO - [2026-08-19T21:44:17.900+0000] {dag.py:3089} INFO - Sync 1 DAGs
[2026-08-19T21:44:17.968+0000] {logging_mixin.py:188} INFO - [2026-08-19T21:44:17.967+0000] {dag.py:3947} INFO - Setting next_dagrun for flights_ops_medallioin_pipe to 2026-08-19 21:30:00+00:00, run_after=2026-08-19 22:00:00+00:00
[2026-08-19T21:44:18.028+0000] {processor.py:183} INFO - Processing /opt/airflow/dags/flight-pipeline.py took 0.315 seconds
[2026-08-19T21:44:48.192+0000] {processor.py:161} INFO - Started process (PID=119) to work on /opt/airflow/dags/flight-pipeline.py
[2026-08-19T21:44:48.195+0000] {processor.py:830} INFO - Processing file /opt/airflow/dags/flight-pipeline.py for tasks to queue
[2026-08-19T21:44:48.204+0000] {logging_mixin.py:188} INFO - [2026-08-19T21:44:48.202+0000] {dagbag.py:545} INFO - Filling up the DagBag from /opt/airflow/dags/flight-pipeline.py
[2026-08-19T21:44:48.277+0000] {processor.py:840} INFO - DAG(s) 'flights_ops_medallioin_pipe' retrieved from /opt/airflow/dags/flight-pipeline.py
[2026-08-19T21:44:48.349+0000] {logging_mixin.py:188} INFO - [2026-08-19T21:44:48.348+0000] {dag.py:3089} INFO - Sync 1 DAGs
[2026-08-19T21:44:48.398+0000] {logging_mixin.py:188} INFO - [2026-08-19T21:44:48.398+0000] {dag.py:3947} INFO - Setting next_dagrun for flights_ops_medallioin_pipe to 2026-08-19 21:30:00+00:00, run_after=2026-08-19 22:00:00+00:00
[2026-08-19T21:44:48.468+0000] {processor.py:183} INFO - Processing /opt/airflow/dags/flight-pipeline.py took 0.303 seconds
[2026-08-19T21:45:18.691+0000] {processor.py:161} INFO - Started process (PID=120) to work on /opt/airflow/dags/flight-pipeline.py
[2026-08-19T21:45:18.694+0000] {processor.py:830} INFO - Processing file /opt/airflow/dags/flight-pipeline.py for tasks to queue
[2026-08-19T21:45:18.699+0000] {logging_mixin.py:188} INFO - [2026-08-19T21:45:18.699+0000] {dagbag.py:545} INFO - Filling up the DagBag from /opt/airflow/dags/flight-pipeline.py
[2026-08-19T21:45:18.776+0000] {processor.py:840} INFO - DAG(s) 'flights_ops_medallioin_pipe' retrieved from /opt/airflow/dags/flight-pipeline.py
[2026-08-19T21:45:18.862+0000] {logging_mixin.py:188} INFO - [2026-08-19T21:45:18.861+0000] {dag.py:3089} INFO - Sync 1 DAGs
[2026-08-19T21:45:18.942+0000] {logging_mixin.py:188} INFO - [2026-08-19T21:45:18.942+0000] {dag.py:3947} INFO - Setting next_dagrun for flights_ops_medallioin_pipe to 2026-08-19 21:30:00+00:00, run_after=2026-08-19 22:00:00+00:00
[2026-08-19T21:45:19.041+0000] {processor.py:183} INFO - Processing /opt/airflow/dags/flight-pipeline.py took 0.365 seconds
[2026-08-19T21:45:49.213+0000] {processor.py:161} INFO - Started process (PID=121) to work on /opt/airflow/dags/flight-pipeline.py
[2026-08-19T21:45:49.219+0000] {processor.py:830} INFO - Processing file /opt/airflow/dags/flight-pipeline.py for tasks to queue
[2026-08-19T21:45:49.230+0000] {logging_mixin.py:188} INFO - [2026-08-19T21:45:49.226+0000] {dagbag.py:545} INFO - Filling up the DagBag from /opt/airflow/dags/flight-pipeline.py
[2026-08-19T21:45:49.370+0000] {processor.py:840} INFO - DAG(s) 'flights_ops_medallioin_pipe' retrieved from /opt/airflow/dags/flight-pipeline.py
[2026-08-19T21:45:49.470+0000] {logging_mixin.py:188} INFO - [2026-08-19T21:45:49.469+0000] {dag.py:3089} INFO - Sync 1 DAGs
[2026-08-19T21:45:49.549+0000] {logging_mixin.py:188} INFO - [2026-08-19T21:45:49.548+0000] {dag.py:3947} INFO - Setting next_dagrun for flights_ops_medallioin_pipe to 2026-08-19 21:30:00+00:00, run_after=2026-08-19 22:00:00+00:00
[2026-08-19T21:45:49.626+0000] {processor.py:183} INFO - Processing /opt/airflow/dags/flight-pipeline.py took 0.463 seconds
[2026-08-19T21:45:55.627+0000] {processor.py:161} INFO - Started process (PID=122) to work on /opt/airflow/dags/flight-pipeline.py
[2026-08-19T21:45:55.631+0000] {processor.py:830} INFO - Processing file /opt/airflow/dags/flight-pipeline.py for tasks to queue
[2026-08-19T21:45:55.637+0000] {logging_mixin.py:188} INFO - [2026-08-19T21:45:55.636+0000] {dagbag.py:545} INFO - Filling up the DagBag from /opt/airflow/dags/flight-pipeline.py
[2026-08-19T21:46:00.449+0000] {processor.py:840} INFO - DAG(s) 'flights_ops_medallioin_pipe' retrieved from /opt/airflow/dags/flight-pipeline.py
[2026-08-19T21:46:00.654+0000] {logging_mixin.py:188} INFO - [2026-08-19T21:46:00.654+0000] {dag.py:3089} INFO - Sync 1 DAGs
[2026-08-19T21:46:00.692+0000] {logging_mixin.py:188} INFO - [2026-08-19T21:46:00.692+0000] {dag.py:3947} INFO - Setting next_dagrun for flights_ops_medallioin_pipe to 2026-08-19 21:30:00+00:00, run_after=2026-08-19 22:00:00+00:00
[2026-08-19T21:46:00.739+0000] {processor.py:183} INFO - Processing /opt/airflow/dags/flight-pipeline.py took 5.134 seconds
[2026-08-19T21:46:30.997+0000] {processor.py:161} INFO - Started process (PID=124) to work on /opt/airflow/dags/flight-pipeline.py
[2026-08-19T21:46:31.000+0000] {processor.py:830} INFO - Processing file /opt/airflow/dags/flight-pipeline.py for tasks to queue
[2026-08-19T21:46:31.008+0000] {logging_mixin.py:188} INFO - [2026-08-19T21:46:31.006+0000] {dagbag.py:545} INFO - Filling up the DagBag from /opt/airflow/dags/flight-pipeline.py
[2026-08-19T21:46:32.097+0000] {processor.py:840} INFO - DAG(s) 'flights_ops_medallioin_pipe' retrieved from /opt/airflow/dags/flight-pipeline.py
[2026-08-19T21:46:32.180+0000] {logging_mixin.py:188} INFO - [2026-08-19T21:46:32.179+0000] {dag.py:3089} INFO - Sync 1 DAGs
[2026-08-19T21:46:32.521+0000] {logging_mixin.py:188} INFO - [2026-08-19T21:46:32.520+0000] {dag.py:3947} INFO - Setting next_dagrun for flights_ops_medallioin_pipe to 2026-08-19 21:30:00+00:00, run_after=2026-08-19 22:00:00+00:00
[2026-08-19T21:46:32.566+0000] {processor.py:183} INFO - Processing /opt/airflow/dags/flight-pipeline.py took 1.590 seconds
[2026-08-19T21:47:02.938+0000] {processor.py:161} INFO - Started process (PID=126) to work on /opt/airflow/dags/flight-pipeline.py
[2026-08-19T21:47:02.942+0000] {processor.py:830} INFO - Processing file /opt/airflow/dags/flight-pipeline.py for tasks to queue
[2026-08-19T21:47:02.948+0000] {logging_mixin.py:188} INFO - [2026-08-19T21:47:02.948+0000] {dagbag.py:545} INFO - Filling up the DagBag from /opt/airflow/dags/flight-pipeline.py
[2026-08-19T21:47:03.857+0000] {processor.py:840} INFO - DAG(s) 'flights_ops_medallioin_pipe' retrieved from /opt/airflow/dags/flight-pipeline.py
[2026-08-19T21:47:04.221+0000] {logging_mixin.py:188} INFO - [2026-08-19T21:47:04.220+0000] {dag.py:3089} INFO - Sync 1 DAGs
[2026-08-19T21:47:04.293+0000] {logging_mixin.py:188} INFO - [2026-08-19T21:47:04.293+0000] {dag.py:3947} INFO - Setting next_dagrun for flights_ops_medallioin_pipe to 2026-08-19 21:30:00+00:00, run_after=2026-08-19 22:00:00+00:00
[2026-08-19T21:47:04.332+0000] {processor.py:183} INFO - Processing /opt/airflow/dags/flight-pipeline.py took 1.411 seconds
[2026-08-19T21:47:34.712+0000] {processor.py:161} INFO - Started process (PID=138) to work on /opt/airflow/dags/flight-pipeline.py
[2026-08-19T21:47:34.716+0000] {processor.py:830} INFO - Processing file /opt/airflow/dags/flight-pipeline.py for tasks to queue
[2026-08-19T21:47:34.725+0000] {logging_mixin.py:188} INFO - [2026-08-19T21:47:34.724+0000] {dagbag.py:545} INFO - Filling up the DagBag from /opt/airflow/dags/flight-pipeline.py
[2026-08-19T21:47:35.624+0000] {processor.py:840} INFO - DAG(s) 'flights_ops_medallioin_pipe' retrieved from /opt/airflow/dags/flight-pipeline.py
[2026-08-19T21:47:35.708+0000] {logging_mixin.py:188} INFO - [2026-08-19T21:47:35.706+0000] {dag.py:3089} INFO - Sync 1 DAGs
[2026-08-19T21:47:35.772+0000] {logging_mixin.py:188} INFO - [2026-08-19T21:47:35.772+0000] {dag.py:3947} INFO - Setting next_dagrun for flights_ops_medallioin_pipe to 2026-08-19 21:30:00+00:00, run_after=2026-08-19 22:00:00+00:00
[2026-08-19T21:47:35.848+0000] {processor.py:183} INFO - Processing /opt/airflow/dags/flight-pipeline.py took 1.154 seconds
[2026-08-19T21:48:06.017+0000] {processor.py:161} INFO - Started process (PID=150) to work on /opt/airflow/dags/flight-pipeline.py
[2026-08-19T21:48:06.020+0000] {processor.py:830} INFO - Processing file /opt/airflow/dags/flight-pipeline.py for tasks to queue
[2026-08-19T21:48:06.025+0000] {logging_mixin.py:188} INFO - [2026-08-19T21:48:06.025+0000] {dagbag.py:545} INFO - Filling up the DagBag from /opt/airflow/dags/flight-pipeline.py
[2026-08-19T21:48:06.802+0000] {processor.py:840} INFO - DAG(s) 'flights_ops_medallioin_pipe' retrieved from /opt/airflow/dags/flight-pipeline.py
[2026-08-19T21:48:06.874+0000] {logging_mixin.py:188} INFO - [2026-08-19T21:48:06.873+0000] {dag.py:3089} INFO - Sync 1 DAGs
[2026-08-19T21:48:06.939+0000] {logging_mixin.py:188} INFO - [2026-08-19T21:48:06.939+0000] {dag.py:3947} INFO - Setting next_dagrun for flights_ops_medallioin_pipe to 2026-08-19 21:30:00+00:00, run_after=2026-08-19 22:00:00+00:00
[2026-08-19T21:48:07.044+0000] {processor.py:183} INFO - Processing /opt/airflow/dags/flight-pipeline.py took 1.040 seconds
[2026-08-19T21:48:37.340+0000] {processor.py:161} INFO - Started process (PID=152) to work on /opt/airflow/dags/flight-pipeline.py
[2026-08-19T21:48:37.344+0000] {processor.py:830} INFO - Processing file /opt/airflow/dags/flight-pipeline.py for tasks to queue
[2026-08-19T21:48:37.351+0000] {logging_mixin.py:188} INFO - [2026-08-19T21:48:37.350+0000] {dagbag.py:545} INFO - Filling up the DagBag from /opt/airflow/dags/flight-pipeline.py
[2026-08-19T21:48:38.038+0000] {processor.py:840} INFO - DAG(s) 'flights_ops_medallioin_pipe' retrieved from /opt/airflow/dags/flight-pipeline.py
[2026-08-19T21:48:38.103+0000] {logging_mixin.py:188} INFO - [2026-08-19T21:48:38.102+0000] {dag.py:3089} INFO - Sync 1 DAGs
[2026-08-19T21:48:38.150+0000] {logging_mixin.py:188} INFO - [2026-08-19T21:48:38.150+0000] {dag.py:3947} INFO - Setting next_dagrun for flights_ops_medallioin_pipe to 2026-08-19 21:30:00+00:00, run_after=2026-08-19 22:00:00+00:00
[2026-08-19T21:48:38.484+0000] {processor.py:183} INFO - Processing /opt/airflow/dags/flight-pipeline.py took 1.161 seconds
[2026-08-19T21:49:08.764+0000] {processor.py:161} INFO - Started process (PID=154) to work on /opt/airflow/dags/flight-pipeline.py
[2026-08-19T21:49:08.767+0000] {processor.py:830} INFO - Processing file /opt/airflow/dags/flight-pipeline.py for tasks to queue
[2026-08-19T21:49:08.777+0000] {logging_mixin.py:188} INFO - [2026-08-19T21:49:08.775+0000] {dagbag.py:545} INFO - Filling up the DagBag from /opt/airflow/dags/flight-pipeline.py
[2026-08-19T21:49:09.604+0000] {processor.py:840} INFO - DAG(s) 'flights_ops_medallioin_pipe' retrieved from /opt/airflow/dags/flight-pipeline.py
[2026-08-19T21:49:09.667+0000] {logging_mixin.py:188} INFO - [2026-08-19T21:49:09.665+0000] {dag.py:3089} INFO - Sync 1 DAGs
[2026-08-19T21:49:09.996+0000] {logging_mixin.py:188} INFO - [2026-08-19T21:49:09.996+0000] {dag.py:3947} INFO - Setting next_dagrun for flights_ops_medallioin_pipe to 2026-08-19 21:30:00+00:00, run_after=2026-08-19 22:00:00+00:00
[2026-08-19T21:49:10.060+0000] {processor.py:183} INFO - Processing /opt/airflow/dags/flight-pipeline.py took 1.309 seconds
[2026-08-19T21:49:40.434+0000] {processor.py:161} INFO - Started process (PID=166) to work on /opt/airflow/dags/flight-pipeline.py
[2026-08-19T21:49:40.437+0000] {processor.py:830} INFO - Processing file /opt/airflow/dags/flight-pipeline.py for tasks to queue
[2026-08-19T21:49:40.446+0000] {logging_mixin.py:188} INFO - [2026-08-19T21:49:40.445+0000] {dagbag.py:545} INFO - Filling up the DagBag from /opt/airflow/dags/flight-pipeline.py
[2026-08-19T21:49:41.402+0000] {processor.py:840} INFO - DAG(s) 'flights_ops_medallioin_pipe' retrieved from /opt/airflow/dags/flight-pipeline.py
[2026-08-19T21:49:41.483+0000] {logging_mixin.py:188} INFO - [2026-08-19T21:49:41.482+0000] {dag.py:3089} INFO - Sync 1 DAGs
[2026-08-19T21:49:41.980+0000] {logging_mixin.py:188} INFO - [2026-08-19T21:49:41.980+0000] {dag.py:3947} INFO - Setting next_dagrun for flights_ops_medallioin_pipe to 2026-08-19 21:30:00+00:00, run_after=2026-08-19 22:00:00+00:00
[2026-08-19T21:49:42.029+0000] {processor.py:183} INFO - Processing /opt/airflow/dags/flight-pipeline.py took 1.620 seconds
[2026-08-19T21:50:12.435+0000] {processor.py:161} INFO - Started process (PID=178) to work on /opt/airflow/dags/flight-pipeline.py
[2026-08-19T21:50:12.438+0000] {processor.py:830} INFO - Processing file /opt/airflow/dags/flight-pipeline.py for tasks to queue
[2026-08-19T21:50:12.443+0000] {logging_mixin.py:188} INFO - [2026-08-19T21:50:12.442+0000] {dagbag.py:545} INFO - Filling up the DagBag from /opt/airflow/dags/flight-pipeline.py
[2026-08-19T21:50:13.254+0000] {processor.py:840} INFO - DAG(s) 'flights_ops_medallioin_pipe' retrieved from /opt/airflow/dags/flight-pipeline.py
[2026-08-19T21:50:13.631+0000] {logging_mixin.py:188} INFO - [2026-08-19T21:50:13.630+0000] {dag.py:3089} INFO - Sync 1 DAGs
[2026-08-19T21:50:13.686+0000] {logging_mixin.py:188} INFO - [2026-08-19T21:50:13.686+0000] {dag.py:3947} INFO - Setting next_dagrun for flights_ops_medallioin_pipe to 2026-08-19 21:30:00+00:00, run_after=2026-08-19 22:00:00+00:00
[2026-08-19T21:50:13.753+0000] {processor.py:183} INFO - Processing /opt/airflow/dags/flight-pipeline.py took 1.334 seconds
[2026-08-19T21:50:44.144+0000] {processor.py:161} INFO - Started process (PID=180) to work on /opt/airflow/dags/flight-pipeline.py
[2026-08-19T21:50:44.148+0000] {processor.py:830} INFO - Processing file /opt/airflow/dags/flight-pipeline.py for tasks to queue
[2026-08-19T21:50:44.154+0000] {logging_mixin.py:188} INFO - [2026-08-19T21:50:44.153+0000] {dagbag.py:545} INFO - Filling up the DagBag from /opt/airflow/dags/flight-pipeline.py
[2026-08-19T21:50:44.976+0000] {processor.py:840} INFO - DAG(s) 'flights_ops_medallioin_pipe' retrieved from /opt/airflow/dags/flight-pipeline.py
[2026-08-19T21:50:45.061+0000] {logging_mixin.py:188} INFO - [2026-08-19T21:50:45.060+0000] {dag.py:3089} INFO - Sync 1 DAGs
[2026-08-19T21:50:45.128+0000] {logging_mixin.py:188} INFO - [2026-08-19T21:50:45.127+0000] {dag.py:3947} INFO - Setting next_dagrun for flights_ops_medallioin_pipe to 2026-08-19 21:30:00+00:00, run_after=2026-08-19 22:00:00+00:00
[2026-08-19T21:50:45.196+0000] {processor.py:183} INFO - Processing /opt/airflow/dags/flight-pipeline.py took 1.067 seconds
[2026-08-19T21:51:15.500+0000] {processor.py:161} INFO - Started process (PID=182) to work on /opt/airflow/dags/flight-pipeline.py
[2026-08-19T21:51:15.503+0000] {processor.py:830} INFO - Processing file /opt/airflow/dags/flight-pipeline.py for tasks to queue
[2026-08-19T21:51:15.508+0000] {logging_mixin.py:188} INFO - [2026-08-19T21:51:15.508+0000] {dagbag.py:545} INFO - Filling up the DagBag from /opt/airflow/dags/flight-pipeline.py
[2026-08-19T21:51:16.199+0000] {processor.py:840} INFO - DAG(s) 'flights_ops_medallioin_pipe' retrieved from /opt/airflow/dags/flight-pipeline.py
[2026-08-19T21:51:16.261+0000] {logging_mixin.py:188} INFO - [2026-08-19T21:51:16.261+0000] {dag.py:3089} INFO - Sync 1 DAGs
[2026-08-19T21:51:16.312+0000] {logging_mixin.py:188} INFO - [2026-08-19T21:51:16.311+0000] {dag.py:3947} INFO - Setting next_dagrun for flights_ops_medallioin_pipe to 2026-08-19 21:30:00+00:00, run_after=2026-08-19 22:00:00+00:00
[2026-08-19T21:51:16.636+0000] {processor.py:183} INFO - Processing /opt/airflow/dags/flight-pipeline.py took 1.150 seconds
[2026-08-19T21:51:46.877+0000] {processor.py:161} INFO - Started process (PID=184) to work on /opt/airflow/dags/flight-pipeline.py
[2026-08-19T21:51:46.882+0000] {processor.py:830} INFO - Processing file /opt/airflow/dags/flight-pipeline.py for tasks to queue
[2026-08-19T21:51:46.887+0000] {logging_mixin.py:188} INFO - [2026-08-19T21:51:46.886+0000] {dagbag.py:545} INFO - Filling up the DagBag from /opt/airflow/dags/flight-pipeline.py
[2026-08-19T21:51:47.736+0000] {processor.py:840} INFO - DAG(s) 'flights_ops_medallioin_pipe' retrieved from /opt/airflow/dags/flight-pipeline.py
[2026-08-19T21:51:47.802+0000] {logging_mixin.py:188} INFO - [2026-08-19T21:51:47.801+0000] {dag.py:3089} INFO - Sync 1 DAGs
[2026-08-19T21:51:48.158+0000] {logging_mixin.py:188} INFO - [2026-08-19T21:51:48.157+0000] {dag.py:3947} INFO - Setting next_dagrun for flights_ops_medallioin_pipe to 2026-08-19 21:30:00+00:00, run_after=2026-08-19 22:00:00+00:00
[2026-08-19T21:51:48.235+0000] {processor.py:183} INFO - Processing /opt/airflow/dags/flight-pipeline.py took 1.376 seconds
[2026-08-19T21:52:18.654+0000] {processor.py:161} INFO - Started process (PID=196) to work on /opt/airflow/dags/flight-pipeline.py
[2026-08-19T21:52:18.660+0000] {processor.py:830} INFO - Processing file /opt/airflow/dags/flight-pipeline.py for tasks to queue
[2026-08-19T21:52:18.665+0000] {logging_mixin.py:188} INFO - [2026-08-19T21:52:18.665+0000] {dagbag.py:545} INFO - Filling up the DagBag from /opt/airflow/dags/flight-pipeline.py
[2026-08-19T21:52:19.747+0000] {processor.py:840} INFO - DAG(s) 'flights_ops_medallioin_pipe' retrieved from /opt/airflow/dags/flight-pipeline.py
[2026-08-19T21:52:19.827+0000] {logging_mixin.py:188} INFO - [2026-08-19T21:52:19.826+0000] {dag.py:3089} INFO - Sync 1 DAGs
[2026-08-19T21:52:20.338+0000] {logging_mixin.py:188} INFO - [2026-08-19T21:52:20.337+0000] {dag.py:3947} INFO - Setting next_dagrun for flights_ops_medallioin_pipe to 2026-08-19 21:30:00+00:00, run_after=2026-08-19 22:00:00+00:00
[2026-08-19T21:52:20.408+0000] {processor.py:183} INFO - Processing /opt/airflow/dags/flight-pipeline.py took 1.789 seconds
[2026-08-19T21:52:50.620+0000] {processor.py:161} INFO - Started process (PID=208) to work on /opt/airflow/dags/flight-pipeline.py
[2026-08-19T21:52:50.624+0000] {processor.py:830} INFO - Processing file /opt/airflow/dags/flight-pipeline.py for tasks to queue
[2026-08-19T21:52:50.631+0000] {logging_mixin.py:188} INFO - [2026-08-19T21:52:50.630+0000] {dagbag.py:545} INFO - Filling up the DagBag from /opt/airflow/dags/flight-pipeline.py
[2026-08-19T21:52:51.439+0000] {processor.py:840} INFO - DAG(s) 'flights_ops_medallioin_pipe' retrieved from /opt/airflow/dags/flight-pipeline.py
[2026-08-19T21:52:51.917+0000] {logging_mixin.py:188} INFO - [2026-08-19T21:52:51.917+0000] {dag.py:3089} INFO - Sync 1 DAGs
[2026-08-19T21:52:51.971+0000] {logging_mixin.py:188} INFO - [2026-08-19T21:52:51.971+0000] {dag.py:3947} INFO - Setting next_dagrun for flights_ops_medallioin_pipe to 2026-08-19 21:30:00+00:00, run_after=2026-08-19 22:00:00+00:00
[2026-08-19T21:52:52.050+0000] {processor.py:183} INFO - Processing /opt/airflow/dags/flight-pipeline.py took 1.447 seconds
[2026-08-19T21:53:22.441+0000] {processor.py:161} INFO - Started process (PID=210) to work on /opt/airflow/dags/flight-pipeline.py
[2026-08-19T21:53:22.444+0000] {processor.py:830} INFO - Processing file /opt/airflow/dags/flight-pipeline.py for tasks to queue
[2026-08-19T21:53:22.449+0000] {logging_mixin.py:188} INFO - [2026-08-19T21:53:22.449+0000] {dagbag.py:545} INFO - Filling up the DagBag from /opt/airflow/dags/flight-pipeline.py
[2026-08-19T21:53:23.203+0000] {processor.py:840} INFO - DAG(s) 'flights_ops_medallioin_pipe' retrieved from /opt/airflow/dags/flight-pipeline.py
[2026-08-19T21:53:23.538+0000] {logging_mixin.py:188} INFO - [2026-08-19T21:53:23.538+0000] {dag.py:3089} INFO - Sync 1 DAGs
[2026-08-19T21:53:23.581+0000] {logging_mixin.py:188} INFO - [2026-08-19T21:53:23.580+0000] {dag.py:3947} INFO - Setting next_dagrun for flights_ops_medallioin_pipe to 2026-08-19 21:30:00+00:00, run_after=2026-08-19 22:00:00+00:00
[2026-08-19T21:53:23.618+0000] {processor.py:183} INFO - Processing /opt/airflow/dags/flight-pipeline.py took 1.192 seconds
[2026-08-19T21:53:53.748+0000] {processor.py:161} INFO - Started process (PID=231) to work on /opt/airflow/dags/flight-pipeline.py
[2026-08-19T21:53:53.751+0000] {processor.py:830} INFO - Processing file /opt/airflow/dags/flight-pipeline.py for tasks to queue
[2026-08-19T21:53:53.758+0000] {logging_mixin.py:188} INFO - [2026-08-19T21:53:53.755+0000] {dagbag.py:545} INFO - Filling up the DagBag from /opt/airflow/dags/flight-pipeline.py
[2026-08-19T21:53:54.597+0000] {processor.py:840} INFO - DAG(s) 'flights_ops_medallioin_pipe' retrieved from /opt/airflow/dags/flight-pipeline.py
[2026-08-19T21:53:54.672+0000] {logging_mixin.py:188} INFO - [2026-08-19T21:53:54.670+0000] {dag.py:3089} INFO - Sync 1 DAGs
[2026-08-19T21:53:54.733+0000] {logging_mixin.py:188} INFO - [2026-08-19T21:53:54.732+0000] {dag.py:3947} INFO - Setting next_dagrun for flights_ops_medallioin_pipe to 2026-08-19 21:30:00+00:00, run_after=2026-08-19 22:00:00+00:00
[2026-08-19T21:53:54.777+0000] {processor.py:183} INFO - Processing /opt/airflow/dags/flight-pipeline.py took 1.046 seconds
[2026-08-19T21:54:25.071+0000] {processor.py:161} INFO - Started process (PID=234) to work on /opt/airflow/dags/flight-pipeline.py
[2026-08-19T21:54:25.075+0000] {processor.py:830} INFO - Processing file /opt/airflow/dags/flight-pipeline.py for tasks to queue
[2026-08-19T21:54:25.081+0000] {logging_mixin.py:188} INFO - [2026-08-19T21:54:25.081+0000] {dagbag.py:545} INFO - Filling up the DagBag from /opt/airflow/dags/flight-pipeline.py
[2026-08-19T21:54:25.720+0000] {processor.py:840} INFO - DAG(s) 'flights_ops_medallioin_pipe' retrieved from /opt/airflow/dags/flight-pipeline.py
[2026-08-19T21:54:25.775+0000] {logging_mixin.py:188} INFO - [2026-08-19T21:54:25.774+0000] {dag.py:3089} INFO - Sync 1 DAGs
[2026-08-19T21:54:25.821+0000] {logging_mixin.py:188} INFO - [2026-08-19T21:54:25.821+0000] {dag.py:3947} INFO - Setting next_dagrun for flights_ops_medallioin_pipe to 2026-08-19 21:30:00+00:00, run_after=2026-08-19 22:00:00+00:00
[2026-08-19T21:54:26.138+0000] {processor.py:183} INFO - Processing /opt/airflow/dags/flight-pipeline.py took 1.080 seconds
[2026-08-19T21:54:56.470+0000] {processor.py:161} INFO - Started process (PID=236) to work on /opt/airflow/dags/flight-pipeline.py
[2026-08-19T21:54:56.474+0000] {processor.py:830} INFO - Processing file /opt/airflow/dags/flight-pipeline.py for tasks to queue
[2026-08-19T21:54:56.481+0000] {logging_mixin.py:188} INFO - [2026-08-19T21:54:56.480+0000] {dagbag.py:545} INFO - Filling up the DagBag from /opt/airflow/dags/flight-pipeline.py
[2026-08-19T21:54:57.162+0000] {processor.py:840} INFO - DAG(s) 'flights_ops_medallioin_pipe' retrieved from /opt/airflow/dags/flight-pipeline.py
[2026-08-19T21:54:57.244+0000] {logging_mixin.py:188} INFO - [2026-08-19T21:54:57.241+0000] {dag.py:3089} INFO - Sync 1 DAGs
[2026-08-19T21:54:57.587+0000] {logging_mixin.py:188} INFO - [2026-08-19T21:54:57.586+0000] {dag.py:3947} INFO - Setting next_dagrun for flights_ops_medallioin_pipe to 2026-08-19 21:30:00+00:00, run_after=2026-08-19 22:00:00+00:00
[2026-08-19T21:54:57.622+0000] {processor.py:183} INFO - Processing /opt/airflow/dags/flight-pipeline.py took 1.167 seconds
[2026-08-19T21:55:27.807+0000] {processor.py:161} INFO - Started process (PID=238) to work on /opt/airflow/dags/flight-pipeline.py
[2026-08-19T21:55:27.810+0000] {processor.py:830} INFO - Processing file /opt/airflow/dags/flight-pipeline.py for tasks to queue
[2026-08-19T21:55:27.817+0000] {logging_mixin.py:188} INFO - [2026-08-19T21:55:27.817+0000] {dagbag.py:545} INFO - Filling up the DagBag from /opt/airflow/dags/flight-pipeline.py
[2026-08-19T21:55:28.538+0000] {processor.py:840} INFO - DAG(s) 'flights_ops_medallioin_pipe' retrieved from /opt/airflow/dags/flight-pipeline.py
[2026-08-19T21:55:28.609+0000] {logging_mixin.py:188} INFO - [2026-08-19T21:55:28.608+0000] {dag.py:3089} INFO - Sync 1 DAGs
[2026-08-19T21:55:28.970+0000] {logging_mixin.py:188} INFO - [2026-08-19T21:55:28.969+0000] {dag.py:3947} INFO - Setting next_dagrun for flights_ops_medallioin_pipe to 2026-08-19 21:30:00+00:00, run_after=2026-08-19 22:00:00+00:00
[2026-08-19T21:55:29.007+0000] {processor.py:183} INFO - Processing /opt/airflow/dags/flight-pipeline.py took 1.215 seconds
[2026-08-19T21:55:59.385+0000] {processor.py:161} INFO - Started process (PID=240) to work on /opt/airflow/dags/flight-pipeline.py
[2026-08-19T21:55:59.388+0000] {processor.py:830} INFO - Processing file /opt/airflow/dags/flight-pipeline.py for tasks to queue
[2026-08-19T21:55:59.399+0000] {logging_mixin.py:188} INFO - [2026-08-19T21:55:59.397+0000] {dagbag.py:545} INFO - Filling up the DagBag from /opt/airflow/dags/flight-pipeline.py
[2026-08-19T21:56:00.149+0000] {processor.py:840} INFO - DAG(s) 'flights_ops_medallioin_pipe' retrieved from /opt/airflow/dags/flight-pipeline.py
[2026-08-19T21:56:00.480+0000] {logging_mixin.py:188} INFO - [2026-08-19T21:56:00.480+0000] {dag.py:3089} INFO - Sync 1 DAGs
[2026-08-19T21:56:00.520+0000] {logging_mixin.py:188} INFO - [2026-08-19T21:56:00.520+0000] {dag.py:3947} INFO - Setting next_dagrun for flights_ops_medallioin_pipe to 2026-08-19 21:30:00+00:00, run_after=2026-08-19 22:00:00+00:00
[2026-08-19T21:56:00.556+0000] {processor.py:183} INFO - Processing /opt/airflow/dags/flight-pipeline.py took 1.192 seconds
[2026-08-19T21:56:30.745+0000] {processor.py:161} INFO - Started process (PID=242) to work on /opt/airflow/dags/flight-pipeline.py
[2026-08-19T21:56:30.748+0000] {processor.py:830} INFO - Processing file /opt/airflow/dags/flight-pipeline.py for tasks to queue
[2026-08-19T21:56:30.754+0000] {logging_mixin.py:188} INFO - [2026-08-19T21:56:30.754+0000] {dagbag.py:545} INFO - Filling up the DagBag from /opt/airflow/dags/flight-pipeline.py
[2026-08-19T21:56:31.760+0000] {processor.py:840} INFO - DAG(s) 'flights_ops_medallioin_pipe' retrieved from /opt/airflow/dags/flight-pipeline.py
[2026-08-19T21:56:31.815+0000] {logging_mixin.py:188} INFO - [2026-08-19T21:56:31.815+0000] {dag.py:3089} INFO - Sync 1 DAGs
[2026-08-19T21:56:31.859+0000] {logging_mixin.py:188} INFO - [2026-08-19T21:56:31.859+0000] {dag.py:3947} INFO - Setting next_dagrun for flights_ops_medallioin_pipe to 2026-08-19 21:30:00+00:00, run_after=2026-08-19 22:00:00+00:00
[2026-08-19T21:56:31.921+0000] {processor.py:183} INFO - Processing /opt/airflow/dags/flight-pipeline.py took 1.194 seconds
[2026-08-19T21:57:02.240+0000] {processor.py:161} INFO - Started process (PID=244) to work on /opt/airflow/dags/flight-pipeline.py
[2026-08-19T21:57:02.243+0000] {processor.py:830} INFO - Processing file /opt/airflow/dags/flight-pipeline.py for tasks to queue
[2026-08-19T21:57:02.249+0000] {logging_mixin.py:188} INFO - [2026-08-19T21:57:02.248+0000] {dagbag.py:545} INFO - Filling up the DagBag from /opt/airflow/dags/flight-pipeline.py
[2026-08-19T21:57:02.877+0000] {processor.py:840} INFO - DAG(s) 'flights_ops_medallioin_pipe' retrieved from /opt/airflow/dags/flight-pipeline.py
[2026-08-19T21:57:02.932+0000] {logging_mixin.py:188} INFO - [2026-08-19T21:57:02.932+0000] {dag.py:3089} INFO - Sync 1 DAGs
[2026-08-19T21:57:02.975+0000] {logging_mixin.py:188} INFO - [2026-08-19T21:57:02.975+0000] {dag.py:3947} INFO - Setting next_dagrun for flights_ops_medallioin_pipe to 2026-08-19 21:30:00+00:00, run_after=2026-08-19 22:00:00+00:00
[2026-08-19T21:57:03.039+0000] {processor.py:183} INFO - Processing /opt/airflow/dags/flight-pipeline.py took 0.812 seconds
[2026-08-19T21:57:33.476+0000] {processor.py:161} INFO - Started process (PID=246) to work on /opt/airflow/dags/flight-pipeline.py
[2026-08-19T21:57:33.480+0000] {processor.py:830} INFO - Processing file /opt/airflow/dags/flight-pipeline.py for tasks to queue
[2026-08-19T21:57:33.486+0000] {logging_mixin.py:188} INFO - [2026-08-19T21:57:33.485+0000] {dagbag.py:545} INFO - Filling up the DagBag from /opt/airflow/dags/flight-pipeline.py
[2026-08-19T21:57:34.248+0000] {processor.py:840} INFO - DAG(s) 'flights_ops_medallioin_pipe' retrieved from /opt/airflow/dags/flight-pipeline.py
[2026-08-19T21:57:34.318+0000] {logging_mixin.py:188} INFO - [2026-08-19T21:57:34.317+0000] {dag.py:3089} INFO - Sync 1 DAGs
[2026-08-19T21:57:34.373+0000] {logging_mixin.py:188} INFO - [2026-08-19T21:57:34.372+0000] {dag.py:3947} INFO - Setting next_dagrun for flights_ops_medallioin_pipe to 2026-08-19 21:30:00+00:00, run_after=2026-08-19 22:00:00+00:00
[2026-08-19T21:57:34.730+0000] {processor.py:183} INFO - Processing /opt/airflow/dags/flight-pipeline.py took 1.270 seconds
[2026-08-19T21:58:04.867+0000] {processor.py:161} INFO - Started process (PID=248) to work on /opt/airflow/dags/flight-pipeline.py
[2026-08-19T21:58:04.871+0000] {processor.py:830} INFO - Processing file /opt/airflow/dags/flight-pipeline.py for tasks to queue
[2026-08-19T21:58:04.877+0000] {logging_mixin.py:188} INFO - [2026-08-19T21:58:04.876+0000] {dagbag.py:545} INFO - Filling up the DagBag from /opt/airflow/dags/flight-pipeline.py
[2026-08-19T21:58:05.535+0000] {processor.py:840} INFO - DAG(s) 'flights_ops_medallioin_pipe' retrieved from /opt/airflow/dags/flight-pipeline.py
[2026-08-19T21:58:05.598+0000] {logging_mixin.py:188} INFO - [2026-08-19T21:58:05.597+0000] {dag.py:3089} INFO - Sync 1 DAGs
[2026-08-19T21:58:05.917+0000] {logging_mixin.py:188} INFO - [2026-08-19T21:58:05.917+0000] {dag.py:3947} INFO - Setting next_dagrun for flights_ops_medallioin_pipe to 2026-08-19 21:30:00+00:00, run_after=2026-08-19 22:00:00+00:00
[2026-08-19T21:58:05.976+0000] {processor.py:183} INFO - Processing /opt/airflow/dags/flight-pipeline.py took 1.123 seconds
[2026-08-19T21:58:36.237+0000] {processor.py:161} INFO - Started process (PID=250) to work on /opt/airflow/dags/flight-pipeline.py
[2026-08-19T21:58:36.241+0000] {processor.py:830} INFO - Processing file /opt/airflow/dags/flight-pipeline.py for tasks to queue
[2026-08-19T21:58:36.248+0000] {logging_mixin.py:188} INFO - [2026-08-19T21:58:36.247+0000] {dagbag.py:545} INFO - Filling up the DagBag from /opt/airflow/dags/flight-pipeline.py
[2026-08-19T21:58:36.931+0000] {processor.py:840} INFO - DAG(s) 'flights_ops_medallioin_pipe' retrieved from /opt/airflow/dags/flight-pipeline.py
[2026-08-19T21:58:36.990+0000] {logging_mixin.py:188} INFO - [2026-08-19T21:58:36.989+0000] {dag.py:3089} INFO - Sync 1 DAGs
[2026-08-19T21:58:37.317+0000] {logging_mixin.py:188} INFO - [2026-08-19T21:58:37.316+0000] {dag.py:3947} INFO - Setting next_dagrun for flights_ops_medallioin_pipe to 2026-08-19 21:30:00+00:00, run_after=2026-08-19 22:00:00+00:00
[2026-08-19T21:58:37.391+0000] {processor.py:183} INFO - Processing /opt/airflow/dags/flight-pipeline.py took 1.174 seconds
[2026-08-19T21:59:07.645+0000] {processor.py:161} INFO - Started process (PID=252) to work on /opt/airflow/dags/flight-pipeline.py
[2026-08-19T21:59:07.648+0000] {processor.py:830} INFO - Processing file /opt/airflow/dags/flight-pipeline.py for tasks to queue
[2026-08-19T21:59:07.653+0000] {logging_mixin.py:188} INFO - [2026-08-19T21:59:07.652+0000] {dagbag.py:545} INFO - Filling up the DagBag from /opt/airflow/dags/flight-pipeline.py
[2026-08-19T21:59:08.298+0000] {processor.py:840} INFO - DAG(s) 'flights_ops_medallioin_pipe' retrieved from /opt/airflow/dags/flight-pipeline.py
[2026-08-19T21:59:08.632+0000] {logging_mixin.py:188} INFO - [2026-08-19T21:59:08.632+0000] {dag.py:3089} INFO - Sync 1 DAGs
[2026-08-19T21:59:08.671+0000] {logging_mixin.py:188} INFO - [2026-08-19T21:59:08.671+0000] {dag.py:3947} INFO - Setting next_dagrun for flights_ops_medallioin_pipe to 2026-08-19 21:30:00+00:00, run_after=2026-08-19 22:00:00+00:00
[2026-08-19T21:59:08.733+0000] {processor.py:183} INFO - Processing /opt/airflow/dags/flight-pipeline.py took 1.101 seconds
[2026-08-19T21:59:39.129+0000] {processor.py:161} INFO - Started process (PID=254) to work on /opt/airflow/dags/flight-pipeline.py
[2026-08-19T21:59:39.133+0000] {processor.py:830} INFO - Processing file /opt/airflow/dags/flight-pipeline.py for tasks to queue
[2026-08-19T21:59:39.137+0000] {logging_mixin.py:188} INFO - [2026-08-19T21:59:39.137+0000] {dagbag.py:545} INFO - Filling up the DagBag from /opt/airflow/dags/flight-pipeline.py
[2026-08-19T21:59:40.131+0000] {processor.py:840} INFO - DAG(s) 'flights_ops_medallioin_pipe' retrieved from /opt/airflow/dags/flight-pipeline.py
[2026-08-19T21:59:40.187+0000] {logging_mixin.py:188} INFO - [2026-08-19T21:59:40.186+0000] {dag.py:3089} INFO - Sync 1 DAGs
[2026-08-19T21:59:40.232+0000] {logging_mixin.py:188} INFO - [2026-08-19T21:59:40.231+0000] {dag.py:3947} INFO - Setting next_dagrun for flights_ops_medallioin_pipe to 2026-08-19 21:30:00+00:00, run_after=2026-08-19 22:00:00+00:00
[2026-08-19T21:59:40.298+0000] {processor.py:183} INFO - Processing /opt/airflow/dags/flight-pipeline.py took 1.181 seconds
[2026-08-19T22:00:10.481+0000] {processor.py:161} INFO - Started process (PID=266) to work on /opt/airflow/dags/flight-pipeline.py
[2026-08-19T22:00:10.485+0000] {processor.py:830} INFO - Processing file /opt/airflow/dags/flight-pipeline.py for tasks to queue
[2026-08-19T22:00:10.493+0000] {logging_mixin.py:188} INFO - [2026-08-19T22:00:10.490+0000] {dagbag.py:545} INFO - Filling up the DagBag from /opt/airflow/dags/flight-pipeline.py
[2026-08-19T22:00:11.384+0000] {processor.py:840} INFO - DAG(s) 'flights_ops_medallioin_pipe' retrieved from /opt/airflow/dags/flight-pipeline.py
[2026-08-19T22:00:11.467+0000] {logging_mixin.py:188} INFO - [2026-08-19T22:00:11.465+0000] {dag.py:3089} INFO - Sync 1 DAGs
[2026-08-19T22:00:11.533+0000] {logging_mixin.py:188} INFO - [2026-08-19T22:00:11.532+0000] {dag.py:3947} INFO - Setting next_dagrun for flights_ops_medallioin_pipe to 2026-08-19 22:00:00+00:00, run_after=2026-08-19 22:30:00+00:00
[2026-08-19T22:00:11.619+0000] {processor.py:183} INFO - Processing /opt/airflow/dags/flight-pipeline.py took 1.160 seconds
[2026-08-19T22:00:42.022+0000] {processor.py:161} INFO - Started process (PID=278) to work on /opt/airflow/dags/flight-pipeline.py
[2026-08-19T22:00:42.027+0000] {processor.py:830} INFO - Processing file /opt/airflow/dags/flight-pipeline.py for tasks to queue
[2026-08-19T22:00:42.034+0000] {logging_mixin.py:188} INFO - [2026-08-19T22:00:42.033+0000] {dagbag.py:545} INFO - Filling up the DagBag from /opt/airflow/dags/flight-pipeline.py
[2026-08-19T22:00:42.827+0000] {processor.py:840} INFO - DAG(s) 'flights_ops_medallioin_pipe' retrieved from /opt/airflow/dags/flight-pipeline.py
[2026-08-19T22:00:42.894+0000] {logging_mixin.py:188} INFO - [2026-08-19T22:00:42.893+0000] {dag.py:3089} INFO - Sync 1 DAGs
[2026-08-19T22:00:42.959+0000] {logging_mixin.py:188} INFO - [2026-08-19T22:00:42.958+0000] {dag.py:3947} INFO - Setting next_dagrun for flights_ops_medallioin_pipe to 2026-08-19 22:00:00+00:00, run_after=2026-08-19 22:30:00+00:00
[2026-08-19T22:00:43.327+0000] {processor.py:183} INFO - Processing /opt/airflow/dags/flight-pipeline.py took 1.322 seconds
[2026-08-19T22:01:13.703+0000] {processor.py:161} INFO - Started process (PID=280) to work on /opt/airflow/dags/flight-pipeline.py
[2026-08-19T22:01:13.707+0000] {processor.py:830} INFO - Processing file /opt/airflow/dags/flight-pipeline.py for tasks to queue
[2026-08-19T22:01:13.713+0000] {logging_mixin.py:188} INFO - [2026-08-19T22:01:13.712+0000] {dagbag.py:545} INFO - Filling up the DagBag from /opt/airflow/dags/flight-pipeline.py
[2026-08-19T22:01:14.616+0000] {processor.py:840} INFO - DAG(s) 'flights_ops_medallioin_pipe' retrieved from /opt/airflow/dags/flight-pipeline.py
[2026-08-19T22:01:14.716+0000] {logging_mixin.py:188} INFO - [2026-08-19T22:01:14.714+0000] {dag.py:3089} INFO - Sync 1 DAGs
[2026-08-19T22:01:15.238+0000] {logging_mixin.py:188} INFO - [2026-08-19T22:01:15.238+0000] {dag.py:3947} INFO - Setting next_dagrun for flights_ops_medallioin_pipe to 2026-08-19 22:00:00+00:00, run_after=2026-08-19 22:30:00+00:00
[2026-08-19T22:01:15.301+0000] {processor.py:183} INFO - Processing /opt/airflow/dags/flight-pipeline.py took 1.616 seconds
[2026-08-19T22:01:45.708+0000] {processor.py:161} INFO - Started process (PID=282) to work on /opt/airflow/dags/flight-pipeline.py
[2026-08-19T22:01:45.712+0000] {processor.py:830} INFO - Processing file /opt/airflow/dags/flight-pipeline.py for tasks to queue
[2026-08-19T22:01:45.718+0000] {logging_mixin.py:188} INFO - [2026-08-19T22:01:45.717+0000] {dagbag.py:545} INFO - Filling up the DagBag from /opt/airflow/dags/flight-pipeline.py
[2026-08-19T22:01:46.357+0000] {processor.py:840} INFO - DAG(s) 'flights_ops_medallioin_pipe' retrieved from /opt/airflow/dags/flight-pipeline.py
[2026-08-19T22:01:46.684+0000] {logging_mixin.py:188} INFO - [2026-08-19T22:01:46.683+0000] {dag.py:3089} INFO - Sync 1 DAGs
[2026-08-19T22:01:46.720+0000] {logging_mixin.py:188} INFO - [2026-08-19T22:01:46.719+0000] {dag.py:3947} INFO - Setting next_dagrun for flights_ops_medallioin_pipe to 2026-08-19 22:00:00+00:00, run_after=2026-08-19 22:30:00+00:00
[2026-08-19T22:01:46.779+0000] {processor.py:183} INFO - Processing /opt/airflow/dags/flight-pipeline.py took 1.086 seconds
[2026-08-19T22:02:17.028+0000] {processor.py:161} INFO - Started process (PID=284) to work on /opt/airflow/dags/flight-pipeline.py
[2026-08-19T22:02:17.032+0000] {processor.py:830} INFO - Processing file /opt/airflow/dags/flight-pipeline.py for tasks to queue
[2026-08-19T22:02:17.036+0000] {logging_mixin.py:188} INFO - [2026-08-19T22:02:17.036+0000] {dagbag.py:545} INFO - Filling up the DagBag from /opt/airflow/dags/flight-pipeline.py
[2026-08-19T22:02:17.765+0000] {processor.py:840} INFO - DAG(s) 'flights_ops_medallioin_pipe' retrieved from /opt/airflow/dags/flight-pipeline.py
[2026-08-19T22:02:18.096+0000] {logging_mixin.py:188} INFO - [2026-08-19T22:02:18.096+0000] {dag.py:3089} INFO - Sync 1 DAGs
[2026-08-19T22:02:18.131+0000] {logging_mixin.py:188} INFO - [2026-08-19T22:02:18.131+0000] {dag.py:3947} INFO - Setting next_dagrun for flights_ops_medallioin_pipe to 2026-08-19 22:00:00+00:00, run_after=2026-08-19 22:30:00+00:00
[2026-08-19T22:02:18.163+0000] {processor.py:183} INFO - Processing /opt/airflow/dags/flight-pipeline.py took 1.150 seconds
[2026-08-19T22:02:48.496+0000] {processor.py:161} INFO - Started process (PID=286) to work on /opt/airflow/dags/flight-pipeline.py
[2026-08-19T22:02:48.502+0000] {processor.py:830} INFO - Processing file /opt/airflow/dags/flight-pipeline.py for tasks to queue
[2026-08-19T22:02:48.536+0000] {logging_mixin.py:188} INFO - [2026-08-19T22:02:48.534+0000] {dagbag.py:545} INFO - Filling up the DagBag from /opt/airflow/dags/flight-pipeline.py
[2026-08-19T22:02:49.518+0000] {processor.py:840} INFO - DAG(s) 'flights_ops_medallioin_pipe' retrieved from /opt/airflow/dags/flight-pipeline.py
[2026-08-19T22:02:49.580+0000] {logging_mixin.py:188} INFO - [2026-08-19T22:02:49.579+0000] {dag.py:3089} INFO - Sync 1 DAGs
[2026-08-19T22:02:49.616+0000] {logging_mixin.py:188} INFO - [2026-08-19T22:02:49.616+0000] {dag.py:3947} INFO - Setting next_dagrun for flights_ops_medallioin_pipe to 2026-08-19 22:00:00+00:00, run_after=2026-08-19 22:30:00+00:00
[2026-08-19T22:02:49.664+0000] {processor.py:183} INFO - Processing /opt/airflow/dags/flight-pipeline.py took 1.204 seconds
[2026-08-19T22:03:19.892+0000] {processor.py:161} INFO - Started process (PID=288) to work on /opt/airflow/dags/flight-pipeline.py
[2026-08-19T22:03:19.898+0000] {processor.py:830} INFO - Processing file /opt/airflow/dags/flight-pipeline.py for tasks to queue
[2026-08-19T22:03:19.907+0000] {logging_mixin.py:188} INFO - [2026-08-19T22:03:19.905+0000] {dagbag.py:545} INFO - Filling up the DagBag from /opt/airflow/dags/flight-pipeline.py
[2026-08-19T22:03:20.606+0000] {processor.py:840} INFO - DAG(s) 'flights_ops_medallioin_pipe' retrieved from /opt/airflow/dags/flight-pipeline.py
[2026-08-19T22:03:20.665+0000] {logging_mixin.py:188} INFO - [2026-08-19T22:03:20.664+0000] {dag.py:3089} INFO - Sync 1 DAGs
[2026-08-19T22:03:20.712+0000] {logging_mixin.py:188} INFO - [2026-08-19T22:03:20.712+0000] {dag.py:3947} INFO - Setting next_dagrun for flights_ops_medallioin_pipe to 2026-08-19 22:00:00+00:00, run_after=2026-08-19 22:30:00+00:00
[2026-08-19T22:03:21.051+0000] {processor.py:183} INFO - Processing /opt/airflow/dags/flight-pipeline.py took 1.195 seconds
[2026-08-19T22:03:51.354+0000] {processor.py:161} INFO - Started process (PID=290) to work on /opt/airflow/dags/flight-pipeline.py
[2026-08-19T22:03:51.357+0000] {processor.py:830} INFO - Processing file /opt/airflow/dags/flight-pipeline.py for tasks to queue
[2026-08-19T22:03:51.363+0000] {logging_mixin.py:188} INFO - [2026-08-19T22:03:51.363+0000] {dagbag.py:545} INFO - Filling up the DagBag from /opt/airflow/dags/flight-pipeline.py
[2026-08-19T22:03:52.133+0000] {processor.py:840} INFO - DAG(s) 'flights_ops_medallioin_pipe' retrieved from /opt/airflow/dags/flight-pipeline.py
[2026-08-19T22:03:52.205+0000] {logging_mixin.py:188} INFO - [2026-08-19T22:03:52.204+0000] {dag.py:3089} INFO - Sync 1 DAGs
[2026-08-19T22:03:52.578+0000] {logging_mixin.py:188} INFO - [2026-08-19T22:03:52.578+0000] {dag.py:3947} INFO - Setting next_dagrun for flights_ops_medallioin_pipe to 2026-08-19 22:00:00+00:00, run_after=2026-08-19 22:30:00+00:00
[2026-08-19T22:03:52.627+0000] {processor.py:183} INFO - Processing /opt/airflow/dags/flight-pipeline.py took 1.293 seconds
[2026-08-19T22:04:23.036+0000] {processor.py:161} INFO - Started process (PID=293) to work on /opt/airflow/dags/flight-pipeline.py
[2026-08-19T22:04:23.040+0000] {processor.py:830} INFO - Processing file /opt/airflow/dags/flight-pipeline.py for tasks to queue
[2026-08-19T22:04:23.045+0000] {logging_mixin.py:188} INFO - [2026-08-19T22:04:23.045+0000] {dagbag.py:545} INFO - Filling up the DagBag from /opt/airflow/dags/flight-pipeline.py
[2026-08-19T22:04:23.781+0000] {processor.py:840} INFO - DAG(s) 'flights_ops_medallioin_pipe' retrieved from /opt/airflow/dags/flight-pipeline.py
[2026-08-19T22:04:23.857+0000] {logging_mixin.py:188} INFO - [2026-08-19T22:04:23.855+0000] {dag.py:3089} INFO - Sync 1 DAGs
[2026-08-19T22:04:24.286+0000] {logging_mixin.py:188} INFO - [2026-08-19T22:04:24.285+0000] {dag.py:3947} INFO - Setting next_dagrun for flights_ops_medallioin_pipe to 2026-08-19 22:00:00+00:00, run_after=2026-08-19 22:30:00+00:00
[2026-08-19T22:04:24.338+0000] {processor.py:183} INFO - Processing /opt/airflow/dags/flight-pipeline.py took 1.318 seconds
[2026-08-19T22:04:54.690+0000] {processor.py:161} INFO - Started process (PID=314) to work on /opt/airflow/dags/flight-pipeline.py
[2026-08-19T22:04:54.693+0000] {processor.py:830} INFO - Processing file /opt/airflow/dags/flight-pipeline.py for tasks to queue
[2026-08-19T22:04:54.699+0000] {logging_mixin.py:188} INFO - [2026-08-19T22:04:54.699+0000] {dagbag.py:545} INFO - Filling up the DagBag from /opt/airflow/dags/flight-pipeline.py
[2026-08-19T22:04:55.479+0000] {processor.py:840} INFO - DAG(s) 'flights_ops_medallioin_pipe' retrieved from /opt/airflow/dags/flight-pipeline.py
[2026-08-19T22:04:55.810+0000] {logging_mixin.py:188} INFO - [2026-08-19T22:04:55.809+0000] {dag.py:3089} INFO - Sync 1 DAGs
[2026-08-19T22:04:55.852+0000] {logging_mixin.py:188} INFO - [2026-08-19T22:04:55.851+0000] {dag.py:3947} INFO - Setting next_dagrun for flights_ops_medallioin_pipe to 2026-08-19 22:00:00+00:00, run_after=2026-08-19 22:30:00+00:00
[2026-08-19T22:04:55.916+0000] {processor.py:183} INFO - Processing /opt/airflow/dags/flight-pipeline.py took 1.242 seconds
[2026-08-19T22:05:26.011+0000] {processor.py:161} INFO - Started process (PID=316) to work on /opt/airflow/dags/flight-pipeline.py
[2026-08-19T22:05:26.014+0000] {processor.py:830} INFO - Processing file /opt/airflow/dags/flight-pipeline.py for tasks to queue
[2026-08-19T22:05:26.021+0000] {logging_mixin.py:188} INFO - [2026-08-19T22:05:26.020+0000] {dagbag.py:545} INFO - Filling up the DagBag from /opt/airflow/dags/flight-pipeline.py
[2026-08-19T22:05:26.691+0000] {processor.py:840} INFO - DAG(s) 'flights_ops_medallioin_pipe' retrieved from /opt/airflow/dags/flight-pipeline.py
[2026-08-19T22:05:27.022+0000] {logging_mixin.py:188} INFO - [2026-08-19T22:05:27.021+0000] {dag.py:3089} INFO - Sync 1 DAGs
[2026-08-19T22:05:27.064+0000] {logging_mixin.py:188} INFO - [2026-08-19T22:05:27.064+0000] {dag.py:3947} INFO - Setting next_dagrun for flights_ops_medallioin_pipe to 2026-08-19 22:00:00+00:00, run_after=2026-08-19 22:30:00+00:00
[2026-08-19T22:05:27.127+0000] {processor.py:183} INFO - Processing /opt/airflow/dags/flight-pipeline.py took 1.130 seconds
[2026-08-19T22:05:57.492+0000] {processor.py:161} INFO - Started process (PID=318) to work on /opt/airflow/dags/flight-pipeline.py
[2026-08-19T22:05:57.495+0000] {processor.py:830} INFO - Processing file /opt/airflow/dags/flight-pipeline.py for tasks to queue
[2026-08-19T22:05:57.500+0000] {logging_mixin.py:188} INFO - [2026-08-19T22:05:57.499+0000] {dagbag.py:545} INFO - Filling up the DagBag from /opt/airflow/dags/flight-pipeline.py
[2026-08-19T22:05:58.487+0000] {processor.py:840} INFO - DAG(s) 'flights_ops_medallioin_pipe' retrieved from /opt/airflow/dags/flight-pipeline.py
[2026-08-19T22:05:58.534+0000] {logging_mixin.py:188} INFO - [2026-08-19T22:05:58.533+0000] {dag.py:3089} INFO - Sync 1 DAGs
[2026-08-19T22:05:58.569+0000] {logging_mixin.py:188} INFO - [2026-08-19T22:05:58.569+0000] {dag.py:3947} INFO - Setting next_dagrun for flights_ops_medallioin_pipe to 2026-08-19 22:00:00+00:00, run_after=2026-08-19 22:30:00+00:00
[2026-08-19T22:05:58.627+0000] {processor.py:183} INFO - Processing /opt/airflow/dags/flight-pipeline.py took 1.146 seconds
[2026-08-19T22:06:28.858+0000] {processor.py:161} INFO - Started process (PID=320) to work on /opt/airflow/dags/flight-pipeline.py
[2026-08-19T22:06:28.862+0000] {processor.py:830} INFO - Processing file /opt/airflow/dags/flight-pipeline.py for tasks to queue
[2026-08-19T22:06:28.868+0000] {logging_mixin.py:188} INFO - [2026-08-19T22:06:28.867+0000] {dagbag.py:545} INFO - Filling up the DagBag from /opt/airflow/dags/flight-pipeline.py
[2026-08-19T22:06:29.494+0000] {processor.py:840} INFO - DAG(s) 'flights_ops_medallioin_pipe' retrieved from /opt/airflow/dags/flight-pipeline.py
[2026-08-19T22:06:29.549+0000] {logging_mixin.py:188} INFO - [2026-08-19T22:06:29.548+0000] {dag.py:3089} INFO - Sync 1 DAGs
[2026-08-19T22:06:29.592+0000] {logging_mixin.py:188} INFO - [2026-08-19T22:06:29.592+0000] {dag.py:3947} INFO - Setting next_dagrun for flights_ops_medallioin_pipe to 2026-08-19 22:00:00+00:00, run_after=2026-08-19 22:30:00+00:00
[2026-08-19T22:06:30.000+0000] {processor.py:183} INFO - Processing /opt/airflow/dags/flight-pipeline.py took 1.157 seconds
[2026-08-19T22:07:00.308+0000] {processor.py:161} INFO - Started process (PID=322) to work on /opt/airflow/dags/flight-pipeline.py
[2026-08-19T22:07:00.311+0000] {processor.py:830} INFO - Processing file /opt/airflow/dags/flight-pipeline.py for tasks to queue
[2026-08-19T22:07:00.316+0000] {logging_mixin.py:188} INFO - [2026-08-19T22:07:00.315+0000] {dagbag.py:545} INFO - Filling up the DagBag from /opt/airflow/dags/flight-pipeline.py
[2026-08-19T22:07:00.998+0000] {processor.py:840} INFO - DAG(s) 'flights_ops_medallioin_pipe' retrieved from /opt/airflow/dags/flight-pipeline.py
[2026-08-19T22:07:01.064+0000] {logging_mixin.py:188} INFO - [2026-08-19T22:07:01.064+0000] {dag.py:3089} INFO - Sync 1 DAGs
[2026-08-19T22:07:01.364+0000] {logging_mixin.py:188} INFO - [2026-08-19T22:07:01.363+0000] {dag.py:3947} INFO - Setting next_dagrun for flights_ops_medallioin_pipe to 2026-08-19 22:00:00+00:00, run_after=2026-08-19 22:30:00+00:00
[2026-08-19T22:07:01.401+0000] {processor.py:183} INFO - Processing /opt/airflow/dags/flight-pipeline.py took 1.108 seconds
[2026-08-19T22:07:31.722+0000] {processor.py:161} INFO - Started process (PID=324) to work on /opt/airflow/dags/flight-pipeline.py
[2026-08-19T22:07:31.725+0000] {processor.py:830} INFO - Processing file /opt/airflow/dags/flight-pipeline.py for tasks to queue
[2026-08-19T22:07:31.729+0000] {logging_mixin.py:188} INFO - [2026-08-19T22:07:31.729+0000] {dagbag.py:545} INFO - Filling up the DagBag from /opt/airflow/dags/flight-pipeline.py
[2026-08-19T22:07:32.425+0000] {processor.py:840} INFO - DAG(s) 'flights_ops_medallioin_pipe' retrieved from /opt/airflow/dags/flight-pipeline.py
[2026-08-19T22:07:32.492+0000] {logging_mixin.py:188} INFO - [2026-08-19T22:07:32.491+0000] {dag.py:3089} INFO - Sync 1 DAGs
[2026-08-19T22:07:32.801+0000] {logging_mixin.py:188} INFO - [2026-08-19T22:07:32.800+0000] {dag.py:3947} INFO - Setting next_dagrun for flights_ops_medallioin_pipe to 2026-08-19 22:00:00+00:00, run_after=2026-08-19 22:30:00+00:00
[2026-08-19T22:07:32.834+0000] {processor.py:183} INFO - Processing /opt/airflow/dags/flight-pipeline.py took 1.124 seconds
[2026-08-19T22:08:03.087+0000] {processor.py:161} INFO - Started process (PID=326) to work on /opt/airflow/dags/flight-pipeline.py
[2026-08-19T22:08:03.091+0000] {processor.py:830} INFO - Processing file /opt/airflow/dags/flight-pipeline.py for tasks to queue
[2026-08-19T22:08:03.096+0000] {logging_mixin.py:188} INFO - [2026-08-19T22:08:03.095+0000] {dagbag.py:545} INFO - Filling up the DagBag from /opt/airflow/dags/flight-pipeline.py
[2026-08-19T22:08:03.734+0000] {processor.py:840} INFO - DAG(s) 'flights_ops_medallioin_pipe' retrieved from /opt/airflow/dags/flight-pipeline.py
[2026-08-19T22:08:04.107+0000] {logging_mixin.py:188} INFO - [2026-08-19T22:08:04.106+0000] {dag.py:3089} INFO - Sync 1 DAGs
[2026-08-19T22:08:04.148+0000] {logging_mixin.py:188} INFO - [2026-08-19T22:08:04.147+0000] {dag.py:3947} INFO - Setting next_dagrun for flights_ops_medallioin_pipe to 2026-08-19 22:00:00+00:00, run_after=2026-08-19 22:30:00+00:00
[2026-08-19T22:08:04.204+0000] {processor.py:183} INFO - Processing /opt/airflow/dags/flight-pipeline.py took 1.129 seconds
[2026-08-19T22:08:34.529+0000] {processor.py:161} INFO - Started process (PID=328) to work on /opt/airflow/dags/flight-pipeline.py
[2026-08-19T22:08:34.533+0000] {processor.py:830} INFO - Processing file /opt/airflow/dags/flight-pipeline.py for tasks to queue
[2026-08-19T22:08:34.538+0000] {logging_mixin.py:188} INFO - [2026-08-19T22:08:34.537+0000] {dagbag.py:545} INFO - Filling up the DagBag from /opt/airflow/dags/flight-pipeline.py
[2026-08-19T22:08:35.494+0000] {processor.py:840} INFO - DAG(s) 'flights_ops_medallioin_pipe' retrieved from /opt/airflow/dags/flight-pipeline.py
[2026-08-19T22:08:35.541+0000] {logging_mixin.py:188} INFO - [2026-08-19T22:08:35.540+0000] {dag.py:3089} INFO - Sync 1 DAGs
[2026-08-19T22:08:35.576+0000] {logging_mixin.py:188} INFO - [2026-08-19T22:08:35.576+0000] {dag.py:3947} INFO - Setting next_dagrun for flights_ops_medallioin_pipe to 2026-08-19 22:00:00+00:00, run_after=2026-08-19 22:30:00+00:00
[2026-08-19T22:08:35.638+0000] {processor.py:183} INFO - Processing /opt/airflow/dags/flight-pipeline.py took 1.123 seconds
[2026-08-19T22:09:05.880+0000] {processor.py:161} INFO - Started process (PID=330) to work on /opt/airflow/dags/flight-pipeline.py
[2026-08-19T22:09:05.884+0000] {processor.py:830} INFO - Processing file /opt/airflow/dags/flight-pipeline.py for tasks to queue
[2026-08-19T22:09:05.889+0000] {logging_mixin.py:188} INFO - [2026-08-19T22:09:05.889+0000] {dagbag.py:545} INFO - Filling up the DagBag from /opt/airflow/dags/flight-pipeline.py
[2026-08-19T22:09:06.859+0000] {processor.py:840} INFO - DAG(s) 'flights_ops_medallioin_pipe' retrieved from /opt/airflow/dags/flight-pipeline.py
[2026-08-19T22:09:06.908+0000] {logging_mixin.py:188} INFO - [2026-08-19T22:09:06.907+0000] {dag.py:3089} INFO - Sync 1 DAGs
[2026-08-19T22:09:06.946+0000] {logging_mixin.py:188} INFO - [2026-08-19T22:09:06.946+0000] {dag.py:3947} INFO - Setting next_dagrun for flights_ops_medallioin_pipe to 2026-08-19 22:00:00+00:00, run_after=2026-08-19 22:30:00+00:00
[2026-08-19T22:09:06.987+0000] {processor.py:183} INFO - Processing /opt/airflow/dags/flight-pipeline.py took 1.124 seconds
[2026-08-19T22:15:47.845+0000] {processor.py:161} INFO - Started process (PID=332) to work on /opt/airflow/dags/flight-pipeline.py
[2026-08-19T22:15:47.849+0000] {processor.py:830} INFO - Processing file /opt/airflow/dags/flight-pipeline.py for tasks to queue
[2026-08-19T22:15:47.856+0000] {logging_mixin.py:188} INFO - [2026-08-19T22:15:47.856+0000] {dagbag.py:545} INFO - Filling up the DagBag from /opt/airflow/dags/flight-pipeline.py
[2026-08-19T22:15:48.957+0000] {processor.py:840} INFO - DAG(s) 'flights_ops_medallioin_pipe' retrieved from /opt/airflow/dags/flight-pipeline.py
[2026-08-19T22:15:49.016+0000] {logging_mixin.py:188} INFO - [2026-08-19T22:15:49.015+0000] {dag.py:3089} INFO - Sync 1 DAGs
[2026-08-19T22:15:49.072+0000] {logging_mixin.py:188} INFO - [2026-08-19T22:15:49.072+0000] {dag.py:3947} INFO - Setting next_dagrun for flights_ops_medallioin_pipe to 2026-08-19 22:00:00+00:00, run_after=2026-08-19 22:30:00+00:00
[2026-08-19T22:15:49.123+0000] {processor.py:183} INFO - Processing /opt/airflow/dags/flight-pipeline.py took 1.296 seconds
[2026-08-19T22:16:19.578+0000] {processor.py:161} INFO - Started process (PID=334) to work on /opt/airflow/dags/flight-pipeline.py
[2026-08-19T22:16:19.581+0000] {processor.py:830} INFO - Processing file /opt/airflow/dags/flight-pipeline.py for tasks to queue
[2026-08-19T22:16:19.586+0000] {logging_mixin.py:188} INFO - [2026-08-19T22:16:19.585+0000] {dagbag.py:545} INFO - Filling up the DagBag from /opt/airflow/dags/flight-pipeline.py
[2026-08-19T22:16:20.388+0000] {processor.py:840} INFO - DAG(s) 'flights_ops_medallioin_pipe' retrieved from /opt/airflow/dags/flight-pipeline.py
[2026-08-19T22:16:20.449+0000] {logging_mixin.py:188} INFO - [2026-08-19T22:16:20.448+0000] {dag.py:3089} INFO - Sync 1 DAGs
[2026-08-19T22:16:20.803+0000] {logging_mixin.py:188} INFO - [2026-08-19T22:16:20.802+0000] {dag.py:3947} INFO - Setting next_dagrun for flights_ops_medallioin_pipe to 2026-08-19 22:00:00+00:00, run_after=2026-08-19 22:30:00+00:00
[2026-08-19T22:16:20.840+0000] {processor.py:183} INFO - Processing /opt/airflow/dags/flight-pipeline.py took 1.275 seconds
[2026-08-19T22:16:51.184+0000] {processor.py:161} INFO - Started process (PID=336) to work on /opt/airflow/dags/flight-pipeline.py
[2026-08-19T22:16:51.188+0000] {processor.py:830} INFO - Processing file /opt/airflow/dags/flight-pipeline.py for tasks to queue
[2026-08-19T22:16:51.192+0000] {logging_mixin.py:188} INFO - [2026-08-19T22:16:51.192+0000] {dagbag.py:545} INFO - Filling up the DagBag from /opt/airflow/dags/flight-pipeline.py
[2026-08-19T22:16:51.856+0000] {processor.py:840} INFO - DAG(s) 'flights_ops_medallioin_pipe' retrieved from /opt/airflow/dags/flight-pipeline.py
[2026-08-19T22:16:51.929+0000] {logging_mixin.py:188} INFO - [2026-08-19T22:16:51.928+0000] {dag.py:3089} INFO - Sync 1 DAGs
[2026-08-19T22:16:52.322+0000] {logging_mixin.py:188} INFO - [2026-08-19T22:16:52.322+0000] {dag.py:3947} INFO - Setting next_dagrun for flights_ops_medallioin_pipe to 2026-08-19 22:00:00+00:00, run_after=2026-08-19 22:30:00+00:00
[2026-08-19T22:16:52.407+0000] {processor.py:183} INFO - Processing /opt/airflow/dags/flight-pipeline.py took 1.236 seconds
[2026-08-19T22:17:22.526+0000] {processor.py:161} INFO - Started process (PID=338) to work on /opt/airflow/dags/flight-pipeline.py
[2026-08-19T22:17:22.539+0000] {processor.py:830} INFO - Processing file /opt/airflow/dags/flight-pipeline.py for tasks to queue
[2026-08-19T22:17:22.544+0000] {logging_mixin.py:188} INFO - [2026-08-19T22:17:22.543+0000] {dagbag.py:545} INFO - Filling up the DagBag from /opt/airflow/dags/flight-pipeline.py
[2026-08-19T22:17:23.300+0000] {processor.py:840} INFO - DAG(s) 'flights_ops_medallioin_pipe' retrieved from /opt/airflow/dags/flight-pipeline.py
[2026-08-19T22:17:23.723+0000] {logging_mixin.py:188} INFO - [2026-08-19T22:17:23.723+0000] {dag.py:3089} INFO - Sync 1 DAGs
[2026-08-19T22:17:23.763+0000] {logging_mixin.py:188} INFO - [2026-08-19T22:17:23.762+0000] {dag.py:3947} INFO - Setting next_dagrun for flights_ops_medallioin_pipe to 2026-08-19 22:00:00+00:00, run_after=2026-08-19 22:30:00+00:00
[2026-08-19T22:17:23.820+0000] {processor.py:183} INFO - Processing /opt/airflow/dags/flight-pipeline.py took 1.308 seconds
[2026-08-19T22:17:54.103+0000] {processor.py:161} INFO - Started process (PID=340) to work on /opt/airflow/dags/flight-pipeline.py
[2026-08-19T22:17:54.106+0000] {processor.py:830} INFO - Processing file /opt/airflow/dags/flight-pipeline.py for tasks to queue
[2026-08-19T22:17:54.111+0000] {logging_mixin.py:188} INFO - [2026-08-19T22:17:54.111+0000] {dagbag.py:545} INFO - Filling up the DagBag from /opt/airflow/dags/flight-pipeline.py
[2026-08-19T22:17:55.089+0000] {processor.py:840} INFO - DAG(s) 'flights_ops_medallioin_pipe' retrieved from /opt/airflow/dags/flight-pipeline.py
[2026-08-19T22:17:55.537+0000] {logging_mixin.py:188} INFO - [2026-08-19T22:17:55.536+0000] {dag.py:3089} INFO - Sync 1 DAGs
[2026-08-19T22:17:55.596+0000] {logging_mixin.py:188} INFO - [2026-08-19T22:17:55.595+0000] {dag.py:3947} INFO - Setting next_dagrun for flights_ops_medallioin_pipe to 2026-08-19 22:00:00+00:00, run_after=2026-08-19 22:30:00+00:00
[2026-08-19T22:17:55.662+0000] {processor.py:183} INFO - Processing /opt/airflow/dags/flight-pipeline.py took 1.574 seconds
[2026-08-19T22:18:26.516+0000] {processor.py:161} INFO - Started process (PID=342) to work on /opt/airflow/dags/flight-pipeline.py
[2026-08-19T22:18:26.529+0000] {processor.py:830} INFO - Processing file /opt/airflow/dags/flight-pipeline.py for tasks to queue
[2026-08-19T22:18:26.556+0000] {logging_mixin.py:188} INFO - [2026-08-19T22:18:26.555+0000] {dagbag.py:545} INFO - Filling up the DagBag from /opt/airflow/dags/flight-pipeline.py
[2026-08-19T22:18:28.365+0000] {processor.py:840} INFO - DAG(s) 'flights_ops_medallioin_pipe' retrieved from /opt/airflow/dags/flight-pipeline.py
[2026-08-19T22:18:28.436+0000] {logging_mixin.py:188} INFO - [2026-08-19T22:18:28.435+0000] {dag.py:3089} INFO - Sync 1 DAGs
[2026-08-19T22:18:28.491+0000] {logging_mixin.py:188} INFO - [2026-08-19T22:18:28.491+0000] {dag.py:3947} INFO - Setting next_dagrun for flights_ops_medallioin_pipe to 2026-08-19 22:00:00+00:00, run_after=2026-08-19 22:30:00+00:00
[2026-08-19T22:18:28.533+0000] {processor.py:183} INFO - Processing /opt/airflow/dags/flight-pipeline.py took 2.051 seconds
[2026-08-19T22:18:58.827+0000] {processor.py:161} INFO - Started process (PID=344) to work on /opt/airflow/dags/flight-pipeline.py
[2026-08-19T22:18:58.831+0000] {processor.py:830} INFO - Processing file /opt/airflow/dags/flight-pipeline.py for tasks to queue
[2026-08-19T22:18:58.840+0000] {logging_mixin.py:188} INFO - [2026-08-19T22:18:58.839+0000] {dagbag.py:545} INFO - Filling up the DagBag from /opt/airflow/dags/flight-pipeline.py
[2026-08-19T22:19:00.079+0000] {processor.py:840} INFO - DAG(s) 'flights_ops_medallioin_pipe' retrieved from /opt/airflow/dags/flight-pipeline.py
[2026-08-19T22:19:00.136+0000] {logging_mixin.py:188} INFO - [2026-08-19T22:19:00.135+0000] {dag.py:3089} INFO - Sync 1 DAGs
[2026-08-19T22:19:00.173+0000] {logging_mixin.py:188} INFO - [2026-08-19T22:19:00.173+0000] {dag.py:3947} INFO - Setting next_dagrun for flights_ops_medallioin_pipe to 2026-08-19 22:00:00+00:00, run_after=2026-08-19 22:30:00+00:00
[2026-08-19T22:19:00.212+0000] {processor.py:183} INFO - Processing /opt/airflow/dags/flight-pipeline.py took 1.401 seconds
[2026-08-19T22:19:30.636+0000] {processor.py:161} INFO - Started process (PID=346) to work on /opt/airflow/dags/flight-pipeline.py
[2026-08-19T22:19:30.640+0000] {processor.py:830} INFO - Processing file /opt/airflow/dags/flight-pipeline.py for tasks to queue
[2026-08-19T22:19:30.647+0000] {logging_mixin.py:188} INFO - [2026-08-19T22:19:30.646+0000] {dagbag.py:545} INFO - Filling up the DagBag from /opt/airflow/dags/flight-pipeline.py
[2026-08-19T22:19:31.420+0000] {processor.py:840} INFO - DAG(s) 'flights_ops_medallioin_pipe' retrieved from /opt/airflow/dags/flight-pipeline.py
[2026-08-19T22:19:31.486+0000] {logging_mixin.py:188} INFO - [2026-08-19T22:19:31.485+0000] {dag.py:3089} INFO - Sync 1 DAGs
[2026-08-19T22:19:31.846+0000] {logging_mixin.py:188} INFO - [2026-08-19T22:19:31.845+0000] {dag.py:3947} INFO - Setting next_dagrun for flights_ops_medallioin_pipe to 2026-08-19 22:00:00+00:00, run_after=2026-08-19 22:30:00+00:00
[2026-08-19T22:19:31.917+0000] {processor.py:183} INFO - Processing /opt/airflow/dags/flight-pipeline.py took 1.296 seconds
[2026-08-19T22:20:02.260+0000] {processor.py:161} INFO - Started process (PID=348) to work on /opt/airflow/dags/flight-pipeline.py
[2026-08-19T22:20:02.263+0000] {processor.py:830} INFO - Processing file /opt/airflow/dags/flight-pipeline.py for tasks to queue
[2026-08-19T22:20:02.270+0000] {logging_mixin.py:188} INFO - [2026-08-19T22:20:02.269+0000] {dagbag.py:545} INFO - Filling up the DagBag from /opt/airflow/dags/flight-pipeline.py
[2026-08-19T22:20:03.245+0000] {processor.py:840} INFO - DAG(s) 'flights_ops_medallioin_pipe' retrieved from /opt/airflow/dags/flight-pipeline.py
[2026-08-19T22:20:03.301+0000] {logging_mixin.py:188} INFO - [2026-08-19T22:20:03.300+0000] {dag.py:3089} INFO - Sync 1 DAGs
[2026-08-19T22:20:03.583+0000] {logging_mixin.py:188} INFO - [2026-08-19T22:20:03.583+0000] {dag.py:3947} INFO - Setting next_dagrun for flights_ops_medallioin_pipe to 2026-08-19 22:00:00+00:00, run_after=2026-08-19 22:30:00+00:00
[2026-08-19T22:20:03.631+0000] {processor.py:183} INFO - Processing /opt/airflow/dags/flight-pipeline.py took 1.387 seconds
[2026-08-19T22:20:34.000+0000] {processor.py:161} INFO - Started process (PID=350) to work on /opt/airflow/dags/flight-pipeline.py
[2026-08-19T22:20:34.001+0000] {processor.py:830} INFO - Processing file /opt/airflow/dags/flight-pipeline.py for tasks to queue
[2026-08-19T22:20:34.008+0000] {logging_mixin.py:188} INFO - [2026-08-19T22:20:34.008+0000] {dagbag.py:545} INFO - Filling up the DagBag from /opt/airflow/dags/flight-pipeline.py
[2026-08-19T22:20:34.672+0000] {processor.py:840} INFO - DAG(s) 'flights_ops_medallioin_pipe' retrieved from /opt/airflow/dags/flight-pipeline.py
[2026-08-19T22:20:34.978+0000] {logging_mixin.py:188} INFO - [2026-08-19T22:20:34.977+0000] {dag.py:3089} INFO - Sync 1 DAGs
[2026-08-19T22:20:35.017+0000] {logging_mixin.py:188} INFO - [2026-08-19T22:20:35.017+0000] {dag.py:3947} INFO - Setting next_dagrun for flights_ops_medallioin_pipe to 2026-08-19 22:00:00+00:00, run_after=2026-08-19 22:30:00+00:00
[2026-08-19T22:20:35.054+0000] {processor.py:183} INFO - Processing /opt/airflow/dags/flight-pipeline.py took 1.076 seconds
[2026-08-19T22:21:05.335+0000] {processor.py:161} INFO - Started process (PID=352) to work on /opt/airflow/dags/flight-pipeline.py
[2026-08-19T22:21:05.339+0000] {processor.py:830} INFO - Processing file /opt/airflow/dags/flight-pipeline.py for tasks to queue
[2026-08-19T22:21:05.345+0000] {logging_mixin.py:188} INFO - [2026-08-19T22:21:05.344+0000] {dagbag.py:545} INFO - Filling up the DagBag from /opt/airflow/dags/flight-pipeline.py
[2026-08-19T22:21:06.216+0000] {processor.py:840} INFO - DAG(s) 'flights_ops_medallioin_pipe' retrieved from /opt/airflow/dags/flight-pipeline.py
[2026-08-19T22:21:06.267+0000] {logging_mixin.py:188} INFO - [2026-08-19T22:21:06.267+0000] {dag.py:3089} INFO - Sync 1 DAGs
[2026-08-19T22:21:06.306+0000] {logging_mixin.py:188} INFO - [2026-08-19T22:21:06.305+0000] {dag.py:3947} INFO - Setting next_dagrun for flights_ops_medallioin_pipe to 2026-08-19 22:00:00+00:00, run_after=2026-08-19 22:30:00+00:00
[2026-08-19T22:21:06.342+0000] {processor.py:183} INFO - Processing /opt/airflow/dags/flight-pipeline.py took 1.025 seconds
[2026-08-19T22:21:36.629+0000] {processor.py:161} INFO - Started process (PID=354) to work on /opt/airflow/dags/flight-pipeline.py
[2026-08-19T22:21:36.633+0000] {processor.py:830} INFO - Processing file /opt/airflow/dags/flight-pipeline.py for tasks to queue
[2026-08-19T22:21:36.638+0000] {logging_mixin.py:188} INFO - [2026-08-19T22:21:36.637+0000] {dagbag.py:545} INFO - Filling up the DagBag from /opt/airflow/dags/flight-pipeline.py
[2026-08-19T22:21:37.509+0000] {processor.py:840} INFO - DAG(s) 'flights_ops_medallioin_pipe' retrieved from /opt/airflow/dags/flight-pipeline.py
[2026-08-19T22:21:37.556+0000] {logging_mixin.py:188} INFO - [2026-08-19T22:21:37.556+0000] {dag.py:3089} INFO - Sync 1 DAGs
[2026-08-19T22:21:37.594+0000] {logging_mixin.py:188} INFO - [2026-08-19T22:21:37.594+0000] {dag.py:3947} INFO - Setting next_dagrun for flights_ops_medallioin_pipe to 2026-08-19 22:00:00+00:00, run_after=2026-08-19 22:30:00+00:00
[2026-08-19T22:21:37.630+0000] {processor.py:183} INFO - Processing /opt/airflow/dags/flight-pipeline.py took 1.016 seconds
[2026-08-19T22:22:07.925+0000] {processor.py:161} INFO - Started process (PID=356) to work on /opt/airflow/dags/flight-pipeline.py
[2026-08-19T22:22:07.928+0000] {processor.py:830} INFO - Processing file /opt/airflow/dags/flight-pipeline.py for tasks to queue
[2026-08-19T22:22:07.932+0000] {logging_mixin.py:188} INFO - [2026-08-19T22:22:07.932+0000] {dagbag.py:545} INFO - Filling up the DagBag from /opt/airflow/dags/flight-pipeline.py
[2026-08-19T22:22:08.773+0000] {processor.py:840} INFO - DAG(s) 'flights_ops_medallioin_pipe' retrieved from /opt/airflow/dags/flight-pipeline.py
[2026-08-19T22:22:08.818+0000] {logging_mixin.py:188} INFO - [2026-08-19T22:22:08.817+0000] {dag.py:3089} INFO - Sync 1 DAGs
[2026-08-19T22:22:08.855+0000] {logging_mixin.py:188} INFO - [2026-08-19T22:22:08.855+0000] {dag.py:3947} INFO - Setting next_dagrun for flights_ops_medallioin_pipe to 2026-08-19 22:00:00+00:00, run_after=2026-08-19 22:30:00+00:00
[2026-08-19T22:22:08.896+0000] {processor.py:183} INFO - Processing /opt/airflow/dags/flight-pipeline.py took 0.982 seconds
[2026-08-19T22:22:39.217+0000] {processor.py:161} INFO - Started process (PID=358) to work on /opt/airflow/dags/flight-pipeline.py
[2026-08-19T22:22:39.220+0000] {processor.py:830} INFO - Processing file /opt/airflow/dags/flight-pipeline.py for tasks to queue
[2026-08-19T22:22:39.224+0000] {logging_mixin.py:188} INFO - [2026-08-19T22:22:39.224+0000] {dagbag.py:545} INFO - Filling up the DagBag from /opt/airflow/dags/flight-pipeline.py
[2026-08-19T22:22:39.832+0000] {processor.py:840} INFO - DAG(s) 'flights_ops_medallioin_pipe' retrieved from /opt/airflow/dags/flight-pipeline.py
[2026-08-19T22:22:39.887+0000] {logging_mixin.py:188} INFO - [2026-08-19T22:22:39.886+0000] {dag.py:3089} INFO - Sync 1 DAGs
[2026-08-19T22:22:40.159+0000] {logging_mixin.py:188} INFO - [2026-08-19T22:22:40.159+0000] {dag.py:3947} INFO - Setting next_dagrun for flights_ops_medallioin_pipe to 2026-08-19 22:00:00+00:00, run_after=2026-08-19 22:30:00+00:00
[2026-08-19T22:22:40.196+0000] {processor.py:183} INFO - Processing /opt/airflow/dags/flight-pipeline.py took 0.990 seconds
[2026-08-19T22:23:10.515+0000] {processor.py:161} INFO - Started process (PID=360) to work on /opt/airflow/dags/flight-pipeline.py
[2026-08-19T22:23:10.518+0000] {processor.py:830} INFO - Processing file /opt/airflow/dags/flight-pipeline.py for tasks to queue
[2026-08-19T22:23:10.522+0000] {logging_mixin.py:188} INFO - [2026-08-19T22:23:10.521+0000] {dagbag.py:545} INFO - Filling up the DagBag from /opt/airflow/dags/flight-pipeline.py
[2026-08-19T22:23:11.119+0000] {processor.py:840} INFO - DAG(s) 'flights_ops_medallioin_pipe' retrieved from /opt/airflow/dags/flight-pipeline.py
[2026-08-19T22:23:11.173+0000] {logging_mixin.py:188} INFO - [2026-08-19T22:23:11.172+0000] {dag.py:3089} INFO - Sync 1 DAGs
[2026-08-19T22:23:11.499+0000] {logging_mixin.py:188} INFO - [2026-08-19T22:23:11.498+0000] {dag.py:3947} INFO - Setting next_dagrun for flights_ops_medallioin_pipe to 2026-08-19 22:00:00+00:00, run_after=2026-08-19 22:30:00+00:00
[2026-08-19T22:23:11.537+0000] {processor.py:183} INFO - Processing /opt/airflow/dags/flight-pipeline.py took 1.033 seconds
[2026-08-19T22:23:41.801+0000] {processor.py:161} INFO - Started process (PID=362) to work on /opt/airflow/dags/flight-pipeline.py
[2026-08-19T22:23:41.804+0000] {processor.py:830} INFO - Processing file /opt/airflow/dags/flight-pipeline.py for tasks to queue
[2026-08-19T22:23:41.809+0000] {logging_mixin.py:188} INFO - [2026-08-19T22:23:41.809+0000] {dagbag.py:545} INFO - Filling up the DagBag from /opt/airflow/dags/flight-pipeline.py
[2026-08-19T22:23:42.456+0000] {processor.py:840} INFO - DAG(s) 'flights_ops_medallioin_pipe' retrieved from /opt/airflow/dags/flight-pipeline.py
[2026-08-19T22:23:42.841+0000] {logging_mixin.py:188} INFO - [2026-08-19T22:23:42.840+0000] {dag.py:3089} INFO - Sync 1 DAGs
[2026-08-19T22:23:42.882+0000] {logging_mixin.py:188} INFO - [2026-08-19T22:23:42.882+0000] {dag.py:3947} INFO - Setting next_dagrun for flights_ops_medallioin_pipe to 2026-08-19 22:00:00+00:00, run_after=2026-08-19 22:30:00+00:00
[2026-08-19T22:23:42.919+0000] {processor.py:183} INFO - Processing /opt/airflow/dags/flight-pipeline.py took 1.129 seconds
[2026-08-19T22:24:13.115+0000] {processor.py:161} INFO - Started process (PID=364) to work on /opt/airflow/dags/flight-pipeline.py
[2026-08-19T22:24:13.119+0000] {processor.py:830} INFO - Processing file /opt/airflow/dags/flight-pipeline.py for tasks to queue
[2026-08-19T22:24:13.133+0000] {logging_mixin.py:188} INFO - [2026-08-19T22:24:13.132+0000] {dagbag.py:545} INFO - Filling up the DagBag from /opt/airflow/dags/flight-pipeline.py
[2026-08-19T22:24:13.993+0000] {processor.py:840} INFO - DAG(s) 'flights_ops_medallioin_pipe' retrieved from /opt/airflow/dags/flight-pipeline.py
[2026-08-19T22:24:14.039+0000] {logging_mixin.py:188} INFO - [2026-08-19T22:24:14.038+0000] {dag.py:3089} INFO - Sync 1 DAGs
[2026-08-19T22:24:14.075+0000] {logging_mixin.py:188} INFO - [2026-08-19T22:24:14.075+0000] {dag.py:3947} INFO - Setting next_dagrun for flights_ops_medallioin_pipe to 2026-08-19 22:00:00+00:00, run_after=2026-08-19 22:30:00+00:00
[2026-08-19T22:24:14.110+0000] {processor.py:183} INFO - Processing /opt/airflow/dags/flight-pipeline.py took 1.020 seconds
[2026-08-19T22:24:44.370+0000] {processor.py:161} INFO - Started process (PID=366) to work on /opt/airflow/dags/flight-pipeline.py
[2026-08-19T22:24:44.373+0000] {processor.py:830} INFO - Processing file /opt/airflow/dags/flight-pipeline.py for tasks to queue
[2026-08-19T22:24:44.378+0000] {logging_mixin.py:188} INFO - [2026-08-19T22:24:44.377+0000] {dagbag.py:545} INFO - Filling up the DagBag from /opt/airflow/dags/flight-pipeline.py
[2026-08-19T22:24:45.303+0000] {processor.py:840} INFO - DAG(s) 'flights_ops_medallioin_pipe' retrieved from /opt/airflow/dags/flight-pipeline.py
[2026-08-19T22:24:45.351+0000] {logging_mixin.py:188} INFO - [2026-08-19T22:24:45.351+0000] {dag.py:3089} INFO - Sync 1 DAGs
[2026-08-19T22:24:45.388+0000] {logging_mixin.py:188} INFO - [2026-08-19T22:24:45.388+0000] {dag.py:3947} INFO - Setting next_dagrun for flights_ops_medallioin_pipe to 2026-08-19 22:00:00+00:00, run_after=2026-08-19 22:30:00+00:00
[2026-08-19T22:24:45.424+0000] {processor.py:183} INFO - Processing /opt/airflow/dags/flight-pipeline.py took 1.065 seconds
[2026-08-19T22:25:15.661+0000] {processor.py:161} INFO - Started process (PID=368) to work on /opt/airflow/dags/flight-pipeline.py
[2026-08-19T22:25:15.664+0000] {processor.py:830} INFO - Processing file /opt/airflow/dags/flight-pipeline.py for tasks to queue
[2026-08-19T22:25:15.668+0000] {logging_mixin.py:188} INFO - [2026-08-19T22:25:15.668+0000] {dagbag.py:545} INFO - Filling up the DagBag from /opt/airflow/dags/flight-pipeline.py
[2026-08-19T22:25:16.666+0000] {processor.py:840} INFO - DAG(s) 'flights_ops_medallioin_pipe' retrieved from /opt/airflow/dags/flight-pipeline.py
[2026-08-19T22:25:16.752+0000] {logging_mixin.py:188} INFO - [2026-08-19T22:25:16.751+0000] {dag.py:3089} INFO - Sync 1 DAGs
[2026-08-19T22:25:16.793+0000] {logging_mixin.py:188} INFO - [2026-08-19T22:25:16.793+0000] {dag.py:3947} INFO - Setting next_dagrun for flights_ops_medallioin_pipe to 2026-08-19 22:00:00+00:00, run_after=2026-08-19 22:30:00+00:00
[2026-08-19T22:25:16.832+0000] {processor.py:183} INFO - Processing /opt/airflow/dags/flight-pipeline.py took 1.184 seconds
[2026-08-19T22:25:47.031+0000] {processor.py:161} INFO - Started process (PID=370) to work on /opt/airflow/dags/flight-pipeline.py
[2026-08-19T22:25:47.034+0000] {processor.py:830} INFO - Processing file /opt/airflow/dags/flight-pipeline.py for tasks to queue
[2026-08-19T22:25:47.039+0000] {logging_mixin.py:188} INFO - [2026-08-19T22:25:47.038+0000] {dagbag.py:545} INFO - Filling up the DagBag from /opt/airflow/dags/flight-pipeline.py
[2026-08-19T22:25:47.711+0000] {processor.py:840} INFO - DAG(s) 'flights_ops_medallioin_pipe' retrieved from /opt/airflow/dags/flight-pipeline.py
[2026-08-19T22:25:47.774+0000] {logging_mixin.py:188} INFO - [2026-08-19T22:25:47.774+0000] {dag.py:3089} INFO - Sync 1 DAGs
[2026-08-19T22:25:48.136+0000] {logging_mixin.py:188} INFO - [2026-08-19T22:25:48.135+0000] {dag.py:3947} INFO - Setting next_dagrun for flights_ops_medallioin_pipe to 2026-08-19 22:00:00+00:00, run_after=2026-08-19 22:30:00+00:00
[2026-08-19T22:25:48.172+0000] {processor.py:183} INFO - Processing /opt/airflow/dags/flight-pipeline.py took 1.155 seconds
[2026-08-19T22:26:18.487+0000] {processor.py:161} INFO - Started process (PID=372) to work on /opt/airflow/dags/flight-pipeline.py
[2026-08-19T22:26:18.490+0000] {processor.py:830} INFO - Processing file /opt/airflow/dags/flight-pipeline.py for tasks to queue
[2026-08-19T22:26:18.495+0000] {logging_mixin.py:188} INFO - [2026-08-19T22:26:18.494+0000] {dagbag.py:545} INFO - Filling up the DagBag from /opt/airflow/dags/flight-pipeline.py
[2026-08-19T22:26:19.151+0000] {processor.py:840} INFO - DAG(s) 'flights_ops_medallioin_pipe' retrieved from /opt/airflow/dags/flight-pipeline.py
[2026-08-19T22:26:19.453+0000] {logging_mixin.py:188} INFO - [2026-08-19T22:26:19.452+0000] {dag.py:3089} INFO - Sync 1 DAGs
[2026-08-19T22:26:19.494+0000] {logging_mixin.py:188} INFO - [2026-08-19T22:26:19.493+0000] {dag.py:3947} INFO - Setting next_dagrun for flights_ops_medallioin_pipe to 2026-08-19 22:00:00+00:00, run_after=2026-08-19 22:30:00+00:00
[2026-08-19T22:26:19.532+0000] {processor.py:183} INFO - Processing /opt/airflow/dags/flight-pipeline.py took 1.057 seconds
[2026-08-19T22:26:49.796+0000] {processor.py:161} INFO - Started process (PID=374) to work on /opt/airflow/dags/flight-pipeline.py
[2026-08-19T22:26:49.799+0000] {processor.py:830} INFO - Processing file /opt/airflow/dags/flight-pipeline.py for tasks to queue
[2026-08-19T22:26:49.804+0000] {logging_mixin.py:188} INFO - [2026-08-19T22:26:49.803+0000] {dagbag.py:545} INFO - Filling up the DagBag from /opt/airflow/dags/flight-pipeline.py
[2026-08-19T22:26:50.434+0000] {processor.py:840} INFO - DAG(s) 'flights_ops_medallioin_pipe' retrieved from /opt/airflow/dags/flight-pipeline.py
[2026-08-19T22:26:50.727+0000] {logging_mixin.py:188} INFO - [2026-08-19T22:26:50.726+0000] {dag.py:3089} INFO - Sync 1 DAGs
[2026-08-19T22:26:50.764+0000] {logging_mixin.py:188} INFO - [2026-08-19T22:26:50.763+0000] {dag.py:3947} INFO - Setting next_dagrun for flights_ops_medallioin_pipe to 2026-08-19 22:00:00+00:00, run_after=2026-08-19 22:30:00+00:00
[2026-08-19T22:26:50.800+0000] {processor.py:183} INFO - Processing /opt/airflow/dags/flight-pipeline.py took 1.017 seconds
[2026-08-19T22:27:21.108+0000] {processor.py:161} INFO - Started process (PID=376) to work on /opt/airflow/dags/flight-pipeline.py
[2026-08-19T22:27:21.110+0000] {processor.py:830} INFO - Processing file /opt/airflow/dags/flight-pipeline.py for tasks to queue
[2026-08-19T22:27:21.115+0000] {logging_mixin.py:188} INFO - [2026-08-19T22:27:21.114+0000] {dagbag.py:545} INFO - Filling up the DagBag from /opt/airflow/dags/flight-pipeline.py
[2026-08-19T22:27:21.966+0000] {processor.py:840} INFO - DAG(s) 'flights_ops_medallioin_pipe' retrieved from /opt/airflow/dags/flight-pipeline.py
[2026-08-19T22:27:22.013+0000] {logging_mixin.py:188} INFO - [2026-08-19T22:27:22.012+0000] {dag.py:3089} INFO - Sync 1 DAGs
[2026-08-19T22:27:22.049+0000] {logging_mixin.py:188} INFO - [2026-08-19T22:27:22.049+0000] {dag.py:3947} INFO - Setting next_dagrun for flights_ops_medallioin_pipe to 2026-08-19 22:00:00+00:00, run_after=2026-08-19 22:30:00+00:00
[2026-08-19T22:27:22.082+0000] {processor.py:183} INFO - Processing /opt/airflow/dags/flight-pipeline.py took 0.986 seconds
[2026-08-19T22:27:52.400+0000] {processor.py:161} INFO - Started process (PID=378) to work on /opt/airflow/dags/flight-pipeline.py
[2026-08-19T22:27:52.402+0000] {processor.py:830} INFO - Processing file /opt/airflow/dags/flight-pipeline.py for tasks to queue
[2026-08-19T22:27:52.407+0000] {logging_mixin.py:188} INFO - [2026-08-19T22:27:52.406+0000] {dagbag.py:545} INFO - Filling up the DagBag from /opt/airflow/dags/flight-pipeline.py
[2026-08-19T22:27:53.347+0000] {processor.py:840} INFO - DAG(s) 'flights_ops_medallioin_pipe' retrieved from /opt/airflow/dags/flight-pipeline.py
[2026-08-19T22:27:53.390+0000] {logging_mixin.py:188} INFO - [2026-08-19T22:27:53.390+0000] {dag.py:3089} INFO - Sync 1 DAGs
[2026-08-19T22:27:53.425+0000] {logging_mixin.py:188} INFO - [2026-08-19T22:27:53.424+0000] {dag.py:3947} INFO - Setting next_dagrun for flights_ops_medallioin_pipe to 2026-08-19 22:00:00+00:00, run_after=2026-08-19 22:30:00+00:00
[2026-08-19T22:27:53.462+0000] {processor.py:183} INFO - Processing /opt/airflow/dags/flight-pipeline.py took 1.074 seconds
[2026-08-19T22:28:23.672+0000] {processor.py:161} INFO - Started process (PID=380) to work on /opt/airflow/dags/flight-pipeline.py
[2026-08-19T22:28:23.675+0000] {processor.py:830} INFO - Processing file /opt/airflow/dags/flight-pipeline.py for tasks to queue
[2026-08-19T22:28:23.679+0000] {logging_mixin.py:188} INFO - [2026-08-19T22:28:23.679+0000] {dagbag.py:545} INFO - Filling up the DagBag from /opt/airflow/dags/flight-pipeline.py
[2026-08-19T22:28:24.505+0000] {processor.py:840} INFO - DAG(s) 'flights_ops_medallioin_pipe' retrieved from /opt/airflow/dags/flight-pipeline.py
[2026-08-19T22:28:24.549+0000] {logging_mixin.py:188} INFO - [2026-08-19T22:28:24.548+0000] {dag.py:3089} INFO - Sync 1 DAGs
[2026-08-19T22:28:24.586+0000] {logging_mixin.py:188} INFO - [2026-08-19T22:28:24.585+0000] {dag.py:3947} INFO - Setting next_dagrun for flights_ops_medallioin_pipe to 2026-08-19 22:00:00+00:00, run_after=2026-08-19 22:30:00+00:00
[2026-08-19T22:28:24.618+0000] {processor.py:183} INFO - Processing /opt/airflow/dags/flight-pipeline.py took 0.957 seconds
[2026-08-19T22:28:55.031+0000] {processor.py:161} INFO - Started process (PID=382) to work on /opt/airflow/dags/flight-pipeline.py
[2026-08-19T22:28:55.035+0000] {processor.py:830} INFO - Processing file /opt/airflow/dags/flight-pipeline.py for tasks to queue
[2026-08-19T22:28:55.040+0000] {logging_mixin.py:188} INFO - [2026-08-19T22:28:55.039+0000] {dagbag.py:545} INFO - Filling up the DagBag from /opt/airflow/dags/flight-pipeline.py
[2026-08-19T22:28:55.657+0000] {processor.py:840} INFO - DAG(s) 'flights_ops_medallioin_pipe' retrieved from /opt/airflow/dags/flight-pipeline.py
[2026-08-19T22:28:55.708+0000] {logging_mixin.py:188} INFO - [2026-08-19T22:28:55.707+0000] {dag.py:3089} INFO - Sync 1 DAGs
[2026-08-19T22:28:56.016+0000] {logging_mixin.py:188} INFO - [2026-08-19T22:28:56.006+0000] {dag.py:3947} INFO - Setting next_dagrun for flights_ops_medallioin_pipe to 2026-08-19 22:00:00+00:00, run_after=2026-08-19 22:30:00+00:00
[2026-08-19T22:28:56.062+0000] {processor.py:183} INFO - Processing /opt/airflow/dags/flight-pipeline.py took 1.046 seconds
[2026-08-19T22:29:26.332+0000] {processor.py:161} INFO - Started process (PID=384) to work on /opt/airflow/dags/flight-pipeline.py
[2026-08-19T22:29:26.335+0000] {processor.py:830} INFO - Processing file /opt/airflow/dags/flight-pipeline.py for tasks to queue
[2026-08-19T22:29:26.342+0000] {logging_mixin.py:188} INFO - [2026-08-19T22:29:26.341+0000] {dagbag.py:545} INFO - Filling up the DagBag from /opt/airflow/dags/flight-pipeline.py
[2026-08-19T22:29:26.925+0000] {processor.py:840} INFO - DAG(s) 'flights_ops_medallioin_pipe' retrieved from /opt/airflow/dags/flight-pipeline.py
[2026-08-19T22:29:27.205+0000] {logging_mixin.py:188} INFO - [2026-08-19T22:29:27.205+0000] {dag.py:3089} INFO - Sync 1 DAGs
[2026-08-19T22:29:27.245+0000] {logging_mixin.py:188} INFO - [2026-08-19T22:29:27.244+0000] {dag.py:3947} INFO - Setting next_dagrun for flights_ops_medallioin_pipe to 2026-08-19 22:00:00+00:00, run_after=2026-08-19 22:30:00+00:00
[2026-08-19T22:29:27.279+0000] {processor.py:183} INFO - Processing /opt/airflow/dags/flight-pipeline.py took 0.960 seconds
[2026-08-19T22:29:57.636+0000] {processor.py:161} INFO - Started process (PID=386) to work on /opt/airflow/dags/flight-pipeline.py
[2026-08-19T22:29:57.639+0000] {processor.py:830} INFO - Processing file /opt/airflow/dags/flight-pipeline.py for tasks to queue
[2026-08-19T22:29:57.645+0000] {logging_mixin.py:188} INFO - [2026-08-19T22:29:57.644+0000] {dagbag.py:545} INFO - Filling up the DagBag from /opt/airflow/dags/flight-pipeline.py
[2026-08-19T22:29:58.274+0000] {processor.py:840} INFO - DAG(s) 'flights_ops_medallioin_pipe' retrieved from /opt/airflow/dags/flight-pipeline.py
[2026-08-19T22:29:58.558+0000] {logging_mixin.py:188} INFO - [2026-08-19T22:29:58.558+0000] {dag.py:3089} INFO - Sync 1 DAGs
[2026-08-19T22:29:58.594+0000] {logging_mixin.py:188} INFO - [2026-08-19T22:29:58.593+0000] {dag.py:3947} INFO - Setting next_dagrun for flights_ops_medallioin_pipe to 2026-08-19 22:00:00+00:00, run_after=2026-08-19 22:30:00+00:00
[2026-08-19T22:29:58.628+0000] {processor.py:183} INFO - Processing /opt/airflow/dags/flight-pipeline.py took 1.005 seconds
[2026-08-19T22:30:28.915+0000] {processor.py:161} INFO - Started process (PID=408) to work on /opt/airflow/dags/flight-pipeline.py
[2026-08-19T22:30:28.918+0000] {processor.py:830} INFO - Processing file /opt/airflow/dags/flight-pipeline.py for tasks to queue
[2026-08-19T22:30:28.923+0000] {logging_mixin.py:188} INFO - [2026-08-19T22:30:28.923+0000] {dagbag.py:545} INFO - Filling up the DagBag from /opt/airflow/dags/flight-pipeline.py
[2026-08-19T22:30:29.749+0000] {processor.py:840} INFO - DAG(s) 'flights_ops_medallioin_pipe' retrieved from /opt/airflow/dags/flight-pipeline.py
[2026-08-19T22:30:29.795+0000] {logging_mixin.py:188} INFO - [2026-08-19T22:30:29.795+0000] {dag.py:3089} INFO - Sync 1 DAGs
[2026-08-19T22:30:29.830+0000] {logging_mixin.py:188} INFO - [2026-08-19T22:30:29.830+0000] {dag.py:3947} INFO - Setting next_dagrun for flights_ops_medallioin_pipe to 2026-08-19 22:30:00+00:00, run_after=2026-08-19 23:00:00+00:00
[2026-08-19T22:30:29.863+0000] {processor.py:183} INFO - Processing /opt/airflow/dags/flight-pipeline.py took 0.959 seconds
[2026-08-19T22:31:00.240+0000] {processor.py:161} INFO - Started process (PID=410) to work on /opt/airflow/dags/flight-pipeline.py
[2026-08-19T22:31:00.243+0000] {processor.py:830} INFO - Processing file /opt/airflow/dags/flight-pipeline.py for tasks to queue
[2026-08-19T22:31:00.247+0000] {logging_mixin.py:188} INFO - [2026-08-19T22:31:00.246+0000] {dagbag.py:545} INFO - Filling up the DagBag from /opt/airflow/dags/flight-pipeline.py
[2026-08-19T22:31:01.061+0000] {processor.py:840} INFO - DAG(s) 'flights_ops_medallioin_pipe' retrieved from /opt/airflow/dags/flight-pipeline.py
[2026-08-19T22:31:01.109+0000] {logging_mixin.py:188} INFO - [2026-08-19T22:31:01.108+0000] {dag.py:3089} INFO - Sync 1 DAGs
[2026-08-19T22:31:01.145+0000] {logging_mixin.py:188} INFO - [2026-08-19T22:31:01.145+0000] {dag.py:3947} INFO - Setting next_dagrun for flights_ops_medallioin_pipe to 2026-08-19 22:30:00+00:00, run_after=2026-08-19 23:00:00+00:00
[2026-08-19T22:31:01.179+0000] {processor.py:183} INFO - Processing /opt/airflow/dags/flight-pipeline.py took 0.950 seconds
[2026-08-19T22:31:31.501+0000] {processor.py:161} INFO - Started process (PID=412) to work on /opt/airflow/dags/flight-pipeline.py
[2026-08-19T22:31:31.504+0000] {processor.py:830} INFO - Processing file /opt/airflow/dags/flight-pipeline.py for tasks to queue
[2026-08-19T22:31:31.509+0000] {logging_mixin.py:188} INFO - [2026-08-19T22:31:31.508+0000] {dagbag.py:545} INFO - Filling up the DagBag from /opt/airflow/dags/flight-pipeline.py
[2026-08-19T22:31:32.182+0000] {processor.py:840} INFO - DAG(s) 'flights_ops_medallioin_pipe' retrieved from /opt/airflow/dags/flight-pipeline.py
[2026-08-19T22:31:32.240+0000] {logging_mixin.py:188} INFO - [2026-08-19T22:31:32.239+0000] {dag.py:3089} INFO - Sync 1 DAGs
[2026-08-19T22:31:32.561+0000] {logging_mixin.py:188} INFO - [2026-08-19T22:31:32.560+0000] {dag.py:3947} INFO - Setting next_dagrun for flights_ops_medallioin_pipe to 2026-08-19 22:30:00+00:00, run_after=2026-08-19 23:00:00+00:00
[2026-08-19T22:31:32.601+0000] {processor.py:183} INFO - Processing /opt/airflow/dags/flight-pipeline.py took 1.111 seconds
[2026-08-19T22:32:02.819+0000] {processor.py:161} INFO - Started process (PID=414) to work on /opt/airflow/dags/flight-pipeline.py
[2026-08-19T22:32:02.822+0000] {processor.py:830} INFO - Processing file /opt/airflow/dags/flight-pipeline.py for tasks to queue
[2026-08-19T22:32:02.827+0000] {logging_mixin.py:188} INFO - [2026-08-19T22:32:02.826+0000] {dagbag.py:545} INFO - Filling up the DagBag from /opt/airflow/dags/flight-pipeline.py
[2026-08-19T22:32:03.598+0000] {processor.py:840} INFO - DAG(s) 'flights_ops_medallioin_pipe' retrieved from /opt/airflow/dags/flight-pipeline.py
[2026-08-19T22:32:03.658+0000] {logging_mixin.py:188} INFO - [2026-08-19T22:32:03.657+0000] {dag.py:3089} INFO - Sync 1 DAGs
[2026-08-19T22:32:03.964+0000] {logging_mixin.py:188} INFO - [2026-08-19T22:32:03.963+0000] {dag.py:3947} INFO - Setting next_dagrun for flights_ops_medallioin_pipe to 2026-08-19 22:30:00+00:00, run_after=2026-08-19 23:00:00+00:00
[2026-08-19T22:32:04.002+0000] {processor.py:183} INFO - Processing /opt/airflow/dags/flight-pipeline.py took 1.195 seconds
[2026-08-19T22:32:34.271+0000] {processor.py:161} INFO - Started process (PID=416) to work on /opt/airflow/dags/flight-pipeline.py
[2026-08-19T22:32:34.275+0000] {processor.py:830} INFO - Processing file /opt/airflow/dags/flight-pipeline.py for tasks to queue
[2026-08-19T22:32:34.280+0000] {logging_mixin.py:188} INFO - [2026-08-19T22:32:34.280+0000] {dagbag.py:545} INFO - Filling up the DagBag from /opt/airflow/dags/flight-pipeline.py
[2026-08-19T22:32:34.958+0000] {processor.py:840} INFO - DAG(s) 'flights_ops_medallioin_pipe' retrieved from /opt/airflow/dags/flight-pipeline.py
[2026-08-19T22:32:35.283+0000] {logging_mixin.py:188} INFO - [2026-08-19T22:32:35.282+0000] {dag.py:3089} INFO - Sync 1 DAGs
[2026-08-19T22:32:35.325+0000] {logging_mixin.py:188} INFO - [2026-08-19T22:32:35.325+0000] {dag.py:3947} INFO - Setting next_dagrun for flights_ops_medallioin_pipe to 2026-08-19 22:30:00+00:00, run_after=2026-08-19 23:00:00+00:00
[2026-08-19T22:32:35.360+0000] {processor.py:183} INFO - Processing /opt/airflow/dags/flight-pipeline.py took 1.113 seconds
[2026-08-19T22:33:05.591+0000] {processor.py:161} INFO - Started process (PID=418) to work on /opt/airflow/dags/flight-pipeline.py
[2026-08-19T22:33:05.593+0000] {processor.py:830} INFO - Processing file /opt/airflow/dags/flight-pipeline.py for tasks to queue
[2026-08-19T22:33:05.598+0000] {logging_mixin.py:188} INFO - [2026-08-19T22:33:05.598+0000] {dagbag.py:545} INFO - Filling up the DagBag from /opt/airflow/dags/flight-pipeline.py
[2026-08-19T22:33:06.490+0000] {processor.py:840} INFO - DAG(s) 'flights_ops_medallioin_pipe' retrieved from /opt/airflow/dags/flight-pipeline.py
[2026-08-19T22:33:06.537+0000] {logging_mixin.py:188} INFO - [2026-08-19T22:33:06.536+0000] {dag.py:3089} INFO - Sync 1 DAGs
[2026-08-19T22:33:06.577+0000] {logging_mixin.py:188} INFO - [2026-08-19T22:33:06.577+0000] {dag.py:3947} INFO - Setting next_dagrun for flights_ops_medallioin_pipe to 2026-08-19 22:30:00+00:00, run_after=2026-08-19 23:00:00+00:00
[2026-08-19T22:33:06.613+0000] {processor.py:183} INFO - Processing /opt/airflow/dags/flight-pipeline.py took 1.034 seconds
[2026-08-19T22:33:36.888+0000] {processor.py:161} INFO - Started process (PID=420) to work on /opt/airflow/dags/flight-pipeline.py
[2026-08-19T22:33:36.891+0000] {processor.py:830} INFO - Processing file /opt/airflow/dags/flight-pipeline.py for tasks to queue
[2026-08-19T22:33:36.895+0000] {logging_mixin.py:188} INFO - [2026-08-19T22:33:36.895+0000] {dagbag.py:545} INFO - Filling up the DagBag from /opt/airflow/dags/flight-pipeline.py
[2026-08-19T22:33:37.764+0000] {processor.py:840} INFO - DAG(s) 'flights_ops_medallioin_pipe' retrieved from /opt/airflow/dags/flight-pipeline.py
[2026-08-19T22:33:37.811+0000] {logging_mixin.py:188} INFO - [2026-08-19T22:33:37.810+0000] {dag.py:3089} INFO - Sync 1 DAGs
[2026-08-19T22:33:37.849+0000] {logging_mixin.py:188} INFO - [2026-08-19T22:33:37.849+0000] {dag.py:3947} INFO - Setting next_dagrun for flights_ops_medallioin_pipe to 2026-08-19 22:30:00+00:00, run_after=2026-08-19 23:00:00+00:00
[2026-08-19T22:33:37.885+0000] {processor.py:183} INFO - Processing /opt/airflow/dags/flight-pipeline.py took 1.011 seconds
[2026-08-19T22:34:08.174+0000] {processor.py:161} INFO - Started process (PID=422) to work on /opt/airflow/dags/flight-pipeline.py
[2026-08-19T22:34:08.178+0000] {processor.py:830} INFO - Processing file /opt/airflow/dags/flight-pipeline.py for tasks to queue
[2026-08-19T22:34:08.183+0000] {logging_mixin.py:188} INFO - [2026-08-19T22:34:08.183+0000] {dagbag.py:545} INFO - Filling up the DagBag from /opt/airflow/dags/flight-pipeline.py
[2026-08-19T22:34:09.005+0000] {processor.py:840} INFO - DAG(s) 'flights_ops_medallioin_pipe' retrieved from /opt/airflow/dags/flight-pipeline.py
[2026-08-19T22:34:09.048+0000] {logging_mixin.py:188} INFO - [2026-08-19T22:34:09.047+0000] {dag.py:3089} INFO - Sync 1 DAGs
[2026-08-19T22:34:09.084+0000] {logging_mixin.py:188} INFO - [2026-08-19T22:34:09.083+0000] {dag.py:3947} INFO - Setting next_dagrun for flights_ops_medallioin_pipe to 2026-08-19 22:30:00+00:00, run_after=2026-08-19 23:00:00+00:00
[2026-08-19T22:34:09.116+0000] {processor.py:183} INFO - Processing /opt/airflow/dags/flight-pipeline.py took 0.955 seconds
[2026-08-19T22:34:39.472+0000] {processor.py:161} INFO - Started process (PID=424) to work on /opt/airflow/dags/flight-pipeline.py
[2026-08-19T22:34:39.474+0000] {processor.py:830} INFO - Processing file /opt/airflow/dags/flight-pipeline.py for tasks to queue
[2026-08-19T22:34:39.479+0000] {logging_mixin.py:188} INFO - [2026-08-19T22:34:39.478+0000] {dagbag.py:545} INFO - Filling up the DagBag from /opt/airflow/dags/flight-pipeline.py
[2026-08-19T22:34:40.524+0000] {processor.py:840} INFO - DAG(s) 'flights_ops_medallioin_pipe' retrieved from /opt/airflow/dags/flight-pipeline.py
[2026-08-19T22:34:40.578+0000] {logging_mixin.py:188} INFO - [2026-08-19T22:34:40.577+0000] {dag.py:3089} INFO - Sync 1 DAGs
[2026-08-19T22:34:40.626+0000] {logging_mixin.py:188} INFO - [2026-08-19T22:34:40.626+0000] {dag.py:3947} INFO - Setting next_dagrun for flights_ops_medallioin_pipe to 2026-08-19 22:30:00+00:00, run_after=2026-08-19 23:00:00+00:00
[2026-08-19T22:34:40.675+0000] {processor.py:183} INFO - Processing /opt/airflow/dags/flight-pipeline.py took 1.215 seconds
[2026-08-19T22:35:10.762+0000] {processor.py:161} INFO - Started process (PID=426) to work on /opt/airflow/dags/flight-pipeline.py
[2026-08-19T22:35:10.764+0000] {processor.py:830} INFO - Processing file /opt/airflow/dags/flight-pipeline.py for tasks to queue
[2026-08-19T22:35:10.769+0000] {logging_mixin.py:188} INFO - [2026-08-19T22:35:10.768+0000] {dagbag.py:545} INFO - Filling up the DagBag from /opt/airflow/dags/flight-pipeline.py
[2026-08-19T22:35:11.341+0000] {processor.py:840} INFO - DAG(s) 'flights_ops_medallioin_pipe' retrieved from /opt/airflow/dags/flight-pipeline.py
[2026-08-19T22:35:11.394+0000] {logging_mixin.py:188} INFO - [2026-08-19T22:35:11.393+0000] {dag.py:3089} INFO - Sync 1 DAGs
[2026-08-19T22:35:11.668+0000] {logging_mixin.py:188} INFO - [2026-08-19T22:35:11.668+0000] {dag.py:3947} INFO - Setting next_dagrun for flights_ops_medallioin_pipe to 2026-08-19 22:30:00+00:00, run_after=2026-08-19 23:00:00+00:00
[2026-08-19T22:35:11.700+0000] {processor.py:183} INFO - Processing /opt/airflow/dags/flight-pipeline.py took 0.950 seconds
[2026-08-19T22:35:42.041+0000] {processor.py:161} INFO - Started process (PID=428) to work on /opt/airflow/dags/flight-pipeline.py
[2026-08-19T22:35:42.045+0000] {processor.py:830} INFO - Processing file /opt/airflow/dags/flight-pipeline.py for tasks to queue
[2026-08-19T22:35:42.050+0000] {logging_mixin.py:188} INFO - [2026-08-19T22:35:42.050+0000] {dagbag.py:545} INFO - Filling up the DagBag from /opt/airflow/dags/flight-pipeline.py
[2026-08-19T22:35:42.871+0000] {processor.py:840} INFO - DAG(s) 'flights_ops_medallioin_pipe' retrieved from /opt/airflow/dags/flight-pipeline.py
[2026-08-19T22:35:43.224+0000] {logging_mixin.py:188} INFO - [2026-08-19T22:35:43.223+0000] {dag.py:3089} INFO - Sync 1 DAGs
[2026-08-19T22:35:43.287+0000] {logging_mixin.py:188} INFO - [2026-08-19T22:35:43.286+0000] {dag.py:3947} INFO - Setting next_dagrun for flights_ops_medallioin_pipe to 2026-08-19 22:30:00+00:00, run_after=2026-08-19 23:00:00+00:00
[2026-08-19T22:35:43.327+0000] {processor.py:183} INFO - Processing /opt/airflow/dags/flight-pipeline.py took 1.302 seconds
[2026-08-19T22:36:13.610+0000] {processor.py:161} INFO - Started process (PID=430) to work on /opt/airflow/dags/flight-pipeline.py
[2026-08-19T22:36:13.613+0000] {processor.py:830} INFO - Processing file /opt/airflow/dags/flight-pipeline.py for tasks to queue
[2026-08-19T22:36:13.618+0000] {logging_mixin.py:188} INFO - [2026-08-19T22:36:13.617+0000] {dagbag.py:545} INFO - Filling up the DagBag from /opt/airflow/dags/flight-pipeline.py
[2026-08-19T22:36:14.471+0000] {processor.py:840} INFO - DAG(s) 'flights_ops_medallioin_pipe' retrieved from /opt/airflow/dags/flight-pipeline.py
[2026-08-19T22:36:14.514+0000] {logging_mixin.py:188} INFO - [2026-08-19T22:36:14.513+0000] {dag.py:3089} INFO - Sync 1 DAGs
[2026-08-19T22:36:14.553+0000] {logging_mixin.py:188} INFO - [2026-08-19T22:36:14.553+0000] {dag.py:3947} INFO - Setting next_dagrun for flights_ops_medallioin_pipe to 2026-08-19 22:30:00+00:00, run_after=2026-08-19 23:00:00+00:00
[2026-08-19T22:36:14.589+0000] {processor.py:183} INFO - Processing /opt/airflow/dags/flight-pipeline.py took 0.990 seconds
[2026-08-19T22:36:45.012+0000] {processor.py:161} INFO - Started process (PID=432) to work on /opt/airflow/dags/flight-pipeline.py
[2026-08-19T22:36:45.015+0000] {processor.py:830} INFO - Processing file /opt/airflow/dags/flight-pipeline.py for tasks to queue
[2026-08-19T22:36:45.020+0000] {logging_mixin.py:188} INFO - [2026-08-19T22:36:45.019+0000] {dagbag.py:545} INFO - Filling up the DagBag from /opt/airflow/dags/flight-pipeline.py
[2026-08-19T22:36:46.006+0000] {processor.py:840} INFO - DAG(s) 'flights_ops_medallioin_pipe' retrieved from /opt/airflow/dags/flight-pipeline.py
[2026-08-19T22:36:46.050+0000] {logging_mixin.py:188} INFO - [2026-08-19T22:36:46.049+0000] {dag.py:3089} INFO - Sync 1 DAGs
[2026-08-19T22:36:46.086+0000] {logging_mixin.py:188} INFO - [2026-08-19T22:36:46.086+0000] {dag.py:3947} INFO - Setting next_dagrun for flights_ops_medallioin_pipe to 2026-08-19 22:30:00+00:00, run_after=2026-08-19 23:00:00+00:00
[2026-08-19T22:36:46.122+0000] {processor.py:183} INFO - Processing /opt/airflow/dags/flight-pipeline.py took 1.121 seconds
[2026-08-19T22:37:16.335+0000] {processor.py:161} INFO - Started process (PID=434) to work on /opt/airflow/dags/flight-pipeline.py
[2026-08-19T22:37:16.338+0000] {processor.py:830} INFO - Processing file /opt/airflow/dags/flight-pipeline.py for tasks to queue
[2026-08-19T22:37:16.343+0000] {logging_mixin.py:188} INFO - [2026-08-19T22:37:16.342+0000] {dagbag.py:545} INFO - Filling up the DagBag from /opt/airflow/dags/flight-pipeline.py
[2026-08-19T22:37:17.235+0000] {processor.py:840} INFO - DAG(s) 'flights_ops_medallioin_pipe' retrieved from /opt/airflow/dags/flight-pipeline.py
[2026-08-19T22:37:17.282+0000] {logging_mixin.py:188} INFO - [2026-08-19T22:37:17.282+0000] {dag.py:3089} INFO - Sync 1 DAGs
[2026-08-19T22:37:17.319+0000] {logging_mixin.py:188} INFO - [2026-08-19T22:37:17.319+0000] {dag.py:3947} INFO - Setting next_dagrun for flights_ops_medallioin_pipe to 2026-08-19 22:30:00+00:00, run_after=2026-08-19 23:00:00+00:00
[2026-08-19T22:37:17.353+0000] {processor.py:183} INFO - Processing /opt/airflow/dags/flight-pipeline.py took 1.029 seconds
[2026-08-19T22:37:47.640+0000] {processor.py:161} INFO - Started process (PID=436) to work on /opt/airflow/dags/flight-pipeline.py
[2026-08-19T22:37:47.643+0000] {processor.py:830} INFO - Processing file /opt/airflow/dags/flight-pipeline.py for tasks to queue
[2026-08-19T22:37:47.648+0000] {logging_mixin.py:188} INFO - [2026-08-19T22:37:47.647+0000] {dagbag.py:545} INFO - Filling up the DagBag from /opt/airflow/dags/flight-pipeline.py
[2026-08-19T22:37:48.294+0000] {processor.py:840} INFO - DAG(s) 'flights_ops_medallioin_pipe' retrieved from /opt/airflow/dags/flight-pipeline.py
[2026-08-19T22:37:48.347+0000] {logging_mixin.py:188} INFO - [2026-08-19T22:37:48.346+0000] {dag.py:3089} INFO - Sync 1 DAGs
[2026-08-19T22:37:48.652+0000] {logging_mixin.py:188} INFO - [2026-08-19T22:37:48.651+0000] {dag.py:3947} INFO - Setting next_dagrun for flights_ops_medallioin_pipe to 2026-08-19 22:30:00+00:00, run_after=2026-08-19 23:00:00+00:00
[2026-08-19T22:37:48.687+0000] {processor.py:183} INFO - Processing /opt/airflow/dags/flight-pipeline.py took 1.062 seconds
[2026-08-19T22:38:18.919+0000] {processor.py:161} INFO - Started process (PID=438) to work on /opt/airflow/dags/flight-pipeline.py
[2026-08-19T22:38:18.923+0000] {processor.py:830} INFO - Processing file /opt/airflow/dags/flight-pipeline.py for tasks to queue
[2026-08-19T22:38:18.927+0000] {logging_mixin.py:188} INFO - [2026-08-19T22:38:18.926+0000] {dagbag.py:545} INFO - Filling up the DagBag from /opt/airflow/dags/flight-pipeline.py
[2026-08-19T22:38:19.553+0000] {processor.py:840} INFO - DAG(s) 'flights_ops_medallioin_pipe' retrieved from /opt/airflow/dags/flight-pipeline.py
[2026-08-19T22:38:19.842+0000] {logging_mixin.py:188} INFO - [2026-08-19T22:38:19.842+0000] {dag.py:3089} INFO - Sync 1 DAGs
[2026-08-19T22:38:19.880+0000] {logging_mixin.py:188} INFO - [2026-08-19T22:38:19.880+0000] {dag.py:3947} INFO - Setting next_dagrun for flights_ops_medallioin_pipe to 2026-08-19 22:30:00+00:00, run_after=2026-08-19 23:00:00+00:00
[2026-08-19T22:38:19.916+0000] {processor.py:183} INFO - Processing /opt/airflow/dags/flight-pipeline.py took 1.008 seconds
[2026-08-19T22:38:50.274+0000] {processor.py:161} INFO - Started process (PID=440) to work on /opt/airflow/dags/flight-pipeline.py
[2026-08-19T22:38:50.277+0000] {processor.py:830} INFO - Processing file /opt/airflow/dags/flight-pipeline.py for tasks to queue
[2026-08-19T22:38:50.282+0000] {logging_mixin.py:188} INFO - [2026-08-19T22:38:50.282+0000] {dagbag.py:545} INFO - Filling up the DagBag from /opt/airflow/dags/flight-pipeline.py
[2026-08-19T22:38:50.915+0000] {processor.py:840} INFO - DAG(s) 'flights_ops_medallioin_pipe' retrieved from /opt/airflow/dags/flight-pipeline.py
[2026-08-19T22:38:51.202+0000] {logging_mixin.py:188} INFO - [2026-08-19T22:38:51.202+0000] {dag.py:3089} INFO - Sync 1 DAGs
[2026-08-19T22:38:51.240+0000] {logging_mixin.py:188} INFO - [2026-08-19T22:38:51.240+0000] {dag.py:3947} INFO - Setting next_dagrun for flights_ops_medallioin_pipe to 2026-08-19 22:30:00+00:00, run_after=2026-08-19 23:00:00+00:00
[2026-08-19T22:38:51.276+0000] {processor.py:183} INFO - Processing /opt/airflow/dags/flight-pipeline.py took 1.015 seconds
[2026-08-19T22:39:21.557+0000] {processor.py:161} INFO - Started process (PID=442) to work on /opt/airflow/dags/flight-pipeline.py
[2026-08-19T22:39:21.561+0000] {processor.py:830} INFO - Processing file /opt/airflow/dags/flight-pipeline.py for tasks to queue
[2026-08-19T22:39:21.566+0000] {logging_mixin.py:188} INFO - [2026-08-19T22:39:21.565+0000] {dagbag.py:545} INFO - Filling up the DagBag from /opt/airflow/dags/flight-pipeline.py
[2026-08-19T22:39:22.481+0000] {processor.py:840} INFO - DAG(s) 'flights_ops_medallioin_pipe' retrieved from /opt/airflow/dags/flight-pipeline.py
[2026-08-19T22:39:22.530+0000] {logging_mixin.py:188} INFO - [2026-08-19T22:39:22.529+0000] {dag.py:3089} INFO - Sync 1 DAGs
[2026-08-19T22:39:22.567+0000] {logging_mixin.py:188} INFO - [2026-08-19T22:39:22.567+0000] {dag.py:3947} INFO - Setting next_dagrun for flights_ops_medallioin_pipe to 2026-08-19 22:30:00+00:00, run_after=2026-08-19 23:00:00+00:00
[2026-08-19T22:39:22.602+0000] {processor.py:183} INFO - Processing /opt/airflow/dags/flight-pipeline.py took 1.057 seconds
[2026-08-19T22:39:52.841+0000] {processor.py:161} INFO - Started process (PID=444) to work on /opt/airflow/dags/flight-pipeline.py
[2026-08-19T22:39:52.844+0000] {processor.py:830} INFO - Processing file /opt/airflow/dags/flight-pipeline.py for tasks to queue
[2026-08-19T22:39:52.849+0000] {logging_mixin.py:188} INFO - [2026-08-19T22:39:52.848+0000] {dagbag.py:545} INFO - Filling up the DagBag from /opt/airflow/dags/flight-pipeline.py
[2026-08-19T22:39:53.796+0000] {processor.py:840} INFO - DAG(s) 'flights_ops_medallioin_pipe' retrieved from /opt/airflow/dags/flight-pipeline.py
[2026-08-19T22:39:53.861+0000] {logging_mixin.py:188} INFO - [2026-08-19T22:39:53.860+0000] {dag.py:3089} INFO - Sync 1 DAGs
[2026-08-19T22:39:53.916+0000] {logging_mixin.py:188} INFO - [2026-08-19T22:39:53.916+0000] {dag.py:3947} INFO - Setting next_dagrun for flights_ops_medallioin_pipe to 2026-08-19 22:30:00+00:00, run_after=2026-08-19 23:00:00+00:00
[2026-08-19T22:39:53.957+0000] {processor.py:183} INFO - Processing /opt/airflow/dags/flight-pipeline.py took 1.130 seconds
[2026-08-19T22:40:24.167+0000] {processor.py:161} INFO - Started process (PID=446) to work on /opt/airflow/dags/flight-pipeline.py
[2026-08-19T22:40:24.171+0000] {processor.py:830} INFO - Processing file /opt/airflow/dags/flight-pipeline.py for tasks to queue
[2026-08-19T22:40:24.176+0000] {logging_mixin.py:188} INFO - [2026-08-19T22:40:24.176+0000] {dagbag.py:545} INFO - Filling up the DagBag from /opt/airflow/dags/flight-pipeline.py
[2026-08-19T22:40:25.048+0000] {processor.py:840} INFO - DAG(s) 'flights_ops_medallioin_pipe' retrieved from /opt/airflow/dags/flight-pipeline.py
[2026-08-19T22:40:25.094+0000] {logging_mixin.py:188} INFO - [2026-08-19T22:40:25.093+0000] {dag.py:3089} INFO - Sync 1 DAGs
[2026-08-19T22:40:25.130+0000] {logging_mixin.py:188} INFO - [2026-08-19T22:40:25.130+0000] {dag.py:3947} INFO - Setting next_dagrun for flights_ops_medallioin_pipe to 2026-08-19 22:30:00+00:00, run_after=2026-08-19 23:00:00+00:00
[2026-08-19T22:40:25.167+0000] {processor.py:183} INFO - Processing /opt/airflow/dags/flight-pipeline.py took 1.012 seconds
[2026-08-19T22:40:55.541+0000] {processor.py:161} INFO - Started process (PID=448) to work on /opt/airflow/dags/flight-pipeline.py
[2026-08-19T22:40:55.544+0000] {processor.py:830} INFO - Processing file /opt/airflow/dags/flight-pipeline.py for tasks to queue
[2026-08-19T22:40:55.551+0000] {logging_mixin.py:188} INFO - [2026-08-19T22:40:55.550+0000] {dagbag.py:545} INFO - Filling up the DagBag from /opt/airflow/dags/flight-pipeline.py
[2026-08-19T22:40:56.436+0000] {processor.py:840} INFO - DAG(s) 'flights_ops_medallioin_pipe' retrieved from /opt/airflow/dags/flight-pipeline.py
[2026-08-19T22:40:56.492+0000] {logging_mixin.py:188} INFO - [2026-08-19T22:40:56.491+0000] {dag.py:3089} INFO - Sync 1 DAGs
[2026-08-19T22:40:56.530+0000] {logging_mixin.py:188} INFO - [2026-08-19T22:40:56.530+0000] {dag.py:3947} INFO - Setting next_dagrun for flights_ops_medallioin_pipe to 2026-08-19 22:30:00+00:00, run_after=2026-08-19 23:00:00+00:00
[2026-08-19T22:40:56.562+0000] {processor.py:183} INFO - Processing /opt/airflow/dags/flight-pipeline.py took 1.034 seconds
[2026-08-19T22:41:26.834+0000] {processor.py:161} INFO - Started process (PID=450) to work on /opt/airflow/dags/flight-pipeline.py
[2026-08-19T22:41:26.837+0000] {processor.py:830} INFO - Processing file /opt/airflow/dags/flight-pipeline.py for tasks to queue
[2026-08-19T22:41:26.843+0000] {logging_mixin.py:188} INFO - [2026-08-19T22:41:26.842+0000] {dagbag.py:545} INFO - Filling up the DagBag from /opt/airflow/dags/flight-pipeline.py
[2026-08-19T22:41:27.456+0000] {processor.py:840} INFO - DAG(s) 'flights_ops_medallioin_pipe' retrieved from /opt/airflow/dags/flight-pipeline.py
[2026-08-19T22:41:27.759+0000] {logging_mixin.py:188} INFO - [2026-08-19T22:41:27.758+0000] {dag.py:3089} INFO - Sync 1 DAGs
[2026-08-19T22:41:27.793+0000] {logging_mixin.py:188} INFO - [2026-08-19T22:41:27.793+0000] {dag.py:3947} INFO - Setting next_dagrun for flights_ops_medallioin_pipe to 2026-08-19 22:30:00+00:00, run_after=2026-08-19 23:00:00+00:00
[2026-08-19T22:41:27.830+0000] {processor.py:183} INFO - Processing /opt/airflow/dags/flight-pipeline.py took 1.007 seconds
[2026-08-19T22:41:58.129+0000] {processor.py:161} INFO - Started process (PID=452) to work on /opt/airflow/dags/flight-pipeline.py
[2026-08-19T22:41:58.132+0000] {processor.py:830} INFO - Processing file /opt/airflow/dags/flight-pipeline.py for tasks to queue
[2026-08-19T22:41:58.137+0000] {logging_mixin.py:188} INFO - [2026-08-19T22:41:58.136+0000] {dagbag.py:545} INFO - Filling up the DagBag from /opt/airflow/dags/flight-pipeline.py
[2026-08-19T22:41:58.775+0000] {processor.py:840} INFO - DAG(s) 'flights_ops_medallioin_pipe' retrieved from /opt/airflow/dags/flight-pipeline.py
[2026-08-19T22:41:59.067+0000] {logging_mixin.py:188} INFO - [2026-08-19T22:41:59.066+0000] {dag.py:3089} INFO - Sync 1 DAGs
[2026-08-19T22:41:59.103+0000] {logging_mixin.py:188} INFO - [2026-08-19T22:41:59.102+0000] {dag.py:3947} INFO - Setting next_dagrun for flights_ops_medallioin_pipe to 2026-08-19 22:30:00+00:00, run_after=2026-08-19 23:00:00+00:00
[2026-08-19T22:41:59.137+0000] {processor.py:183} INFO - Processing /opt/airflow/dags/flight-pipeline.py took 1.024 seconds
[2026-08-19T22:42:29.432+0000] {processor.py:161} INFO - Started process (PID=454) to work on /opt/airflow/dags/flight-pipeline.py
[2026-08-19T22:42:29.435+0000] {processor.py:830} INFO - Processing file /opt/airflow/dags/flight-pipeline.py for tasks to queue
[2026-08-19T22:42:29.439+0000] {logging_mixin.py:188} INFO - [2026-08-19T22:42:29.439+0000] {dagbag.py:545} INFO - Filling up the DagBag from /opt/airflow/dags/flight-pipeline.py
[2026-08-19T22:42:30.264+0000] {processor.py:840} INFO - DAG(s) 'flights_ops_medallioin_pipe' retrieved from /opt/airflow/dags/flight-pipeline.py
[2026-08-19T22:42:30.310+0000] {logging_mixin.py:188} INFO - [2026-08-19T22:42:30.309+0000] {dag.py:3089} INFO - Sync 1 DAGs
[2026-08-19T22:42:30.345+0000] {logging_mixin.py:188} INFO - [2026-08-19T22:42:30.345+0000] {dag.py:3947} INFO - Setting next_dagrun for flights_ops_medallioin_pipe to 2026-08-19 22:30:00+00:00, run_after=2026-08-19 23:00:00+00:00
[2026-08-19T22:42:30.379+0000] {processor.py:183} INFO - Processing /opt/airflow/dags/flight-pipeline.py took 0.959 seconds
[2026-08-19T22:43:00.710+0000] {processor.py:161} INFO - Started process (PID=456) to work on /opt/airflow/dags/flight-pipeline.py
[2026-08-19T22:43:00.712+0000] {processor.py:830} INFO - Processing file /opt/airflow/dags/flight-pipeline.py for tasks to queue
[2026-08-19T22:43:00.717+0000] {logging_mixin.py:188} INFO - [2026-08-19T22:43:00.716+0000] {dagbag.py:545} INFO - Filling up the DagBag from /opt/airflow/dags/flight-pipeline.py
[2026-08-19T22:43:01.553+0000] {processor.py:840} INFO - DAG(s) 'flights_ops_medallioin_pipe' retrieved from /opt/airflow/dags/flight-pipeline.py
[2026-08-19T22:43:01.597+0000] {logging_mixin.py:188} INFO - [2026-08-19T22:43:01.596+0000] {dag.py:3089} INFO - Sync 1 DAGs
[2026-08-19T22:43:01.632+0000] {logging_mixin.py:188} INFO - [2026-08-19T22:43:01.632+0000] {dag.py:3947} INFO - Setting next_dagrun for flights_ops_medallioin_pipe to 2026-08-19 22:30:00+00:00, run_after=2026-08-19 23:00:00+00:00
[2026-08-19T22:43:01.669+0000] {processor.py:183} INFO - Processing /opt/airflow/dags/flight-pipeline.py took 0.970 seconds
[2026-08-19T22:43:31.994+0000] {processor.py:161} INFO - Started process (PID=458) to work on /opt/airflow/dags/flight-pipeline.py
[2026-08-19T22:43:31.997+0000] {processor.py:830} INFO - Processing file /opt/airflow/dags/flight-pipeline.py for tasks to queue
[2026-08-19T22:43:32.001+0000] {logging_mixin.py:188} INFO - [2026-08-19T22:43:32.001+0000] {dagbag.py:545} INFO - Filling up the DagBag from /opt/airflow/dags/flight-pipeline.py
[2026-08-19T22:43:32.821+0000] {processor.py:840} INFO - DAG(s) 'flights_ops_medallioin_pipe' retrieved from /opt/airflow/dags/flight-pipeline.py
[2026-08-19T22:43:32.866+0000] {logging_mixin.py:188} INFO - [2026-08-19T22:43:32.865+0000] {dag.py:3089} INFO - Sync 1 DAGs
[2026-08-19T22:43:32.903+0000] {logging_mixin.py:188} INFO - [2026-08-19T22:43:32.903+0000] {dag.py:3947} INFO - Setting next_dagrun for flights_ops_medallioin_pipe to 2026-08-19 22:30:00+00:00, run_after=2026-08-19 23:00:00+00:00
[2026-08-19T22:43:32.936+0000] {processor.py:183} INFO - Processing /opt/airflow/dags/flight-pipeline.py took 0.952 seconds
[2026-08-19T22:44:03.269+0000] {processor.py:161} INFO - Started process (PID=460) to work on /opt/airflow/dags/flight-pipeline.py
[2026-08-19T22:44:03.272+0000] {processor.py:830} INFO - Processing file /opt/airflow/dags/flight-pipeline.py for tasks to queue
[2026-08-19T22:44:03.277+0000] {logging_mixin.py:188} INFO - [2026-08-19T22:44:03.276+0000] {dagbag.py:545} INFO - Filling up the DagBag from /opt/airflow/dags/flight-pipeline.py
[2026-08-19T22:44:04.304+0000] {processor.py:840} INFO - DAG(s) 'flights_ops_medallioin_pipe' retrieved from /opt/airflow/dags/flight-pipeline.py
[2026-08-19T22:44:04.348+0000] {logging_mixin.py:188} INFO - [2026-08-19T22:44:04.347+0000] {dag.py:3089} INFO - Sync 1 DAGs
[2026-08-19T22:44:04.385+0000] {logging_mixin.py:188} INFO - [2026-08-19T22:44:04.385+0000] {dag.py:3947} INFO - Setting next_dagrun for flights_ops_medallioin_pipe to 2026-08-19 22:30:00+00:00, run_after=2026-08-19 23:00:00+00:00
[2026-08-19T22:44:04.417+0000] {processor.py:183} INFO - Processing /opt/airflow/dags/flight-pipeline.py took 1.163 seconds
[2026-08-19T22:44:34.570+0000] {processor.py:161} INFO - Started process (PID=462) to work on /opt/airflow/dags/flight-pipeline.py
[2026-08-19T22:44:34.572+0000] {processor.py:830} INFO - Processing file /opt/airflow/dags/flight-pipeline.py for tasks to queue
[2026-08-19T22:44:34.577+0000] {logging_mixin.py:188} INFO - [2026-08-19T22:44:34.576+0000] {dagbag.py:545} INFO - Filling up the DagBag from /opt/airflow/dags/flight-pipeline.py
[2026-08-19T22:44:35.217+0000] {processor.py:840} INFO - DAG(s) 'flights_ops_medallioin_pipe' retrieved from /opt/airflow/dags/flight-pipeline.py
[2026-08-19T22:44:35.503+0000] {logging_mixin.py:188} INFO - [2026-08-19T22:44:35.503+0000] {dag.py:3089} INFO - Sync 1 DAGs
[2026-08-19T22:44:35.539+0000] {logging_mixin.py:188} INFO - [2026-08-19T22:44:35.539+0000] {dag.py:3947} INFO - Setting next_dagrun for flights_ops_medallioin_pipe to 2026-08-19 22:30:00+00:00, run_after=2026-08-19 23:00:00+00:00
[2026-08-19T22:44:35.574+0000] {processor.py:183} INFO - Processing /opt/airflow/dags/flight-pipeline.py took 1.017 seconds
[2026-08-19T22:45:05.856+0000] {processor.py:161} INFO - Started process (PID=464) to work on /opt/airflow/dags/flight-pipeline.py
[2026-08-19T22:45:05.859+0000] {processor.py:830} INFO - Processing file /opt/airflow/dags/flight-pipeline.py for tasks to queue
[2026-08-19T22:45:05.865+0000] {logging_mixin.py:188} INFO - [2026-08-19T22:45:05.864+0000] {dagbag.py:545} INFO - Filling up the DagBag from /opt/airflow/dags/flight-pipeline.py
[2026-08-19T22:45:06.722+0000] {processor.py:840} INFO - DAG(s) 'flights_ops_medallioin_pipe' retrieved from /opt/airflow/dags/flight-pipeline.py
[2026-08-19T22:45:06.768+0000] {logging_mixin.py:188} INFO - [2026-08-19T22:45:06.768+0000] {dag.py:3089} INFO - Sync 1 DAGs
[2026-08-19T22:45:06.803+0000] {logging_mixin.py:188} INFO - [2026-08-19T22:45:06.803+0000] {dag.py:3947} INFO - Setting next_dagrun for flights_ops_medallioin_pipe to 2026-08-19 22:30:00+00:00, run_after=2026-08-19 23:00:00+00:00
[2026-08-19T22:45:06.836+0000] {processor.py:183} INFO - Processing /opt/airflow/dags/flight-pipeline.py took 0.996 seconds
[2026-08-19T22:45:37.124+0000] {processor.py:161} INFO - Started process (PID=466) to work on /opt/airflow/dags/flight-pipeline.py
[2026-08-19T22:45:37.127+0000] {processor.py:830} INFO - Processing file /opt/airflow/dags/flight-pipeline.py for tasks to queue
[2026-08-19T22:45:37.132+0000] {logging_mixin.py:188} INFO - [2026-08-19T22:45:37.131+0000] {dagbag.py:545} INFO - Filling up the DagBag from /opt/airflow/dags/flight-pipeline.py
[2026-08-19T22:45:37.991+0000] {processor.py:840} INFO - DAG(s) 'flights_ops_medallioin_pipe' retrieved from /opt/airflow/dags/flight-pipeline.py
[2026-08-19T22:45:38.036+0000] {logging_mixin.py:188} INFO - [2026-08-19T22:45:38.036+0000] {dag.py:3089} INFO - Sync 1 DAGs
[2026-08-19T22:45:38.072+0000] {logging_mixin.py:188} INFO - [2026-08-19T22:45:38.072+0000] {dag.py:3947} INFO - Setting next_dagrun for flights_ops_medallioin_pipe to 2026-08-19 22:30:00+00:00, run_after=2026-08-19 23:00:00+00:00
[2026-08-19T22:45:38.107+0000] {processor.py:183} INFO - Processing /opt/airflow/dags/flight-pipeline.py took 0.996 seconds
[2026-08-19T22:46:08.496+0000] {processor.py:161} INFO - Started process (PID=468) to work on /opt/airflow/dags/flight-pipeline.py
[2026-08-19T22:46:08.499+0000] {processor.py:830} INFO - Processing file /opt/airflow/dags/flight-pipeline.py for tasks to queue
[2026-08-19T22:46:08.505+0000] {logging_mixin.py:188} INFO - [2026-08-19T22:46:08.504+0000] {dagbag.py:545} INFO - Filling up the DagBag from /opt/airflow/dags/flight-pipeline.py
[2026-08-19T22:46:09.385+0000] {processor.py:840} INFO - DAG(s) 'flights_ops_medallioin_pipe' retrieved from /opt/airflow/dags/flight-pipeline.py
[2026-08-19T22:46:09.431+0000] {logging_mixin.py:188} INFO - [2026-08-19T22:46:09.430+0000] {dag.py:3089} INFO - Sync 1 DAGs
[2026-08-19T22:46:09.467+0000] {logging_mixin.py:188} INFO - [2026-08-19T22:46:09.466+0000] {dag.py:3947} INFO - Setting next_dagrun for flights_ops_medallioin_pipe to 2026-08-19 22:30:00+00:00, run_after=2026-08-19 23:00:00+00:00
[2026-08-19T22:46:09.506+0000] {processor.py:183} INFO - Processing /opt/airflow/dags/flight-pipeline.py took 1.025 seconds
[2026-08-19T22:46:39.797+0000] {processor.py:161} INFO - Started process (PID=470) to work on /opt/airflow/dags/flight-pipeline.py
[2026-08-19T22:46:39.800+0000] {processor.py:830} INFO - Processing file /opt/airflow/dags/flight-pipeline.py for tasks to queue
[2026-08-19T22:46:39.805+0000] {logging_mixin.py:188} INFO - [2026-08-19T22:46:39.804+0000] {dagbag.py:545} INFO - Filling up the DagBag from /opt/airflow/dags/flight-pipeline.py
[2026-08-19T22:46:40.672+0000] {processor.py:840} INFO - DAG(s) 'flights_ops_medallioin_pipe' retrieved from /opt/airflow/dags/flight-pipeline.py
[2026-08-19T22:46:40.722+0000] {logging_mixin.py:188} INFO - [2026-08-19T22:46:40.722+0000] {dag.py:3089} INFO - Sync 1 DAGs
[2026-08-19T22:46:40.767+0000] {logging_mixin.py:188} INFO - [2026-08-19T22:46:40.766+0000] {dag.py:3947} INFO - Setting next_dagrun for flights_ops_medallioin_pipe to 2026-08-19 22:30:00+00:00, run_after=2026-08-19 23:00:00+00:00
[2026-08-19T22:46:40.803+0000] {processor.py:183} INFO - Processing /opt/airflow/dags/flight-pipeline.py took 1.017 seconds
[2026-08-19T22:47:11.083+0000] {processor.py:161} INFO - Started process (PID=472) to work on /opt/airflow/dags/flight-pipeline.py
[2026-08-19T22:47:11.087+0000] {processor.py:830} INFO - Processing file /opt/airflow/dags/flight-pipeline.py for tasks to queue
[2026-08-19T22:47:11.092+0000] {logging_mixin.py:188} INFO - [2026-08-19T22:47:11.090+0000] {dagbag.py:545} INFO - Filling up the DagBag from /opt/airflow/dags/flight-pipeline.py
[2026-08-19T22:47:11.938+0000] {processor.py:840} INFO - DAG(s) 'flights_ops_medallioin_pipe' retrieved from /opt/airflow/dags/flight-pipeline.py
[2026-08-19T22:47:11.985+0000] {logging_mixin.py:188} INFO - [2026-08-19T22:47:11.984+0000] {dag.py:3089} INFO - Sync 1 DAGs
[2026-08-19T22:47:12.022+0000] {logging_mixin.py:188} INFO - [2026-08-19T22:47:12.022+0000] {dag.py:3947} INFO - Setting next_dagrun for flights_ops_medallioin_pipe to 2026-08-19 22:30:00+00:00, run_after=2026-08-19 23:00:00+00:00
[2026-08-19T22:47:12.056+0000] {processor.py:183} INFO - Processing /opt/airflow/dags/flight-pipeline.py took 0.984 seconds
[2026-08-19T22:47:42.383+0000] {processor.py:161} INFO - Started process (PID=474) to work on /opt/airflow/dags/flight-pipeline.py
[2026-08-19T22:47:42.386+0000] {processor.py:830} INFO - Processing file /opt/airflow/dags/flight-pipeline.py for tasks to queue
[2026-08-19T22:47:42.392+0000] {logging_mixin.py:188} INFO - [2026-08-19T22:47:42.391+0000] {dagbag.py:545} INFO - Filling up the DagBag from /opt/airflow/dags/flight-pipeline.py
[2026-08-19T22:47:42.988+0000] {processor.py:840} INFO - DAG(s) 'flights_ops_medallioin_pipe' retrieved from /opt/airflow/dags/flight-pipeline.py
[2026-08-19T22:47:43.276+0000] {logging_mixin.py:188} INFO - [2026-08-19T22:47:43.276+0000] {dag.py:3089} INFO - Sync 1 DAGs
[2026-08-19T22:47:43.312+0000] {logging_mixin.py:188} INFO - [2026-08-19T22:47:43.312+0000] {dag.py:3947} INFO - Setting next_dagrun for flights_ops_medallioin_pipe to 2026-08-19 22:30:00+00:00, run_after=2026-08-19 23:00:00+00:00
[2026-08-19T22:47:43.345+0000] {processor.py:183} INFO - Processing /opt/airflow/dags/flight-pipeline.py took 0.975 seconds
[2026-08-19T22:48:13.669+0000] {processor.py:161} INFO - Started process (PID=476) to work on /opt/airflow/dags/flight-pipeline.py
[2026-08-19T22:48:13.673+0000] {processor.py:830} INFO - Processing file /opt/airflow/dags/flight-pipeline.py for tasks to queue
[2026-08-19T22:48:13.687+0000] {logging_mixin.py:188} INFO - [2026-08-19T22:48:13.685+0000] {dagbag.py:545} INFO - Filling up the DagBag from /opt/airflow/dags/flight-pipeline.py
[2026-08-19T22:48:14.715+0000] {processor.py:840} INFO - DAG(s) 'flights_ops_medallioin_pipe' retrieved from /opt/airflow/dags/flight-pipeline.py
[2026-08-19T22:48:14.761+0000] {logging_mixin.py:188} INFO - [2026-08-19T22:48:14.761+0000] {dag.py:3089} INFO - Sync 1 DAGs
[2026-08-19T22:48:14.806+0000] {logging_mixin.py:188} INFO - [2026-08-19T22:48:14.806+0000] {dag.py:3947} INFO - Setting next_dagrun for flights_ops_medallioin_pipe to 2026-08-19 22:30:00+00:00, run_after=2026-08-19 23:00:00+00:00
[2026-08-19T22:48:14.854+0000] {processor.py:183} INFO - Processing /opt/airflow/dags/flight-pipeline.py took 1.204 seconds
[2026-08-19T22:48:44.941+0000] {processor.py:161} INFO - Started process (PID=478) to work on /opt/airflow/dags/flight-pipeline.py
[2026-08-19T22:48:44.945+0000] {processor.py:830} INFO - Processing file /opt/airflow/dags/flight-pipeline.py for tasks to queue
[2026-08-19T22:48:44.952+0000] {logging_mixin.py:188} INFO - [2026-08-19T22:48:44.951+0000] {dagbag.py:545} INFO - Filling up the DagBag from /opt/airflow/dags/flight-pipeline.py
[2026-08-19T22:48:45.968+0000] {processor.py:840} INFO - DAG(s) 'flights_ops_medallioin_pipe' retrieved from /opt/airflow/dags/flight-pipeline.py
[2026-08-19T22:48:46.018+0000] {logging_mixin.py:188} INFO - [2026-08-19T22:48:46.017+0000] {dag.py:3089} INFO - Sync 1 DAGs
[2026-08-19T22:48:46.056+0000] {logging_mixin.py:188} INFO - [2026-08-19T22:48:46.056+0000] {dag.py:3947} INFO - Setting next_dagrun for flights_ops_medallioin_pipe to 2026-08-19 22:30:00+00:00, run_after=2026-08-19 23:00:00+00:00
[2026-08-19T22:48:46.092+0000] {processor.py:183} INFO - Processing /opt/airflow/dags/flight-pipeline.py took 1.165 seconds
[2026-08-19T22:49:16.446+0000] {processor.py:161} INFO - Started process (PID=480) to work on /opt/airflow/dags/flight-pipeline.py
[2026-08-19T22:49:16.449+0000] {processor.py:830} INFO - Processing file /opt/airflow/dags/flight-pipeline.py for tasks to queue
[2026-08-19T22:49:16.454+0000] {logging_mixin.py:188} INFO - [2026-08-19T22:49:16.453+0000] {dagbag.py:545} INFO - Filling up the DagBag from /opt/airflow/dags/flight-pipeline.py
[2026-08-19T22:49:17.387+0000] {processor.py:840} INFO - DAG(s) 'flights_ops_medallioin_pipe' retrieved from /opt/airflow/dags/flight-pipeline.py
[2026-08-19T22:49:17.446+0000] {logging_mixin.py:188} INFO - [2026-08-19T22:49:17.446+0000] {dag.py:3089} INFO - Sync 1 DAGs
[2026-08-19T22:49:17.482+0000] {logging_mixin.py:188} INFO - [2026-08-19T22:49:17.482+0000] {dag.py:3947} INFO - Setting next_dagrun for flights_ops_medallioin_pipe to 2026-08-19 22:30:00+00:00, run_after=2026-08-19 23:00:00+00:00
[2026-08-19T22:49:17.517+0000] {processor.py:183} INFO - Processing /opt/airflow/dags/flight-pipeline.py took 1.082 seconds
[2026-08-19T22:49:47.789+0000] {processor.py:161} INFO - Started process (PID=482) to work on /opt/airflow/dags/flight-pipeline.py
[2026-08-19T22:49:47.792+0000] {processor.py:830} INFO - Processing file /opt/airflow/dags/flight-pipeline.py for tasks to queue
[2026-08-19T22:49:47.797+0000] {logging_mixin.py:188} INFO - [2026-08-19T22:49:47.796+0000] {dagbag.py:545} INFO - Filling up the DagBag from /opt/airflow/dags/flight-pipeline.py
[2026-08-19T22:49:48.798+0000] {processor.py:840} INFO - DAG(s) 'flights_ops_medallioin_pipe' retrieved from /opt/airflow/dags/flight-pipeline.py
[2026-08-19T22:49:48.845+0000] {logging_mixin.py:188} INFO - [2026-08-19T22:49:48.844+0000] {dag.py:3089} INFO - Sync 1 DAGs
[2026-08-19T22:49:48.882+0000] {logging_mixin.py:188} INFO - [2026-08-19T22:49:48.881+0000] {dag.py:3947} INFO - Setting next_dagrun for flights_ops_medallioin_pipe to 2026-08-19 22:30:00+00:00, run_after=2026-08-19 23:00:00+00:00
[2026-08-19T22:49:48.915+0000] {processor.py:183} INFO - Processing /opt/airflow/dags/flight-pipeline.py took 1.137 seconds
[2026-08-19T22:50:19.191+0000] {processor.py:161} INFO - Started process (PID=484) to work on /opt/airflow/dags/flight-pipeline.py
[2026-08-19T22:50:19.194+0000] {processor.py:830} INFO - Processing file /opt/airflow/dags/flight-pipeline.py for tasks to queue
[2026-08-19T22:50:19.198+0000] {logging_mixin.py:188} INFO - [2026-08-19T22:50:19.198+0000] {dagbag.py:545} INFO - Filling up the DagBag from /opt/airflow/dags/flight-pipeline.py
[2026-08-19T22:50:20.215+0000] {processor.py:840} INFO - DAG(s) 'flights_ops_medallioin_pipe' retrieved from /opt/airflow/dags/flight-pipeline.py
[2026-08-19T22:50:20.264+0000] {logging_mixin.py:188} INFO - [2026-08-19T22:50:20.263+0000] {dag.py:3089} INFO - Sync 1 DAGs
[2026-08-19T22:50:20.306+0000] {logging_mixin.py:188} INFO - [2026-08-19T22:50:20.306+0000] {dag.py:3947} INFO - Setting next_dagrun for flights_ops_medallioin_pipe to 2026-08-19 22:30:00+00:00, run_after=2026-08-19 23:00:00+00:00
[2026-08-19T22:50:20.345+0000] {processor.py:183} INFO - Processing /opt/airflow/dags/flight-pipeline.py took 1.164 seconds
[2026-08-19T22:50:50.576+0000] {processor.py:161} INFO - Started process (PID=486) to work on /opt/airflow/dags/flight-pipeline.py
[2026-08-19T22:50:50.578+0000] {processor.py:830} INFO - Processing file /opt/airflow/dags/flight-pipeline.py for tasks to queue
[2026-08-19T22:50:50.583+0000] {logging_mixin.py:188} INFO - [2026-08-19T22:50:50.583+0000] {dagbag.py:545} INFO - Filling up the DagBag from /opt/airflow/dags/flight-pipeline.py
[2026-08-19T22:50:51.229+0000] {processor.py:840} INFO - DAG(s) 'flights_ops_medallioin_pipe' retrieved from /opt/airflow/dags/flight-pipeline.py
[2026-08-19T22:50:51.519+0000] {logging_mixin.py:188} INFO - [2026-08-19T22:50:51.518+0000] {dag.py:3089} INFO - Sync 1 DAGs
[2026-08-19T22:50:51.557+0000] {logging_mixin.py:188} INFO - [2026-08-19T22:50:51.557+0000] {dag.py:3947} INFO - Setting next_dagrun for flights_ops_medallioin_pipe to 2026-08-19 22:30:00+00:00, run_after=2026-08-19 23:00:00+00:00
[2026-08-19T22:50:51.590+0000] {processor.py:183} INFO - Processing /opt/airflow/dags/flight-pipeline.py took 1.029 seconds
[2026-08-19T22:51:21.841+0000] {processor.py:161} INFO - Started process (PID=488) to work on /opt/airflow/dags/flight-pipeline.py
[2026-08-19T22:51:21.844+0000] {processor.py:830} INFO - Processing file /opt/airflow/dags/flight-pipeline.py for tasks to queue
[2026-08-19T22:51:21.849+0000] {logging_mixin.py:188} INFO - [2026-08-19T22:51:21.848+0000] {dagbag.py:545} INFO - Filling up the DagBag from /opt/airflow/dags/flight-pipeline.py
[2026-08-19T22:51:22.706+0000] {processor.py:840} INFO - DAG(s) 'flights_ops_medallioin_pipe' retrieved from /opt/airflow/dags/flight-pipeline.py
[2026-08-19T22:51:22.751+0000] {logging_mixin.py:188} INFO - [2026-08-19T22:51:22.751+0000] {dag.py:3089} INFO - Sync 1 DAGs
[2026-08-19T22:51:22.788+0000] {logging_mixin.py:188} INFO - [2026-08-19T22:51:22.787+0000] {dag.py:3947} INFO - Setting next_dagrun for flights_ops_medallioin_pipe to 2026-08-19 22:30:00+00:00, run_after=2026-08-19 23:00:00+00:00
[2026-08-19T22:51:22.828+0000] {processor.py:183} INFO - Processing /opt/airflow/dags/flight-pipeline.py took 0.999 seconds
[2026-08-19T22:51:51.109+0000] {processor.py:161} INFO - Started process (PID=490) to work on /opt/airflow/dags/flight-pipeline.py
[2026-08-19T22:51:51.112+0000] {processor.py:830} INFO - Processing file /opt/airflow/dags/flight-pipeline.py for tasks to queue
[2026-08-19T22:51:51.118+0000] {logging_mixin.py:188} INFO - [2026-08-19T22:51:51.117+0000] {dagbag.py:545} INFO - Filling up the DagBag from /opt/airflow/dags/flight-pipeline.py
[2026-08-19T22:51:52.059+0000] {processor.py:840} INFO - DAG(s) 'flights_ops_medallioin_pipe' retrieved from /opt/airflow/dags/flight-pipeline.py
[2026-08-19T22:51:52.121+0000] {logging_mixin.py:188} INFO - [2026-08-19T22:51:52.120+0000] {dag.py:3089} INFO - Sync 1 DAGs
[2026-08-19T22:51:52.160+0000] {logging_mixin.py:188} INFO - [2026-08-19T22:51:52.160+0000] {dag.py:3947} INFO - Setting next_dagrun for flights_ops_medallioin_pipe to 2026-08-19 22:30:00+00:00, run_after=2026-08-19 23:00:00+00:00
[2026-08-19T22:51:52.201+0000] {processor.py:183} INFO - Processing /opt/airflow/dags/flight-pipeline.py took 1.106 seconds
[2026-08-19T22:52:22.431+0000] {processor.py:161} INFO - Started process (PID=492) to work on /opt/airflow/dags/flight-pipeline.py
[2026-08-19T22:52:22.434+0000] {processor.py:830} INFO - Processing file /opt/airflow/dags/flight-pipeline.py for tasks to queue
[2026-08-19T22:52:22.441+0000] {logging_mixin.py:188} INFO - [2026-08-19T22:52:22.440+0000] {dagbag.py:545} INFO - Filling up the DagBag from /opt/airflow/dags/flight-pipeline.py
[2026-08-19T22:52:23.401+0000] {processor.py:840} INFO - DAG(s) 'flights_ops_medallioin_pipe' retrieved from /opt/airflow/dags/flight-pipeline.py
[2026-08-19T22:52:23.445+0000] {logging_mixin.py:188} INFO - [2026-08-19T22:52:23.444+0000] {dag.py:3089} INFO - Sync 1 DAGs
[2026-08-19T22:52:23.481+0000] {logging_mixin.py:188} INFO - [2026-08-19T22:52:23.481+0000] {dag.py:3947} INFO - Setting next_dagrun for flights_ops_medallioin_pipe to 2026-08-19 22:30:00+00:00, run_after=2026-08-19 23:00:00+00:00
[2026-08-19T22:52:23.514+0000] {processor.py:183} INFO - Processing /opt/airflow/dags/flight-pipeline.py took 1.097 seconds
[2026-08-19T22:52:53.866+0000] {processor.py:161} INFO - Started process (PID=494) to work on /opt/airflow/dags/flight-pipeline.py
[2026-08-19T22:52:53.870+0000] {processor.py:830} INFO - Processing file /opt/airflow/dags/flight-pipeline.py for tasks to queue
[2026-08-19T22:52:53.877+0000] {logging_mixin.py:188} INFO - [2026-08-19T22:52:53.876+0000] {dagbag.py:545} INFO - Filling up the DagBag from /opt/airflow/dags/flight-pipeline.py
[2026-08-19T22:52:54.866+0000] {processor.py:840} INFO - DAG(s) 'flights_ops_medallioin_pipe' retrieved from /opt/airflow/dags/flight-pipeline.py
[2026-08-19T22:52:54.917+0000] {logging_mixin.py:188} INFO - [2026-08-19T22:52:54.916+0000] {dag.py:3089} INFO - Sync 1 DAGs
[2026-08-19T22:52:54.956+0000] {logging_mixin.py:188} INFO - [2026-08-19T22:52:54.955+0000] {dag.py:3947} INFO - Setting next_dagrun for flights_ops_medallioin_pipe to 2026-08-19 22:30:00+00:00, run_after=2026-08-19 23:00:00+00:00
[2026-08-19T22:52:54.991+0000] {processor.py:183} INFO - Processing /opt/airflow/dags/flight-pipeline.py took 1.141 seconds
[2026-08-19T22:53:01.969+0000] {processor.py:161} INFO - Started process (PID=496) to work on /opt/airflow/dags/flight-pipeline.py
[2026-08-19T22:53:01.972+0000] {processor.py:830} INFO - Processing file /opt/airflow/dags/flight-pipeline.py for tasks to queue
[2026-08-19T22:53:01.976+0000] {logging_mixin.py:188} INFO - [2026-08-19T22:53:01.976+0000] {dagbag.py:545} INFO - Filling up the DagBag from /opt/airflow/dags/flight-pipeline.py
[2026-08-19T22:53:02.938+0000] {logging_mixin.py:188} INFO - [2026-08-19T22:53:02.926+0000] {dagbag.py:355} ERROR - Failed to import: /opt/airflow/dags/flight-pipeline.py
Traceback (most recent call last):
  File "/home/airflow/.local/lib/python3.12/site-packages/airflow/models/dagbag.py", line 351, in parse
    loader.exec_module(new_module)
  File "<frozen importlib._bootstrap_external>", line 995, in exec_module
  File "<frozen importlib._bootstrap>", line 488, in _call_with_frames_removed
  File "/opt/airflow/dags/flight-pipeline.py", line 39, in <module>
    gold = PythonOperator(
           ^^^^^^^^^^^^^^^
  File "/home/airflow/.local/lib/python3.12/site-packages/airflow/models/baseoperator.py", line 485, in apply_defaults
    result = func(self, **kwargs, default_args=default_args)
             ^^^^^^^^^^^^^^^^^^^^^^^^^^^^^^^^^^^^^^^^^^^^^^^
  File "/home/airflow/.local/lib/python3.12/site-packages/airflow/operators/python.py", line 220, in __init__
    super().__init__(**kwargs)
  File "/home/airflow/.local/lib/python3.12/site-packages/airflow/models/baseoperator.py", line 485, in apply_defaults
    result = func(self, **kwargs, default_args=default_args)
             ^^^^^^^^^^^^^^^^^^^^^^^^^^^^^^^^^^^^^^^^^^^^^^^
TypeError: BaseOperator.__init__() missing 1 required positional argument: 'task_id'
[2026-08-19T22:53:02.940+0000] {processor.py:842} WARNING - No viable dags retrieved from /opt/airflow/dags/flight-pipeline.py
[2026-08-19T22:53:02.979+0000] {processor.py:183} INFO - Processing /opt/airflow/dags/flight-pipeline.py took 1.025 seconds
[2026-08-19T22:53:15.107+0000] {processor.py:161} INFO - Started process (PID=498) to work on /opt/airflow/dags/flight-pipeline.py
[2026-08-19T22:53:15.109+0000] {processor.py:830} INFO - Processing file /opt/airflow/dags/flight-pipeline.py for tasks to queue
[2026-08-19T22:53:15.114+0000] {logging_mixin.py:188} INFO - [2026-08-19T22:53:15.113+0000] {dagbag.py:545} INFO - Filling up the DagBag from /opt/airflow/dags/flight-pipeline.py
[2026-08-19T22:53:16.051+0000] {logging_mixin.py:188} INFO - [2026-08-19T22:53:16.041+0000] {dagbag.py:355} ERROR - Failed to import: /opt/airflow/dags/flight-pipeline.py
Traceback (most recent call last):
  File "/home/airflow/.local/lib/python3.12/site-packages/airflow/models/dagbag.py", line 351, in parse
    loader.exec_module(new_module)
  File "<frozen importlib._bootstrap_external>", line 995, in exec_module
  File "<frozen importlib._bootstrap>", line 488, in _call_with_frames_removed
  File "/opt/airflow/dags/flight-pipeline.py", line 39, in <module>
    gold = PythonOperator(
           ^^^^^^^^^^^^^^^
  File "/home/airflow/.local/lib/python3.12/site-packages/airflow/models/baseoperator.py", line 485, in apply_defaults
    result = func(self, **kwargs, default_args=default_args)
             ^^^^^^^^^^^^^^^^^^^^^^^^^^^^^^^^^^^^^^^^^^^^^^^
  File "/home/airflow/.local/lib/python3.12/site-packages/airflow/operators/python.py", line 220, in __init__
    super().__init__(**kwargs)
  File "/home/airflow/.local/lib/python3.12/site-packages/airflow/models/baseoperator.py", line 485, in apply_defaults
    result = func(self, **kwargs, default_args=default_args)
             ^^^^^^^^^^^^^^^^^^^^^^^^^^^^^^^^^^^^^^^^^^^^^^^
TypeError: BaseOperator.__init__() missing 1 required positional argument: 'task_id'
[2026-08-19T22:53:16.053+0000] {processor.py:842} WARNING - No viable dags retrieved from /opt/airflow/dags/flight-pipeline.py
[2026-08-19T22:53:16.117+0000] {processor.py:183} INFO - Processing /opt/airflow/dags/flight-pipeline.py took 1.026 seconds
[2026-08-19T22:53:36.330+0000] {processor.py:161} INFO - Started process (PID=500) to work on /opt/airflow/dags/flight-pipeline.py
[2026-08-19T22:53:36.333+0000] {processor.py:830} INFO - Processing file /opt/airflow/dags/flight-pipeline.py for tasks to queue
[2026-08-19T22:53:36.339+0000] {logging_mixin.py:188} INFO - [2026-08-19T22:53:36.338+0000] {dagbag.py:545} INFO - Filling up the DagBag from /opt/airflow/dags/flight-pipeline.py
[2026-08-19T22:53:37.000+0000] {processor.py:840} INFO - DAG(s) 'flights_ops_medallioin_pipe' retrieved from /opt/airflow/dags/flight-pipeline.py
[2026-08-19T22:53:37.439+0000] {logging_mixin.py:188} INFO - [2026-08-19T22:53:37.438+0000] {dag.py:3089} INFO - Sync 1 DAGs
[2026-08-19T22:53:37.474+0000] {logging_mixin.py:188} INFO - [2026-08-19T22:53:37.473+0000] {dag.py:3947} INFO - Setting next_dagrun for flights_ops_medallioin_pipe to 2026-08-19 22:30:00+00:00, run_after=2026-08-19 23:00:00+00:00
[2026-08-19T22:53:37.522+0000] {processor.py:183} INFO - Processing /opt/airflow/dags/flight-pipeline.py took 1.203 seconds
[2026-08-19T22:54:07.622+0000] {processor.py:161} INFO - Started process (PID=502) to work on /opt/airflow/dags/flight-pipeline.py
[2026-08-19T22:54:07.625+0000] {processor.py:830} INFO - Processing file /opt/airflow/dags/flight-pipeline.py for tasks to queue
[2026-08-19T22:54:07.631+0000] {logging_mixin.py:188} INFO - [2026-08-19T22:54:07.630+0000] {dagbag.py:545} INFO - Filling up the DagBag from /opt/airflow/dags/flight-pipeline.py
[2026-08-19T22:54:08.556+0000] {processor.py:840} INFO - DAG(s) 'flights_ops_medallioin_pipe' retrieved from /opt/airflow/dags/flight-pipeline.py
[2026-08-19T22:54:08.606+0000] {logging_mixin.py:188} INFO - [2026-08-19T22:54:08.605+0000] {dag.py:3089} INFO - Sync 1 DAGs
[2026-08-19T22:54:08.643+0000] {logging_mixin.py:188} INFO - [2026-08-19T22:54:08.643+0000] {dag.py:3947} INFO - Setting next_dagrun for flights_ops_medallioin_pipe to 2026-08-19 22:30:00+00:00, run_after=2026-08-19 23:00:00+00:00
[2026-08-19T22:54:08.678+0000] {processor.py:183} INFO - Processing /opt/airflow/dags/flight-pipeline.py took 1.070 seconds
[2026-08-19T22:54:38.965+0000] {processor.py:161} INFO - Started process (PID=504) to work on /opt/airflow/dags/flight-pipeline.py
[2026-08-19T22:54:38.971+0000] {processor.py:830} INFO - Processing file /opt/airflow/dags/flight-pipeline.py for tasks to queue
[2026-08-19T22:54:38.982+0000] {logging_mixin.py:188} INFO - [2026-08-19T22:54:38.981+0000] {dagbag.py:545} INFO - Filling up the DagBag from /opt/airflow/dags/flight-pipeline.py
[2026-08-19T22:54:40.253+0000] {processor.py:840} INFO - DAG(s) 'flights_ops_medallioin_pipe' retrieved from /opt/airflow/dags/flight-pipeline.py
[2026-08-19T22:54:40.321+0000] {logging_mixin.py:188} INFO - [2026-08-19T22:54:40.320+0000] {dag.py:3089} INFO - Sync 1 DAGs
[2026-08-19T22:54:40.372+0000] {logging_mixin.py:188} INFO - [2026-08-19T22:54:40.372+0000] {dag.py:3947} INFO - Setting next_dagrun for flights_ops_medallioin_pipe to 2026-08-19 22:30:00+00:00, run_after=2026-08-19 23:00:00+00:00
[2026-08-19T22:54:40.414+0000] {processor.py:183} INFO - Processing /opt/airflow/dags/flight-pipeline.py took 1.487 seconds
[2026-08-19T22:55:10.807+0000] {processor.py:161} INFO - Started process (PID=536) to work on /opt/airflow/dags/flight-pipeline.py
[2026-08-19T22:55:10.810+0000] {processor.py:830} INFO - Processing file /opt/airflow/dags/flight-pipeline.py for tasks to queue
[2026-08-19T22:55:10.815+0000] {logging_mixin.py:188} INFO - [2026-08-19T22:55:10.814+0000] {dagbag.py:545} INFO - Filling up the DagBag from /opt/airflow/dags/flight-pipeline.py
[2026-08-19T22:55:11.683+0000] {processor.py:840} INFO - DAG(s) 'flights_ops_medallioin_pipe' retrieved from /opt/airflow/dags/flight-pipeline.py
[2026-08-19T22:55:11.730+0000] {logging_mixin.py:188} INFO - [2026-08-19T22:55:11.730+0000] {dag.py:3089} INFO - Sync 1 DAGs
[2026-08-19T22:55:11.767+0000] {logging_mixin.py:188} INFO - [2026-08-19T22:55:11.767+0000] {dag.py:3947} INFO - Setting next_dagrun for flights_ops_medallioin_pipe to 2026-08-19 22:30:00+00:00, run_after=2026-08-19 23:00:00+00:00
[2026-08-19T22:55:11.804+0000] {processor.py:183} INFO - Processing /opt/airflow/dags/flight-pipeline.py took 1.008 seconds
[2026-08-19T22:55:42.076+0000] {processor.py:161} INFO - Started process (PID=538) to work on /opt/airflow/dags/flight-pipeline.py
[2026-08-19T22:55:42.079+0000] {processor.py:830} INFO - Processing file /opt/airflow/dags/flight-pipeline.py for tasks to queue
[2026-08-19T22:55:42.084+0000] {logging_mixin.py:188} INFO - [2026-08-19T22:55:42.083+0000] {dagbag.py:545} INFO - Filling up the DagBag from /opt/airflow/dags/flight-pipeline.py
[2026-08-19T22:55:43.108+0000] {processor.py:840} INFO - DAG(s) 'flights_ops_medallioin_pipe' retrieved from /opt/airflow/dags/flight-pipeline.py
[2026-08-19T22:55:43.154+0000] {logging_mixin.py:188} INFO - [2026-08-19T22:55:43.153+0000] {dag.py:3089} INFO - Sync 1 DAGs
[2026-08-19T22:55:43.193+0000] {logging_mixin.py:188} INFO - [2026-08-19T22:55:43.193+0000] {dag.py:3947} INFO - Setting next_dagrun for flights_ops_medallioin_pipe to 2026-08-19 22:30:00+00:00, run_after=2026-08-19 23:00:00+00:00
[2026-08-19T22:55:43.227+0000] {processor.py:183} INFO - Processing /opt/airflow/dags/flight-pipeline.py took 1.164 seconds
[2026-08-19T22:56:13.441+0000] {processor.py:161} INFO - Started process (PID=540) to work on /opt/airflow/dags/flight-pipeline.py
[2026-08-19T22:56:13.444+0000] {processor.py:830} INFO - Processing file /opt/airflow/dags/flight-pipeline.py for tasks to queue
[2026-08-19T22:56:13.449+0000] {logging_mixin.py:188} INFO - [2026-08-19T22:56:13.449+0000] {dagbag.py:545} INFO - Filling up the DagBag from /opt/airflow/dags/flight-pipeline.py
[2026-08-19T22:56:14.448+0000] {processor.py:840} INFO - DAG(s) 'flights_ops_medallioin_pipe' retrieved from /opt/airflow/dags/flight-pipeline.py
[2026-08-19T22:56:14.496+0000] {logging_mixin.py:188} INFO - [2026-08-19T22:56:14.495+0000] {dag.py:3089} INFO - Sync 1 DAGs
[2026-08-19T22:56:14.532+0000] {logging_mixin.py:188} INFO - [2026-08-19T22:56:14.532+0000] {dag.py:3947} INFO - Setting next_dagrun for flights_ops_medallioin_pipe to 2026-08-19 22:30:00+00:00, run_after=2026-08-19 23:00:00+00:00
[2026-08-19T22:56:14.571+0000] {processor.py:183} INFO - Processing /opt/airflow/dags/flight-pipeline.py took 1.146 seconds
[2026-08-19T22:56:44.793+0000] {processor.py:161} INFO - Started process (PID=572) to work on /opt/airflow/dags/flight-pipeline.py
[2026-08-19T22:56:44.797+0000] {processor.py:830} INFO - Processing file /opt/airflow/dags/flight-pipeline.py for tasks to queue
[2026-08-19T22:56:44.802+0000] {logging_mixin.py:188} INFO - [2026-08-19T22:56:44.801+0000] {dagbag.py:545} INFO - Filling up the DagBag from /opt/airflow/dags/flight-pipeline.py
[2026-08-19T22:56:45.539+0000] {processor.py:840} INFO - DAG(s) 'flights_ops_medallioin_pipe' retrieved from /opt/airflow/dags/flight-pipeline.py
[2026-08-19T22:56:45.937+0000] {logging_mixin.py:188} INFO - [2026-08-19T22:56:45.936+0000] {dag.py:3089} INFO - Sync 1 DAGs
[2026-08-19T22:56:45.983+0000] {logging_mixin.py:188} INFO - [2026-08-19T22:56:45.983+0000] {dag.py:3947} INFO - Setting next_dagrun for flights_ops_medallioin_pipe to 2026-08-19 22:30:00+00:00, run_after=2026-08-19 23:00:00+00:00
[2026-08-19T22:56:46.021+0000] {processor.py:183} INFO - Processing /opt/airflow/dags/flight-pipeline.py took 1.252 seconds
[2026-08-19T22:57:16.103+0000] {processor.py:161} INFO - Started process (PID=574) to work on /opt/airflow/dags/flight-pipeline.py
[2026-08-19T22:57:16.106+0000] {processor.py:830} INFO - Processing file /opt/airflow/dags/flight-pipeline.py for tasks to queue
[2026-08-19T22:57:16.110+0000] {logging_mixin.py:188} INFO - [2026-08-19T22:57:16.109+0000] {dagbag.py:545} INFO - Filling up the DagBag from /opt/airflow/dags/flight-pipeline.py
[2026-08-19T22:57:17.060+0000] {processor.py:840} INFO - DAG(s) 'flights_ops_medallioin_pipe' retrieved from /opt/airflow/dags/flight-pipeline.py
[2026-08-19T22:57:17.106+0000] {logging_mixin.py:188} INFO - [2026-08-19T22:57:17.105+0000] {dag.py:3089} INFO - Sync 1 DAGs
[2026-08-19T22:57:17.141+0000] {logging_mixin.py:188} INFO - [2026-08-19T22:57:17.140+0000] {dag.py:3947} INFO - Setting next_dagrun for flights_ops_medallioin_pipe to 2026-08-19 22:30:00+00:00, run_after=2026-08-19 23:00:00+00:00
[2026-08-19T22:57:17.174+0000] {processor.py:183} INFO - Processing /opt/airflow/dags/flight-pipeline.py took 1.084 seconds
[2026-08-19T22:57:47.442+0000] {processor.py:161} INFO - Started process (PID=576) to work on /opt/airflow/dags/flight-pipeline.py
[2026-08-19T22:57:47.446+0000] {processor.py:830} INFO - Processing file /opt/airflow/dags/flight-pipeline.py for tasks to queue
[2026-08-19T22:57:47.453+0000] {logging_mixin.py:188} INFO - [2026-08-19T22:57:47.452+0000] {dagbag.py:545} INFO - Filling up the DagBag from /opt/airflow/dags/flight-pipeline.py
[2026-08-19T22:57:48.435+0000] {processor.py:840} INFO - DAG(s) 'flights_ops_medallioin_pipe' retrieved from /opt/airflow/dags/flight-pipeline.py
[2026-08-19T22:57:48.486+0000] {logging_mixin.py:188} INFO - [2026-08-19T22:57:48.485+0000] {dag.py:3089} INFO - Sync 1 DAGs
[2026-08-19T22:57:48.526+0000] {logging_mixin.py:188} INFO - [2026-08-19T22:57:48.525+0000] {dag.py:3947} INFO - Setting next_dagrun for flights_ops_medallioin_pipe to 2026-08-19 22:30:00+00:00, run_after=2026-08-19 23:00:00+00:00
[2026-08-19T22:57:48.562+0000] {processor.py:183} INFO - Processing /opt/airflow/dags/flight-pipeline.py took 1.136 seconds
[2026-08-19T22:58:18.799+0000] {processor.py:161} INFO - Started process (PID=578) to work on /opt/airflow/dags/flight-pipeline.py
[2026-08-19T22:58:18.803+0000] {processor.py:830} INFO - Processing file /opt/airflow/dags/flight-pipeline.py for tasks to queue
[2026-08-19T22:58:18.807+0000] {logging_mixin.py:188} INFO - [2026-08-19T22:58:18.807+0000] {dagbag.py:545} INFO - Filling up the DagBag from /opt/airflow/dags/flight-pipeline.py
[2026-08-19T22:58:19.722+0000] {processor.py:840} INFO - DAG(s) 'flights_ops_medallioin_pipe' retrieved from /opt/airflow/dags/flight-pipeline.py
[2026-08-19T22:58:19.768+0000] {logging_mixin.py:188} INFO - [2026-08-19T22:58:19.767+0000] {dag.py:3089} INFO - Sync 1 DAGs
[2026-08-19T22:58:19.804+0000] {logging_mixin.py:188} INFO - [2026-08-19T22:58:19.804+0000] {dag.py:3947} INFO - Setting next_dagrun for flights_ops_medallioin_pipe to 2026-08-19 22:30:00+00:00, run_after=2026-08-19 23:00:00+00:00
[2026-08-19T22:58:19.843+0000] {processor.py:183} INFO - Processing /opt/airflow/dags/flight-pipeline.py took 1.057 seconds
[2026-08-19T22:58:50.110+0000] {processor.py:161} INFO - Started process (PID=580) to work on /opt/airflow/dags/flight-pipeline.py
[2026-08-19T22:58:50.113+0000] {processor.py:830} INFO - Processing file /opt/airflow/dags/flight-pipeline.py for tasks to queue
[2026-08-19T22:58:50.118+0000] {logging_mixin.py:188} INFO - [2026-08-19T22:58:50.117+0000] {dagbag.py:545} INFO - Filling up the DagBag from /opt/airflow/dags/flight-pipeline.py
[2026-08-19T22:58:51.032+0000] {processor.py:840} INFO - DAG(s) 'flights_ops_medallioin_pipe' retrieved from /opt/airflow/dags/flight-pipeline.py
[2026-08-19T22:58:51.090+0000] {logging_mixin.py:188} INFO - [2026-08-19T22:58:51.089+0000] {dag.py:3089} INFO - Sync 1 DAGs
[2026-08-19T22:58:51.132+0000] {logging_mixin.py:188} INFO - [2026-08-19T22:58:51.132+0000] {dag.py:3947} INFO - Setting next_dagrun for flights_ops_medallioin_pipe to 2026-08-19 22:30:00+00:00, run_after=2026-08-19 23:00:00+00:00
[2026-08-19T22:58:51.168+0000] {processor.py:183} INFO - Processing /opt/airflow/dags/flight-pipeline.py took 1.070 seconds
[2026-08-19T22:59:21.413+0000] {processor.py:161} INFO - Started process (PID=582) to work on /opt/airflow/dags/flight-pipeline.py
[2026-08-19T22:59:21.417+0000] {processor.py:830} INFO - Processing file /opt/airflow/dags/flight-pipeline.py for tasks to queue
[2026-08-19T22:59:21.423+0000] {logging_mixin.py:188} INFO - [2026-08-19T22:59:21.422+0000] {dagbag.py:545} INFO - Filling up the DagBag from /opt/airflow/dags/flight-pipeline.py
[2026-08-19T22:59:22.372+0000] {processor.py:840} INFO - DAG(s) 'flights_ops_medallioin_pipe' retrieved from /opt/airflow/dags/flight-pipeline.py
[2026-08-19T22:59:22.425+0000] {logging_mixin.py:188} INFO - [2026-08-19T22:59:22.424+0000] {dag.py:3089} INFO - Sync 1 DAGs
[2026-08-19T22:59:22.468+0000] {logging_mixin.py:188} INFO - [2026-08-19T22:59:22.468+0000] {dag.py:3947} INFO - Setting next_dagrun for flights_ops_medallioin_pipe to 2026-08-19 22:30:00+00:00, run_after=2026-08-19 23:00:00+00:00
[2026-08-19T22:59:22.505+0000] {processor.py:183} INFO - Processing /opt/airflow/dags/flight-pipeline.py took 1.107 seconds
[2026-08-19T22:59:52.743+0000] {processor.py:161} INFO - Started process (PID=584) to work on /opt/airflow/dags/flight-pipeline.py
[2026-08-19T22:59:52.745+0000] {processor.py:830} INFO - Processing file /opt/airflow/dags/flight-pipeline.py for tasks to queue
[2026-08-19T22:59:52.750+0000] {logging_mixin.py:188} INFO - [2026-08-19T22:59:52.749+0000] {dagbag.py:545} INFO - Filling up the DagBag from /opt/airflow/dags/flight-pipeline.py
[2026-08-19T22:59:53.453+0000] {processor.py:840} INFO - DAG(s) 'flights_ops_medallioin_pipe' retrieved from /opt/airflow/dags/flight-pipeline.py
[2026-08-19T22:59:53.759+0000] {logging_mixin.py:188} INFO - [2026-08-19T22:59:53.758+0000] {dag.py:3089} INFO - Sync 1 DAGs
[2026-08-19T22:59:53.795+0000] {logging_mixin.py:188} INFO - [2026-08-19T22:59:53.795+0000] {dag.py:3947} INFO - Setting next_dagrun for flights_ops_medallioin_pipe to 2026-08-19 22:30:00+00:00, run_after=2026-08-19 23:00:00+00:00
[2026-08-19T22:59:53.830+0000] {processor.py:183} INFO - Processing /opt/airflow/dags/flight-pipeline.py took 1.100 seconds
[2026-08-19T23:00:24.065+0000] {processor.py:161} INFO - Started process (PID=616) to work on /opt/airflow/dags/flight-pipeline.py
[2026-08-19T23:00:24.068+0000] {processor.py:830} INFO - Processing file /opt/airflow/dags/flight-pipeline.py for tasks to queue
[2026-08-19T23:00:24.073+0000] {logging_mixin.py:188} INFO - [2026-08-19T23:00:24.072+0000] {dagbag.py:545} INFO - Filling up the DagBag from /opt/airflow/dags/flight-pipeline.py
[2026-08-19T23:00:25.099+0000] {processor.py:840} INFO - DAG(s) 'flights_ops_medallioin_pipe' retrieved from /opt/airflow/dags/flight-pipeline.py
[2026-08-19T23:00:25.146+0000] {logging_mixin.py:188} INFO - [2026-08-19T23:00:25.145+0000] {dag.py:3089} INFO - Sync 1 DAGs
[2026-08-19T23:00:25.181+0000] {logging_mixin.py:188} INFO - [2026-08-19T23:00:25.180+0000] {dag.py:3947} INFO - Setting next_dagrun for flights_ops_medallioin_pipe to 2026-08-19 23:00:00+00:00, run_after=2026-08-19 23:30:00+00:00
[2026-08-19T23:00:25.213+0000] {processor.py:183} INFO - Processing /opt/airflow/dags/flight-pipeline.py took 1.163 seconds
[2026-08-19T23:00:55.472+0000] {processor.py:161} INFO - Started process (PID=618) to work on /opt/airflow/dags/flight-pipeline.py
[2026-08-19T23:00:55.474+0000] {processor.py:830} INFO - Processing file /opt/airflow/dags/flight-pipeline.py for tasks to queue
[2026-08-19T23:00:55.481+0000] {logging_mixin.py:188} INFO - [2026-08-19T23:00:55.480+0000] {dagbag.py:545} INFO - Filling up the DagBag from /opt/airflow/dags/flight-pipeline.py
[2026-08-19T23:00:56.345+0000] {processor.py:840} INFO - DAG(s) 'flights_ops_medallioin_pipe' retrieved from /opt/airflow/dags/flight-pipeline.py
[2026-08-19T23:00:56.394+0000] {logging_mixin.py:188} INFO - [2026-08-19T23:00:56.393+0000] {dag.py:3089} INFO - Sync 1 DAGs
[2026-08-19T23:00:56.445+0000] {logging_mixin.py:188} INFO - [2026-08-19T23:00:56.445+0000] {dag.py:3947} INFO - Setting next_dagrun for flights_ops_medallioin_pipe to 2026-08-19 23:00:00+00:00, run_after=2026-08-19 23:30:00+00:00
[2026-08-19T23:00:56.486+0000] {processor.py:183} INFO - Processing /opt/airflow/dags/flight-pipeline.py took 1.028 seconds
[2026-08-19T23:01:26.804+0000] {processor.py:161} INFO - Started process (PID=620) to work on /opt/airflow/dags/flight-pipeline.py
[2026-08-19T23:01:26.807+0000] {processor.py:830} INFO - Processing file /opt/airflow/dags/flight-pipeline.py for tasks to queue
[2026-08-19T23:01:26.811+0000] {logging_mixin.py:188} INFO - [2026-08-19T23:01:26.810+0000] {dagbag.py:545} INFO - Filling up the DagBag from /opt/airflow/dags/flight-pipeline.py
[2026-08-19T23:01:27.641+0000] {processor.py:840} INFO - DAG(s) 'flights_ops_medallioin_pipe' retrieved from /opt/airflow/dags/flight-pipeline.py
[2026-08-19T23:01:27.686+0000] {logging_mixin.py:188} INFO - [2026-08-19T23:01:27.685+0000] {dag.py:3089} INFO - Sync 1 DAGs
[2026-08-19T23:01:27.722+0000] {logging_mixin.py:188} INFO - [2026-08-19T23:01:27.721+0000] {dag.py:3947} INFO - Setting next_dagrun for flights_ops_medallioin_pipe to 2026-08-19 23:00:00+00:00, run_after=2026-08-19 23:30:00+00:00
[2026-08-19T23:01:27.754+0000] {processor.py:183} INFO - Processing /opt/airflow/dags/flight-pipeline.py took 0.961 seconds
[2026-08-19T23:01:58.117+0000] {processor.py:161} INFO - Started process (PID=622) to work on /opt/airflow/dags/flight-pipeline.py
[2026-08-19T23:01:58.122+0000] {processor.py:830} INFO - Processing file /opt/airflow/dags/flight-pipeline.py for tasks to queue
[2026-08-19T23:01:58.129+0000] {logging_mixin.py:188} INFO - [2026-08-19T23:01:58.128+0000] {dagbag.py:545} INFO - Filling up the DagBag from /opt/airflow/dags/flight-pipeline.py
[2026-08-19T23:01:59.088+0000] {processor.py:840} INFO - DAG(s) 'flights_ops_medallioin_pipe' retrieved from /opt/airflow/dags/flight-pipeline.py
[2026-08-19T23:01:59.132+0000] {logging_mixin.py:188} INFO - [2026-08-19T23:01:59.132+0000] {dag.py:3089} INFO - Sync 1 DAGs
[2026-08-19T23:01:59.171+0000] {logging_mixin.py:188} INFO - [2026-08-19T23:01:59.170+0000] {dag.py:3947} INFO - Setting next_dagrun for flights_ops_medallioin_pipe to 2026-08-19 23:00:00+00:00, run_after=2026-08-19 23:30:00+00:00
[2026-08-19T23:01:59.204+0000] {processor.py:183} INFO - Processing /opt/airflow/dags/flight-pipeline.py took 1.104 seconds
[2026-08-19T23:02:29.396+0000] {processor.py:161} INFO - Started process (PID=624) to work on /opt/airflow/dags/flight-pipeline.py
[2026-08-19T23:02:29.398+0000] {processor.py:830} INFO - Processing file /opt/airflow/dags/flight-pipeline.py for tasks to queue
[2026-08-19T23:02:29.402+0000] {logging_mixin.py:188} INFO - [2026-08-19T23:02:29.402+0000] {dagbag.py:545} INFO - Filling up the DagBag from /opt/airflow/dags/flight-pipeline.py
[2026-08-19T23:02:30.239+0000] {processor.py:840} INFO - DAG(s) 'flights_ops_medallioin_pipe' retrieved from /opt/airflow/dags/flight-pipeline.py
[2026-08-19T23:02:30.286+0000] {logging_mixin.py:188} INFO - [2026-08-19T23:02:30.285+0000] {dag.py:3089} INFO - Sync 1 DAGs
[2026-08-19T23:02:30.321+0000] {logging_mixin.py:188} INFO - [2026-08-19T23:02:30.320+0000] {dag.py:3947} INFO - Setting next_dagrun for flights_ops_medallioin_pipe to 2026-08-19 23:00:00+00:00, run_after=2026-08-19 23:30:00+00:00
[2026-08-19T23:02:30.356+0000] {processor.py:183} INFO - Processing /opt/airflow/dags/flight-pipeline.py took 0.972 seconds
[2026-08-19T23:03:00.690+0000] {processor.py:161} INFO - Started process (PID=626) to work on /opt/airflow/dags/flight-pipeline.py
[2026-08-19T23:03:00.693+0000] {processor.py:830} INFO - Processing file /opt/airflow/dags/flight-pipeline.py for tasks to queue
[2026-08-19T23:03:00.697+0000] {logging_mixin.py:188} INFO - [2026-08-19T23:03:00.697+0000] {dagbag.py:545} INFO - Filling up the DagBag from /opt/airflow/dags/flight-pipeline.py
[2026-08-19T23:03:01.595+0000] {processor.py:840} INFO - DAG(s) 'flights_ops_medallioin_pipe' retrieved from /opt/airflow/dags/flight-pipeline.py
[2026-08-19T23:03:01.644+0000] {logging_mixin.py:188} INFO - [2026-08-19T23:03:01.643+0000] {dag.py:3089} INFO - Sync 1 DAGs
[2026-08-19T23:03:01.680+0000] {logging_mixin.py:188} INFO - [2026-08-19T23:03:01.680+0000] {dag.py:3947} INFO - Setting next_dagrun for flights_ops_medallioin_pipe to 2026-08-19 23:00:00+00:00, run_after=2026-08-19 23:30:00+00:00
[2026-08-19T23:03:01.716+0000] {processor.py:183} INFO - Processing /opt/airflow/dags/flight-pipeline.py took 1.037 seconds
[2026-08-19T23:03:31.990+0000] {processor.py:161} INFO - Started process (PID=628) to work on /opt/airflow/dags/flight-pipeline.py
[2026-08-19T23:03:31.993+0000] {processor.py:830} INFO - Processing file /opt/airflow/dags/flight-pipeline.py for tasks to queue
[2026-08-19T23:03:31.998+0000] {logging_mixin.py:188} INFO - [2026-08-19T23:03:31.997+0000] {dagbag.py:545} INFO - Filling up the DagBag from /opt/airflow/dags/flight-pipeline.py
[2026-08-19T23:03:32.986+0000] {processor.py:840} INFO - DAG(s) 'flights_ops_medallioin_pipe' retrieved from /opt/airflow/dags/flight-pipeline.py
[2026-08-19T23:03:33.038+0000] {logging_mixin.py:188} INFO - [2026-08-19T23:03:33.037+0000] {dag.py:3089} INFO - Sync 1 DAGs
[2026-08-19T23:03:33.089+0000] {logging_mixin.py:188} INFO - [2026-08-19T23:03:33.088+0000] {dag.py:3947} INFO - Setting next_dagrun for flights_ops_medallioin_pipe to 2026-08-19 23:00:00+00:00, run_after=2026-08-19 23:30:00+00:00
[2026-08-19T23:03:33.127+0000] {processor.py:183} INFO - Processing /opt/airflow/dags/flight-pipeline.py took 1.150 seconds
[2026-08-19T23:04:03.266+0000] {processor.py:161} INFO - Started process (PID=630) to work on /opt/airflow/dags/flight-pipeline.py
[2026-08-19T23:04:03.269+0000] {processor.py:830} INFO - Processing file /opt/airflow/dags/flight-pipeline.py for tasks to queue
[2026-08-19T23:04:03.274+0000] {logging_mixin.py:188} INFO - [2026-08-19T23:04:03.273+0000] {dagbag.py:545} INFO - Filling up the DagBag from /opt/airflow/dags/flight-pipeline.py
[2026-08-19T23:04:04.165+0000] {processor.py:840} INFO - DAG(s) 'flights_ops_medallioin_pipe' retrieved from /opt/airflow/dags/flight-pipeline.py
[2026-08-19T23:04:04.208+0000] {logging_mixin.py:188} INFO - [2026-08-19T23:04:04.207+0000] {dag.py:3089} INFO - Sync 1 DAGs
[2026-08-19T23:04:04.243+0000] {logging_mixin.py:188} INFO - [2026-08-19T23:04:04.243+0000] {dag.py:3947} INFO - Setting next_dagrun for flights_ops_medallioin_pipe to 2026-08-19 23:00:00+00:00, run_after=2026-08-19 23:30:00+00:00
[2026-08-19T23:04:04.277+0000] {processor.py:183} INFO - Processing /opt/airflow/dags/flight-pipeline.py took 1.027 seconds
[2026-08-19T23:04:34.562+0000] {processor.py:161} INFO - Started process (PID=632) to work on /opt/airflow/dags/flight-pipeline.py
[2026-08-19T23:04:34.565+0000] {processor.py:830} INFO - Processing file /opt/airflow/dags/flight-pipeline.py for tasks to queue
[2026-08-19T23:04:34.572+0000] {logging_mixin.py:188} INFO - [2026-08-19T23:04:34.571+0000] {dagbag.py:545} INFO - Filling up the DagBag from /opt/airflow/dags/flight-pipeline.py
[2026-08-19T23:04:35.473+0000] {processor.py:840} INFO - DAG(s) 'flights_ops_medallioin_pipe' retrieved from /opt/airflow/dags/flight-pipeline.py
[2026-08-19T23:04:35.517+0000] {logging_mixin.py:188} INFO - [2026-08-19T23:04:35.516+0000] {dag.py:3089} INFO - Sync 1 DAGs
[2026-08-19T23:04:35.558+0000] {logging_mixin.py:188} INFO - [2026-08-19T23:04:35.558+0000] {dag.py:3947} INFO - Setting next_dagrun for flights_ops_medallioin_pipe to 2026-08-19 23:00:00+00:00, run_after=2026-08-19 23:30:00+00:00
[2026-08-19T23:04:35.590+0000] {processor.py:183} INFO - Processing /opt/airflow/dags/flight-pipeline.py took 1.043 seconds
[2026-08-19T23:05:05.849+0000] {processor.py:161} INFO - Started process (PID=634) to work on /opt/airflow/dags/flight-pipeline.py
[2026-08-19T23:05:05.852+0000] {processor.py:830} INFO - Processing file /opt/airflow/dags/flight-pipeline.py for tasks to queue
[2026-08-19T23:05:05.856+0000] {logging_mixin.py:188} INFO - [2026-08-19T23:05:05.856+0000] {dagbag.py:545} INFO - Filling up the DagBag from /opt/airflow/dags/flight-pipeline.py
[2026-08-19T23:05:06.747+0000] {processor.py:840} INFO - DAG(s) 'flights_ops_medallioin_pipe' retrieved from /opt/airflow/dags/flight-pipeline.py
[2026-08-19T23:05:06.792+0000] {logging_mixin.py:188} INFO - [2026-08-19T23:05:06.791+0000] {dag.py:3089} INFO - Sync 1 DAGs
[2026-08-19T23:05:06.829+0000] {logging_mixin.py:188} INFO - [2026-08-19T23:05:06.829+0000] {dag.py:3947} INFO - Setting next_dagrun for flights_ops_medallioin_pipe to 2026-08-19 23:00:00+00:00, run_after=2026-08-19 23:30:00+00:00
[2026-08-19T23:05:06.863+0000] {processor.py:183} INFO - Processing /opt/airflow/dags/flight-pipeline.py took 1.027 seconds
[2026-08-19T23:05:37.182+0000] {processor.py:161} INFO - Started process (PID=636) to work on /opt/airflow/dags/flight-pipeline.py
[2026-08-19T23:05:37.184+0000] {processor.py:830} INFO - Processing file /opt/airflow/dags/flight-pipeline.py for tasks to queue
[2026-08-19T23:05:37.189+0000] {logging_mixin.py:188} INFO - [2026-08-19T23:05:37.188+0000] {dagbag.py:545} INFO - Filling up the DagBag from /opt/airflow/dags/flight-pipeline.py
[2026-08-19T23:05:38.192+0000] {processor.py:840} INFO - DAG(s) 'flights_ops_medallioin_pipe' retrieved from /opt/airflow/dags/flight-pipeline.py
[2026-08-19T23:05:38.241+0000] {logging_mixin.py:188} INFO - [2026-08-19T23:05:38.240+0000] {dag.py:3089} INFO - Sync 1 DAGs
[2026-08-19T23:05:38.285+0000] {logging_mixin.py:188} INFO - [2026-08-19T23:05:38.284+0000] {dag.py:3947} INFO - Setting next_dagrun for flights_ops_medallioin_pipe to 2026-08-19 23:00:00+00:00, run_after=2026-08-19 23:30:00+00:00
[2026-08-19T23:05:38.318+0000] {processor.py:183} INFO - Processing /opt/airflow/dags/flight-pipeline.py took 1.147 seconds
[2026-08-19T23:06:08.478+0000] {processor.py:161} INFO - Started process (PID=638) to work on /opt/airflow/dags/flight-pipeline.py
[2026-08-19T23:06:08.481+0000] {processor.py:830} INFO - Processing file /opt/airflow/dags/flight-pipeline.py for tasks to queue
[2026-08-19T23:06:08.488+0000] {logging_mixin.py:188} INFO - [2026-08-19T23:06:08.487+0000] {dagbag.py:545} INFO - Filling up the DagBag from /opt/airflow/dags/flight-pipeline.py
[2026-08-19T23:06:09.317+0000] {processor.py:840} INFO - DAG(s) 'flights_ops_medallioin_pipe' retrieved from /opt/airflow/dags/flight-pipeline.py
[2026-08-19T23:06:09.362+0000] {logging_mixin.py:188} INFO - [2026-08-19T23:06:09.361+0000] {dag.py:3089} INFO - Sync 1 DAGs
[2026-08-19T23:06:09.396+0000] {logging_mixin.py:188} INFO - [2026-08-19T23:06:09.395+0000] {dag.py:3947} INFO - Setting next_dagrun for flights_ops_medallioin_pipe to 2026-08-19 23:00:00+00:00, run_after=2026-08-19 23:30:00+00:00
[2026-08-19T23:06:09.428+0000] {processor.py:183} INFO - Processing /opt/airflow/dags/flight-pipeline.py took 0.961 seconds
[2026-08-19T23:06:39.779+0000] {processor.py:161} INFO - Started process (PID=640) to work on /opt/airflow/dags/flight-pipeline.py
[2026-08-19T23:06:39.782+0000] {processor.py:830} INFO - Processing file /opt/airflow/dags/flight-pipeline.py for tasks to queue
[2026-08-19T23:06:39.788+0000] {logging_mixin.py:188} INFO - [2026-08-19T23:06:39.787+0000] {dagbag.py:545} INFO - Filling up the DagBag from /opt/airflow/dags/flight-pipeline.py
[2026-08-19T23:06:40.616+0000] {processor.py:840} INFO - DAG(s) 'flights_ops_medallioin_pipe' retrieved from /opt/airflow/dags/flight-pipeline.py
[2026-08-19T23:06:40.660+0000] {logging_mixin.py:188} INFO - [2026-08-19T23:06:40.660+0000] {dag.py:3089} INFO - Sync 1 DAGs
[2026-08-19T23:06:40.695+0000] {logging_mixin.py:188} INFO - [2026-08-19T23:06:40.695+0000] {dag.py:3947} INFO - Setting next_dagrun for flights_ops_medallioin_pipe to 2026-08-19 23:00:00+00:00, run_after=2026-08-19 23:30:00+00:00
[2026-08-19T23:06:40.729+0000] {processor.py:183} INFO - Processing /opt/airflow/dags/flight-pipeline.py took 0.961 seconds
[2026-08-19T23:07:11.059+0000] {processor.py:161} INFO - Started process (PID=642) to work on /opt/airflow/dags/flight-pipeline.py
[2026-08-19T23:07:11.061+0000] {processor.py:830} INFO - Processing file /opt/airflow/dags/flight-pipeline.py for tasks to queue
[2026-08-19T23:07:11.067+0000] {logging_mixin.py:188} INFO - [2026-08-19T23:07:11.066+0000] {dagbag.py:545} INFO - Filling up the DagBag from /opt/airflow/dags/flight-pipeline.py
[2026-08-19T23:07:11.904+0000] {processor.py:840} INFO - DAG(s) 'flights_ops_medallioin_pipe' retrieved from /opt/airflow/dags/flight-pipeline.py
[2026-08-19T23:07:11.949+0000] {logging_mixin.py:188} INFO - [2026-08-19T23:07:11.948+0000] {dag.py:3089} INFO - Sync 1 DAGs
[2026-08-19T23:07:11.982+0000] {logging_mixin.py:188} INFO - [2026-08-19T23:07:11.982+0000] {dag.py:3947} INFO - Setting next_dagrun for flights_ops_medallioin_pipe to 2026-08-19 23:00:00+00:00, run_after=2026-08-19 23:30:00+00:00
[2026-08-19T23:07:12.018+0000] {processor.py:183} INFO - Processing /opt/airflow/dags/flight-pipeline.py took 0.970 seconds
[2026-08-19T23:07:42.358+0000] {processor.py:161} INFO - Started process (PID=644) to work on /opt/airflow/dags/flight-pipeline.py
[2026-08-19T23:07:42.361+0000] {processor.py:830} INFO - Processing file /opt/airflow/dags/flight-pipeline.py for tasks to queue
[2026-08-19T23:07:42.365+0000] {logging_mixin.py:188} INFO - [2026-08-19T23:07:42.364+0000] {dagbag.py:545} INFO - Filling up the DagBag from /opt/airflow/dags/flight-pipeline.py
[2026-08-19T23:07:43.219+0000] {processor.py:840} INFO - DAG(s) 'flights_ops_medallioin_pipe' retrieved from /opt/airflow/dags/flight-pipeline.py
[2026-08-19T23:07:43.264+0000] {logging_mixin.py:188} INFO - [2026-08-19T23:07:43.263+0000] {dag.py:3089} INFO - Sync 1 DAGs
[2026-08-19T23:07:43.300+0000] {logging_mixin.py:188} INFO - [2026-08-19T23:07:43.300+0000] {dag.py:3947} INFO - Setting next_dagrun for flights_ops_medallioin_pipe to 2026-08-19 23:00:00+00:00, run_after=2026-08-19 23:30:00+00:00
[2026-08-19T23:07:43.335+0000] {processor.py:183} INFO - Processing /opt/airflow/dags/flight-pipeline.py took 0.988 seconds
[2026-08-19T23:08:13.672+0000] {processor.py:161} INFO - Started process (PID=646) to work on /opt/airflow/dags/flight-pipeline.py
[2026-08-19T23:08:13.675+0000] {processor.py:830} INFO - Processing file /opt/airflow/dags/flight-pipeline.py for tasks to queue
[2026-08-19T23:08:13.680+0000] {logging_mixin.py:188} INFO - [2026-08-19T23:08:13.680+0000] {dagbag.py:545} INFO - Filling up the DagBag from /opt/airflow/dags/flight-pipeline.py
[2026-08-19T23:08:14.514+0000] {processor.py:840} INFO - DAG(s) 'flights_ops_medallioin_pipe' retrieved from /opt/airflow/dags/flight-pipeline.py
[2026-08-19T23:08:14.572+0000] {logging_mixin.py:188} INFO - [2026-08-19T23:08:14.571+0000] {dag.py:3089} INFO - Sync 1 DAGs
[2026-08-19T23:08:14.620+0000] {logging_mixin.py:188} INFO - [2026-08-19T23:08:14.619+0000] {dag.py:3947} INFO - Setting next_dagrun for flights_ops_medallioin_pipe to 2026-08-19 23:00:00+00:00, run_after=2026-08-19 23:30:00+00:00
[2026-08-19T23:08:14.667+0000] {processor.py:183} INFO - Processing /opt/airflow/dags/flight-pipeline.py took 1.008 seconds
[2026-08-19T23:08:44.985+0000] {processor.py:161} INFO - Started process (PID=648) to work on /opt/airflow/dags/flight-pipeline.py
[2026-08-19T23:08:44.988+0000] {processor.py:830} INFO - Processing file /opt/airflow/dags/flight-pipeline.py for tasks to queue
[2026-08-19T23:08:44.993+0000] {logging_mixin.py:188} INFO - [2026-08-19T23:08:44.992+0000] {dagbag.py:545} INFO - Filling up the DagBag from /opt/airflow/dags/flight-pipeline.py
[2026-08-19T23:08:45.918+0000] {processor.py:840} INFO - DAG(s) 'flights_ops_medallioin_pipe' retrieved from /opt/airflow/dags/flight-pipeline.py
[2026-08-19T23:08:45.964+0000] {logging_mixin.py:188} INFO - [2026-08-19T23:08:45.964+0000] {dag.py:3089} INFO - Sync 1 DAGs
[2026-08-19T23:08:45.998+0000] {logging_mixin.py:188} INFO - [2026-08-19T23:08:45.998+0000] {dag.py:3947} INFO - Setting next_dagrun for flights_ops_medallioin_pipe to 2026-08-19 23:00:00+00:00, run_after=2026-08-19 23:30:00+00:00
[2026-08-19T23:08:46.029+0000] {processor.py:183} INFO - Processing /opt/airflow/dags/flight-pipeline.py took 1.055 seconds
[2026-08-19T23:09:16.284+0000] {processor.py:161} INFO - Started process (PID=650) to work on /opt/airflow/dags/flight-pipeline.py
[2026-08-19T23:09:16.287+0000] {processor.py:830} INFO - Processing file /opt/airflow/dags/flight-pipeline.py for tasks to queue
[2026-08-19T23:09:16.293+0000] {logging_mixin.py:188} INFO - [2026-08-19T23:09:16.292+0000] {dagbag.py:545} INFO - Filling up the DagBag from /opt/airflow/dags/flight-pipeline.py
[2026-08-19T23:09:17.385+0000] {processor.py:840} INFO - DAG(s) 'flights_ops_medallioin_pipe' retrieved from /opt/airflow/dags/flight-pipeline.py
[2026-08-19T23:09:17.432+0000] {logging_mixin.py:188} INFO - [2026-08-19T23:09:17.432+0000] {dag.py:3089} INFO - Sync 1 DAGs
[2026-08-19T23:09:17.474+0000] {logging_mixin.py:188} INFO - [2026-08-19T23:09:17.473+0000] {dag.py:3947} INFO - Setting next_dagrun for flights_ops_medallioin_pipe to 2026-08-19 23:00:00+00:00, run_after=2026-08-19 23:30:00+00:00
[2026-08-19T23:09:17.510+0000] {processor.py:183} INFO - Processing /opt/airflow/dags/flight-pipeline.py took 1.245 seconds
[2026-08-19T23:09:47.814+0000] {processor.py:161} INFO - Started process (PID=652) to work on /opt/airflow/dags/flight-pipeline.py
[2026-08-19T23:09:47.817+0000] {processor.py:830} INFO - Processing file /opt/airflow/dags/flight-pipeline.py for tasks to queue
[2026-08-19T23:09:47.821+0000] {logging_mixin.py:188} INFO - [2026-08-19T23:09:47.821+0000] {dagbag.py:545} INFO - Filling up the DagBag from /opt/airflow/dags/flight-pipeline.py
[2026-08-19T23:09:48.675+0000] {processor.py:840} INFO - DAG(s) 'flights_ops_medallioin_pipe' retrieved from /opt/airflow/dags/flight-pipeline.py
[2026-08-19T23:09:48.720+0000] {logging_mixin.py:188} INFO - [2026-08-19T23:09:48.720+0000] {dag.py:3089} INFO - Sync 1 DAGs
[2026-08-19T23:09:48.756+0000] {logging_mixin.py:188} INFO - [2026-08-19T23:09:48.755+0000] {dag.py:3947} INFO - Setting next_dagrun for flights_ops_medallioin_pipe to 2026-08-19 23:00:00+00:00, run_after=2026-08-19 23:30:00+00:00
[2026-08-19T23:09:48.792+0000] {processor.py:183} INFO - Processing /opt/airflow/dags/flight-pipeline.py took 0.990 seconds
[2026-08-19T23:10:19.101+0000] {processor.py:161} INFO - Started process (PID=654) to work on /opt/airflow/dags/flight-pipeline.py
[2026-08-19T23:10:19.104+0000] {processor.py:830} INFO - Processing file /opt/airflow/dags/flight-pipeline.py for tasks to queue
[2026-08-19T23:10:19.109+0000] {logging_mixin.py:188} INFO - [2026-08-19T23:10:19.108+0000] {dagbag.py:545} INFO - Filling up the DagBag from /opt/airflow/dags/flight-pipeline.py
[2026-08-19T23:10:20.024+0000] {processor.py:840} INFO - DAG(s) 'flights_ops_medallioin_pipe' retrieved from /opt/airflow/dags/flight-pipeline.py
[2026-08-19T23:10:20.068+0000] {logging_mixin.py:188} INFO - [2026-08-19T23:10:20.068+0000] {dag.py:3089} INFO - Sync 1 DAGs
[2026-08-19T23:10:20.108+0000] {logging_mixin.py:188} INFO - [2026-08-19T23:10:20.107+0000] {dag.py:3947} INFO - Setting next_dagrun for flights_ops_medallioin_pipe to 2026-08-19 23:00:00+00:00, run_after=2026-08-19 23:30:00+00:00
[2026-08-19T23:10:20.138+0000] {processor.py:183} INFO - Processing /opt/airflow/dags/flight-pipeline.py took 1.048 seconds
[2026-08-19T23:10:50.398+0000] {processor.py:161} INFO - Started process (PID=656) to work on /opt/airflow/dags/flight-pipeline.py
[2026-08-19T23:10:50.401+0000] {processor.py:830} INFO - Processing file /opt/airflow/dags/flight-pipeline.py for tasks to queue
[2026-08-19T23:10:50.406+0000] {logging_mixin.py:188} INFO - [2026-08-19T23:10:50.405+0000] {dagbag.py:545} INFO - Filling up the DagBag from /opt/airflow/dags/flight-pipeline.py
[2026-08-19T23:10:51.247+0000] {processor.py:840} INFO - DAG(s) 'flights_ops_medallioin_pipe' retrieved from /opt/airflow/dags/flight-pipeline.py
[2026-08-19T23:10:51.291+0000] {logging_mixin.py:188} INFO - [2026-08-19T23:10:51.290+0000] {dag.py:3089} INFO - Sync 1 DAGs
[2026-08-19T23:10:51.327+0000] {logging_mixin.py:188} INFO - [2026-08-19T23:10:51.326+0000] {dag.py:3947} INFO - Setting next_dagrun for flights_ops_medallioin_pipe to 2026-08-19 23:00:00+00:00, run_after=2026-08-19 23:30:00+00:00
[2026-08-19T23:10:51.360+0000] {processor.py:183} INFO - Processing /opt/airflow/dags/flight-pipeline.py took 0.975 seconds
[2026-08-19T23:11:21.746+0000] {processor.py:161} INFO - Started process (PID=658) to work on /opt/airflow/dags/flight-pipeline.py
[2026-08-19T23:11:21.749+0000] {processor.py:830} INFO - Processing file /opt/airflow/dags/flight-pipeline.py for tasks to queue
[2026-08-19T23:11:21.754+0000] {logging_mixin.py:188} INFO - [2026-08-19T23:11:21.753+0000] {dagbag.py:545} INFO - Filling up the DagBag from /opt/airflow/dags/flight-pipeline.py
[2026-08-19T23:11:22.595+0000] {processor.py:840} INFO - DAG(s) 'flights_ops_medallioin_pipe' retrieved from /opt/airflow/dags/flight-pipeline.py
[2026-08-19T23:11:22.641+0000] {logging_mixin.py:188} INFO - [2026-08-19T23:11:22.640+0000] {dag.py:3089} INFO - Sync 1 DAGs
[2026-08-19T23:11:22.676+0000] {logging_mixin.py:188} INFO - [2026-08-19T23:11:22.675+0000] {dag.py:3947} INFO - Setting next_dagrun for flights_ops_medallioin_pipe to 2026-08-19 23:00:00+00:00, run_after=2026-08-19 23:30:00+00:00
[2026-08-19T23:11:22.710+0000] {processor.py:183} INFO - Processing /opt/airflow/dags/flight-pipeline.py took 0.974 seconds
[2026-08-19T23:11:53.053+0000] {processor.py:161} INFO - Started process (PID=660) to work on /opt/airflow/dags/flight-pipeline.py
[2026-08-19T23:11:53.056+0000] {processor.py:830} INFO - Processing file /opt/airflow/dags/flight-pipeline.py for tasks to queue
[2026-08-19T23:11:53.063+0000] {logging_mixin.py:188} INFO - [2026-08-19T23:11:53.062+0000] {dagbag.py:545} INFO - Filling up the DagBag from /opt/airflow/dags/flight-pipeline.py
[2026-08-19T23:11:53.914+0000] {processor.py:840} INFO - DAG(s) 'flights_ops_medallioin_pipe' retrieved from /opt/airflow/dags/flight-pipeline.py
[2026-08-19T23:11:53.962+0000] {logging_mixin.py:188} INFO - [2026-08-19T23:11:53.962+0000] {dag.py:3089} INFO - Sync 1 DAGs
[2026-08-19T23:11:53.997+0000] {logging_mixin.py:188} INFO - [2026-08-19T23:11:53.996+0000] {dag.py:3947} INFO - Setting next_dagrun for flights_ops_medallioin_pipe to 2026-08-19 23:00:00+00:00, run_after=2026-08-19 23:30:00+00:00
[2026-08-19T23:11:54.030+0000] {processor.py:183} INFO - Processing /opt/airflow/dags/flight-pipeline.py took 0.991 seconds
[2026-08-19T23:12:24.356+0000] {processor.py:161} INFO - Started process (PID=662) to work on /opt/airflow/dags/flight-pipeline.py
[2026-08-19T23:12:24.359+0000] {processor.py:830} INFO - Processing file /opt/airflow/dags/flight-pipeline.py for tasks to queue
[2026-08-19T23:12:24.365+0000] {logging_mixin.py:188} INFO - [2026-08-19T23:12:24.364+0000] {dagbag.py:545} INFO - Filling up the DagBag from /opt/airflow/dags/flight-pipeline.py
[2026-08-19T23:12:25.285+0000] {processor.py:840} INFO - DAG(s) 'flights_ops_medallioin_pipe' retrieved from /opt/airflow/dags/flight-pipeline.py
[2026-08-19T23:12:25.333+0000] {logging_mixin.py:188} INFO - [2026-08-19T23:12:25.332+0000] {dag.py:3089} INFO - Sync 1 DAGs
[2026-08-19T23:12:25.372+0000] {logging_mixin.py:188} INFO - [2026-08-19T23:12:25.371+0000] {dag.py:3947} INFO - Setting next_dagrun for flights_ops_medallioin_pipe to 2026-08-19 23:00:00+00:00, run_after=2026-08-19 23:30:00+00:00
[2026-08-19T23:12:25.413+0000] {processor.py:183} INFO - Processing /opt/airflow/dags/flight-pipeline.py took 1.068 seconds
[2026-08-19T23:12:55.662+0000] {processor.py:161} INFO - Started process (PID=664) to work on /opt/airflow/dags/flight-pipeline.py
[2026-08-19T23:12:55.665+0000] {processor.py:830} INFO - Processing file /opt/airflow/dags/flight-pipeline.py for tasks to queue
[2026-08-19T23:12:55.672+0000] {logging_mixin.py:188} INFO - [2026-08-19T23:12:55.671+0000] {dagbag.py:545} INFO - Filling up the DagBag from /opt/airflow/dags/flight-pipeline.py
[2026-08-19T23:12:56.561+0000] {processor.py:840} INFO - DAG(s) 'flights_ops_medallioin_pipe' retrieved from /opt/airflow/dags/flight-pipeline.py
[2026-08-19T23:12:56.605+0000] {logging_mixin.py:188} INFO - [2026-08-19T23:12:56.605+0000] {dag.py:3089} INFO - Sync 1 DAGs
[2026-08-19T23:12:56.640+0000] {logging_mixin.py:188} INFO - [2026-08-19T23:12:56.639+0000] {dag.py:3947} INFO - Setting next_dagrun for flights_ops_medallioin_pipe to 2026-08-19 23:00:00+00:00, run_after=2026-08-19 23:30:00+00:00
[2026-08-19T23:12:56.677+0000] {processor.py:183} INFO - Processing /opt/airflow/dags/flight-pipeline.py took 1.032 seconds
[2026-08-19T23:13:27.010+0000] {processor.py:161} INFO - Started process (PID=666) to work on /opt/airflow/dags/flight-pipeline.py
[2026-08-19T23:13:27.014+0000] {processor.py:830} INFO - Processing file /opt/airflow/dags/flight-pipeline.py for tasks to queue
[2026-08-19T23:13:27.024+0000] {logging_mixin.py:188} INFO - [2026-08-19T23:13:27.023+0000] {dagbag.py:545} INFO - Filling up the DagBag from /opt/airflow/dags/flight-pipeline.py
[2026-08-19T23:13:27.949+0000] {processor.py:840} INFO - DAG(s) 'flights_ops_medallioin_pipe' retrieved from /opt/airflow/dags/flight-pipeline.py
[2026-08-19T23:13:28.008+0000] {logging_mixin.py:188} INFO - [2026-08-19T23:13:28.007+0000] {dag.py:3089} INFO - Sync 1 DAGs
[2026-08-19T23:13:28.052+0000] {logging_mixin.py:188} INFO - [2026-08-19T23:13:28.051+0000] {dag.py:3947} INFO - Setting next_dagrun for flights_ops_medallioin_pipe to 2026-08-19 23:00:00+00:00, run_after=2026-08-19 23:30:00+00:00
[2026-08-19T23:13:28.092+0000] {processor.py:183} INFO - Processing /opt/airflow/dags/flight-pipeline.py took 1.101 seconds
[2026-08-19T23:13:58.313+0000] {processor.py:161} INFO - Started process (PID=668) to work on /opt/airflow/dags/flight-pipeline.py
[2026-08-19T23:13:58.316+0000] {processor.py:830} INFO - Processing file /opt/airflow/dags/flight-pipeline.py for tasks to queue
[2026-08-19T23:13:58.322+0000] {logging_mixin.py:188} INFO - [2026-08-19T23:13:58.321+0000] {dagbag.py:545} INFO - Filling up the DagBag from /opt/airflow/dags/flight-pipeline.py
[2026-08-19T23:13:59.537+0000] {processor.py:840} INFO - DAG(s) 'flights_ops_medallioin_pipe' retrieved from /opt/airflow/dags/flight-pipeline.py
[2026-08-19T23:13:59.581+0000] {logging_mixin.py:188} INFO - [2026-08-19T23:13:59.580+0000] {dag.py:3089} INFO - Sync 1 DAGs
[2026-08-19T23:13:59.625+0000] {logging_mixin.py:188} INFO - [2026-08-19T23:13:59.625+0000] {dag.py:3947} INFO - Setting next_dagrun for flights_ops_medallioin_pipe to 2026-08-19 23:00:00+00:00, run_after=2026-08-19 23:30:00+00:00
[2026-08-19T23:13:59.661+0000] {processor.py:183} INFO - Processing /opt/airflow/dags/flight-pipeline.py took 1.365 seconds
[2026-08-19T23:14:29.990+0000] {processor.py:161} INFO - Started process (PID=670) to work on /opt/airflow/dags/flight-pipeline.py
[2026-08-19T23:14:29.993+0000] {processor.py:830} INFO - Processing file /opt/airflow/dags/flight-pipeline.py for tasks to queue
[2026-08-19T23:14:29.997+0000] {logging_mixin.py:188} INFO - [2026-08-19T23:14:29.997+0000] {dagbag.py:545} INFO - Filling up the DagBag from /opt/airflow/dags/flight-pipeline.py
[2026-08-19T23:14:30.857+0000] {processor.py:840} INFO - DAG(s) 'flights_ops_medallioin_pipe' retrieved from /opt/airflow/dags/flight-pipeline.py
[2026-08-19T23:14:30.903+0000] {logging_mixin.py:188} INFO - [2026-08-19T23:14:30.903+0000] {dag.py:3089} INFO - Sync 1 DAGs
[2026-08-19T23:14:30.938+0000] {logging_mixin.py:188} INFO - [2026-08-19T23:14:30.937+0000] {dag.py:3947} INFO - Setting next_dagrun for flights_ops_medallioin_pipe to 2026-08-19 23:00:00+00:00, run_after=2026-08-19 23:30:00+00:00
[2026-08-19T23:14:30.970+0000] {processor.py:183} INFO - Processing /opt/airflow/dags/flight-pipeline.py took 0.992 seconds
[2026-08-19T23:15:01.276+0000] {processor.py:161} INFO - Started process (PID=672) to work on /opt/airflow/dags/flight-pipeline.py
[2026-08-19T23:15:01.279+0000] {processor.py:830} INFO - Processing file /opt/airflow/dags/flight-pipeline.py for tasks to queue
[2026-08-19T23:15:01.283+0000] {logging_mixin.py:188} INFO - [2026-08-19T23:15:01.282+0000] {dagbag.py:545} INFO - Filling up the DagBag from /opt/airflow/dags/flight-pipeline.py
[2026-08-19T23:15:02.131+0000] {processor.py:840} INFO - DAG(s) 'flights_ops_medallioin_pipe' retrieved from /opt/airflow/dags/flight-pipeline.py
[2026-08-19T23:15:02.176+0000] {logging_mixin.py:188} INFO - [2026-08-19T23:15:02.175+0000] {dag.py:3089} INFO - Sync 1 DAGs
[2026-08-19T23:15:02.211+0000] {logging_mixin.py:188} INFO - [2026-08-19T23:15:02.210+0000] {dag.py:3947} INFO - Setting next_dagrun for flights_ops_medallioin_pipe to 2026-08-19 23:00:00+00:00, run_after=2026-08-19 23:30:00+00:00
[2026-08-19T23:15:02.244+0000] {processor.py:183} INFO - Processing /opt/airflow/dags/flight-pipeline.py took 0.979 seconds
[2026-08-19T23:15:32.580+0000] {processor.py:161} INFO - Started process (PID=674) to work on /opt/airflow/dags/flight-pipeline.py
[2026-08-19T23:15:32.584+0000] {processor.py:830} INFO - Processing file /opt/airflow/dags/flight-pipeline.py for tasks to queue
[2026-08-19T23:15:32.589+0000] {logging_mixin.py:188} INFO - [2026-08-19T23:15:32.588+0000] {dagbag.py:545} INFO - Filling up the DagBag from /opt/airflow/dags/flight-pipeline.py
[2026-08-19T23:15:33.446+0000] {processor.py:840} INFO - DAG(s) 'flights_ops_medallioin_pipe' retrieved from /opt/airflow/dags/flight-pipeline.py
[2026-08-19T23:15:33.492+0000] {logging_mixin.py:188} INFO - [2026-08-19T23:15:33.491+0000] {dag.py:3089} INFO - Sync 1 DAGs
[2026-08-19T23:15:33.527+0000] {logging_mixin.py:188} INFO - [2026-08-19T23:15:33.527+0000] {dag.py:3947} INFO - Setting next_dagrun for flights_ops_medallioin_pipe to 2026-08-19 23:00:00+00:00, run_after=2026-08-19 23:30:00+00:00
[2026-08-19T23:15:33.559+0000] {processor.py:183} INFO - Processing /opt/airflow/dags/flight-pipeline.py took 0.993 seconds
[2026-08-19T23:16:03.960+0000] {processor.py:161} INFO - Started process (PID=676) to work on /opt/airflow/dags/flight-pipeline.py
[2026-08-19T23:16:03.963+0000] {processor.py:830} INFO - Processing file /opt/airflow/dags/flight-pipeline.py for tasks to queue
[2026-08-19T23:16:03.967+0000] {logging_mixin.py:188} INFO - [2026-08-19T23:16:03.967+0000] {dagbag.py:545} INFO - Filling up the DagBag from /opt/airflow/dags/flight-pipeline.py
[2026-08-19T23:16:04.804+0000] {processor.py:840} INFO - DAG(s) 'flights_ops_medallioin_pipe' retrieved from /opt/airflow/dags/flight-pipeline.py
[2026-08-19T23:16:04.850+0000] {logging_mixin.py:188} INFO - [2026-08-19T23:16:04.849+0000] {dag.py:3089} INFO - Sync 1 DAGs
[2026-08-19T23:16:04.885+0000] {logging_mixin.py:188} INFO - [2026-08-19T23:16:04.885+0000] {dag.py:3947} INFO - Setting next_dagrun for flights_ops_medallioin_pipe to 2026-08-19 23:00:00+00:00, run_after=2026-08-19 23:30:00+00:00
[2026-08-19T23:16:04.922+0000] {processor.py:183} INFO - Processing /opt/airflow/dags/flight-pipeline.py took 0.976 seconds
[2026-08-19T23:16:35.276+0000] {processor.py:161} INFO - Started process (PID=678) to work on /opt/airflow/dags/flight-pipeline.py
[2026-08-19T23:16:35.280+0000] {processor.py:830} INFO - Processing file /opt/airflow/dags/flight-pipeline.py for tasks to queue
[2026-08-19T23:16:35.286+0000] {logging_mixin.py:188} INFO - [2026-08-19T23:16:35.285+0000] {dagbag.py:545} INFO - Filling up the DagBag from /opt/airflow/dags/flight-pipeline.py
[2026-08-19T23:16:36.153+0000] {processor.py:840} INFO - DAG(s) 'flights_ops_medallioin_pipe' retrieved from /opt/airflow/dags/flight-pipeline.py
[2026-08-19T23:16:36.197+0000] {logging_mixin.py:188} INFO - [2026-08-19T23:16:36.196+0000] {dag.py:3089} INFO - Sync 1 DAGs
[2026-08-19T23:16:36.232+0000] {logging_mixin.py:188} INFO - [2026-08-19T23:16:36.232+0000] {dag.py:3947} INFO - Setting next_dagrun for flights_ops_medallioin_pipe to 2026-08-19 23:00:00+00:00, run_after=2026-08-19 23:30:00+00:00
[2026-08-19T23:16:36.266+0000] {processor.py:183} INFO - Processing /opt/airflow/dags/flight-pipeline.py took 1.002 seconds
[2026-08-19T23:17:06.560+0000] {processor.py:161} INFO - Started process (PID=680) to work on /opt/airflow/dags/flight-pipeline.py
[2026-08-19T23:17:06.564+0000] {processor.py:830} INFO - Processing file /opt/airflow/dags/flight-pipeline.py for tasks to queue
[2026-08-19T23:17:06.569+0000] {logging_mixin.py:188} INFO - [2026-08-19T23:17:06.569+0000] {dagbag.py:545} INFO - Filling up the DagBag from /opt/airflow/dags/flight-pipeline.py
[2026-08-19T23:17:07.463+0000] {processor.py:840} INFO - DAG(s) 'flights_ops_medallioin_pipe' retrieved from /opt/airflow/dags/flight-pipeline.py
[2026-08-19T23:17:07.511+0000] {logging_mixin.py:188} INFO - [2026-08-19T23:17:07.511+0000] {dag.py:3089} INFO - Sync 1 DAGs
[2026-08-19T23:17:07.553+0000] {logging_mixin.py:188} INFO - [2026-08-19T23:17:07.553+0000] {dag.py:3947} INFO - Setting next_dagrun for flights_ops_medallioin_pipe to 2026-08-19 23:00:00+00:00, run_after=2026-08-19 23:30:00+00:00
[2026-08-19T23:17:07.588+0000] {processor.py:183} INFO - Processing /opt/airflow/dags/flight-pipeline.py took 1.038 seconds
[2026-08-19T23:17:37.856+0000] {processor.py:161} INFO - Started process (PID=682) to work on /opt/airflow/dags/flight-pipeline.py
[2026-08-19T23:17:37.859+0000] {processor.py:830} INFO - Processing file /opt/airflow/dags/flight-pipeline.py for tasks to queue
[2026-08-19T23:17:37.866+0000] {logging_mixin.py:188} INFO - [2026-08-19T23:17:37.865+0000] {dagbag.py:545} INFO - Filling up the DagBag from /opt/airflow/dags/flight-pipeline.py
[2026-08-19T23:17:38.708+0000] {processor.py:840} INFO - DAG(s) 'flights_ops_medallioin_pipe' retrieved from /opt/airflow/dags/flight-pipeline.py
[2026-08-19T23:17:38.755+0000] {logging_mixin.py:188} INFO - [2026-08-19T23:17:38.754+0000] {dag.py:3089} INFO - Sync 1 DAGs
[2026-08-19T23:17:38.789+0000] {logging_mixin.py:188} INFO - [2026-08-19T23:17:38.789+0000] {dag.py:3947} INFO - Setting next_dagrun for flights_ops_medallioin_pipe to 2026-08-19 23:00:00+00:00, run_after=2026-08-19 23:30:00+00:00
[2026-08-19T23:17:38.823+0000] {processor.py:183} INFO - Processing /opt/airflow/dags/flight-pipeline.py took 0.980 seconds
[2026-08-19T23:18:09.130+0000] {processor.py:161} INFO - Started process (PID=684) to work on /opt/airflow/dags/flight-pipeline.py
[2026-08-19T23:18:09.133+0000] {processor.py:830} INFO - Processing file /opt/airflow/dags/flight-pipeline.py for tasks to queue
[2026-08-19T23:18:09.138+0000] {logging_mixin.py:188} INFO - [2026-08-19T23:18:09.138+0000] {dagbag.py:545} INFO - Filling up the DagBag from /opt/airflow/dags/flight-pipeline.py
[2026-08-19T23:18:09.986+0000] {processor.py:840} INFO - DAG(s) 'flights_ops_medallioin_pipe' retrieved from /opt/airflow/dags/flight-pipeline.py
[2026-08-19T23:18:10.031+0000] {logging_mixin.py:188} INFO - [2026-08-19T23:18:10.030+0000] {dag.py:3089} INFO - Sync 1 DAGs
[2026-08-19T23:18:10.065+0000] {logging_mixin.py:188} INFO - [2026-08-19T23:18:10.065+0000] {dag.py:3947} INFO - Setting next_dagrun for flights_ops_medallioin_pipe to 2026-08-19 23:00:00+00:00, run_after=2026-08-19 23:30:00+00:00
[2026-08-19T23:18:10.100+0000] {processor.py:183} INFO - Processing /opt/airflow/dags/flight-pipeline.py took 0.983 seconds
[2026-08-19T23:18:40.412+0000] {processor.py:161} INFO - Started process (PID=686) to work on /opt/airflow/dags/flight-pipeline.py
[2026-08-19T23:18:40.414+0000] {processor.py:830} INFO - Processing file /opt/airflow/dags/flight-pipeline.py for tasks to queue
[2026-08-19T23:18:40.419+0000] {logging_mixin.py:188} INFO - [2026-08-19T23:18:40.418+0000] {dagbag.py:545} INFO - Filling up the DagBag from /opt/airflow/dags/flight-pipeline.py
[2026-08-19T23:18:41.285+0000] {processor.py:840} INFO - DAG(s) 'flights_ops_medallioin_pipe' retrieved from /opt/airflow/dags/flight-pipeline.py
[2026-08-19T23:18:41.331+0000] {logging_mixin.py:188} INFO - [2026-08-19T23:18:41.330+0000] {dag.py:3089} INFO - Sync 1 DAGs
[2026-08-19T23:18:41.368+0000] {logging_mixin.py:188} INFO - [2026-08-19T23:18:41.367+0000] {dag.py:3947} INFO - Setting next_dagrun for flights_ops_medallioin_pipe to 2026-08-19 23:00:00+00:00, run_after=2026-08-19 23:30:00+00:00
[2026-08-19T23:18:41.403+0000] {processor.py:183} INFO - Processing /opt/airflow/dags/flight-pipeline.py took 1.002 seconds
[2026-08-19T23:19:11.733+0000] {processor.py:161} INFO - Started process (PID=688) to work on /opt/airflow/dags/flight-pipeline.py
[2026-08-19T23:19:11.736+0000] {processor.py:830} INFO - Processing file /opt/airflow/dags/flight-pipeline.py for tasks to queue
[2026-08-19T23:19:11.741+0000] {logging_mixin.py:188} INFO - [2026-08-19T23:19:11.741+0000] {dagbag.py:545} INFO - Filling up the DagBag from /opt/airflow/dags/flight-pipeline.py
[2026-08-19T23:19:12.653+0000] {processor.py:840} INFO - DAG(s) 'flights_ops_medallioin_pipe' retrieved from /opt/airflow/dags/flight-pipeline.py
[2026-08-19T23:19:12.701+0000] {logging_mixin.py:188} INFO - [2026-08-19T23:19:12.700+0000] {dag.py:3089} INFO - Sync 1 DAGs
[2026-08-19T23:19:12.740+0000] {logging_mixin.py:188} INFO - [2026-08-19T23:19:12.740+0000] {dag.py:3947} INFO - Setting next_dagrun for flights_ops_medallioin_pipe to 2026-08-19 23:00:00+00:00, run_after=2026-08-19 23:30:00+00:00
[2026-08-19T23:19:12.774+0000] {processor.py:183} INFO - Processing /opt/airflow/dags/flight-pipeline.py took 1.055 seconds
[2026-08-19T23:19:43.033+0000] {processor.py:161} INFO - Started process (PID=690) to work on /opt/airflow/dags/flight-pipeline.py
[2026-08-19T23:19:43.036+0000] {processor.py:830} INFO - Processing file /opt/airflow/dags/flight-pipeline.py for tasks to queue
[2026-08-19T23:19:43.042+0000] {logging_mixin.py:188} INFO - [2026-08-19T23:19:43.041+0000] {dagbag.py:545} INFO - Filling up the DagBag from /opt/airflow/dags/flight-pipeline.py
[2026-08-19T23:19:44.035+0000] {processor.py:840} INFO - DAG(s) 'flights_ops_medallioin_pipe' retrieved from /opt/airflow/dags/flight-pipeline.py
[2026-08-19T23:19:44.095+0000] {logging_mixin.py:188} INFO - [2026-08-19T23:19:44.094+0000] {dag.py:3089} INFO - Sync 1 DAGs
[2026-08-19T23:19:44.139+0000] {logging_mixin.py:188} INFO - [2026-08-19T23:19:44.139+0000] {dag.py:3947} INFO - Setting next_dagrun for flights_ops_medallioin_pipe to 2026-08-19 23:00:00+00:00, run_after=2026-08-19 23:30:00+00:00
[2026-08-19T23:19:44.179+0000] {processor.py:183} INFO - Processing /opt/airflow/dags/flight-pipeline.py took 1.159 seconds
[2026-08-19T23:20:14.343+0000] {processor.py:161} INFO - Started process (PID=692) to work on /opt/airflow/dags/flight-pipeline.py
[2026-08-19T23:20:14.346+0000] {processor.py:830} INFO - Processing file /opt/airflow/dags/flight-pipeline.py for tasks to queue
[2026-08-19T23:20:14.350+0000] {logging_mixin.py:188} INFO - [2026-08-19T23:20:14.349+0000] {dagbag.py:545} INFO - Filling up the DagBag from /opt/airflow/dags/flight-pipeline.py
[2026-08-19T23:20:15.179+0000] {processor.py:840} INFO - DAG(s) 'flights_ops_medallioin_pipe' retrieved from /opt/airflow/dags/flight-pipeline.py
[2026-08-19T23:20:15.238+0000] {logging_mixin.py:188} INFO - [2026-08-19T23:20:15.237+0000] {dag.py:3089} INFO - Sync 1 DAGs
[2026-08-19T23:20:15.290+0000] {logging_mixin.py:188} INFO - [2026-08-19T23:20:15.289+0000] {dag.py:3947} INFO - Setting next_dagrun for flights_ops_medallioin_pipe to 2026-08-19 23:00:00+00:00, run_after=2026-08-19 23:30:00+00:00
[2026-08-19T23:20:15.330+0000] {processor.py:183} INFO - Processing /opt/airflow/dags/flight-pipeline.py took 1.000 seconds
[2026-08-19T23:20:45.638+0000] {processor.py:161} INFO - Started process (PID=694) to work on /opt/airflow/dags/flight-pipeline.py
[2026-08-19T23:20:45.640+0000] {processor.py:830} INFO - Processing file /opt/airflow/dags/flight-pipeline.py for tasks to queue
[2026-08-19T23:20:45.645+0000] {logging_mixin.py:188} INFO - [2026-08-19T23:20:45.644+0000] {dagbag.py:545} INFO - Filling up the DagBag from /opt/airflow/dags/flight-pipeline.py
[2026-08-19T23:20:46.506+0000] {processor.py:840} INFO - DAG(s) 'flights_ops_medallioin_pipe' retrieved from /opt/airflow/dags/flight-pipeline.py
[2026-08-19T23:20:46.551+0000] {logging_mixin.py:188} INFO - [2026-08-19T23:20:46.550+0000] {dag.py:3089} INFO - Sync 1 DAGs
[2026-08-19T23:20:46.585+0000] {logging_mixin.py:188} INFO - [2026-08-19T23:20:46.585+0000] {dag.py:3947} INFO - Setting next_dagrun for flights_ops_medallioin_pipe to 2026-08-19 23:00:00+00:00, run_after=2026-08-19 23:30:00+00:00
[2026-08-19T23:20:46.617+0000] {processor.py:183} INFO - Processing /opt/airflow/dags/flight-pipeline.py took 0.989 seconds
[2026-08-19T23:21:16.978+0000] {processor.py:161} INFO - Started process (PID=696) to work on /opt/airflow/dags/flight-pipeline.py
[2026-08-19T23:21:16.981+0000] {processor.py:830} INFO - Processing file /opt/airflow/dags/flight-pipeline.py for tasks to queue
[2026-08-19T23:21:16.985+0000] {logging_mixin.py:188} INFO - [2026-08-19T23:21:16.985+0000] {dagbag.py:545} INFO - Filling up the DagBag from /opt/airflow/dags/flight-pipeline.py
[2026-08-19T23:21:17.865+0000] {processor.py:840} INFO - DAG(s) 'flights_ops_medallioin_pipe' retrieved from /opt/airflow/dags/flight-pipeline.py
[2026-08-19T23:21:17.910+0000] {logging_mixin.py:188} INFO - [2026-08-19T23:21:17.909+0000] {dag.py:3089} INFO - Sync 1 DAGs
[2026-08-19T23:21:17.945+0000] {logging_mixin.py:188} INFO - [2026-08-19T23:21:17.945+0000] {dag.py:3947} INFO - Setting next_dagrun for flights_ops_medallioin_pipe to 2026-08-19 23:00:00+00:00, run_after=2026-08-19 23:30:00+00:00
[2026-08-19T23:21:17.978+0000] {processor.py:183} INFO - Processing /opt/airflow/dags/flight-pipeline.py took 1.010 seconds
[2026-08-19T23:21:48.277+0000] {processor.py:161} INFO - Started process (PID=698) to work on /opt/airflow/dags/flight-pipeline.py
[2026-08-19T23:21:48.280+0000] {processor.py:830} INFO - Processing file /opt/airflow/dags/flight-pipeline.py for tasks to queue
[2026-08-19T23:21:48.285+0000] {logging_mixin.py:188} INFO - [2026-08-19T23:21:48.285+0000] {dagbag.py:545} INFO - Filling up the DagBag from /opt/airflow/dags/flight-pipeline.py
[2026-08-19T23:21:49.122+0000] {processor.py:840} INFO - DAG(s) 'flights_ops_medallioin_pipe' retrieved from /opt/airflow/dags/flight-pipeline.py
[2026-08-19T23:21:49.169+0000] {logging_mixin.py:188} INFO - [2026-08-19T23:21:49.169+0000] {dag.py:3089} INFO - Sync 1 DAGs
[2026-08-19T23:21:49.204+0000] {logging_mixin.py:188} INFO - [2026-08-19T23:21:49.203+0000] {dag.py:3947} INFO - Setting next_dagrun for flights_ops_medallioin_pipe to 2026-08-19 23:00:00+00:00, run_after=2026-08-19 23:30:00+00:00
[2026-08-19T23:21:49.243+0000] {processor.py:183} INFO - Processing /opt/airflow/dags/flight-pipeline.py took 0.978 seconds
[2026-08-19T23:22:19.584+0000] {processor.py:161} INFO - Started process (PID=700) to work on /opt/airflow/dags/flight-pipeline.py
[2026-08-19T23:22:19.587+0000] {processor.py:830} INFO - Processing file /opt/airflow/dags/flight-pipeline.py for tasks to queue
[2026-08-19T23:22:19.593+0000] {logging_mixin.py:188} INFO - [2026-08-19T23:22:19.591+0000] {dagbag.py:545} INFO - Filling up the DagBag from /opt/airflow/dags/flight-pipeline.py
[2026-08-19T23:22:20.447+0000] {processor.py:840} INFO - DAG(s) 'flights_ops_medallioin_pipe' retrieved from /opt/airflow/dags/flight-pipeline.py
[2026-08-19T23:22:20.493+0000] {logging_mixin.py:188} INFO - [2026-08-19T23:22:20.493+0000] {dag.py:3089} INFO - Sync 1 DAGs
[2026-08-19T23:22:20.533+0000] {logging_mixin.py:188} INFO - [2026-08-19T23:22:20.533+0000] {dag.py:3947} INFO - Setting next_dagrun for flights_ops_medallioin_pipe to 2026-08-19 23:00:00+00:00, run_after=2026-08-19 23:30:00+00:00
[2026-08-19T23:22:20.571+0000] {processor.py:183} INFO - Processing /opt/airflow/dags/flight-pipeline.py took 0.999 seconds
[2026-08-19T23:22:50.871+0000] {processor.py:161} INFO - Started process (PID=702) to work on /opt/airflow/dags/flight-pipeline.py
[2026-08-19T23:22:50.874+0000] {processor.py:830} INFO - Processing file /opt/airflow/dags/flight-pipeline.py for tasks to queue
[2026-08-19T23:22:50.879+0000] {logging_mixin.py:188} INFO - [2026-08-19T23:22:50.879+0000] {dagbag.py:545} INFO - Filling up the DagBag from /opt/airflow/dags/flight-pipeline.py
[2026-08-19T23:22:51.698+0000] {processor.py:840} INFO - DAG(s) 'flights_ops_medallioin_pipe' retrieved from /opt/airflow/dags/flight-pipeline.py
[2026-08-19T23:22:51.744+0000] {logging_mixin.py:188} INFO - [2026-08-19T23:22:51.743+0000] {dag.py:3089} INFO - Sync 1 DAGs
[2026-08-19T23:22:51.782+0000] {logging_mixin.py:188} INFO - [2026-08-19T23:22:51.781+0000] {dag.py:3947} INFO - Setting next_dagrun for flights_ops_medallioin_pipe to 2026-08-19 23:00:00+00:00, run_after=2026-08-19 23:30:00+00:00
[2026-08-19T23:22:51.815+0000] {processor.py:183} INFO - Processing /opt/airflow/dags/flight-pipeline.py took 0.954 seconds
[2026-08-19T23:23:22.129+0000] {processor.py:161} INFO - Started process (PID=704) to work on /opt/airflow/dags/flight-pipeline.py
[2026-08-19T23:23:22.132+0000] {processor.py:830} INFO - Processing file /opt/airflow/dags/flight-pipeline.py for tasks to queue
[2026-08-19T23:23:22.138+0000] {logging_mixin.py:188} INFO - [2026-08-19T23:23:22.138+0000] {dagbag.py:545} INFO - Filling up the DagBag from /opt/airflow/dags/flight-pipeline.py
[2026-08-19T23:23:23.014+0000] {processor.py:840} INFO - DAG(s) 'flights_ops_medallioin_pipe' retrieved from /opt/airflow/dags/flight-pipeline.py
[2026-08-19T23:23:23.063+0000] {logging_mixin.py:188} INFO - [2026-08-19T23:23:23.062+0000] {dag.py:3089} INFO - Sync 1 DAGs
[2026-08-19T23:23:23.098+0000] {logging_mixin.py:188} INFO - [2026-08-19T23:23:23.098+0000] {dag.py:3947} INFO - Setting next_dagrun for flights_ops_medallioin_pipe to 2026-08-19 23:00:00+00:00, run_after=2026-08-19 23:30:00+00:00
[2026-08-19T23:23:23.132+0000] {processor.py:183} INFO - Processing /opt/airflow/dags/flight-pipeline.py took 1.016 seconds
[2026-08-19T23:23:53.420+0000] {processor.py:161} INFO - Started process (PID=706) to work on /opt/airflow/dags/flight-pipeline.py
[2026-08-19T23:23:53.423+0000] {processor.py:830} INFO - Processing file /opt/airflow/dags/flight-pipeline.py for tasks to queue
[2026-08-19T23:23:53.427+0000] {logging_mixin.py:188} INFO - [2026-08-19T23:23:53.426+0000] {dagbag.py:545} INFO - Filling up the DagBag from /opt/airflow/dags/flight-pipeline.py
[2026-08-19T23:23:54.336+0000] {processor.py:840} INFO - DAG(s) 'flights_ops_medallioin_pipe' retrieved from /opt/airflow/dags/flight-pipeline.py
[2026-08-19T23:23:54.385+0000] {logging_mixin.py:188} INFO - [2026-08-19T23:23:54.384+0000] {dag.py:3089} INFO - Sync 1 DAGs
[2026-08-19T23:23:54.422+0000] {logging_mixin.py:188} INFO - [2026-08-19T23:23:54.422+0000] {dag.py:3947} INFO - Setting next_dagrun for flights_ops_medallioin_pipe to 2026-08-19 23:00:00+00:00, run_after=2026-08-19 23:30:00+00:00
[2026-08-19T23:23:54.455+0000] {processor.py:183} INFO - Processing /opt/airflow/dags/flight-pipeline.py took 1.047 seconds
[2026-08-19T23:24:24.720+0000] {processor.py:161} INFO - Started process (PID=708) to work on /opt/airflow/dags/flight-pipeline.py
[2026-08-19T23:24:24.723+0000] {processor.py:830} INFO - Processing file /opt/airflow/dags/flight-pipeline.py for tasks to queue
[2026-08-19T23:24:24.728+0000] {logging_mixin.py:188} INFO - [2026-08-19T23:24:24.727+0000] {dagbag.py:545} INFO - Filling up the DagBag from /opt/airflow/dags/flight-pipeline.py
[2026-08-19T23:24:25.626+0000] {processor.py:840} INFO - DAG(s) 'flights_ops_medallioin_pipe' retrieved from /opt/airflow/dags/flight-pipeline.py
[2026-08-19T23:24:25.672+0000] {logging_mixin.py:188} INFO - [2026-08-19T23:24:25.671+0000] {dag.py:3089} INFO - Sync 1 DAGs
[2026-08-19T23:24:25.706+0000] {logging_mixin.py:188} INFO - [2026-08-19T23:24:25.706+0000] {dag.py:3947} INFO - Setting next_dagrun for flights_ops_medallioin_pipe to 2026-08-19 23:00:00+00:00, run_after=2026-08-19 23:30:00+00:00
[2026-08-19T23:24:25.740+0000] {processor.py:183} INFO - Processing /opt/airflow/dags/flight-pipeline.py took 1.035 seconds
[2026-08-19T23:24:56.014+0000] {processor.py:161} INFO - Started process (PID=710) to work on /opt/airflow/dags/flight-pipeline.py
[2026-08-19T23:24:56.018+0000] {processor.py:830} INFO - Processing file /opt/airflow/dags/flight-pipeline.py for tasks to queue
[2026-08-19T23:24:56.025+0000] {logging_mixin.py:188} INFO - [2026-08-19T23:24:56.024+0000] {dagbag.py:545} INFO - Filling up the DagBag from /opt/airflow/dags/flight-pipeline.py
[2026-08-19T23:24:56.896+0000] {processor.py:840} INFO - DAG(s) 'flights_ops_medallioin_pipe' retrieved from /opt/airflow/dags/flight-pipeline.py
[2026-08-19T23:24:56.945+0000] {logging_mixin.py:188} INFO - [2026-08-19T23:24:56.945+0000] {dag.py:3089} INFO - Sync 1 DAGs
[2026-08-19T23:24:56.980+0000] {logging_mixin.py:188} INFO - [2026-08-19T23:24:56.980+0000] {dag.py:3947} INFO - Setting next_dagrun for flights_ops_medallioin_pipe to 2026-08-19 23:00:00+00:00, run_after=2026-08-19 23:30:00+00:00
[2026-08-19T23:24:57.016+0000] {processor.py:183} INFO - Processing /opt/airflow/dags/flight-pipeline.py took 1.022 seconds
[2026-08-19T23:25:27.302+0000] {processor.py:161} INFO - Started process (PID=712) to work on /opt/airflow/dags/flight-pipeline.py
[2026-08-19T23:25:27.305+0000] {processor.py:830} INFO - Processing file /opt/airflow/dags/flight-pipeline.py for tasks to queue
[2026-08-19T23:25:27.311+0000] {logging_mixin.py:188} INFO - [2026-08-19T23:25:27.310+0000] {dagbag.py:545} INFO - Filling up the DagBag from /opt/airflow/dags/flight-pipeline.py
[2026-08-19T23:25:28.534+0000] {processor.py:840} INFO - DAG(s) 'flights_ops_medallioin_pipe' retrieved from /opt/airflow/dags/flight-pipeline.py
[2026-08-19T23:25:28.585+0000] {logging_mixin.py:188} INFO - [2026-08-19T23:25:28.584+0000] {dag.py:3089} INFO - Sync 1 DAGs
[2026-08-19T23:25:28.625+0000] {logging_mixin.py:188} INFO - [2026-08-19T23:25:28.624+0000] {dag.py:3947} INFO - Setting next_dagrun for flights_ops_medallioin_pipe to 2026-08-19 23:00:00+00:00, run_after=2026-08-19 23:30:00+00:00
[2026-08-19T23:25:28.660+0000] {processor.py:183} INFO - Processing /opt/airflow/dags/flight-pipeline.py took 1.378 seconds
[2026-08-19T23:25:59.029+0000] {processor.py:161} INFO - Started process (PID=714) to work on /opt/airflow/dags/flight-pipeline.py
[2026-08-19T23:25:59.032+0000] {processor.py:830} INFO - Processing file /opt/airflow/dags/flight-pipeline.py for tasks to queue
[2026-08-19T23:25:59.037+0000] {logging_mixin.py:188} INFO - [2026-08-19T23:25:59.036+0000] {dagbag.py:545} INFO - Filling up the DagBag from /opt/airflow/dags/flight-pipeline.py
[2026-08-19T23:25:59.964+0000] {processor.py:840} INFO - DAG(s) 'flights_ops_medallioin_pipe' retrieved from /opt/airflow/dags/flight-pipeline.py
[2026-08-19T23:26:00.012+0000] {logging_mixin.py:188} INFO - [2026-08-19T23:26:00.011+0000] {dag.py:3089} INFO - Sync 1 DAGs
[2026-08-19T23:26:00.059+0000] {logging_mixin.py:188} INFO - [2026-08-19T23:26:00.059+0000] {dag.py:3947} INFO - Setting next_dagrun for flights_ops_medallioin_pipe to 2026-08-19 23:00:00+00:00, run_after=2026-08-19 23:30:00+00:00
[2026-08-19T23:26:00.093+0000] {processor.py:183} INFO - Processing /opt/airflow/dags/flight-pipeline.py took 1.078 seconds
[2026-08-19T23:26:30.331+0000] {processor.py:161} INFO - Started process (PID=716) to work on /opt/airflow/dags/flight-pipeline.py
[2026-08-19T23:26:30.334+0000] {processor.py:830} INFO - Processing file /opt/airflow/dags/flight-pipeline.py for tasks to queue
[2026-08-19T23:26:30.338+0000] {logging_mixin.py:188} INFO - [2026-08-19T23:26:30.337+0000] {dagbag.py:545} INFO - Filling up the DagBag from /opt/airflow/dags/flight-pipeline.py
[2026-08-19T23:26:31.181+0000] {processor.py:840} INFO - DAG(s) 'flights_ops_medallioin_pipe' retrieved from /opt/airflow/dags/flight-pipeline.py
[2026-08-19T23:26:31.231+0000] {logging_mixin.py:188} INFO - [2026-08-19T23:26:31.230+0000] {dag.py:3089} INFO - Sync 1 DAGs
[2026-08-19T23:26:31.270+0000] {logging_mixin.py:188} INFO - [2026-08-19T23:26:31.269+0000] {dag.py:3947} INFO - Setting next_dagrun for flights_ops_medallioin_pipe to 2026-08-19 23:00:00+00:00, run_after=2026-08-19 23:30:00+00:00
[2026-08-19T23:26:31.309+0000] {processor.py:183} INFO - Processing /opt/airflow/dags/flight-pipeline.py took 0.991 seconds
[2026-08-19T23:27:01.604+0000] {processor.py:161} INFO - Started process (PID=718) to work on /opt/airflow/dags/flight-pipeline.py
[2026-08-19T23:27:01.607+0000] {processor.py:830} INFO - Processing file /opt/airflow/dags/flight-pipeline.py for tasks to queue
[2026-08-19T23:27:01.613+0000] {logging_mixin.py:188} INFO - [2026-08-19T23:27:01.612+0000] {dagbag.py:545} INFO - Filling up the DagBag from /opt/airflow/dags/flight-pipeline.py
[2026-08-19T23:27:02.485+0000] {processor.py:840} INFO - DAG(s) 'flights_ops_medallioin_pipe' retrieved from /opt/airflow/dags/flight-pipeline.py
[2026-08-19T23:27:02.533+0000] {logging_mixin.py:188} INFO - [2026-08-19T23:27:02.532+0000] {dag.py:3089} INFO - Sync 1 DAGs
[2026-08-19T23:27:02.569+0000] {logging_mixin.py:188} INFO - [2026-08-19T23:27:02.568+0000] {dag.py:3947} INFO - Setting next_dagrun for flights_ops_medallioin_pipe to 2026-08-19 23:00:00+00:00, run_after=2026-08-19 23:30:00+00:00
[2026-08-19T23:27:02.604+0000] {processor.py:183} INFO - Processing /opt/airflow/dags/flight-pipeline.py took 1.022 seconds
[2026-08-19T23:27:32.875+0000] {processor.py:161} INFO - Started process (PID=720) to work on /opt/airflow/dags/flight-pipeline.py
[2026-08-19T23:27:32.878+0000] {processor.py:830} INFO - Processing file /opt/airflow/dags/flight-pipeline.py for tasks to queue
[2026-08-19T23:27:32.882+0000] {logging_mixin.py:188} INFO - [2026-08-19T23:27:32.881+0000] {dagbag.py:545} INFO - Filling up the DagBag from /opt/airflow/dags/flight-pipeline.py
[2026-08-19T23:27:33.785+0000] {processor.py:840} INFO - DAG(s) 'flights_ops_medallioin_pipe' retrieved from /opt/airflow/dags/flight-pipeline.py
[2026-08-19T23:27:33.837+0000] {logging_mixin.py:188} INFO - [2026-08-19T23:27:33.836+0000] {dag.py:3089} INFO - Sync 1 DAGs
[2026-08-19T23:27:33.882+0000] {logging_mixin.py:188} INFO - [2026-08-19T23:27:33.882+0000] {dag.py:3947} INFO - Setting next_dagrun for flights_ops_medallioin_pipe to 2026-08-19 23:00:00+00:00, run_after=2026-08-19 23:30:00+00:00
[2026-08-19T23:27:33.918+0000] {processor.py:183} INFO - Processing /opt/airflow/dags/flight-pipeline.py took 1.054 seconds
[2026-08-19T23:28:04.176+0000] {processor.py:161} INFO - Started process (PID=722) to work on /opt/airflow/dags/flight-pipeline.py
[2026-08-19T23:28:04.179+0000] {processor.py:830} INFO - Processing file /opt/airflow/dags/flight-pipeline.py for tasks to queue
[2026-08-19T23:28:04.186+0000] {logging_mixin.py:188} INFO - [2026-08-19T23:28:04.184+0000] {dagbag.py:545} INFO - Filling up the DagBag from /opt/airflow/dags/flight-pipeline.py
[2026-08-19T23:28:05.304+0000] {processor.py:840} INFO - DAG(s) 'flights_ops_medallioin_pipe' retrieved from /opt/airflow/dags/flight-pipeline.py
[2026-08-19T23:28:05.356+0000] {logging_mixin.py:188} INFO - [2026-08-19T23:28:05.355+0000] {dag.py:3089} INFO - Sync 1 DAGs
[2026-08-19T23:28:05.398+0000] {logging_mixin.py:188} INFO - [2026-08-19T23:28:05.397+0000] {dag.py:3947} INFO - Setting next_dagrun for flights_ops_medallioin_pipe to 2026-08-19 23:00:00+00:00, run_after=2026-08-19 23:30:00+00:00
[2026-08-19T23:28:05.433+0000] {processor.py:183} INFO - Processing /opt/airflow/dags/flight-pipeline.py took 1.276 seconds
[2026-08-19T23:28:35.798+0000] {processor.py:161} INFO - Started process (PID=724) to work on /opt/airflow/dags/flight-pipeline.py
[2026-08-19T23:28:35.801+0000] {processor.py:830} INFO - Processing file /opt/airflow/dags/flight-pipeline.py for tasks to queue
[2026-08-19T23:28:35.809+0000] {logging_mixin.py:188} INFO - [2026-08-19T23:28:35.808+0000] {dagbag.py:545} INFO - Filling up the DagBag from /opt/airflow/dags/flight-pipeline.py
[2026-08-19T23:28:36.816+0000] {processor.py:840} INFO - DAG(s) 'flights_ops_medallioin_pipe' retrieved from /opt/airflow/dags/flight-pipeline.py
[2026-08-19T23:28:36.866+0000] {logging_mixin.py:188} INFO - [2026-08-19T23:28:36.865+0000] {dag.py:3089} INFO - Sync 1 DAGs
[2026-08-19T23:28:36.908+0000] {logging_mixin.py:188} INFO - [2026-08-19T23:28:36.907+0000] {dag.py:3947} INFO - Setting next_dagrun for flights_ops_medallioin_pipe to 2026-08-19 23:00:00+00:00, run_after=2026-08-19 23:30:00+00:00
[2026-08-19T23:28:36.942+0000] {processor.py:183} INFO - Processing /opt/airflow/dags/flight-pipeline.py took 1.164 seconds
[2026-08-19T23:29:07.044+0000] {processor.py:161} INFO - Started process (PID=726) to work on /opt/airflow/dags/flight-pipeline.py
[2026-08-19T23:29:07.047+0000] {processor.py:830} INFO - Processing file /opt/airflow/dags/flight-pipeline.py for tasks to queue
[2026-08-19T23:29:07.052+0000] {logging_mixin.py:188} INFO - [2026-08-19T23:29:07.051+0000] {dagbag.py:545} INFO - Filling up the DagBag from /opt/airflow/dags/flight-pipeline.py
[2026-08-19T23:29:07.991+0000] {processor.py:840} INFO - DAG(s) 'flights_ops_medallioin_pipe' retrieved from /opt/airflow/dags/flight-pipeline.py
[2026-08-19T23:29:08.041+0000] {logging_mixin.py:188} INFO - [2026-08-19T23:29:08.041+0000] {dag.py:3089} INFO - Sync 1 DAGs
[2026-08-19T23:29:08.100+0000] {logging_mixin.py:188} INFO - [2026-08-19T23:29:08.100+0000] {dag.py:3947} INFO - Setting next_dagrun for flights_ops_medallioin_pipe to 2026-08-19 23:00:00+00:00, run_after=2026-08-19 23:30:00+00:00
[2026-08-19T23:29:08.136+0000] {processor.py:183} INFO - Processing /opt/airflow/dags/flight-pipeline.py took 1.106 seconds
[2026-08-19T23:29:38.334+0000] {processor.py:161} INFO - Started process (PID=728) to work on /opt/airflow/dags/flight-pipeline.py
[2026-08-19T23:29:38.337+0000] {processor.py:830} INFO - Processing file /opt/airflow/dags/flight-pipeline.py for tasks to queue
[2026-08-19T23:29:38.341+0000] {logging_mixin.py:188} INFO - [2026-08-19T23:29:38.340+0000] {dagbag.py:545} INFO - Filling up the DagBag from /opt/airflow/dags/flight-pipeline.py
[2026-08-19T23:29:39.214+0000] {processor.py:840} INFO - DAG(s) 'flights_ops_medallioin_pipe' retrieved from /opt/airflow/dags/flight-pipeline.py
[2026-08-19T23:29:39.261+0000] {logging_mixin.py:188} INFO - [2026-08-19T23:29:39.261+0000] {dag.py:3089} INFO - Sync 1 DAGs
[2026-08-19T23:29:39.300+0000] {logging_mixin.py:188} INFO - [2026-08-19T23:29:39.299+0000] {dag.py:3947} INFO - Setting next_dagrun for flights_ops_medallioin_pipe to 2026-08-19 23:00:00+00:00, run_after=2026-08-19 23:30:00+00:00
[2026-08-19T23:29:39.362+0000] {processor.py:183} INFO - Processing /opt/airflow/dags/flight-pipeline.py took 1.039 seconds
[2026-08-19T23:30:09.613+0000] {processor.py:161} INFO - Started process (PID=740) to work on /opt/airflow/dags/flight-pipeline.py
[2026-08-19T23:30:09.616+0000] {processor.py:830} INFO - Processing file /opt/airflow/dags/flight-pipeline.py for tasks to queue
[2026-08-19T23:30:09.622+0000] {logging_mixin.py:188} INFO - [2026-08-19T23:30:09.621+0000] {dagbag.py:545} INFO - Filling up the DagBag from /opt/airflow/dags/flight-pipeline.py
[2026-08-19T23:30:10.640+0000] {processor.py:840} INFO - DAG(s) 'flights_ops_medallioin_pipe' retrieved from /opt/airflow/dags/flight-pipeline.py
[2026-08-19T23:30:10.693+0000] {logging_mixin.py:188} INFO - [2026-08-19T23:30:10.692+0000] {dag.py:3089} INFO - Sync 1 DAGs
[2026-08-19T23:30:10.732+0000] {logging_mixin.py:188} INFO - [2026-08-19T23:30:10.731+0000] {dag.py:3947} INFO - Setting next_dagrun for flights_ops_medallioin_pipe to 2026-08-19 23:30:00+00:00, run_after=2026-08-20 00:00:00+00:00
[2026-08-19T23:30:10.773+0000] {processor.py:183} INFO - Processing /opt/airflow/dags/flight-pipeline.py took 1.177 seconds
[2026-08-19T23:30:40.901+0000] {processor.py:161} INFO - Started process (PID=762) to work on /opt/airflow/dags/flight-pipeline.py
[2026-08-19T23:30:40.904+0000] {processor.py:830} INFO - Processing file /opt/airflow/dags/flight-pipeline.py for tasks to queue
[2026-08-19T23:30:40.909+0000] {logging_mixin.py:188} INFO - [2026-08-19T23:30:40.908+0000] {dagbag.py:545} INFO - Filling up the DagBag from /opt/airflow/dags/flight-pipeline.py
[2026-08-19T23:30:41.761+0000] {processor.py:840} INFO - DAG(s) 'flights_ops_medallioin_pipe' retrieved from /opt/airflow/dags/flight-pipeline.py
[2026-08-19T23:30:41.807+0000] {logging_mixin.py:188} INFO - [2026-08-19T23:30:41.807+0000] {dag.py:3089} INFO - Sync 1 DAGs
[2026-08-19T23:30:41.846+0000] {logging_mixin.py:188} INFO - [2026-08-19T23:30:41.845+0000] {dag.py:3947} INFO - Setting next_dagrun for flights_ops_medallioin_pipe to 2026-08-19 23:30:00+00:00, run_after=2026-08-20 00:00:00+00:00
[2026-08-19T23:30:41.881+0000] {processor.py:183} INFO - Processing /opt/airflow/dags/flight-pipeline.py took 0.992 seconds
[2026-08-19T23:31:12.247+0000] {processor.py:161} INFO - Started process (PID=764) to work on /opt/airflow/dags/flight-pipeline.py
[2026-08-19T23:31:12.251+0000] {processor.py:830} INFO - Processing file /opt/airflow/dags/flight-pipeline.py for tasks to queue
[2026-08-19T23:31:12.256+0000] {logging_mixin.py:188} INFO - [2026-08-19T23:31:12.255+0000] {dagbag.py:545} INFO - Filling up the DagBag from /opt/airflow/dags/flight-pipeline.py
[2026-08-19T23:31:13.272+0000] {processor.py:840} INFO - DAG(s) 'flights_ops_medallioin_pipe' retrieved from /opt/airflow/dags/flight-pipeline.py
[2026-08-19T23:31:13.327+0000] {logging_mixin.py:188} INFO - [2026-08-19T23:31:13.326+0000] {dag.py:3089} INFO - Sync 1 DAGs
[2026-08-19T23:31:13.368+0000] {logging_mixin.py:188} INFO - [2026-08-19T23:31:13.367+0000] {dag.py:3947} INFO - Setting next_dagrun for flights_ops_medallioin_pipe to 2026-08-19 23:30:00+00:00, run_after=2026-08-20 00:00:00+00:00
[2026-08-19T23:31:13.404+0000] {processor.py:183} INFO - Processing /opt/airflow/dags/flight-pipeline.py took 1.167 seconds
[2026-08-19T23:31:43.581+0000] {processor.py:161} INFO - Started process (PID=766) to work on /opt/airflow/dags/flight-pipeline.py
[2026-08-19T23:31:43.585+0000] {processor.py:830} INFO - Processing file /opt/airflow/dags/flight-pipeline.py for tasks to queue
[2026-08-19T23:31:43.591+0000] {logging_mixin.py:188} INFO - [2026-08-19T23:31:43.590+0000] {dagbag.py:545} INFO - Filling up the DagBag from /opt/airflow/dags/flight-pipeline.py
[2026-08-19T23:31:44.528+0000] {processor.py:840} INFO - DAG(s) 'flights_ops_medallioin_pipe' retrieved from /opt/airflow/dags/flight-pipeline.py
[2026-08-19T23:31:44.573+0000] {logging_mixin.py:188} INFO - [2026-08-19T23:31:44.573+0000] {dag.py:3089} INFO - Sync 1 DAGs
[2026-08-19T23:31:44.610+0000] {logging_mixin.py:188} INFO - [2026-08-19T23:31:44.610+0000] {dag.py:3947} INFO - Setting next_dagrun for flights_ops_medallioin_pipe to 2026-08-19 23:30:00+00:00, run_after=2026-08-20 00:00:00+00:00
[2026-08-19T23:31:44.646+0000] {processor.py:183} INFO - Processing /opt/airflow/dags/flight-pipeline.py took 1.086 seconds
[2026-08-19T23:32:14.849+0000] {processor.py:161} INFO - Started process (PID=768) to work on /opt/airflow/dags/flight-pipeline.py
[2026-08-19T23:32:14.852+0000] {processor.py:830} INFO - Processing file /opt/airflow/dags/flight-pipeline.py for tasks to queue
[2026-08-19T23:32:14.857+0000] {logging_mixin.py:188} INFO - [2026-08-19T23:32:14.856+0000] {dagbag.py:545} INFO - Filling up the DagBag from /opt/airflow/dags/flight-pipeline.py
[2026-08-19T23:32:15.750+0000] {processor.py:840} INFO - DAG(s) 'flights_ops_medallioin_pipe' retrieved from /opt/airflow/dags/flight-pipeline.py
[2026-08-19T23:32:15.814+0000] {logging_mixin.py:188} INFO - [2026-08-19T23:32:15.813+0000] {dag.py:3089} INFO - Sync 1 DAGs
[2026-08-19T23:32:15.864+0000] {logging_mixin.py:188} INFO - [2026-08-19T23:32:15.864+0000] {dag.py:3947} INFO - Setting next_dagrun for flights_ops_medallioin_pipe to 2026-08-19 23:30:00+00:00, run_after=2026-08-20 00:00:00+00:00
[2026-08-19T23:32:15.907+0000] {processor.py:183} INFO - Processing /opt/airflow/dags/flight-pipeline.py took 1.073 seconds
[2026-08-19T23:32:46.244+0000] {processor.py:161} INFO - Started process (PID=770) to work on /opt/airflow/dags/flight-pipeline.py
[2026-08-19T23:32:46.246+0000] {processor.py:830} INFO - Processing file /opt/airflow/dags/flight-pipeline.py for tasks to queue
[2026-08-19T23:32:46.251+0000] {logging_mixin.py:188} INFO - [2026-08-19T23:32:46.250+0000] {dagbag.py:545} INFO - Filling up the DagBag from /opt/airflow/dags/flight-pipeline.py
[2026-08-19T23:32:47.158+0000] {processor.py:840} INFO - DAG(s) 'flights_ops_medallioin_pipe' retrieved from /opt/airflow/dags/flight-pipeline.py
[2026-08-19T23:32:47.206+0000] {logging_mixin.py:188} INFO - [2026-08-19T23:32:47.206+0000] {dag.py:3089} INFO - Sync 1 DAGs
[2026-08-19T23:32:47.245+0000] {logging_mixin.py:188} INFO - [2026-08-19T23:32:47.245+0000] {dag.py:3947} INFO - Setting next_dagrun for flights_ops_medallioin_pipe to 2026-08-19 23:30:00+00:00, run_after=2026-08-20 00:00:00+00:00
[2026-08-19T23:32:47.281+0000] {processor.py:183} INFO - Processing /opt/airflow/dags/flight-pipeline.py took 1.049 seconds
[2026-08-19T23:33:17.525+0000] {processor.py:161} INFO - Started process (PID=772) to work on /opt/airflow/dags/flight-pipeline.py
[2026-08-19T23:33:17.528+0000] {processor.py:830} INFO - Processing file /opt/airflow/dags/flight-pipeline.py for tasks to queue
[2026-08-19T23:33:17.533+0000] {logging_mixin.py:188} INFO - [2026-08-19T23:33:17.532+0000] {dagbag.py:545} INFO - Filling up the DagBag from /opt/airflow/dags/flight-pipeline.py
[2026-08-19T23:33:18.461+0000] {processor.py:840} INFO - DAG(s) 'flights_ops_medallioin_pipe' retrieved from /opt/airflow/dags/flight-pipeline.py
[2026-08-19T23:33:18.513+0000] {logging_mixin.py:188} INFO - [2026-08-19T23:33:18.513+0000] {dag.py:3089} INFO - Sync 1 DAGs
[2026-08-19T23:33:18.551+0000] {logging_mixin.py:188} INFO - [2026-08-19T23:33:18.550+0000] {dag.py:3947} INFO - Setting next_dagrun for flights_ops_medallioin_pipe to 2026-08-19 23:30:00+00:00, run_after=2026-08-20 00:00:00+00:00
[2026-08-19T23:33:18.587+0000] {processor.py:183} INFO - Processing /opt/airflow/dags/flight-pipeline.py took 1.074 seconds
[2026-08-19T23:33:49.442+0000] {processor.py:161} INFO - Started process (PID=774) to work on /opt/airflow/dags/flight-pipeline.py
[2026-08-19T23:33:49.470+0000] {processor.py:830} INFO - Processing file /opt/airflow/dags/flight-pipeline.py for tasks to queue
[2026-08-19T23:33:49.485+0000] {logging_mixin.py:188} INFO - [2026-08-19T23:33:49.483+0000] {dagbag.py:545} INFO - Filling up the DagBag from /opt/airflow/dags/flight-pipeline.py
[2026-08-19T23:33:51.053+0000] {processor.py:840} INFO - DAG(s) 'flights_ops_medallioin_pipe' retrieved from /opt/airflow/dags/flight-pipeline.py
[2026-08-19T23:33:51.124+0000] {logging_mixin.py:188} INFO - [2026-08-19T23:33:51.123+0000] {dag.py:3089} INFO - Sync 1 DAGs
[2026-08-19T23:33:51.185+0000] {logging_mixin.py:188} INFO - [2026-08-19T23:33:51.184+0000] {dag.py:3947} INFO - Setting next_dagrun for flights_ops_medallioin_pipe to 2026-08-19 23:30:00+00:00, run_after=2026-08-20 00:00:00+00:00
[2026-08-19T23:33:51.246+0000] {processor.py:183} INFO - Processing /opt/airflow/dags/flight-pipeline.py took 1.840 seconds
[2026-08-19T23:34:21.602+0000] {processor.py:161} INFO - Started process (PID=776) to work on /opt/airflow/dags/flight-pipeline.py
[2026-08-19T23:34:21.605+0000] {processor.py:830} INFO - Processing file /opt/airflow/dags/flight-pipeline.py for tasks to queue
[2026-08-19T23:34:21.613+0000] {logging_mixin.py:188} INFO - [2026-08-19T23:34:21.611+0000] {dagbag.py:545} INFO - Filling up the DagBag from /opt/airflow/dags/flight-pipeline.py
[2026-08-19T23:34:22.627+0000] {processor.py:840} INFO - DAG(s) 'flights_ops_medallioin_pipe' retrieved from /opt/airflow/dags/flight-pipeline.py
[2026-08-19T23:34:22.683+0000] {logging_mixin.py:188} INFO - [2026-08-19T23:34:22.682+0000] {dag.py:3089} INFO - Sync 1 DAGs
[2026-08-19T23:34:22.733+0000] {logging_mixin.py:188} INFO - [2026-08-19T23:34:22.733+0000] {dag.py:3947} INFO - Setting next_dagrun for flights_ops_medallioin_pipe to 2026-08-19 23:30:00+00:00, run_after=2026-08-20 00:00:00+00:00
[2026-08-19T23:34:22.767+0000] {processor.py:183} INFO - Processing /opt/airflow/dags/flight-pipeline.py took 1.183 seconds
[2026-08-19T23:34:52.916+0000] {processor.py:161} INFO - Started process (PID=778) to work on /opt/airflow/dags/flight-pipeline.py
[2026-08-19T23:34:52.920+0000] {processor.py:830} INFO - Processing file /opt/airflow/dags/flight-pipeline.py for tasks to queue
[2026-08-19T23:34:52.928+0000] {logging_mixin.py:188} INFO - [2026-08-19T23:34:52.927+0000] {dagbag.py:545} INFO - Filling up the DagBag from /opt/airflow/dags/flight-pipeline.py
[2026-08-19T23:34:53.863+0000] {processor.py:840} INFO - DAG(s) 'flights_ops_medallioin_pipe' retrieved from /opt/airflow/dags/flight-pipeline.py
[2026-08-19T23:34:53.917+0000] {logging_mixin.py:188} INFO - [2026-08-19T23:34:53.916+0000] {dag.py:3089} INFO - Sync 1 DAGs
[2026-08-19T23:34:53.966+0000] {logging_mixin.py:188} INFO - [2026-08-19T23:34:53.966+0000] {dag.py:3947} INFO - Setting next_dagrun for flights_ops_medallioin_pipe to 2026-08-19 23:30:00+00:00, run_after=2026-08-20 00:00:00+00:00
[2026-08-19T23:34:54.008+0000] {processor.py:183} INFO - Processing /opt/airflow/dags/flight-pipeline.py took 1.111 seconds
[2026-08-19T23:35:24.228+0000] {processor.py:161} INFO - Started process (PID=780) to work on /opt/airflow/dags/flight-pipeline.py
[2026-08-19T23:35:24.231+0000] {processor.py:830} INFO - Processing file /opt/airflow/dags/flight-pipeline.py for tasks to queue
[2026-08-19T23:35:24.237+0000] {logging_mixin.py:188} INFO - [2026-08-19T23:35:24.236+0000] {dagbag.py:545} INFO - Filling up the DagBag from /opt/airflow/dags/flight-pipeline.py
[2026-08-19T23:35:25.129+0000] {processor.py:840} INFO - DAG(s) 'flights_ops_medallioin_pipe' retrieved from /opt/airflow/dags/flight-pipeline.py
[2026-08-19T23:35:25.181+0000] {logging_mixin.py:188} INFO - [2026-08-19T23:35:25.180+0000] {dag.py:3089} INFO - Sync 1 DAGs
[2026-08-19T23:35:25.240+0000] {logging_mixin.py:188} INFO - [2026-08-19T23:35:25.240+0000] {dag.py:3947} INFO - Setting next_dagrun for flights_ops_medallioin_pipe to 2026-08-19 23:30:00+00:00, run_after=2026-08-20 00:00:00+00:00
[2026-08-19T23:35:25.275+0000] {processor.py:183} INFO - Processing /opt/airflow/dags/flight-pipeline.py took 1.058 seconds
[2026-08-19T23:35:55.682+0000] {processor.py:161} INFO - Started process (PID=782) to work on /opt/airflow/dags/flight-pipeline.py
[2026-08-19T23:35:55.685+0000] {processor.py:830} INFO - Processing file /opt/airflow/dags/flight-pipeline.py for tasks to queue
[2026-08-19T23:35:55.690+0000] {logging_mixin.py:188} INFO - [2026-08-19T23:35:55.690+0000] {dagbag.py:545} INFO - Filling up the DagBag from /opt/airflow/dags/flight-pipeline.py
[2026-08-19T23:35:56.691+0000] {processor.py:840} INFO - DAG(s) 'flights_ops_medallioin_pipe' retrieved from /opt/airflow/dags/flight-pipeline.py
[2026-08-19T23:35:56.738+0000] {logging_mixin.py:188} INFO - [2026-08-19T23:35:56.737+0000] {dag.py:3089} INFO - Sync 1 DAGs
[2026-08-19T23:35:56.783+0000] {logging_mixin.py:188} INFO - [2026-08-19T23:35:56.782+0000] {dag.py:3947} INFO - Setting next_dagrun for flights_ops_medallioin_pipe to 2026-08-19 23:30:00+00:00, run_after=2026-08-20 00:00:00+00:00
[2026-08-19T23:35:56.816+0000] {processor.py:183} INFO - Processing /opt/airflow/dags/flight-pipeline.py took 1.147 seconds
[2026-08-19T23:36:26.959+0000] {processor.py:161} INFO - Started process (PID=784) to work on /opt/airflow/dags/flight-pipeline.py
[2026-08-19T23:36:26.962+0000] {processor.py:830} INFO - Processing file /opt/airflow/dags/flight-pipeline.py for tasks to queue
[2026-08-19T23:36:26.967+0000] {logging_mixin.py:188} INFO - [2026-08-19T23:36:26.966+0000] {dagbag.py:545} INFO - Filling up the DagBag from /opt/airflow/dags/flight-pipeline.py
[2026-08-19T23:36:27.900+0000] {processor.py:840} INFO - DAG(s) 'flights_ops_medallioin_pipe' retrieved from /opt/airflow/dags/flight-pipeline.py
[2026-08-19T23:36:27.949+0000] {logging_mixin.py:188} INFO - [2026-08-19T23:36:27.948+0000] {dag.py:3089} INFO - Sync 1 DAGs
[2026-08-19T23:36:27.988+0000] {logging_mixin.py:188} INFO - [2026-08-19T23:36:27.987+0000] {dag.py:3947} INFO - Setting next_dagrun for flights_ops_medallioin_pipe to 2026-08-19 23:30:00+00:00, run_after=2026-08-20 00:00:00+00:00
[2026-08-19T23:36:28.025+0000] {processor.py:183} INFO - Processing /opt/airflow/dags/flight-pipeline.py took 1.078 seconds
[2026-08-19T23:36:58.599+0000] {processor.py:161} INFO - Started process (PID=786) to work on /opt/airflow/dags/flight-pipeline.py
[2026-08-19T23:36:58.602+0000] {processor.py:830} INFO - Processing file /opt/airflow/dags/flight-pipeline.py for tasks to queue
[2026-08-19T23:36:58.606+0000] {logging_mixin.py:188} INFO - [2026-08-19T23:36:58.605+0000] {dagbag.py:545} INFO - Filling up the DagBag from /opt/airflow/dags/flight-pipeline.py
[2026-08-19T23:36:59.488+0000] {processor.py:840} INFO - DAG(s) 'flights_ops_medallioin_pipe' retrieved from /opt/airflow/dags/flight-pipeline.py
[2026-08-19T23:36:59.534+0000] {logging_mixin.py:188} INFO - [2026-08-19T23:36:59.533+0000] {dag.py:3089} INFO - Sync 1 DAGs
[2026-08-19T23:36:59.570+0000] {logging_mixin.py:188} INFO - [2026-08-19T23:36:59.569+0000] {dag.py:3947} INFO - Setting next_dagrun for flights_ops_medallioin_pipe to 2026-08-19 23:30:00+00:00, run_after=2026-08-20 00:00:00+00:00
[2026-08-19T23:36:59.605+0000] {processor.py:183} INFO - Processing /opt/airflow/dags/flight-pipeline.py took 1.026 seconds
[2026-08-19T23:37:29.889+0000] {processor.py:161} INFO - Started process (PID=788) to work on /opt/airflow/dags/flight-pipeline.py
[2026-08-19T23:37:29.892+0000] {processor.py:830} INFO - Processing file /opt/airflow/dags/flight-pipeline.py for tasks to queue
[2026-08-19T23:37:29.897+0000] {logging_mixin.py:188} INFO - [2026-08-19T23:37:29.896+0000] {dagbag.py:545} INFO - Filling up the DagBag from /opt/airflow/dags/flight-pipeline.py
[2026-08-19T23:37:31.054+0000] {processor.py:840} INFO - DAG(s) 'flights_ops_medallioin_pipe' retrieved from /opt/airflow/dags/flight-pipeline.py
[2026-08-19T23:37:31.099+0000] {logging_mixin.py:188} INFO - [2026-08-19T23:37:31.099+0000] {dag.py:3089} INFO - Sync 1 DAGs
[2026-08-19T23:37:31.136+0000] {logging_mixin.py:188} INFO - [2026-08-19T23:37:31.135+0000] {dag.py:3947} INFO - Setting next_dagrun for flights_ops_medallioin_pipe to 2026-08-19 23:30:00+00:00, run_after=2026-08-20 00:00:00+00:00
[2026-08-19T23:37:31.168+0000] {processor.py:183} INFO - Processing /opt/airflow/dags/flight-pipeline.py took 1.293 seconds
[2026-08-19T23:38:01.469+0000] {processor.py:161} INFO - Started process (PID=790) to work on /opt/airflow/dags/flight-pipeline.py
[2026-08-19T23:38:01.473+0000] {processor.py:830} INFO - Processing file /opt/airflow/dags/flight-pipeline.py for tasks to queue
[2026-08-19T23:38:01.481+0000] {logging_mixin.py:188} INFO - [2026-08-19T23:38:01.480+0000] {dagbag.py:545} INFO - Filling up the DagBag from /opt/airflow/dags/flight-pipeline.py
[2026-08-19T23:38:02.402+0000] {processor.py:840} INFO - DAG(s) 'flights_ops_medallioin_pipe' retrieved from /opt/airflow/dags/flight-pipeline.py
[2026-08-19T23:38:02.449+0000] {logging_mixin.py:188} INFO - [2026-08-19T23:38:02.448+0000] {dag.py:3089} INFO - Sync 1 DAGs
[2026-08-19T23:38:02.488+0000] {logging_mixin.py:188} INFO - [2026-08-19T23:38:02.488+0000] {dag.py:3947} INFO - Setting next_dagrun for flights_ops_medallioin_pipe to 2026-08-19 23:30:00+00:00, run_after=2026-08-20 00:00:00+00:00
[2026-08-19T23:38:02.521+0000] {processor.py:183} INFO - Processing /opt/airflow/dags/flight-pipeline.py took 1.063 seconds
[2026-08-19T23:38:32.768+0000] {processor.py:161} INFO - Started process (PID=792) to work on /opt/airflow/dags/flight-pipeline.py
[2026-08-19T23:38:32.772+0000] {processor.py:830} INFO - Processing file /opt/airflow/dags/flight-pipeline.py for tasks to queue
[2026-08-19T23:38:32.777+0000] {logging_mixin.py:188} INFO - [2026-08-19T23:38:32.776+0000] {dagbag.py:545} INFO - Filling up the DagBag from /opt/airflow/dags/flight-pipeline.py
[2026-08-19T23:38:33.679+0000] {processor.py:840} INFO - DAG(s) 'flights_ops_medallioin_pipe' retrieved from /opt/airflow/dags/flight-pipeline.py
[2026-08-19T23:38:33.726+0000] {logging_mixin.py:188} INFO - [2026-08-19T23:38:33.726+0000] {dag.py:3089} INFO - Sync 1 DAGs
[2026-08-19T23:38:33.768+0000] {logging_mixin.py:188} INFO - [2026-08-19T23:38:33.767+0000] {dag.py:3947} INFO - Setting next_dagrun for flights_ops_medallioin_pipe to 2026-08-19 23:30:00+00:00, run_after=2026-08-20 00:00:00+00:00
[2026-08-19T23:38:33.802+0000] {processor.py:183} INFO - Processing /opt/airflow/dags/flight-pipeline.py took 1.048 seconds
[2026-08-19T23:39:04.088+0000] {processor.py:161} INFO - Started process (PID=794) to work on /opt/airflow/dags/flight-pipeline.py
[2026-08-19T23:39:04.091+0000] {processor.py:830} INFO - Processing file /opt/airflow/dags/flight-pipeline.py for tasks to queue
[2026-08-19T23:39:04.098+0000] {logging_mixin.py:188} INFO - [2026-08-19T23:39:04.096+0000] {dagbag.py:545} INFO - Filling up the DagBag from /opt/airflow/dags/flight-pipeline.py
[2026-08-19T23:39:04.996+0000] {processor.py:840} INFO - DAG(s) 'flights_ops_medallioin_pipe' retrieved from /opt/airflow/dags/flight-pipeline.py
[2026-08-19T23:39:05.042+0000] {logging_mixin.py:188} INFO - [2026-08-19T23:39:05.042+0000] {dag.py:3089} INFO - Sync 1 DAGs
[2026-08-19T23:39:05.077+0000] {logging_mixin.py:188} INFO - [2026-08-19T23:39:05.077+0000] {dag.py:3947} INFO - Setting next_dagrun for flights_ops_medallioin_pipe to 2026-08-19 23:30:00+00:00, run_after=2026-08-20 00:00:00+00:00
[2026-08-19T23:39:05.112+0000] {processor.py:183} INFO - Processing /opt/airflow/dags/flight-pipeline.py took 1.036 seconds
[2026-08-19T23:39:35.379+0000] {processor.py:161} INFO - Started process (PID=796) to work on /opt/airflow/dags/flight-pipeline.py
[2026-08-19T23:39:35.382+0000] {processor.py:830} INFO - Processing file /opt/airflow/dags/flight-pipeline.py for tasks to queue
[2026-08-19T23:39:35.389+0000] {logging_mixin.py:188} INFO - [2026-08-19T23:39:35.388+0000] {dagbag.py:545} INFO - Filling up the DagBag from /opt/airflow/dags/flight-pipeline.py
[2026-08-19T23:39:36.339+0000] {processor.py:840} INFO - DAG(s) 'flights_ops_medallioin_pipe' retrieved from /opt/airflow/dags/flight-pipeline.py
[2026-08-19T23:39:36.388+0000] {logging_mixin.py:188} INFO - [2026-08-19T23:39:36.387+0000] {dag.py:3089} INFO - Sync 1 DAGs
[2026-08-19T23:39:36.427+0000] {logging_mixin.py:188} INFO - [2026-08-19T23:39:36.427+0000] {dag.py:3947} INFO - Setting next_dagrun for flights_ops_medallioin_pipe to 2026-08-19 23:30:00+00:00, run_after=2026-08-20 00:00:00+00:00
[2026-08-19T23:39:36.471+0000] {processor.py:183} INFO - Processing /opt/airflow/dags/flight-pipeline.py took 1.106 seconds
[2026-08-19T23:40:06.661+0000] {processor.py:161} INFO - Started process (PID=798) to work on /opt/airflow/dags/flight-pipeline.py
[2026-08-19T23:40:06.665+0000] {processor.py:830} INFO - Processing file /opt/airflow/dags/flight-pipeline.py for tasks to queue
[2026-08-19T23:40:06.670+0000] {logging_mixin.py:188} INFO - [2026-08-19T23:40:06.669+0000] {dagbag.py:545} INFO - Filling up the DagBag from /opt/airflow/dags/flight-pipeline.py
[2026-08-19T23:40:07.592+0000] {processor.py:840} INFO - DAG(s) 'flights_ops_medallioin_pipe' retrieved from /opt/airflow/dags/flight-pipeline.py
[2026-08-19T23:40:07.640+0000] {logging_mixin.py:188} INFO - [2026-08-19T23:40:07.639+0000] {dag.py:3089} INFO - Sync 1 DAGs
[2026-08-19T23:40:07.675+0000] {logging_mixin.py:188} INFO - [2026-08-19T23:40:07.675+0000] {dag.py:3947} INFO - Setting next_dagrun for flights_ops_medallioin_pipe to 2026-08-19 23:30:00+00:00, run_after=2026-08-20 00:00:00+00:00
[2026-08-19T23:40:07.712+0000] {processor.py:183} INFO - Processing /opt/airflow/dags/flight-pipeline.py took 1.066 seconds
[2026-08-19T23:40:37.921+0000] {processor.py:161} INFO - Started process (PID=800) to work on /opt/airflow/dags/flight-pipeline.py
[2026-08-19T23:40:37.924+0000] {processor.py:830} INFO - Processing file /opt/airflow/dags/flight-pipeline.py for tasks to queue
[2026-08-19T23:40:37.930+0000] {logging_mixin.py:188} INFO - [2026-08-19T23:40:37.929+0000] {dagbag.py:545} INFO - Filling up the DagBag from /opt/airflow/dags/flight-pipeline.py
[2026-08-19T23:40:38.915+0000] {processor.py:840} INFO - DAG(s) 'flights_ops_medallioin_pipe' retrieved from /opt/airflow/dags/flight-pipeline.py
[2026-08-19T23:40:38.968+0000] {logging_mixin.py:188} INFO - [2026-08-19T23:40:38.967+0000] {dag.py:3089} INFO - Sync 1 DAGs
[2026-08-19T23:40:39.011+0000] {logging_mixin.py:188} INFO - [2026-08-19T23:40:39.011+0000] {dag.py:3947} INFO - Setting next_dagrun for flights_ops_medallioin_pipe to 2026-08-19 23:30:00+00:00, run_after=2026-08-20 00:00:00+00:00
[2026-08-19T23:40:39.047+0000] {processor.py:183} INFO - Processing /opt/airflow/dags/flight-pipeline.py took 1.140 seconds
[2026-08-19T23:41:09.299+0000] {processor.py:161} INFO - Started process (PID=802) to work on /opt/airflow/dags/flight-pipeline.py
[2026-08-19T23:41:09.302+0000] {processor.py:830} INFO - Processing file /opt/airflow/dags/flight-pipeline.py for tasks to queue
[2026-08-19T23:41:09.307+0000] {logging_mixin.py:188} INFO - [2026-08-19T23:41:09.306+0000] {dagbag.py:545} INFO - Filling up the DagBag from /opt/airflow/dags/flight-pipeline.py
[2026-08-19T23:41:10.213+0000] {processor.py:840} INFO - DAG(s) 'flights_ops_medallioin_pipe' retrieved from /opt/airflow/dags/flight-pipeline.py
[2026-08-19T23:41:10.263+0000] {logging_mixin.py:188} INFO - [2026-08-19T23:41:10.262+0000] {dag.py:3089} INFO - Sync 1 DAGs
[2026-08-19T23:41:10.306+0000] {logging_mixin.py:188} INFO - [2026-08-19T23:41:10.305+0000] {dag.py:3947} INFO - Setting next_dagrun for flights_ops_medallioin_pipe to 2026-08-19 23:30:00+00:00, run_after=2026-08-20 00:00:00+00:00
[2026-08-19T23:41:10.341+0000] {processor.py:183} INFO - Processing /opt/airflow/dags/flight-pipeline.py took 1.055 seconds
[2026-08-19T23:41:40.583+0000] {processor.py:161} INFO - Started process (PID=804) to work on /opt/airflow/dags/flight-pipeline.py
[2026-08-19T23:41:40.586+0000] {processor.py:830} INFO - Processing file /opt/airflow/dags/flight-pipeline.py for tasks to queue
[2026-08-19T23:41:40.591+0000] {logging_mixin.py:188} INFO - [2026-08-19T23:41:40.590+0000] {dagbag.py:545} INFO - Filling up the DagBag from /opt/airflow/dags/flight-pipeline.py
[2026-08-19T23:41:41.487+0000] {processor.py:840} INFO - DAG(s) 'flights_ops_medallioin_pipe' retrieved from /opt/airflow/dags/flight-pipeline.py
[2026-08-19T23:41:41.536+0000] {logging_mixin.py:188} INFO - [2026-08-19T23:41:41.535+0000] {dag.py:3089} INFO - Sync 1 DAGs
[2026-08-19T23:41:41.573+0000] {logging_mixin.py:188} INFO - [2026-08-19T23:41:41.572+0000] {dag.py:3947} INFO - Setting next_dagrun for flights_ops_medallioin_pipe to 2026-08-19 23:30:00+00:00, run_after=2026-08-20 00:00:00+00:00
[2026-08-19T23:41:41.609+0000] {processor.py:183} INFO - Processing /opt/airflow/dags/flight-pipeline.py took 1.039 seconds
[2026-08-19T23:42:11.875+0000] {processor.py:161} INFO - Started process (PID=806) to work on /opt/airflow/dags/flight-pipeline.py
[2026-08-19T23:42:11.878+0000] {processor.py:830} INFO - Processing file /opt/airflow/dags/flight-pipeline.py for tasks to queue
[2026-08-19T23:42:11.883+0000] {logging_mixin.py:188} INFO - [2026-08-19T23:42:11.882+0000] {dagbag.py:545} INFO - Filling up the DagBag from /opt/airflow/dags/flight-pipeline.py
[2026-08-19T23:42:12.758+0000] {processor.py:840} INFO - DAG(s) 'flights_ops_medallioin_pipe' retrieved from /opt/airflow/dags/flight-pipeline.py
[2026-08-19T23:42:12.803+0000] {logging_mixin.py:188} INFO - [2026-08-19T23:42:12.802+0000] {dag.py:3089} INFO - Sync 1 DAGs
[2026-08-19T23:42:12.841+0000] {logging_mixin.py:188} INFO - [2026-08-19T23:42:12.841+0000] {dag.py:3947} INFO - Setting next_dagrun for flights_ops_medallioin_pipe to 2026-08-19 23:30:00+00:00, run_after=2026-08-20 00:00:00+00:00
[2026-08-19T23:42:12.878+0000] {processor.py:183} INFO - Processing /opt/airflow/dags/flight-pipeline.py took 1.016 seconds
[2026-08-19T23:42:43.153+0000] {processor.py:161} INFO - Started process (PID=808) to work on /opt/airflow/dags/flight-pipeline.py
[2026-08-19T23:42:43.155+0000] {processor.py:830} INFO - Processing file /opt/airflow/dags/flight-pipeline.py for tasks to queue
[2026-08-19T23:42:43.160+0000] {logging_mixin.py:188} INFO - [2026-08-19T23:42:43.159+0000] {dagbag.py:545} INFO - Filling up the DagBag from /opt/airflow/dags/flight-pipeline.py
[2026-08-19T23:42:44.049+0000] {processor.py:840} INFO - DAG(s) 'flights_ops_medallioin_pipe' retrieved from /opt/airflow/dags/flight-pipeline.py
[2026-08-19T23:42:44.096+0000] {logging_mixin.py:188} INFO - [2026-08-19T23:42:44.095+0000] {dag.py:3089} INFO - Sync 1 DAGs
[2026-08-19T23:42:44.136+0000] {logging_mixin.py:188} INFO - [2026-08-19T23:42:44.135+0000] {dag.py:3947} INFO - Setting next_dagrun for flights_ops_medallioin_pipe to 2026-08-19 23:30:00+00:00, run_after=2026-08-20 00:00:00+00:00
[2026-08-19T23:42:44.172+0000] {processor.py:183} INFO - Processing /opt/airflow/dags/flight-pipeline.py took 1.030 seconds
[2026-08-19T23:43:14.429+0000] {processor.py:161} INFO - Started process (PID=810) to work on /opt/airflow/dags/flight-pipeline.py
[2026-08-19T23:43:14.431+0000] {processor.py:830} INFO - Processing file /opt/airflow/dags/flight-pipeline.py for tasks to queue
[2026-08-19T23:43:14.436+0000] {logging_mixin.py:188} INFO - [2026-08-19T23:43:14.435+0000] {dagbag.py:545} INFO - Filling up the DagBag from /opt/airflow/dags/flight-pipeline.py
[2026-08-19T23:43:15.345+0000] {processor.py:840} INFO - DAG(s) 'flights_ops_medallioin_pipe' retrieved from /opt/airflow/dags/flight-pipeline.py
[2026-08-19T23:43:15.392+0000] {logging_mixin.py:188} INFO - [2026-08-19T23:43:15.392+0000] {dag.py:3089} INFO - Sync 1 DAGs
[2026-08-19T23:43:15.435+0000] {logging_mixin.py:188} INFO - [2026-08-19T23:43:15.434+0000] {dag.py:3947} INFO - Setting next_dagrun for flights_ops_medallioin_pipe to 2026-08-19 23:30:00+00:00, run_after=2026-08-20 00:00:00+00:00
[2026-08-19T23:43:15.468+0000] {processor.py:183} INFO - Processing /opt/airflow/dags/flight-pipeline.py took 1.051 seconds
[2026-08-19T23:43:45.709+0000] {processor.py:161} INFO - Started process (PID=812) to work on /opt/airflow/dags/flight-pipeline.py
[2026-08-19T23:43:45.712+0000] {processor.py:830} INFO - Processing file /opt/airflow/dags/flight-pipeline.py for tasks to queue
[2026-08-19T23:43:45.717+0000] {logging_mixin.py:188} INFO - [2026-08-19T23:43:45.716+0000] {dagbag.py:545} INFO - Filling up the DagBag from /opt/airflow/dags/flight-pipeline.py
[2026-08-19T23:43:46.663+0000] {processor.py:840} INFO - DAG(s) 'flights_ops_medallioin_pipe' retrieved from /opt/airflow/dags/flight-pipeline.py
[2026-08-19T23:43:46.714+0000] {logging_mixin.py:188} INFO - [2026-08-19T23:43:46.714+0000] {dag.py:3089} INFO - Sync 1 DAGs
[2026-08-19T23:43:46.752+0000] {logging_mixin.py:188} INFO - [2026-08-19T23:43:46.752+0000] {dag.py:3947} INFO - Setting next_dagrun for flights_ops_medallioin_pipe to 2026-08-19 23:30:00+00:00, run_after=2026-08-20 00:00:00+00:00
[2026-08-19T23:43:46.789+0000] {processor.py:183} INFO - Processing /opt/airflow/dags/flight-pipeline.py took 1.095 seconds
[2026-08-19T23:44:16.998+0000] {processor.py:161} INFO - Started process (PID=814) to work on /opt/airflow/dags/flight-pipeline.py
[2026-08-19T23:44:17.001+0000] {processor.py:830} INFO - Processing file /opt/airflow/dags/flight-pipeline.py for tasks to queue
[2026-08-19T23:44:17.006+0000] {logging_mixin.py:188} INFO - [2026-08-19T23:44:17.006+0000] {dagbag.py:545} INFO - Filling up the DagBag from /opt/airflow/dags/flight-pipeline.py
[2026-08-19T23:44:17.873+0000] {processor.py:840} INFO - DAG(s) 'flights_ops_medallioin_pipe' retrieved from /opt/airflow/dags/flight-pipeline.py
[2026-08-19T23:44:17.920+0000] {logging_mixin.py:188} INFO - [2026-08-19T23:44:17.919+0000] {dag.py:3089} INFO - Sync 1 DAGs
[2026-08-19T23:44:17.957+0000] {logging_mixin.py:188} INFO - [2026-08-19T23:44:17.956+0000] {dag.py:3947} INFO - Setting next_dagrun for flights_ops_medallioin_pipe to 2026-08-19 23:30:00+00:00, run_after=2026-08-20 00:00:00+00:00
[2026-08-19T23:44:17.991+0000] {processor.py:183} INFO - Processing /opt/airflow/dags/flight-pipeline.py took 1.005 seconds
[2026-08-19T23:44:48.261+0000] {processor.py:161} INFO - Started process (PID=816) to work on /opt/airflow/dags/flight-pipeline.py
[2026-08-19T23:44:48.265+0000] {processor.py:830} INFO - Processing file /opt/airflow/dags/flight-pipeline.py for tasks to queue
[2026-08-19T23:44:48.269+0000] {logging_mixin.py:188} INFO - [2026-08-19T23:44:48.269+0000] {dagbag.py:545} INFO - Filling up the DagBag from /opt/airflow/dags/flight-pipeline.py
[2026-08-19T23:44:49.153+0000] {processor.py:840} INFO - DAG(s) 'flights_ops_medallioin_pipe' retrieved from /opt/airflow/dags/flight-pipeline.py
[2026-08-19T23:44:49.207+0000] {logging_mixin.py:188} INFO - [2026-08-19T23:44:49.207+0000] {dag.py:3089} INFO - Sync 1 DAGs
[2026-08-19T23:44:49.248+0000] {logging_mixin.py:188} INFO - [2026-08-19T23:44:49.248+0000] {dag.py:3947} INFO - Setting next_dagrun for flights_ops_medallioin_pipe to 2026-08-19 23:30:00+00:00, run_after=2026-08-20 00:00:00+00:00
[2026-08-19T23:44:49.282+0000] {processor.py:183} INFO - Processing /opt/airflow/dags/flight-pipeline.py took 1.032 seconds
[2026-08-19T23:45:19.535+0000] {processor.py:161} INFO - Started process (PID=818) to work on /opt/airflow/dags/flight-pipeline.py
[2026-08-19T23:45:19.537+0000] {processor.py:830} INFO - Processing file /opt/airflow/dags/flight-pipeline.py for tasks to queue
[2026-08-19T23:45:19.543+0000] {logging_mixin.py:188} INFO - [2026-08-19T23:45:19.543+0000] {dagbag.py:545} INFO - Filling up the DagBag from /opt/airflow/dags/flight-pipeline.py
[2026-08-19T23:45:20.426+0000] {processor.py:840} INFO - DAG(s) 'flights_ops_medallioin_pipe' retrieved from /opt/airflow/dags/flight-pipeline.py
[2026-08-19T23:45:20.472+0000] {logging_mixin.py:188} INFO - [2026-08-19T23:45:20.472+0000] {dag.py:3089} INFO - Sync 1 DAGs
[2026-08-19T23:45:20.512+0000] {logging_mixin.py:188} INFO - [2026-08-19T23:45:20.512+0000] {dag.py:3947} INFO - Setting next_dagrun for flights_ops_medallioin_pipe to 2026-08-19 23:30:00+00:00, run_after=2026-08-20 00:00:00+00:00
[2026-08-19T23:45:20.550+0000] {processor.py:183} INFO - Processing /opt/airflow/dags/flight-pipeline.py took 1.026 seconds
[2026-08-19T23:45:50.838+0000] {processor.py:161} INFO - Started process (PID=820) to work on /opt/airflow/dags/flight-pipeline.py
[2026-08-19T23:45:50.841+0000] {processor.py:830} INFO - Processing file /opt/airflow/dags/flight-pipeline.py for tasks to queue
[2026-08-19T23:45:50.847+0000] {logging_mixin.py:188} INFO - [2026-08-19T23:45:50.846+0000] {dagbag.py:545} INFO - Filling up the DagBag from /opt/airflow/dags/flight-pipeline.py
[2026-08-19T23:45:51.729+0000] {processor.py:840} INFO - DAG(s) 'flights_ops_medallioin_pipe' retrieved from /opt/airflow/dags/flight-pipeline.py
[2026-08-19T23:45:51.774+0000] {logging_mixin.py:188} INFO - [2026-08-19T23:45:51.774+0000] {dag.py:3089} INFO - Sync 1 DAGs
[2026-08-19T23:45:51.810+0000] {logging_mixin.py:188} INFO - [2026-08-19T23:45:51.810+0000] {dag.py:3947} INFO - Setting next_dagrun for flights_ops_medallioin_pipe to 2026-08-19 23:30:00+00:00, run_after=2026-08-20 00:00:00+00:00
[2026-08-19T23:45:51.845+0000] {processor.py:183} INFO - Processing /opt/airflow/dags/flight-pipeline.py took 1.020 seconds
[2026-08-19T23:46:22.165+0000] {processor.py:161} INFO - Started process (PID=822) to work on /opt/airflow/dags/flight-pipeline.py
[2026-08-19T23:46:22.168+0000] {processor.py:830} INFO - Processing file /opt/airflow/dags/flight-pipeline.py for tasks to queue
[2026-08-19T23:46:22.173+0000] {logging_mixin.py:188} INFO - [2026-08-19T23:46:22.172+0000] {dagbag.py:545} INFO - Filling up the DagBag from /opt/airflow/dags/flight-pipeline.py
[2026-08-19T23:46:23.031+0000] {processor.py:840} INFO - DAG(s) 'flights_ops_medallioin_pipe' retrieved from /opt/airflow/dags/flight-pipeline.py
[2026-08-19T23:46:23.078+0000] {logging_mixin.py:188} INFO - [2026-08-19T23:46:23.077+0000] {dag.py:3089} INFO - Sync 1 DAGs
[2026-08-19T23:46:23.118+0000] {logging_mixin.py:188} INFO - [2026-08-19T23:46:23.117+0000] {dag.py:3947} INFO - Setting next_dagrun for flights_ops_medallioin_pipe to 2026-08-19 23:30:00+00:00, run_after=2026-08-20 00:00:00+00:00
[2026-08-19T23:46:23.154+0000] {processor.py:183} INFO - Processing /opt/airflow/dags/flight-pipeline.py took 0.999 seconds
[2026-08-19T23:46:53.440+0000] {processor.py:161} INFO - Started process (PID=824) to work on /opt/airflow/dags/flight-pipeline.py
[2026-08-19T23:46:53.443+0000] {processor.py:830} INFO - Processing file /opt/airflow/dags/flight-pipeline.py for tasks to queue
[2026-08-19T23:46:53.449+0000] {logging_mixin.py:188} INFO - [2026-08-19T23:46:53.448+0000] {dagbag.py:545} INFO - Filling up the DagBag from /opt/airflow/dags/flight-pipeline.py
[2026-08-19T23:46:54.298+0000] {processor.py:840} INFO - DAG(s) 'flights_ops_medallioin_pipe' retrieved from /opt/airflow/dags/flight-pipeline.py
[2026-08-19T23:46:54.342+0000] {logging_mixin.py:188} INFO - [2026-08-19T23:46:54.341+0000] {dag.py:3089} INFO - Sync 1 DAGs
[2026-08-19T23:46:54.379+0000] {logging_mixin.py:188} INFO - [2026-08-19T23:46:54.378+0000] {dag.py:3947} INFO - Setting next_dagrun for flights_ops_medallioin_pipe to 2026-08-19 23:30:00+00:00, run_after=2026-08-20 00:00:00+00:00
[2026-08-19T23:46:54.411+0000] {processor.py:183} INFO - Processing /opt/airflow/dags/flight-pipeline.py took 0.986 seconds
[2026-08-19T23:47:24.741+0000] {processor.py:161} INFO - Started process (PID=826) to work on /opt/airflow/dags/flight-pipeline.py
[2026-08-19T23:47:24.744+0000] {processor.py:830} INFO - Processing file /opt/airflow/dags/flight-pipeline.py for tasks to queue
[2026-08-19T23:47:24.749+0000] {logging_mixin.py:188} INFO - [2026-08-19T23:47:24.748+0000] {dagbag.py:545} INFO - Filling up the DagBag from /opt/airflow/dags/flight-pipeline.py
[2026-08-19T23:47:25.644+0000] {processor.py:840} INFO - DAG(s) 'flights_ops_medallioin_pipe' retrieved from /opt/airflow/dags/flight-pipeline.py
[2026-08-19T23:47:25.692+0000] {logging_mixin.py:188} INFO - [2026-08-19T23:47:25.692+0000] {dag.py:3089} INFO - Sync 1 DAGs
[2026-08-19T23:47:25.731+0000] {logging_mixin.py:188} INFO - [2026-08-19T23:47:25.730+0000] {dag.py:3947} INFO - Setting next_dagrun for flights_ops_medallioin_pipe to 2026-08-19 23:30:00+00:00, run_after=2026-08-20 00:00:00+00:00
[2026-08-19T23:47:25.764+0000] {processor.py:183} INFO - Processing /opt/airflow/dags/flight-pipeline.py took 1.035 seconds
[2026-08-19T23:47:56.009+0000] {processor.py:161} INFO - Started process (PID=828) to work on /opt/airflow/dags/flight-pipeline.py
[2026-08-19T23:47:56.012+0000] {processor.py:830} INFO - Processing file /opt/airflow/dags/flight-pipeline.py for tasks to queue
[2026-08-19T23:47:56.016+0000] {logging_mixin.py:188} INFO - [2026-08-19T23:47:56.016+0000] {dagbag.py:545} INFO - Filling up the DagBag from /opt/airflow/dags/flight-pipeline.py
[2026-08-19T23:47:56.957+0000] {processor.py:840} INFO - DAG(s) 'flights_ops_medallioin_pipe' retrieved from /opt/airflow/dags/flight-pipeline.py
[2026-08-19T23:47:57.012+0000] {logging_mixin.py:188} INFO - [2026-08-19T23:47:57.011+0000] {dag.py:3089} INFO - Sync 1 DAGs
[2026-08-19T23:47:57.062+0000] {logging_mixin.py:188} INFO - [2026-08-19T23:47:57.062+0000] {dag.py:3947} INFO - Setting next_dagrun for flights_ops_medallioin_pipe to 2026-08-19 23:30:00+00:00, run_after=2026-08-20 00:00:00+00:00
[2026-08-19T23:47:57.103+0000] {processor.py:183} INFO - Processing /opt/airflow/dags/flight-pipeline.py took 1.104 seconds
[2026-08-19T23:48:27.286+0000] {processor.py:161} INFO - Started process (PID=830) to work on /opt/airflow/dags/flight-pipeline.py
[2026-08-19T23:48:27.289+0000] {processor.py:830} INFO - Processing file /opt/airflow/dags/flight-pipeline.py for tasks to queue
[2026-08-19T23:48:27.294+0000] {logging_mixin.py:188} INFO - [2026-08-19T23:48:27.293+0000] {dagbag.py:545} INFO - Filling up the DagBag from /opt/airflow/dags/flight-pipeline.py
[2026-08-19T23:48:28.134+0000] {processor.py:840} INFO - DAG(s) 'flights_ops_medallioin_pipe' retrieved from /opt/airflow/dags/flight-pipeline.py
[2026-08-19T23:48:28.178+0000] {logging_mixin.py:188} INFO - [2026-08-19T23:48:28.177+0000] {dag.py:3089} INFO - Sync 1 DAGs
[2026-08-19T23:48:28.211+0000] {logging_mixin.py:188} INFO - [2026-08-19T23:48:28.211+0000] {dag.py:3947} INFO - Setting next_dagrun for flights_ops_medallioin_pipe to 2026-08-19 23:30:00+00:00, run_after=2026-08-20 00:00:00+00:00
[2026-08-19T23:48:28.245+0000] {processor.py:183} INFO - Processing /opt/airflow/dags/flight-pipeline.py took 0.974 seconds
[2026-08-19T23:48:58.667+0000] {processor.py:161} INFO - Started process (PID=832) to work on /opt/airflow/dags/flight-pipeline.py
[2026-08-19T23:48:58.669+0000] {processor.py:830} INFO - Processing file /opt/airflow/dags/flight-pipeline.py for tasks to queue
[2026-08-19T23:48:58.674+0000] {logging_mixin.py:188} INFO - [2026-08-19T23:48:58.673+0000] {dagbag.py:545} INFO - Filling up the DagBag from /opt/airflow/dags/flight-pipeline.py
[2026-08-19T23:48:59.597+0000] {processor.py:840} INFO - DAG(s) 'flights_ops_medallioin_pipe' retrieved from /opt/airflow/dags/flight-pipeline.py
[2026-08-19T23:48:59.644+0000] {logging_mixin.py:188} INFO - [2026-08-19T23:48:59.644+0000] {dag.py:3089} INFO - Sync 1 DAGs
[2026-08-19T23:48:59.679+0000] {logging_mixin.py:188} INFO - [2026-08-19T23:48:59.679+0000] {dag.py:3947} INFO - Setting next_dagrun for flights_ops_medallioin_pipe to 2026-08-19 23:30:00+00:00, run_after=2026-08-20 00:00:00+00:00
[2026-08-19T23:48:59.717+0000] {processor.py:183} INFO - Processing /opt/airflow/dags/flight-pipeline.py took 1.061 seconds
[2026-08-19T23:49:29.942+0000] {processor.py:161} INFO - Started process (PID=834) to work on /opt/airflow/dags/flight-pipeline.py
[2026-08-19T23:49:29.945+0000] {processor.py:830} INFO - Processing file /opt/airflow/dags/flight-pipeline.py for tasks to queue
[2026-08-19T23:49:29.950+0000] {logging_mixin.py:188} INFO - [2026-08-19T23:49:29.950+0000] {dagbag.py:545} INFO - Filling up the DagBag from /opt/airflow/dags/flight-pipeline.py
[2026-08-19T23:49:30.817+0000] {processor.py:840} INFO - DAG(s) 'flights_ops_medallioin_pipe' retrieved from /opt/airflow/dags/flight-pipeline.py
[2026-08-19T23:49:30.863+0000] {logging_mixin.py:188} INFO - [2026-08-19T23:49:30.862+0000] {dag.py:3089} INFO - Sync 1 DAGs
[2026-08-19T23:49:30.899+0000] {logging_mixin.py:188} INFO - [2026-08-19T23:49:30.898+0000] {dag.py:3947} INFO - Setting next_dagrun for flights_ops_medallioin_pipe to 2026-08-19 23:30:00+00:00, run_after=2026-08-20 00:00:00+00:00
[2026-08-19T23:49:30.933+0000] {processor.py:183} INFO - Processing /opt/airflow/dags/flight-pipeline.py took 1.002 seconds
[2026-08-19T23:50:01.209+0000] {processor.py:161} INFO - Started process (PID=836) to work on /opt/airflow/dags/flight-pipeline.py
[2026-08-19T23:50:01.211+0000] {processor.py:830} INFO - Processing file /opt/airflow/dags/flight-pipeline.py for tasks to queue
[2026-08-19T23:50:01.215+0000] {logging_mixin.py:188} INFO - [2026-08-19T23:50:01.215+0000] {dagbag.py:545} INFO - Filling up the DagBag from /opt/airflow/dags/flight-pipeline.py
[2026-08-19T23:50:02.129+0000] {processor.py:840} INFO - DAG(s) 'flights_ops_medallioin_pipe' retrieved from /opt/airflow/dags/flight-pipeline.py
[2026-08-19T23:50:02.175+0000] {logging_mixin.py:188} INFO - [2026-08-19T23:50:02.175+0000] {dag.py:3089} INFO - Sync 1 DAGs
[2026-08-19T23:50:02.214+0000] {logging_mixin.py:188} INFO - [2026-08-19T23:50:02.213+0000] {dag.py:3947} INFO - Setting next_dagrun for flights_ops_medallioin_pipe to 2026-08-19 23:30:00+00:00, run_after=2026-08-20 00:00:00+00:00
[2026-08-19T23:50:02.248+0000] {processor.py:183} INFO - Processing /opt/airflow/dags/flight-pipeline.py took 1.051 seconds
[2026-08-19T23:50:32.487+0000] {processor.py:161} INFO - Started process (PID=838) to work on /opt/airflow/dags/flight-pipeline.py
[2026-08-19T23:50:32.490+0000] {processor.py:830} INFO - Processing file /opt/airflow/dags/flight-pipeline.py for tasks to queue
[2026-08-19T23:50:32.495+0000] {logging_mixin.py:188} INFO - [2026-08-19T23:50:32.494+0000] {dagbag.py:545} INFO - Filling up the DagBag from /opt/airflow/dags/flight-pipeline.py
[2026-08-19T23:50:33.335+0000] {processor.py:840} INFO - DAG(s) 'flights_ops_medallioin_pipe' retrieved from /opt/airflow/dags/flight-pipeline.py
[2026-08-19T23:50:33.382+0000] {logging_mixin.py:188} INFO - [2026-08-19T23:50:33.381+0000] {dag.py:3089} INFO - Sync 1 DAGs
[2026-08-19T23:50:33.417+0000] {logging_mixin.py:188} INFO - [2026-08-19T23:50:33.417+0000] {dag.py:3947} INFO - Setting next_dagrun for flights_ops_medallioin_pipe to 2026-08-19 23:30:00+00:00, run_after=2026-08-20 00:00:00+00:00
[2026-08-19T23:50:33.452+0000] {processor.py:183} INFO - Processing /opt/airflow/dags/flight-pipeline.py took 0.977 seconds
[2026-08-19T23:51:03.859+0000] {processor.py:161} INFO - Started process (PID=840) to work on /opt/airflow/dags/flight-pipeline.py
[2026-08-19T23:51:03.864+0000] {processor.py:830} INFO - Processing file /opt/airflow/dags/flight-pipeline.py for tasks to queue
[2026-08-19T23:51:03.870+0000] {logging_mixin.py:188} INFO - [2026-08-19T23:51:03.868+0000] {dagbag.py:545} INFO - Filling up the DagBag from /opt/airflow/dags/flight-pipeline.py
[2026-08-19T23:51:04.711+0000] {processor.py:840} INFO - DAG(s) 'flights_ops_medallioin_pipe' retrieved from /opt/airflow/dags/flight-pipeline.py
[2026-08-19T23:51:04.756+0000] {logging_mixin.py:188} INFO - [2026-08-19T23:51:04.756+0000] {dag.py:3089} INFO - Sync 1 DAGs
[2026-08-19T23:51:04.790+0000] {logging_mixin.py:188} INFO - [2026-08-19T23:51:04.790+0000] {dag.py:3947} INFO - Setting next_dagrun for flights_ops_medallioin_pipe to 2026-08-19 23:30:00+00:00, run_after=2026-08-20 00:00:00+00:00
[2026-08-19T23:51:04.826+0000] {processor.py:183} INFO - Processing /opt/airflow/dags/flight-pipeline.py took 0.980 seconds
[2026-08-19T23:51:35.167+0000] {processor.py:161} INFO - Started process (PID=842) to work on /opt/airflow/dags/flight-pipeline.py
[2026-08-19T23:51:35.171+0000] {processor.py:830} INFO - Processing file /opt/airflow/dags/flight-pipeline.py for tasks to queue
[2026-08-19T23:51:35.176+0000] {logging_mixin.py:188} INFO - [2026-08-19T23:51:35.175+0000] {dagbag.py:545} INFO - Filling up the DagBag from /opt/airflow/dags/flight-pipeline.py
[2026-08-19T23:51:36.018+0000] {processor.py:840} INFO - DAG(s) 'flights_ops_medallioin_pipe' retrieved from /opt/airflow/dags/flight-pipeline.py
[2026-08-19T23:51:36.065+0000] {logging_mixin.py:188} INFO - [2026-08-19T23:51:36.065+0000] {dag.py:3089} INFO - Sync 1 DAGs
[2026-08-19T23:51:36.102+0000] {logging_mixin.py:188} INFO - [2026-08-19T23:51:36.101+0000] {dag.py:3947} INFO - Setting next_dagrun for flights_ops_medallioin_pipe to 2026-08-19 23:30:00+00:00, run_after=2026-08-20 00:00:00+00:00
[2026-08-19T23:51:36.135+0000] {processor.py:183} INFO - Processing /opt/airflow/dags/flight-pipeline.py took 0.981 seconds
[2026-08-19T23:52:06.484+0000] {processor.py:161} INFO - Started process (PID=844) to work on /opt/airflow/dags/flight-pipeline.py
[2026-08-19T23:52:06.488+0000] {processor.py:830} INFO - Processing file /opt/airflow/dags/flight-pipeline.py for tasks to queue
[2026-08-19T23:52:06.493+0000] {logging_mixin.py:188} INFO - [2026-08-19T23:52:06.492+0000] {dagbag.py:545} INFO - Filling up the DagBag from /opt/airflow/dags/flight-pipeline.py
[2026-08-19T23:52:07.440+0000] {processor.py:840} INFO - DAG(s) 'flights_ops_medallioin_pipe' retrieved from /opt/airflow/dags/flight-pipeline.py
[2026-08-19T23:52:07.486+0000] {logging_mixin.py:188} INFO - [2026-08-19T23:52:07.486+0000] {dag.py:3089} INFO - Sync 1 DAGs
[2026-08-19T23:52:07.523+0000] {logging_mixin.py:188} INFO - [2026-08-19T23:52:07.522+0000] {dag.py:3947} INFO - Setting next_dagrun for flights_ops_medallioin_pipe to 2026-08-19 23:30:00+00:00, run_after=2026-08-20 00:00:00+00:00
[2026-08-19T23:52:07.556+0000] {processor.py:183} INFO - Processing /opt/airflow/dags/flight-pipeline.py took 1.085 seconds
[2026-08-19T23:52:37.769+0000] {processor.py:161} INFO - Started process (PID=846) to work on /opt/airflow/dags/flight-pipeline.py
[2026-08-19T23:52:37.772+0000] {processor.py:830} INFO - Processing file /opt/airflow/dags/flight-pipeline.py for tasks to queue
[2026-08-19T23:52:37.777+0000] {logging_mixin.py:188} INFO - [2026-08-19T23:52:37.777+0000] {dagbag.py:545} INFO - Filling up the DagBag from /opt/airflow/dags/flight-pipeline.py
[2026-08-19T23:52:38.698+0000] {processor.py:840} INFO - DAG(s) 'flights_ops_medallioin_pipe' retrieved from /opt/airflow/dags/flight-pipeline.py
[2026-08-19T23:52:38.744+0000] {logging_mixin.py:188} INFO - [2026-08-19T23:52:38.744+0000] {dag.py:3089} INFO - Sync 1 DAGs
[2026-08-19T23:52:38.786+0000] {logging_mixin.py:188} INFO - [2026-08-19T23:52:38.785+0000] {dag.py:3947} INFO - Setting next_dagrun for flights_ops_medallioin_pipe to 2026-08-19 23:30:00+00:00, run_after=2026-08-20 00:00:00+00:00
[2026-08-19T23:52:38.820+0000] {processor.py:183} INFO - Processing /opt/airflow/dags/flight-pipeline.py took 1.062 seconds
[2026-08-19T23:53:09.155+0000] {processor.py:161} INFO - Started process (PID=848) to work on /opt/airflow/dags/flight-pipeline.py
[2026-08-19T23:53:09.158+0000] {processor.py:830} INFO - Processing file /opt/airflow/dags/flight-pipeline.py for tasks to queue
[2026-08-19T23:53:09.163+0000] {logging_mixin.py:188} INFO - [2026-08-19T23:53:09.162+0000] {dagbag.py:545} INFO - Filling up the DagBag from /opt/airflow/dags/flight-pipeline.py
[2026-08-19T23:53:10.070+0000] {processor.py:840} INFO - DAG(s) 'flights_ops_medallioin_pipe' retrieved from /opt/airflow/dags/flight-pipeline.py
[2026-08-19T23:53:10.119+0000] {logging_mixin.py:188} INFO - [2026-08-19T23:53:10.118+0000] {dag.py:3089} INFO - Sync 1 DAGs
[2026-08-19T23:53:10.160+0000] {logging_mixin.py:188} INFO - [2026-08-19T23:53:10.160+0000] {dag.py:3947} INFO - Setting next_dagrun for flights_ops_medallioin_pipe to 2026-08-19 23:30:00+00:00, run_after=2026-08-20 00:00:00+00:00
[2026-08-19T23:53:10.193+0000] {processor.py:183} INFO - Processing /opt/airflow/dags/flight-pipeline.py took 1.050 seconds
[2026-08-19T23:53:40.430+0000] {processor.py:161} INFO - Started process (PID=850) to work on /opt/airflow/dags/flight-pipeline.py
[2026-08-19T23:53:40.432+0000] {processor.py:830} INFO - Processing file /opt/airflow/dags/flight-pipeline.py for tasks to queue
[2026-08-19T23:53:40.437+0000] {logging_mixin.py:188} INFO - [2026-08-19T23:53:40.437+0000] {dagbag.py:545} INFO - Filling up the DagBag from /opt/airflow/dags/flight-pipeline.py
[2026-08-19T23:53:41.352+0000] {processor.py:840} INFO - DAG(s) 'flights_ops_medallioin_pipe' retrieved from /opt/airflow/dags/flight-pipeline.py
[2026-08-19T23:53:41.405+0000] {logging_mixin.py:188} INFO - [2026-08-19T23:53:41.404+0000] {dag.py:3089} INFO - Sync 1 DAGs
[2026-08-19T23:53:41.444+0000] {logging_mixin.py:188} INFO - [2026-08-19T23:53:41.444+0000] {dag.py:3947} INFO - Setting next_dagrun for flights_ops_medallioin_pipe to 2026-08-19 23:30:00+00:00, run_after=2026-08-20 00:00:00+00:00
[2026-08-19T23:53:41.478+0000] {processor.py:183} INFO - Processing /opt/airflow/dags/flight-pipeline.py took 1.061 seconds
[2026-08-19T23:54:11.735+0000] {processor.py:161} INFO - Started process (PID=852) to work on /opt/airflow/dags/flight-pipeline.py
[2026-08-19T23:54:11.737+0000] {processor.py:830} INFO - Processing file /opt/airflow/dags/flight-pipeline.py for tasks to queue
[2026-08-19T23:54:11.741+0000] {logging_mixin.py:188} INFO - [2026-08-19T23:54:11.741+0000] {dagbag.py:545} INFO - Filling up the DagBag from /opt/airflow/dags/flight-pipeline.py
[2026-08-19T23:54:12.606+0000] {processor.py:840} INFO - DAG(s) 'flights_ops_medallioin_pipe' retrieved from /opt/airflow/dags/flight-pipeline.py
[2026-08-19T23:54:12.654+0000] {logging_mixin.py:188} INFO - [2026-08-19T23:54:12.653+0000] {dag.py:3089} INFO - Sync 1 DAGs
[2026-08-19T23:54:12.689+0000] {logging_mixin.py:188} INFO - [2026-08-19T23:54:12.689+0000] {dag.py:3947} INFO - Setting next_dagrun for flights_ops_medallioin_pipe to 2026-08-19 23:30:00+00:00, run_after=2026-08-20 00:00:00+00:00
[2026-08-19T23:54:12.729+0000] {processor.py:183} INFO - Processing /opt/airflow/dags/flight-pipeline.py took 1.006 seconds
[2026-08-19T23:54:43.036+0000] {processor.py:161} INFO - Started process (PID=854) to work on /opt/airflow/dags/flight-pipeline.py
[2026-08-19T23:54:43.040+0000] {processor.py:830} INFO - Processing file /opt/airflow/dags/flight-pipeline.py for tasks to queue
[2026-08-19T23:54:43.045+0000] {logging_mixin.py:188} INFO - [2026-08-19T23:54:43.044+0000] {dagbag.py:545} INFO - Filling up the DagBag from /opt/airflow/dags/flight-pipeline.py
[2026-08-19T23:54:43.995+0000] {processor.py:840} INFO - DAG(s) 'flights_ops_medallioin_pipe' retrieved from /opt/airflow/dags/flight-pipeline.py
[2026-08-19T23:54:44.044+0000] {logging_mixin.py:188} INFO - [2026-08-19T23:54:44.043+0000] {dag.py:3089} INFO - Sync 1 DAGs
[2026-08-19T23:54:44.084+0000] {logging_mixin.py:188} INFO - [2026-08-19T23:54:44.083+0000] {dag.py:3947} INFO - Setting next_dagrun for flights_ops_medallioin_pipe to 2026-08-19 23:30:00+00:00, run_after=2026-08-20 00:00:00+00:00
[2026-08-19T23:54:44.128+0000] {processor.py:183} INFO - Processing /opt/airflow/dags/flight-pipeline.py took 1.106 seconds
[2026-08-19T23:55:14.312+0000] {processor.py:161} INFO - Started process (PID=856) to work on /opt/airflow/dags/flight-pipeline.py
[2026-08-19T23:55:14.315+0000] {processor.py:830} INFO - Processing file /opt/airflow/dags/flight-pipeline.py for tasks to queue
[2026-08-19T23:55:14.319+0000] {logging_mixin.py:188} INFO - [2026-08-19T23:55:14.319+0000] {dagbag.py:545} INFO - Filling up the DagBag from /opt/airflow/dags/flight-pipeline.py
[2026-08-19T23:55:15.291+0000] {processor.py:840} INFO - DAG(s) 'flights_ops_medallioin_pipe' retrieved from /opt/airflow/dags/flight-pipeline.py
[2026-08-19T23:55:15.341+0000] {logging_mixin.py:188} INFO - [2026-08-19T23:55:15.340+0000] {dag.py:3089} INFO - Sync 1 DAGs
[2026-08-19T23:55:15.379+0000] {logging_mixin.py:188} INFO - [2026-08-19T23:55:15.379+0000] {dag.py:3947} INFO - Setting next_dagrun for flights_ops_medallioin_pipe to 2026-08-19 23:30:00+00:00, run_after=2026-08-20 00:00:00+00:00
[2026-08-19T23:55:15.413+0000] {processor.py:183} INFO - Processing /opt/airflow/dags/flight-pipeline.py took 1.114 seconds
[2026-08-19T23:55:45.664+0000] {processor.py:161} INFO - Started process (PID=858) to work on /opt/airflow/dags/flight-pipeline.py
[2026-08-19T23:55:45.668+0000] {processor.py:830} INFO - Processing file /opt/airflow/dags/flight-pipeline.py for tasks to queue
[2026-08-19T23:55:45.676+0000] {logging_mixin.py:188} INFO - [2026-08-19T23:55:45.673+0000] {dagbag.py:545} INFO - Filling up the DagBag from /opt/airflow/dags/flight-pipeline.py
[2026-08-19T23:55:46.576+0000] {processor.py:840} INFO - DAG(s) 'flights_ops_medallioin_pipe' retrieved from /opt/airflow/dags/flight-pipeline.py
[2026-08-19T23:55:46.622+0000] {logging_mixin.py:188} INFO - [2026-08-19T23:55:46.622+0000] {dag.py:3089} INFO - Sync 1 DAGs
[2026-08-19T23:55:46.662+0000] {logging_mixin.py:188} INFO - [2026-08-19T23:55:46.661+0000] {dag.py:3947} INFO - Setting next_dagrun for flights_ops_medallioin_pipe to 2026-08-19 23:30:00+00:00, run_after=2026-08-20 00:00:00+00:00
[2026-08-19T23:55:46.695+0000] {processor.py:183} INFO - Processing /opt/airflow/dags/flight-pipeline.py took 1.047 seconds
[2026-08-19T23:56:17.033+0000] {processor.py:161} INFO - Started process (PID=860) to work on /opt/airflow/dags/flight-pipeline.py
[2026-08-19T23:56:17.035+0000] {processor.py:830} INFO - Processing file /opt/airflow/dags/flight-pipeline.py for tasks to queue
[2026-08-19T23:56:17.045+0000] {logging_mixin.py:188} INFO - [2026-08-19T23:56:17.044+0000] {dagbag.py:545} INFO - Filling up the DagBag from /opt/airflow/dags/flight-pipeline.py
[2026-08-19T23:56:18.043+0000] {processor.py:840} INFO - DAG(s) 'flights_ops_medallioin_pipe' retrieved from /opt/airflow/dags/flight-pipeline.py
[2026-08-19T23:56:18.090+0000] {logging_mixin.py:188} INFO - [2026-08-19T23:56:18.090+0000] {dag.py:3089} INFO - Sync 1 DAGs
[2026-08-19T23:56:18.134+0000] {logging_mixin.py:188} INFO - [2026-08-19T23:56:18.133+0000] {dag.py:3947} INFO - Setting next_dagrun for flights_ops_medallioin_pipe to 2026-08-19 23:30:00+00:00, run_after=2026-08-20 00:00:00+00:00
[2026-08-19T23:56:18.172+0000] {processor.py:183} INFO - Processing /opt/airflow/dags/flight-pipeline.py took 1.162 seconds
[2026-08-19T23:56:48.312+0000] {processor.py:161} INFO - Started process (PID=862) to work on /opt/airflow/dags/flight-pipeline.py
[2026-08-19T23:56:48.315+0000] {processor.py:830} INFO - Processing file /opt/airflow/dags/flight-pipeline.py for tasks to queue
[2026-08-19T23:56:48.320+0000] {logging_mixin.py:188} INFO - [2026-08-19T23:56:48.320+0000] {dagbag.py:545} INFO - Filling up the DagBag from /opt/airflow/dags/flight-pipeline.py
[2026-08-19T23:56:49.372+0000] {processor.py:840} INFO - DAG(s) 'flights_ops_medallioin_pipe' retrieved from /opt/airflow/dags/flight-pipeline.py
[2026-08-19T23:56:49.443+0000] {logging_mixin.py:188} INFO - [2026-08-19T23:56:49.443+0000] {dag.py:3089} INFO - Sync 1 DAGs
[2026-08-19T23:56:49.484+0000] {logging_mixin.py:188} INFO - [2026-08-19T23:56:49.483+0000] {dag.py:3947} INFO - Setting next_dagrun for flights_ops_medallioin_pipe to 2026-08-19 23:30:00+00:00, run_after=2026-08-20 00:00:00+00:00
[2026-08-19T23:56:49.517+0000] {processor.py:183} INFO - Processing /opt/airflow/dags/flight-pipeline.py took 1.217 seconds
[2026-08-19T23:57:19.712+0000] {processor.py:161} INFO - Started process (PID=864) to work on /opt/airflow/dags/flight-pipeline.py
[2026-08-19T23:57:19.716+0000] {processor.py:830} INFO - Processing file /opt/airflow/dags/flight-pipeline.py for tasks to queue
[2026-08-19T23:57:19.721+0000] {logging_mixin.py:188} INFO - [2026-08-19T23:57:19.721+0000] {dagbag.py:545} INFO - Filling up the DagBag from /opt/airflow/dags/flight-pipeline.py
[2026-08-19T23:57:20.658+0000] {processor.py:840} INFO - DAG(s) 'flights_ops_medallioin_pipe' retrieved from /opt/airflow/dags/flight-pipeline.py
[2026-08-19T23:57:20.705+0000] {logging_mixin.py:188} INFO - [2026-08-19T23:57:20.705+0000] {dag.py:3089} INFO - Sync 1 DAGs
[2026-08-19T23:57:20.743+0000] {logging_mixin.py:188} INFO - [2026-08-19T23:57:20.743+0000] {dag.py:3947} INFO - Setting next_dagrun for flights_ops_medallioin_pipe to 2026-08-19 23:30:00+00:00, run_after=2026-08-20 00:00:00+00:00
[2026-08-19T23:57:20.781+0000] {processor.py:183} INFO - Processing /opt/airflow/dags/flight-pipeline.py took 1.081 seconds
[2026-08-19T23:57:51.061+0000] {processor.py:161} INFO - Started process (PID=866) to work on /opt/airflow/dags/flight-pipeline.py
[2026-08-19T23:57:51.064+0000] {processor.py:830} INFO - Processing file /opt/airflow/dags/flight-pipeline.py for tasks to queue
[2026-08-19T23:57:51.070+0000] {logging_mixin.py:188} INFO - [2026-08-19T23:57:51.069+0000] {dagbag.py:545} INFO - Filling up the DagBag from /opt/airflow/dags/flight-pipeline.py
[2026-08-19T23:57:52.065+0000] {processor.py:840} INFO - DAG(s) 'flights_ops_medallioin_pipe' retrieved from /opt/airflow/dags/flight-pipeline.py
[2026-08-19T23:57:52.120+0000] {logging_mixin.py:188} INFO - [2026-08-19T23:57:52.119+0000] {dag.py:3089} INFO - Sync 1 DAGs
[2026-08-19T23:57:52.157+0000] {logging_mixin.py:188} INFO - [2026-08-19T23:57:52.157+0000] {dag.py:3947} INFO - Setting next_dagrun for flights_ops_medallioin_pipe to 2026-08-19 23:30:00+00:00, run_after=2026-08-20 00:00:00+00:00
[2026-08-19T23:57:52.196+0000] {processor.py:183} INFO - Processing /opt/airflow/dags/flight-pipeline.py took 1.150 seconds
[2026-08-19T23:58:22.356+0000] {processor.py:161} INFO - Started process (PID=868) to work on /opt/airflow/dags/flight-pipeline.py
[2026-08-19T23:58:22.360+0000] {processor.py:830} INFO - Processing file /opt/airflow/dags/flight-pipeline.py for tasks to queue
[2026-08-19T23:58:22.365+0000] {logging_mixin.py:188} INFO - [2026-08-19T23:58:22.364+0000] {dagbag.py:545} INFO - Filling up the DagBag from /opt/airflow/dags/flight-pipeline.py
[2026-08-19T23:58:23.297+0000] {processor.py:840} INFO - DAG(s) 'flights_ops_medallioin_pipe' retrieved from /opt/airflow/dags/flight-pipeline.py
[2026-08-19T23:58:23.346+0000] {logging_mixin.py:188} INFO - [2026-08-19T23:58:23.346+0000] {dag.py:3089} INFO - Sync 1 DAGs
[2026-08-19T23:58:23.383+0000] {logging_mixin.py:188} INFO - [2026-08-19T23:58:23.383+0000] {dag.py:3947} INFO - Setting next_dagrun for flights_ops_medallioin_pipe to 2026-08-19 23:30:00+00:00, run_after=2026-08-20 00:00:00+00:00
[2026-08-19T23:58:23.418+0000] {processor.py:183} INFO - Processing /opt/airflow/dags/flight-pipeline.py took 1.075 seconds
[2026-08-19T23:58:53.646+0000] {processor.py:161} INFO - Started process (PID=870) to work on /opt/airflow/dags/flight-pipeline.py
[2026-08-19T23:58:53.649+0000] {processor.py:830} INFO - Processing file /opt/airflow/dags/flight-pipeline.py for tasks to queue
[2026-08-19T23:58:53.654+0000] {logging_mixin.py:188} INFO - [2026-08-19T23:58:53.654+0000] {dagbag.py:545} INFO - Filling up the DagBag from /opt/airflow/dags/flight-pipeline.py
[2026-08-19T23:58:54.568+0000] {processor.py:840} INFO - DAG(s) 'flights_ops_medallioin_pipe' retrieved from /opt/airflow/dags/flight-pipeline.py
[2026-08-19T23:58:54.615+0000] {logging_mixin.py:188} INFO - [2026-08-19T23:58:54.614+0000] {dag.py:3089} INFO - Sync 1 DAGs
[2026-08-19T23:58:54.656+0000] {logging_mixin.py:188} INFO - [2026-08-19T23:58:54.656+0000] {dag.py:3947} INFO - Setting next_dagrun for flights_ops_medallioin_pipe to 2026-08-19 23:30:00+00:00, run_after=2026-08-20 00:00:00+00:00
[2026-08-19T23:58:54.693+0000] {processor.py:183} INFO - Processing /opt/airflow/dags/flight-pipeline.py took 1.061 seconds
[2026-08-19T23:59:24.953+0000] {processor.py:161} INFO - Started process (PID=872) to work on /opt/airflow/dags/flight-pipeline.py
[2026-08-19T23:59:24.958+0000] {processor.py:830} INFO - Processing file /opt/airflow/dags/flight-pipeline.py for tasks to queue
[2026-08-19T23:59:24.964+0000] {logging_mixin.py:188} INFO - [2026-08-19T23:59:24.963+0000] {dagbag.py:545} INFO - Filling up the DagBag from /opt/airflow/dags/flight-pipeline.py
[2026-08-19T23:59:25.865+0000] {processor.py:840} INFO - DAG(s) 'flights_ops_medallioin_pipe' retrieved from /opt/airflow/dags/flight-pipeline.py
[2026-08-19T23:59:25.917+0000] {logging_mixin.py:188} INFO - [2026-08-19T23:59:25.915+0000] {dag.py:3089} INFO - Sync 1 DAGs
[2026-08-19T23:59:25.956+0000] {logging_mixin.py:188} INFO - [2026-08-19T23:59:25.955+0000] {dag.py:3947} INFO - Setting next_dagrun for flights_ops_medallioin_pipe to 2026-08-19 23:30:00+00:00, run_after=2026-08-20 00:00:00+00:00
[2026-08-19T23:59:25.992+0000] {processor.py:183} INFO - Processing /opt/airflow/dags/flight-pipeline.py took 1.050 seconds
[2026-08-19T23:59:56.247+0000] {processor.py:161} INFO - Started process (PID=874) to work on /opt/airflow/dags/flight-pipeline.py
[2026-08-19T23:59:56.250+0000] {processor.py:830} INFO - Processing file /opt/airflow/dags/flight-pipeline.py for tasks to queue
[2026-08-19T23:59:56.256+0000] {logging_mixin.py:188} INFO - [2026-08-19T23:59:56.255+0000] {dagbag.py:545} INFO - Filling up the DagBag from /opt/airflow/dags/flight-pipeline.py
[2026-08-19T23:59:57.274+0000] {processor.py:840} INFO - DAG(s) 'flights_ops_medallioin_pipe' retrieved from /opt/airflow/dags/flight-pipeline.py
[2026-08-19T23:59:57.345+0000] {logging_mixin.py:188} INFO - [2026-08-19T23:59:57.344+0000] {dag.py:3089} INFO - Sync 1 DAGs
[2026-08-19T23:59:57.386+0000] {logging_mixin.py:188} INFO - [2026-08-19T23:59:57.385+0000] {dag.py:3947} INFO - Setting next_dagrun for flights_ops_medallioin_pipe to 2026-08-19 23:30:00+00:00, run_after=2026-08-20 00:00:00+00:00
[2026-08-19T23:59:57.425+0000] {processor.py:183} INFO - Processing /opt/airflow/dags/flight-pipeline.py took 1.191 seconds
