[2026-08-19T19:34:22.011+0000] {manager.py:470} INFO - Processing files using up to 2 processes at a time 
[2026-08-19T19:34:22.014+0000] {manager.py:471} INFO - Process each file at most once every 30 seconds
[2026-08-19T19:34:22.017+0000] {manager.py:472} INFO - Checking for new files in /opt/airflow/dags every 300 seconds
[2026-08-19T19:34:22.019+0000] {manager.py:737} INFO - Searching for files in /opt/airflow/dags
[2026-08-19T19:34:22.029+0000] {manager.py:740} INFO - There are 0 files in /opt/airflow/dags
[2026-08-19T19:37:47.584+0000] {manager.py:452} INFO - Exiting gracefully upon receiving signal 15
[2026-08-19T19:38:20.791+0000] {manager.py:470} INFO - Processing files using up to 2 processes at a time 
[2026-08-19T19:38:20.793+0000] {manager.py:471} INFO - Process each file at most once every 30 seconds
[2026-08-19T19:38:20.796+0000] {manager.py:472} INFO - Checking for new files in /opt/airflow/dags every 300 seconds
[2026-08-19T19:38:20.798+0000] {manager.py:737} INFO - Searching for files in /opt/airflow/dags
[2026-08-19T19:38:20.810+0000] {manager.py:740} INFO - There are 0 files in /opt/airflow/dags
[2026-08-19T19:40:01.179+0000] {manager.py:452} INFO - Exiting gracefully upon receiving signal 15
[2026-08-19T19:45:21.011+0000] {manager.py:470} INFO - Processing files using up to 2 processes at a time 
[2026-08-19T19:45:21.016+0000] {manager.py:471} INFO - Process each file at most once every 30 seconds
[2026-08-19T19:45:21.022+0000] {manager.py:472} INFO - Checking for new files in /opt/airflow/dags every 300 seconds
[2026-08-19T19:45:21.024+0000] {manager.py:737} INFO - Searching for files in /opt/airflow/dags
[2026-08-19T19:45:21.032+0000] {manager.py:740} INFO - There are 0 files in /opt/airflow/dags
[2026-08-19T19:46:00.362+0000] {manager.py:452} INFO - Exiting gracefully upon receiving signal 15
[2026-08-19T19:46:46.718+0000] {manager.py:470} INFO - Processing files using up to 2 processes at a time 
[2026-08-19T19:46:46.724+0000] {manager.py:471} INFO - Process each file at most once every 30 seconds
[2026-08-19T19:46:46.726+0000] {manager.py:472} INFO - Checking for new files in /opt/airflow/dags every 300 seconds
[2026-08-19T19:46:46.730+0000] {manager.py:737} INFO - Searching for files in /opt/airflow/dags
[2026-08-19T19:46:46.738+0000] {manager.py:740} INFO - There are 0 files in /opt/airflow/dags
[2026-08-19T19:47:01.614+0000] {manager.py:452} INFO - Exiting gracefully upon receiving signal 15
[2026-08-19T19:47:41.831+0000] {manager.py:470} INFO - Processing files using up to 2 processes at a time 
[2026-08-19T19:47:41.835+0000] {manager.py:471} INFO - Process each file at most once every 30 seconds
[2026-08-19T19:47:41.838+0000] {manager.py:472} INFO - Checking for new files in /opt/airflow/dags every 300 seconds
[2026-08-19T19:47:41.842+0000] {manager.py:737} INFO - Searching for files in /opt/airflow/dags
[2026-08-19T19:47:41.856+0000] {manager.py:740} INFO - There are 0 files in /opt/airflow/dags
[2026-08-19T19:48:28.465+0000] {manager.py:452} INFO - Exiting gracefully upon receiving signal 15
[2026-08-19T19:51:01.088+0000] {manager.py:470} INFO - Processing files using up to 2 processes at a time 
[2026-08-19T19:51:01.091+0000] {manager.py:471} INFO - Process each file at most once every 30 seconds
[2026-08-19T19:51:01.094+0000] {manager.py:472} INFO - Checking for new files in /opt/airflow/dags every 300 seconds
[2026-08-19T19:51:01.096+0000] {manager.py:737} INFO - Searching for files in /opt/airflow/dags
[2026-08-19T19:51:01.107+0000] {manager.py:740} INFO - There are 0 files in /opt/airflow/dags
[2026-08-19T19:53:08.354+0000] {manager.py:452} INFO - Exiting gracefully upon receiving signal 15
[2026-08-19T19:53:52.243+0000] {manager.py:470} INFO - Processing files using up to 2 processes at a time 
[2026-08-19T19:53:52.245+0000] {manager.py:471} INFO - Process each file at most once every 30 seconds
[2026-08-19T19:53:52.247+0000] {manager.py:472} INFO - Checking for new files in /opt/airflow/dags every 300 seconds
[2026-08-19T19:53:52.250+0000] {manager.py:737} INFO - Searching for files in /opt/airflow/dags
[2026-08-19T19:53:52.259+0000] {manager.py:740} INFO - There are 0 files in /opt/airflow/dags
[2026-08-19T19:54:12.573+0000] {manager.py:452} INFO - Exiting gracefully upon receiving signal 15
[2026-08-19T19:56:32.729+0000] {manager.py:470} INFO - Processing files using up to 2 processes at a time 
[2026-08-19T19:56:32.751+0000] {manager.py:471} INFO - Process each file at most once every 30 seconds
[2026-08-19T19:56:32.764+0000] {manager.py:472} INFO - Checking for new files in /opt/airflow/dags every 300 seconds
[2026-08-19T19:56:32.771+0000] {manager.py:737} INFO - Searching for files in /opt/airflow/dags
[2026-08-19T19:56:32.787+0000] {manager.py:740} INFO - There are 0 files in /opt/airflow/dags
[2026-08-19T19:58:53.402+0000] {manager.py:452} INFO - Exiting gracefully upon receiving signal 15
[2026-08-19T19:59:35.571+0000] {manager.py:470} INFO - Processing files using up to 2 processes at a time 
[2026-08-19T19:59:35.574+0000] {manager.py:471} INFO - Process each file at most once every 30 seconds
[2026-08-19T19:59:35.578+0000] {manager.py:472} INFO - Checking for new files in /opt/airflow/dags every 300 seconds
[2026-08-19T19:59:35.584+0000] {manager.py:737} INFO - Searching for files in /opt/airflow/dags
[2026-08-19T19:59:35.596+0000] {manager.py:740} INFO - There are 0 files in /opt/airflow/dags
[2026-08-19T20:01:02.629+0000] {manager.py:470} INFO - Processing files using up to 2 processes at a time 
[2026-08-19T20:01:02.632+0000] {manager.py:471} INFO - Process each file at most once every 30 seconds
[2026-08-19T20:01:02.634+0000] {manager.py:472} INFO - Checking for new files in /opt/airflow/dags every 300 seconds
[2026-08-19T20:01:02.637+0000] {manager.py:737} INFO - Searching for files in /opt/airflow/dags
[2026-08-19T20:01:02.646+0000] {manager.py:740} INFO - There are 0 files in /opt/airflow/dags
[2026-08-19T20:06:03.466+0000] {manager.py:737} INFO - Searching for files in /opt/airflow/dags
[2026-08-19T20:06:03.476+0000] {manager.py:740} INFO - There are 0 files in /opt/airflow/dags
[2026-08-19T20:10:29.566+0000] {manager.py:470} INFO - Processing files using up to 2 processes at a time 
[2026-08-19T20:10:29.569+0000] {manager.py:471} INFO - Process each file at most once every 30 seconds
[2026-08-19T20:10:29.571+0000] {manager.py:472} INFO - Checking for new files in /opt/airflow/dags every 300 seconds
[2026-08-19T20:10:29.573+0000] {manager.py:737} INFO - Searching for files in /opt/airflow/dags
[2026-08-19T20:10:29.580+0000] {manager.py:740} INFO - There are 0 files in /opt/airflow/dags
[2026-08-19T20:15:30.414+0000] {manager.py:737} INFO - Searching for files in /opt/airflow/dags
[2026-08-19T20:15:30.424+0000] {manager.py:740} INFO - There are 0 files in /opt/airflow/dags
[2026-08-19T20:20:30.566+0000] {manager.py:737} INFO - Searching for files in /opt/airflow/dags
[2026-08-19T20:20:30.578+0000] {manager.py:740} INFO - There are 0 files in /opt/airflow/dags
[2026-08-19T20:25:30.709+0000] {manager.py:737} INFO - Searching for files in /opt/airflow/dags
[2026-08-19T20:25:30.720+0000] {manager.py:740} INFO - There are 0 files in /opt/airflow/dags
[2026-08-19T20:30:30.849+0000] {manager.py:737} INFO - Searching for files in /opt/airflow/dags
[2026-08-19T20:30:30.861+0000] {manager.py:740} INFO - There are 0 files in /opt/airflow/dags
[2026-08-19T20:35:30.974+0000] {manager.py:737} INFO - Searching for files in /opt/airflow/dags
[2026-08-19T20:35:30.984+0000] {manager.py:740} INFO - There are 0 files in /opt/airflow/dags
[2026-08-19T20:40:31.118+0000] {manager.py:737} INFO - Searching for files in /opt/airflow/dags
[2026-08-19T20:40:31.130+0000] {manager.py:740} INFO - There are 0 files in /opt/airflow/dags
[2026-08-19T20:45:31.288+0000] {manager.py:737} INFO - Searching for files in /opt/airflow/dags
[2026-08-19T20:45:31.299+0000] {manager.py:740} INFO - There are 0 files in /opt/airflow/dags
[2026-08-19T20:50:31.448+0000] {manager.py:737} INFO - Searching for files in /opt/airflow/dags
[2026-08-19T20:50:31.459+0000] {manager.py:740} INFO - There are 0 files in /opt/airflow/dags
[2026-08-19T20:55:31.585+0000] {manager.py:737} INFO - Searching for files in /opt/airflow/dags
[2026-08-19T20:55:31.612+0000] {manager.py:740} INFO - There are 0 files in /opt/airflow/dags
[2026-08-19T21:00:31.711+0000] {manager.py:737} INFO - Searching for files in /opt/airflow/dags
[2026-08-19T21:00:31.731+0000] {manager.py:740} INFO - There are 0 files in /opt/airflow/dags
[2026-08-19T21:05:31.859+0000] {manager.py:737} INFO - Searching for files in /opt/airflow/dags
[2026-08-19T21:05:31.885+0000] {manager.py:740} INFO - There are 0 files in /opt/airflow/dags
[2026-08-19T21:10:32.083+0000] {manager.py:737} INFO - Searching for files in /opt/airflow/dags
[2026-08-19T21:10:32.115+0000] {manager.py:740} INFO - There are 1 files in /opt/airflow/dags
[2026-08-19T21:10:55.578+0000] {manager.py:878} INFO - 
================================================================================
DAG File Processing Stats

File Path                             PID    Runtime      # DAGs    # Errors  Last Runtime    Last Run
------------------------------------  -----  ---------  --------  ----------  --------------  -------------------
/opt/airflow/dags/flight-pipeline.py                           1           0  1.36s           2026-08-19T21:10:33
================================================================================
[2026-08-19T21:11:26.180+0000] {manager.py:878} INFO - 
================================================================================
DAG File Processing Stats

File Path                             PID    Runtime      # DAGs    # Errors  Last Runtime    Last Run
------------------------------------  -----  ---------  --------  ----------  --------------  -------------------
/opt/airflow/dags/flight-pipeline.py                           1           0  0.37s           2026-08-19T21:11:04
================================================================================
[2026-08-19T21:11:56.543+0000] {manager.py:878} INFO - 
================================================================================
DAG File Processing Stats

File Path                             PID    Runtime      # DAGs    # Errors  Last Runtime    Last Run
------------------------------------  -----  ---------  --------  ----------  --------------  -------------------
/opt/airflow/dags/flight-pipeline.py                           1           0  0.40s           2026-08-19T21:11:34
================================================================================
[2026-08-19T21:12:26.681+0000] {manager.py:878} INFO - 
================================================================================
DAG File Processing Stats

File Path                             PID    Runtime      # DAGs    # Errors  Last Runtime    Last Run
------------------------------------  -----  ---------  --------  ----------  --------------  -------------------
/opt/airflow/dags/flight-pipeline.py                           1           0  0.50s           2026-08-19T21:12:05
================================================================================
[2026-08-19T21:12:57.464+0000] {manager.py:878} INFO - 
================================================================================
DAG File Processing Stats

File Path                             PID    Runtime      # DAGs    # Errors  Last Runtime    Last Run
------------------------------------  -----  ---------  --------  ----------  --------------  -------------------
/opt/airflow/dags/flight-pipeline.py                           1           0  0.49s           2026-08-19T21:12:36
================================================================================
[2026-08-19T21:13:27.798+0000] {manager.py:878} INFO - 
================================================================================
DAG File Processing Stats

File Path                             PID    Runtime      # DAGs    # Errors  Last Runtime    Last Run
------------------------------------  -----  ---------  --------  ----------  --------------  -------------------
/opt/airflow/dags/flight-pipeline.py                           1           0  0.39s           2026-08-19T21:13:06
================================================================================
[2026-08-19T21:13:58.450+0000] {manager.py:878} INFO - 
================================================================================
DAG File Processing Stats

File Path                             PID    Runtime      # DAGs    # Errors  Last Runtime    Last Run
------------------------------------  -----  ---------  --------  ----------  --------------  -------------------
/opt/airflow/dags/flight-pipeline.py                           1           0  0.35s           2026-08-19T21:13:37
================================================================================
[2026-08-19T21:14:29.100+0000] {manager.py:878} INFO - 
================================================================================
DAG File Processing Stats

File Path                             PID    Runtime      # DAGs    # Errors  Last Runtime    Last Run
------------------------------------  -----  ---------  --------  ----------  --------------  -------------------
/opt/airflow/dags/flight-pipeline.py                           1           0  0.31s           2026-08-19T21:14:08
================================================================================
[2026-08-19T21:14:59.126+0000] {manager.py:878} INFO - 
================================================================================
DAG File Processing Stats

File Path                             PID    Runtime      # DAGs    # Errors  Last Runtime    Last Run
------------------------------------  -----  ---------  --------  ----------  --------------  -------------------
/opt/airflow/dags/flight-pipeline.py                           1           0  0.37s           2026-08-19T21:14:38
================================================================================
[2026-08-19T21:15:29.424+0000] {manager.py:878} INFO - 
================================================================================
DAG File Processing Stats

File Path                             PID    Runtime      # DAGs    # Errors  Last Runtime    Last Run
------------------------------------  -----  ---------  --------  ----------  --------------  -------------------
/opt/airflow/dags/flight-pipeline.py                           1           0  0.33s           2026-08-19T21:15:09
================================================================================
[2026-08-19T21:15:32.453+0000] {manager.py:737} INFO - Searching for files in /opt/airflow/dags
[2026-08-19T21:15:32.516+0000] {manager.py:740} INFO - There are 1 files in /opt/airflow/dags
[2026-08-19T21:15:59.905+0000] {manager.py:878} INFO - 
================================================================================
DAG File Processing Stats

File Path                             PID    Runtime      # DAGs    # Errors  Last Runtime    Last Run
------------------------------------  -----  ---------  --------  ----------  --------------  -------------------
/opt/airflow/dags/flight-pipeline.py                           1           0  0.39s           2026-08-19T21:15:40
================================================================================
[2026-08-19T21:16:29.929+0000] {manager.py:878} INFO - 
================================================================================
DAG File Processing Stats

File Path                             PID    Runtime      # DAGs    # Errors  Last Runtime    Last Run
------------------------------------  -----  ---------  --------  ----------  --------------  -------------------
/opt/airflow/dags/flight-pipeline.py                           1           0  0.38s           2026-08-19T21:16:10
================================================================================
[2026-08-19T21:17:00.309+0000] {manager.py:878} INFO - 
================================================================================
DAG File Processing Stats

File Path                             PID    Runtime      # DAGs    # Errors  Last Runtime    Last Run
------------------------------------  -----  ---------  --------  ----------  --------------  -------------------
/opt/airflow/dags/flight-pipeline.py                           1           0  0.37s           2026-08-19T21:16:41
================================================================================
[2026-08-19T21:17:30.421+0000] {manager.py:878} INFO - 
================================================================================
DAG File Processing Stats

File Path                             PID    Runtime      # DAGs    # Errors  Last Runtime    Last Run
------------------------------------  -----  ---------  --------  ----------  --------------  -------------------
/opt/airflow/dags/flight-pipeline.py                           1           0  0.43s           2026-08-19T21:17:12
================================================================================
[2026-08-19T21:18:00.814+0000] {manager.py:878} INFO - 
================================================================================
DAG File Processing Stats

File Path                             PID    Runtime      # DAGs    # Errors  Last Runtime    Last Run
------------------------------------  -----  ---------  --------  ----------  --------------  -------------------
/opt/airflow/dags/flight-pipeline.py                           1           0  0.44s           2026-08-19T21:17:43
================================================================================
[2026-08-19T21:18:31.031+0000] {manager.py:878} INFO - 
================================================================================
DAG File Processing Stats

File Path                             PID    Runtime      # DAGs    # Errors  Last Runtime    Last Run
------------------------------------  -----  ---------  --------  ----------  --------------  -------------------
/opt/airflow/dags/flight-pipeline.py                           1           0  0.43s           2026-08-19T21:18:13
================================================================================
[2026-08-19T21:19:01.382+0000] {manager.py:878} INFO - 
================================================================================
DAG File Processing Stats

File Path                             PID    Runtime      # DAGs    # Errors  Last Runtime    Last Run
------------------------------------  -----  ---------  --------  ----------  --------------  -------------------
/opt/airflow/dags/flight-pipeline.py                           1           0  0.38s           2026-08-19T21:18:44
================================================================================
[2026-08-19T21:19:31.558+0000] {manager.py:878} INFO - 
================================================================================
DAG File Processing Stats

File Path                             PID    Runtime      # DAGs    # Errors  Last Runtime    Last Run
------------------------------------  -----  ---------  --------  ----------  --------------  -------------------
/opt/airflow/dags/flight-pipeline.py                           1           0  0.40s           2026-08-19T21:19:15
================================================================================
[2026-08-19T21:20:01.880+0000] {manager.py:878} INFO - 
================================================================================
DAG File Processing Stats

File Path                             PID    Runtime      # DAGs    # Errors  Last Runtime    Last Run
------------------------------------  -----  ---------  --------  ----------  --------------  -------------------
/opt/airflow/dags/flight-pipeline.py                           1           0  0.33s           2026-08-19T21:19:46
================================================================================
[2026-08-19T21:20:32.648+0000] {manager.py:737} INFO - Searching for files in /opt/airflow/dags
[2026-08-19T21:20:32.698+0000] {manager.py:740} INFO - There are 1 files in /opt/airflow/dags
[2026-08-19T21:20:32.724+0000] {manager.py:878} INFO - 
================================================================================
DAG File Processing Stats

File Path                             PID    Runtime      # DAGs    # Errors  Last Runtime    Last Run
------------------------------------  -----  ---------  --------  ----------  --------------  -------------------
/opt/airflow/dags/flight-pipeline.py                           1           0  0.34s           2026-08-19T21:20:16
================================================================================
[2026-08-19T21:21:03.232+0000] {manager.py:878} INFO - 
================================================================================
DAG File Processing Stats

File Path                             PID    Runtime      # DAGs    # Errors  Last Runtime    Last Run
------------------------------------  -----  ---------  --------  ----------  --------------  -------------------
/opt/airflow/dags/flight-pipeline.py                           1           0  0.47s           2026-08-19T21:20:47
================================================================================
[2026-08-19T21:21:33.809+0000] {manager.py:878} INFO - 
================================================================================
DAG File Processing Stats

File Path                             PID    Runtime      # DAGs    # Errors  Last Runtime    Last Run
------------------------------------  -----  ---------  --------  ----------  --------------  -------------------
/opt/airflow/dags/flight-pipeline.py                           1           0  0.36s           2026-08-19T21:21:17
================================================================================
[2026-08-19T21:22:04.246+0000] {manager.py:878} INFO - 
================================================================================
DAG File Processing Stats

File Path                             PID    Runtime      # DAGs    # Errors  Last Runtime    Last Run
------------------------------------  -----  ---------  --------  ----------  --------------  -------------------
/opt/airflow/dags/flight-pipeline.py                           1           0  0.58s           2026-08-19T21:21:48
================================================================================
[2026-08-19T21:22:34.455+0000] {manager.py:878} INFO - 
================================================================================
DAG File Processing Stats

File Path                             PID    Runtime      # DAGs    # Errors  Last Runtime    Last Run
------------------------------------  -----  ---------  --------  ----------  --------------  -------------------
/opt/airflow/dags/flight-pipeline.py                           1           0  0.40s           2026-08-19T21:22:19
================================================================================
[2026-08-19T21:23:04.792+0000] {manager.py:878} INFO - 
================================================================================
DAG File Processing Stats

File Path                             PID    Runtime      # DAGs    # Errors  Last Runtime    Last Run
------------------------------------  -----  ---------  --------  ----------  --------------  -------------------
/opt/airflow/dags/flight-pipeline.py                           1           0  0.41s           2026-08-19T21:22:50
================================================================================
[2026-08-19T21:23:34.892+0000] {manager.py:878} INFO - 
================================================================================
DAG File Processing Stats

File Path                             PID    Runtime      # DAGs    # Errors  Last Runtime    Last Run
------------------------------------  -----  ---------  --------  ----------  --------------  -------------------
/opt/airflow/dags/flight-pipeline.py                           1           0  0.38s           2026-08-19T21:23:20
================================================================================
[2026-08-19T21:24:05.240+0000] {manager.py:878} INFO - 
================================================================================
DAG File Processing Stats

File Path                             PID    Runtime      # DAGs    # Errors  Last Runtime    Last Run
------------------------------------  -----  ---------  --------  ----------  --------------  -------------------
/opt/airflow/dags/flight-pipeline.py                           1           0  0.43s           2026-08-19T21:23:51
================================================================================
[2026-08-19T21:24:35.535+0000] {manager.py:878} INFO - 
================================================================================
DAG File Processing Stats

File Path                             PID    Runtime      # DAGs    # Errors  Last Runtime    Last Run
------------------------------------  -----  ---------  --------  ----------  --------------  -------------------
/opt/airflow/dags/flight-pipeline.py                           1           0  0.58s           2026-08-19T21:24:22
================================================================================
[2026-08-19T21:25:06.298+0000] {manager.py:878} INFO - 
================================================================================
DAG File Processing Stats

File Path                             PID    Runtime      # DAGs    # Errors  Last Runtime    Last Run
------------------------------------  -----  ---------  --------  ----------  --------------  -------------------
/opt/airflow/dags/flight-pipeline.py                           1           0  0.49s           2026-08-19T21:24:53
================================================================================
[2026-08-19T21:25:32.876+0000] {manager.py:737} INFO - Searching for files in /opt/airflow/dags
[2026-08-19T21:25:32.922+0000] {manager.py:740} INFO - There are 1 files in /opt/airflow/dags
[2026-08-19T21:25:36.619+0000] {manager.py:878} INFO - 
================================================================================
DAG File Processing Stats

File Path                             PID    Runtime      # DAGs    # Errors  Last Runtime    Last Run
------------------------------------  -----  ---------  --------  ----------  --------------  -------------------
/opt/airflow/dags/flight-pipeline.py                           1           0  0.33s           2026-08-19T21:25:23
================================================================================
[2026-08-19T21:26:06.684+0000] {manager.py:878} INFO - 
================================================================================
DAG File Processing Stats

File Path                             PID    Runtime      # DAGs    # Errors  Last Runtime    Last Run
------------------------------------  -----  ---------  --------  ----------  --------------  -------------------
/opt/airflow/dags/flight-pipeline.py                           1           0  0.33s           2026-08-19T21:25:54
================================================================================
[2026-08-19T21:26:37.003+0000] {manager.py:878} INFO - 
================================================================================
DAG File Processing Stats

File Path                             PID    Runtime      # DAGs    # Errors  Last Runtime    Last Run
------------------------------------  -----  ---------  --------  ----------  --------------  -------------------
/opt/airflow/dags/flight-pipeline.py                           1           0  0.49s           2026-08-19T21:26:25
================================================================================
[2026-08-19T21:27:07.193+0000] {manager.py:878} INFO - 
================================================================================
DAG File Processing Stats

File Path                             PID    Runtime      # DAGs    # Errors  Last Runtime    Last Run
------------------------------------  -----  ---------  --------  ----------  --------------  -------------------
/opt/airflow/dags/flight-pipeline.py                           1           0  0.41s           2026-08-19T21:26:56
================================================================================
[2026-08-19T21:27:37.514+0000] {manager.py:878} INFO - 
================================================================================
DAG File Processing Stats

File Path                             PID    Runtime      # DAGs    # Errors  Last Runtime    Last Run
------------------------------------  -----  ---------  --------  ----------  --------------  -------------------
/opt/airflow/dags/flight-pipeline.py                           1           0  0.35s           2026-08-19T21:27:26
================================================================================
[2026-08-19T21:28:07.685+0000] {manager.py:878} INFO - 
================================================================================
DAG File Processing Stats

File Path                             PID    Runtime      # DAGs    # Errors  Last Runtime    Last Run
------------------------------------  -----  ---------  --------  ----------  --------------  -------------------
/opt/airflow/dags/flight-pipeline.py                           1           0  0.41s           2026-08-19T21:27:57
================================================================================
[2026-08-19T21:28:37.997+0000] {manager.py:878} INFO - 
================================================================================
DAG File Processing Stats

File Path                             PID    Runtime      # DAGs    # Errors  Last Runtime    Last Run
------------------------------------  -----  ---------  --------  ----------  --------------  -------------------
/opt/airflow/dags/flight-pipeline.py                           1           0  0.42s           2026-08-19T21:28:28
================================================================================
[2026-08-19T21:29:08.144+0000] {manager.py:878} INFO - 
================================================================================
DAG File Processing Stats

File Path                             PID    Runtime      # DAGs    # Errors  Last Runtime    Last Run
------------------------------------  -----  ---------  --------  ----------  --------------  -------------------
/opt/airflow/dags/flight-pipeline.py                           1           0  0.41s           2026-08-19T21:28:59
================================================================================
[2026-08-19T21:29:38.622+0000] {manager.py:878} INFO - 
================================================================================
DAG File Processing Stats

File Path                             PID    Runtime      # DAGs    # Errors  Last Runtime    Last Run
------------------------------------  -----  ---------  --------  ----------  --------------  -------------------
/opt/airflow/dags/flight-pipeline.py                           1           0  0.38s           2026-08-19T21:29:29
================================================================================
[2026-08-19T21:30:08.760+0000] {manager.py:878} INFO - 
================================================================================
DAG File Processing Stats

File Path                             PID    Runtime      # DAGs    # Errors  Last Runtime    Last Run
------------------------------------  -----  ---------  --------  ----------  --------------  -------------------
/opt/airflow/dags/flight-pipeline.py                           1           0  0.44s           2026-08-19T21:30:00
================================================================================
[2026-08-19T21:30:33.017+0000] {manager.py:737} INFO - Searching for files in /opt/airflow/dags
[2026-08-19T21:30:33.071+0000] {manager.py:740} INFO - There are 1 files in /opt/airflow/dags
[2026-08-19T21:30:39.168+0000] {manager.py:878} INFO - 
================================================================================
DAG File Processing Stats

File Path                             PID    Runtime      # DAGs    # Errors  Last Runtime    Last Run
------------------------------------  -----  ---------  --------  ----------  --------------  -------------------
/opt/airflow/dags/flight-pipeline.py                           1           0  0.49s           2026-08-19T21:30:31
================================================================================
[2026-08-19T21:31:09.534+0000] {manager.py:878} INFO - 
================================================================================
DAG File Processing Stats

File Path                             PID    Runtime      # DAGs    # Errors  Last Runtime    Last Run
------------------------------------  -----  ---------  --------  ----------  --------------  -------------------
/opt/airflow/dags/flight-pipeline.py                           1           0  0.57s           2026-08-19T21:31:02
================================================================================
[2026-08-19T21:31:40.157+0000] {manager.py:878} INFO - 
================================================================================
DAG File Processing Stats

File Path                             PID    Runtime      # DAGs    # Errors  Last Runtime    Last Run
------------------------------------  -----  ---------  --------  ----------  --------------  -------------------
/opt/airflow/dags/flight-pipeline.py                           1           0  0.39s           2026-08-19T21:31:33
================================================================================
[2026-08-19T21:32:10.548+0000] {manager.py:878} INFO - 
================================================================================
DAG File Processing Stats

File Path                             PID    Runtime      # DAGs    # Errors  Last Runtime    Last Run
------------------------------------  -----  ---------  --------  ----------  --------------  -------------------
/opt/airflow/dags/flight-pipeline.py                           1           0  0.36s           2026-08-19T21:32:03
================================================================================
[2026-08-19T21:32:41.086+0000] {manager.py:878} INFO - 
================================================================================
DAG File Processing Stats

File Path                             PID    Runtime      # DAGs    # Errors  Last Runtime    Last Run
------------------------------------  -----  ---------  --------  ----------  --------------  -------------------
/opt/airflow/dags/flight-pipeline.py                           1           0  0.32s           2026-08-19T21:32:34
================================================================================
[2026-08-19T21:33:11.452+0000] {manager.py:878} INFO - 
================================================================================
DAG File Processing Stats

File Path                             PID    Runtime      # DAGs    # Errors  Last Runtime    Last Run
------------------------------------  -----  ---------  --------  ----------  --------------  -------------------
/opt/airflow/dags/flight-pipeline.py                           1           0  0.39s           2026-08-19T21:33:04
================================================================================
[2026-08-19T21:33:41.480+0000] {manager.py:878} INFO - 
================================================================================
DAG File Processing Stats

File Path                             PID    Runtime      # DAGs    # Errors  Last Runtime    Last Run
------------------------------------  -----  ---------  --------  ----------  --------------  -------------------
/opt/airflow/dags/flight-pipeline.py                           1           0  0.35s           2026-08-19T21:33:35
================================================================================
[2026-08-19T21:34:11.794+0000] {manager.py:878} INFO - 
================================================================================
DAG File Processing Stats

File Path                             PID    Runtime      # DAGs    # Errors  Last Runtime    Last Run
------------------------------------  -----  ---------  --------  ----------  --------------  -------------------
/opt/airflow/dags/flight-pipeline.py                           1           0  0.36s           2026-08-19T21:34:06
================================================================================
[2026-08-19T21:34:41.852+0000] {manager.py:878} INFO - 
================================================================================
DAG File Processing Stats

File Path                             PID    Runtime      # DAGs    # Errors  Last Runtime    Last Run
------------------------------------  -----  ---------  --------  ----------  --------------  -------------------
/opt/airflow/dags/flight-pipeline.py                           1           0  0.41s           2026-08-19T21:34:36
================================================================================
[2026-08-19T21:35:12.165+0000] {manager.py:878} INFO - 
================================================================================
DAG File Processing Stats

File Path                             PID    Runtime      # DAGs    # Errors  Last Runtime    Last Run
------------------------------------  -----  ---------  --------  ----------  --------------  -------------------
/opt/airflow/dags/flight-pipeline.py                           1           0  0.37s           2026-08-19T21:35:07
================================================================================
[2026-08-19T21:35:33.359+0000] {manager.py:737} INFO - Searching for files in /opt/airflow/dags
[2026-08-19T21:35:33.416+0000] {manager.py:740} INFO - There are 1 files in /opt/airflow/dags
[2026-08-19T21:35:42.824+0000] {manager.py:878} INFO - 
================================================================================
DAG File Processing Stats

File Path                             PID    Runtime      # DAGs    # Errors  Last Runtime    Last Run
------------------------------------  -----  ---------  --------  ----------  --------------  -------------------
/opt/airflow/dags/flight-pipeline.py                           1           0  0.40s           2026-08-19T21:35:37
================================================================================
[2026-08-19T21:36:13.282+0000] {manager.py:878} INFO - 
================================================================================
DAG File Processing Stats

File Path                             PID    Runtime      # DAGs    # Errors  Last Runtime    Last Run
------------------------------------  -----  ---------  --------  ----------  --------------  -------------------
/opt/airflow/dags/flight-pipeline.py                           1           0  0.54s           2026-08-19T21:36:08
================================================================================
[2026-08-19T21:36:43.353+0000] {manager.py:878} INFO - 
================================================================================
DAG File Processing Stats

File Path                             PID    Runtime      # DAGs    # Errors  Last Runtime    Last Run
------------------------------------  -----  ---------  --------  ----------  --------------  -------------------
/opt/airflow/dags/flight-pipeline.py                           1           0  0.37s           2026-08-19T21:36:39
================================================================================
[2026-08-19T21:37:13.665+0000] {manager.py:878} INFO - 
================================================================================
DAG File Processing Stats

File Path                             PID    Runtime      # DAGs    # Errors  Last Runtime    Last Run
------------------------------------  -----  ---------  --------  ----------  --------------  -------------------
/opt/airflow/dags/flight-pipeline.py                           1           0  0.31s           2026-08-19T21:37:09
================================================================================
[2026-08-19T21:37:43.730+0000] {manager.py:878} INFO - 
================================================================================
DAG File Processing Stats

File Path                             PID    Runtime      # DAGs    # Errors  Last Runtime    Last Run
------------------------------------  -----  ---------  --------  ----------  --------------  -------------------
/opt/airflow/dags/flight-pipeline.py                           1           0  0.48s           2026-08-19T21:37:40
================================================================================
[2026-08-19T21:38:14.548+0000] {manager.py:878} INFO - 
================================================================================
DAG File Processing Stats

File Path                             PID    Runtime      # DAGs    # Errors  Last Runtime    Last Run
------------------------------------  -----  ---------  --------  ----------  --------------  -------------------
/opt/airflow/dags/flight-pipeline.py                           1           0  0.41s           2026-08-19T21:38:11
================================================================================
[2026-08-19T21:38:44.918+0000] {manager.py:878} INFO - 
================================================================================
DAG File Processing Stats

File Path                             PID    Runtime      # DAGs    # Errors  Last Runtime    Last Run
------------------------------------  -----  ---------  --------  ----------  --------------  -------------------
/opt/airflow/dags/flight-pipeline.py                           1           0  0.36s           2026-08-19T21:38:42
================================================================================
[2026-08-19T21:39:15.597+0000] {manager.py:878} INFO - 
================================================================================
DAG File Processing Stats

File Path                             PID    Runtime      # DAGs    # Errors  Last Runtime    Last Run
------------------------------------  -----  ---------  --------  ----------  --------------  -------------------
/opt/airflow/dags/flight-pipeline.py                           1           0  0.37s           2026-08-19T21:39:12
================================================================================
[2026-08-19T21:39:45.999+0000] {manager.py:878} INFO - 
================================================================================
DAG File Processing Stats

File Path                             PID    Runtime      # DAGs    # Errors  Last Runtime    Last Run
------------------------------------  -----  ---------  --------  ----------  --------------  -------------------
/opt/airflow/dags/flight-pipeline.py                           1           0  0.41s           2026-08-19T21:39:43
================================================================================
[2026-08-19T21:40:16.129+0000] {manager.py:878} INFO - 
================================================================================
DAG File Processing Stats

File Path                             PID    Runtime      # DAGs    # Errors  Last Runtime    Last Run
------------------------------------  -----  ---------  --------  ----------  --------------  -------------------
/opt/airflow/dags/flight-pipeline.py                           1           0  0.39s           2026-08-19T21:40:14
================================================================================
[2026-08-19T21:40:33.965+0000] {manager.py:737} INFO - Searching for files in /opt/airflow/dags
[2026-08-19T21:40:34.026+0000] {manager.py:740} INFO - There are 1 files in /opt/airflow/dags
[2026-08-19T21:40:46.430+0000] {manager.py:878} INFO - 
================================================================================
DAG File Processing Stats

File Path                             PID    Runtime      # DAGs    # Errors  Last Runtime    Last Run
------------------------------------  -----  ---------  --------  ----------  --------------  -------------------
/opt/airflow/dags/flight-pipeline.py                           1           0  0.39s           2026-08-19T21:40:44
================================================================================
[2026-08-19T21:41:16.876+0000] {manager.py:878} INFO - 
================================================================================
DAG File Processing Stats

File Path                             PID    Runtime      # DAGs    # Errors  Last Runtime    Last Run
------------------------------------  -----  ---------  --------  ----------  --------------  -------------------
/opt/airflow/dags/flight-pipeline.py                           1           0  0.33s           2026-08-19T21:41:15
================================================================================
[2026-08-19T21:41:47.364+0000] {manager.py:878} INFO - 
================================================================================
DAG File Processing Stats

File Path                             PID    Runtime      # DAGs    # Errors  Last Runtime    Last Run
------------------------------------  -----  ---------  --------  ----------  --------------  -------------------
/opt/airflow/dags/flight-pipeline.py                           1           0  0.32s           2026-08-19T21:41:45
================================================================================
[2026-08-19T21:42:17.827+0000] {manager.py:878} INFO - 
================================================================================
DAG File Processing Stats

File Path                             PID    Runtime      # DAGs    # Errors  Last Runtime    Last Run
------------------------------------  -----  ---------  --------  ----------  --------------  -------------------
/opt/airflow/dags/flight-pipeline.py                           1           0  0.35s           2026-08-19T21:42:16
================================================================================
[2026-08-19T21:42:48.320+0000] {manager.py:878} INFO - 
================================================================================
DAG File Processing Stats

File Path                             PID    Runtime      # DAGs    # Errors  Last Runtime    Last Run
------------------------------------  -----  ---------  --------  ----------  --------------  -------------------
/opt/airflow/dags/flight-pipeline.py                           1           0  0.36s           2026-08-19T21:42:46
================================================================================
[2026-08-19T21:43:18.814+0000] {manager.py:878} INFO - 
================================================================================
DAG File Processing Stats

File Path                             PID    Runtime      # DAGs    # Errors  Last Runtime    Last Run
------------------------------------  -----  ---------  --------  ----------  --------------  -------------------
/opt/airflow/dags/flight-pipeline.py                           1           0  0.45s           2026-08-19T21:43:17
================================================================================
[2026-08-19T21:43:49.358+0000] {manager.py:878} INFO - 
================================================================================
DAG File Processing Stats

File Path                             PID    Runtime      # DAGs    # Errors  Last Runtime    Last Run
------------------------------------  -----  ---------  --------  ----------  --------------  -------------------
/opt/airflow/dags/flight-pipeline.py                           1           0  0.45s           2026-08-19T21:43:47
================================================================================
[2026-08-19T21:44:19.852+0000] {manager.py:878} INFO - 
================================================================================
DAG File Processing Stats

File Path                             PID    Runtime      # DAGs    # Errors  Last Runtime    Last Run
------------------------------------  -----  ---------  --------  ----------  --------------  -------------------
/opt/airflow/dags/flight-pipeline.py                           1           0  0.36s           2026-08-19T21:44:18
================================================================================
[2026-08-19T21:44:50.350+0000] {manager.py:878} INFO - 
================================================================================
DAG File Processing Stats

File Path                             PID    Runtime      # DAGs    # Errors  Last Runtime    Last Run
------------------------------------  -----  ---------  --------  ----------  --------------  -------------------
/opt/airflow/dags/flight-pipeline.py                           1           0  0.35s           2026-08-19T21:44:48
================================================================================
[2026-08-19T21:45:20.823+0000] {manager.py:878} INFO - 
================================================================================
DAG File Processing Stats

File Path                             PID    Runtime      # DAGs    # Errors  Last Runtime    Last Run
------------------------------------  -----  ---------  --------  ----------  --------------  -------------------
/opt/airflow/dags/flight-pipeline.py                           1           0  0.43s           2026-08-19T21:45:19
================================================================================
[2026-08-19T21:45:34.204+0000] {manager.py:737} INFO - Searching for files in /opt/airflow/dags
[2026-08-19T21:45:34.300+0000] {manager.py:740} INFO - There are 1 files in /opt/airflow/dags
[2026-08-19T21:45:51.501+0000] {manager.py:878} INFO - 
================================================================================
DAG File Processing Stats

File Path                             PID    Runtime      # DAGs    # Errors  Last Runtime    Last Run
------------------------------------  -----  ---------  --------  ----------  --------------  -------------------
/opt/airflow/dags/flight-pipeline.py                           1           0  0.53s           2026-08-19T21:45:49
================================================================================
[2026-08-19T21:46:21.825+0000] {manager.py:878} INFO - 
================================================================================
DAG File Processing Stats

File Path                             PID    Runtime      # DAGs    # Errors  Last Runtime    Last Run
------------------------------------  -----  ---------  --------  ----------  --------------  -------------------
/opt/airflow/dags/flight-pipeline.py                           1           0  5.21s           2026-08-19T21:46:00
================================================================================
[2026-08-19T21:46:52.243+0000] {manager.py:878} INFO - 
================================================================================
DAG File Processing Stats

File Path                             PID    Runtime      # DAGs    # Errors  Last Runtime    Last Run
------------------------------------  -----  ---------  --------  ----------  --------------  -------------------
/opt/airflow/dags/flight-pipeline.py                           1           0  1.66s           2026-08-19T21:46:32
================================================================================
[2026-08-19T21:47:22.526+0000] {manager.py:878} INFO - 
================================================================================
DAG File Processing Stats

File Path                             PID    Runtime      # DAGs    # Errors  Last Runtime    Last Run
------------------------------------  -----  ---------  --------  ----------  --------------  -------------------
/opt/airflow/dags/flight-pipeline.py                           1           0  1.47s           2026-08-19T21:47:04
================================================================================
[2026-08-19T21:47:52.829+0000] {manager.py:878} INFO - 
================================================================================
DAG File Processing Stats

File Path                             PID    Runtime      # DAGs    # Errors  Last Runtime    Last Run
------------------------------------  -----  ---------  --------  ----------  --------------  -------------------
/opt/airflow/dags/flight-pipeline.py                           1           0  1.22s           2026-08-19T21:47:35
================================================================================
[2026-08-19T21:48:23.137+0000] {manager.py:878} INFO - 
================================================================================
DAG File Processing Stats

File Path                             PID    Runtime      # DAGs    # Errors  Last Runtime    Last Run
------------------------------------  -----  ---------  --------  ----------  --------------  -------------------
/opt/airflow/dags/flight-pipeline.py                           1           0  1.10s           2026-08-19T21:48:07
================================================================================
[2026-08-19T21:48:53.548+0000] {manager.py:878} INFO - 
================================================================================
DAG File Processing Stats

File Path                             PID    Runtime      # DAGs    # Errors  Last Runtime    Last Run
------------------------------------  -----  ---------  --------  ----------  --------------  -------------------
/opt/airflow/dags/flight-pipeline.py                           1           0  1.21s           2026-08-19T21:48:38
================================================================================
[2026-08-19T21:49:23.914+0000] {manager.py:878} INFO - 
================================================================================
DAG File Processing Stats

File Path                             PID    Runtime      # DAGs    # Errors  Last Runtime    Last Run
------------------------------------  -----  ---------  --------  ----------  --------------  -------------------
/opt/airflow/dags/flight-pipeline.py                           1           0  1.37s           2026-08-19T21:49:10
================================================================================
[2026-08-19T21:49:54.188+0000] {manager.py:878} INFO - 
================================================================================
DAG File Processing Stats

File Path                             PID    Runtime      # DAGs    # Errors  Last Runtime    Last Run
------------------------------------  -----  ---------  --------  ----------  --------------  -------------------
/opt/airflow/dags/flight-pipeline.py                           1           0  1.69s           2026-08-19T21:49:42
================================================================================
[2026-08-19T21:50:24.802+0000] {manager.py:878} INFO - 
================================================================================
DAG File Processing Stats

File Path                             PID    Runtime      # DAGs    # Errors  Last Runtime    Last Run
------------------------------------  -----  ---------  --------  ----------  --------------  -------------------
/opt/airflow/dags/flight-pipeline.py                           1           0  1.40s           2026-08-19T21:50:13
================================================================================
[2026-08-19T21:50:34.896+0000] {manager.py:737} INFO - Searching for files in /opt/airflow/dags
[2026-08-19T21:50:34.954+0000] {manager.py:740} INFO - There are 1 files in /opt/airflow/dags
[2026-08-19T21:50:55.233+0000] {manager.py:878} INFO - 
================================================================================
DAG File Processing Stats

File Path                             PID    Runtime      # DAGs    # Errors  Last Runtime    Last Run
------------------------------------  -----  ---------  --------  ----------  --------------  -------------------
/opt/airflow/dags/flight-pipeline.py                           1           0  1.13s           2026-08-19T21:50:45
================================================================================
[2026-08-19T21:51:25.583+0000] {manager.py:878} INFO - 
================================================================================
DAG File Processing Stats

File Path                             PID    Runtime      # DAGs    # Errors  Last Runtime    Last Run
------------------------------------  -----  ---------  --------  ----------  --------------  -------------------
/opt/airflow/dags/flight-pipeline.py                           1           0  1.21s           2026-08-19T21:51:16
================================================================================
[2026-08-19T21:51:56.006+0000] {manager.py:878} INFO - 
================================================================================
DAG File Processing Stats

File Path                             PID    Runtime      # DAGs    # Errors  Last Runtime    Last Run
------------------------------------  -----  ---------  --------  ----------  --------------  -------------------
/opt/airflow/dags/flight-pipeline.py                           1           0  1.45s           2026-08-19T21:51:48
================================================================================
[2026-08-19T21:52:26.300+0000] {manager.py:878} INFO - 
================================================================================
DAG File Processing Stats

File Path                             PID    Runtime      # DAGs    # Errors  Last Runtime    Last Run
------------------------------------  -----  ---------  --------  ----------  --------------  -------------------
/opt/airflow/dags/flight-pipeline.py                           1           0  1.85s           2026-08-19T21:52:20
================================================================================
[2026-08-19T21:52:56.795+0000] {manager.py:878} INFO - 
================================================================================
DAG File Processing Stats

File Path                             PID    Runtime      # DAGs    # Errors  Last Runtime    Last Run
------------------------------------  -----  ---------  --------  ----------  --------------  -------------------
/opt/airflow/dags/flight-pipeline.py                           1           0  1.52s           2026-08-19T21:52:52
================================================================================
[2026-08-19T21:53:27.445+0000] {manager.py:878} INFO - 
================================================================================
DAG File Processing Stats

File Path                             PID    Runtime      # DAGs    # Errors  Last Runtime    Last Run
------------------------------------  -----  ---------  --------  ----------  --------------  -------------------
/opt/airflow/dags/flight-pipeline.py                           1           0  1.26s           2026-08-19T21:53:23
================================================================================
[2026-08-19T21:53:57.746+0000] {manager.py:878} INFO - 
================================================================================
DAG File Processing Stats

File Path                             PID    Runtime      # DAGs    # Errors  Last Runtime    Last Run
------------------------------------  -----  ---------  --------  ----------  --------------  -------------------
/opt/airflow/dags/flight-pipeline.py                           1           0  1.11s           2026-08-19T21:53:54
================================================================================
[2026-08-19T21:54:28.112+0000] {manager.py:878} INFO - 
================================================================================
DAG File Processing Stats

File Path                             PID    Runtime      # DAGs    # Errors  Last Runtime    Last Run
------------------------------------  -----  ---------  --------  ----------  --------------  -------------------
/opt/airflow/dags/flight-pipeline.py                           1           0  1.14s           2026-08-19T21:54:26
================================================================================
[2026-08-19T21:54:58.462+0000] {manager.py:878} INFO - 
================================================================================
DAG File Processing Stats

File Path                             PID    Runtime      # DAGs    # Errors  Last Runtime    Last Run
------------------------------------  -----  ---------  --------  ----------  --------------  -------------------
/opt/airflow/dags/flight-pipeline.py                           1           0  1.23s           2026-08-19T21:54:57
================================================================================
[2026-08-19T21:55:28.780+0000] {manager.py:878} INFO - 
================================================================================
DAG File Processing Stats

File Path                               PID  Runtime      # DAGs    # Errors  Last Runtime    Last Run
------------------------------------  -----  ---------  --------  ----------  --------------  -------------------
/opt/airflow/dags/flight-pipeline.py    238  1.02s             1           0  1.23s           2026-08-19T21:54:57
================================================================================
[2026-08-19T21:55:34.984+0000] {manager.py:737} INFO - Searching for files in /opt/airflow/dags
[2026-08-19T21:55:35.043+0000] {manager.py:740} INFO - There are 1 files in /opt/airflow/dags
[2026-08-19T21:55:59.339+0000] {manager.py:878} INFO - 
================================================================================
DAG File Processing Stats

File Path                               PID  Runtime      # DAGs    # Errors  Last Runtime    Last Run
------------------------------------  -----  ---------  --------  ----------  --------------  -------------------
/opt/airflow/dags/flight-pipeline.py    240  0.01s             1           0  1.27s           2026-08-19T21:55:29
================================================================================
[2026-08-19T21:56:29.661+0000] {manager.py:878} INFO - 
================================================================================
DAG File Processing Stats

File Path                             PID    Runtime      # DAGs    # Errors  Last Runtime    Last Run
------------------------------------  -----  ---------  --------  ----------  --------------  -------------------
/opt/airflow/dags/flight-pipeline.py                           1           0  1.25s           2026-08-19T21:56:00
================================================================================
[2026-08-19T21:57:00.151+0000] {manager.py:878} INFO - 
================================================================================
DAG File Processing Stats

File Path                             PID    Runtime      # DAGs    # Errors  Last Runtime    Last Run
------------------------------------  -----  ---------  --------  ----------  --------------  -------------------
/opt/airflow/dags/flight-pipeline.py                           1           0  1.25s           2026-08-19T21:56:31
================================================================================
[2026-08-19T21:57:30.381+0000] {manager.py:878} INFO - 
================================================================================
DAG File Processing Stats

File Path                             PID    Runtime      # DAGs    # Errors  Last Runtime    Last Run
------------------------------------  -----  ---------  --------  ----------  --------------  -------------------
/opt/airflow/dags/flight-pipeline.py                           1           0  0.87s           2026-08-19T21:57:03
================================================================================
[2026-08-19T21:58:00.760+0000] {manager.py:878} INFO - 
================================================================================
DAG File Processing Stats

File Path                             PID    Runtime      # DAGs    # Errors  Last Runtime    Last Run
------------------------------------  -----  ---------  --------  ----------  --------------  -------------------
/opt/airflow/dags/flight-pipeline.py                           1           0  1.33s           2026-08-19T21:57:34
================================================================================
[2026-08-19T21:58:31.112+0000] {manager.py:878} INFO - 
================================================================================
DAG File Processing Stats

File Path                             PID    Runtime      # DAGs    # Errors  Last Runtime    Last Run
------------------------------------  -----  ---------  --------  ----------  --------------  -------------------
/opt/airflow/dags/flight-pipeline.py                           1           0  1.19s           2026-08-19T21:58:06
================================================================================
[2026-08-19T21:59:01.525+0000] {manager.py:878} INFO - 
================================================================================
DAG File Processing Stats

File Path                             PID    Runtime      # DAGs    # Errors  Last Runtime    Last Run
------------------------------------  -----  ---------  --------  ----------  --------------  -------------------
/opt/airflow/dags/flight-pipeline.py                           1           0  1.27s           2026-08-19T21:58:37
================================================================================
[2026-08-19T21:59:31.986+0000] {manager.py:878} INFO - 
================================================================================
DAG File Processing Stats

File Path                             PID    Runtime      # DAGs    # Errors  Last Runtime    Last Run
------------------------------------  -----  ---------  --------  ----------  --------------  -------------------
/opt/airflow/dags/flight-pipeline.py                           1           0  1.16s           2026-08-19T21:59:08
================================================================================
[2026-08-19T22:00:02.332+0000] {manager.py:878} INFO - 
================================================================================
DAG File Processing Stats

File Path                             PID    Runtime      # DAGs    # Errors  Last Runtime    Last Run
------------------------------------  -----  ---------  --------  ----------  --------------  -------------------
/opt/airflow/dags/flight-pipeline.py                           1           0  1.24s           2026-08-19T21:59:40
================================================================================
[2026-08-19T22:00:32.792+0000] {manager.py:878} INFO - 
================================================================================
DAG File Processing Stats

File Path                             PID    Runtime      # DAGs    # Errors  Last Runtime    Last Run
------------------------------------  -----  ---------  --------  ----------  --------------  -------------------
/opt/airflow/dags/flight-pipeline.py                           1           0  1.23s           2026-08-19T22:00:11
================================================================================
[2026-08-19T22:00:35.820+0000] {manager.py:737} INFO - Searching for files in /opt/airflow/dags
[2026-08-19T22:00:35.867+0000] {manager.py:740} INFO - There are 1 files in /opt/airflow/dags
[2026-08-19T22:01:03.227+0000] {manager.py:878} INFO - 
================================================================================
DAG File Processing Stats

File Path                             PID    Runtime      # DAGs    # Errors  Last Runtime    Last Run
------------------------------------  -----  ---------  --------  ----------  --------------  -------------------
/opt/airflow/dags/flight-pipeline.py                           1           0  1.39s           2026-08-19T22:00:43
================================================================================
[2026-08-19T22:01:33.512+0000] {manager.py:878} INFO - 
================================================================================
DAG File Processing Stats

File Path                             PID    Runtime      # DAGs    # Errors  Last Runtime    Last Run
------------------------------------  -----  ---------  --------  ----------  --------------  -------------------
/opt/airflow/dags/flight-pipeline.py                           1           0  1.69s           2026-08-19T22:01:15
================================================================================
[2026-08-19T22:02:03.835+0000] {manager.py:878} INFO - 
================================================================================
DAG File Processing Stats

File Path                             PID    Runtime      # DAGs    # Errors  Last Runtime    Last Run
------------------------------------  -----  ---------  --------  ----------  --------------  -------------------
/opt/airflow/dags/flight-pipeline.py                           1           0  1.14s           2026-08-19T22:01:46
================================================================================
[2026-08-19T22:02:34.248+0000] {manager.py:878} INFO - 
================================================================================
DAG File Processing Stats

File Path                             PID    Runtime      # DAGs    # Errors  Last Runtime    Last Run
------------------------------------  -----  ---------  --------  ----------  --------------  -------------------
/opt/airflow/dags/flight-pipeline.py                           1           0  1.21s           2026-08-19T22:02:18
================================================================================
[2026-08-19T22:03:04.612+0000] {manager.py:878} INFO - 
================================================================================
DAG File Processing Stats

File Path                             PID    Runtime      # DAGs    # Errors  Last Runtime    Last Run
------------------------------------  -----  ---------  --------  ----------  --------------  -------------------
/opt/airflow/dags/flight-pipeline.py                           1           0  1.28s           2026-08-19T22:02:49
================================================================================
[2026-08-19T22:03:35.119+0000] {manager.py:878} INFO - 
================================================================================
DAG File Processing Stats

File Path                             PID    Runtime      # DAGs    # Errors  Last Runtime    Last Run
------------------------------------  -----  ---------  --------  ----------  --------------  -------------------
/opt/airflow/dags/flight-pipeline.py                           1           0  1.27s           2026-08-19T22:03:21
================================================================================
[2026-08-19T22:04:05.474+0000] {manager.py:878} INFO - 
================================================================================
DAG File Processing Stats

File Path                             PID    Runtime      # DAGs    # Errors  Last Runtime    Last Run
------------------------------------  -----  ---------  --------  ----------  --------------  -------------------
/opt/airflow/dags/flight-pipeline.py                           1           0  1.36s           2026-08-19T22:03:52
================================================================================
[2026-08-19T22:04:36.102+0000] {manager.py:878} INFO - 
================================================================================
DAG File Processing Stats

File Path                             PID    Runtime      # DAGs    # Errors  Last Runtime    Last Run
------------------------------------  -----  ---------  --------  ----------  --------------  -------------------
/opt/airflow/dags/flight-pipeline.py                           1           0  1.38s           2026-08-19T22:04:24
================================================================================
[2026-08-19T22:05:06.762+0000] {manager.py:878} INFO - 
================================================================================
DAG File Processing Stats

File Path                             PID    Runtime      # DAGs    # Errors  Last Runtime    Last Run
------------------------------------  -----  ---------  --------  ----------  --------------  -------------------
/opt/airflow/dags/flight-pipeline.py                           1           0  1.30s           2026-08-19T22:04:55
================================================================================
[2026-08-19T22:05:36.060+0000] {manager.py:737} INFO - Searching for files in /opt/airflow/dags
[2026-08-19T22:05:36.114+0000] {manager.py:740} INFO - There are 1 files in /opt/airflow/dags
[2026-08-19T22:05:37.153+0000] {manager.py:878} INFO - 
================================================================================
DAG File Processing Stats

File Path                             PID    Runtime      # DAGs    # Errors  Last Runtime    Last Run
------------------------------------  -----  ---------  --------  ----------  --------------  -------------------
/opt/airflow/dags/flight-pipeline.py                           1           0  1.19s           2026-08-19T22:05:27
================================================================================
[2026-08-19T22:06:07.566+0000] {manager.py:878} INFO - 
================================================================================
DAG File Processing Stats

File Path                             PID    Runtime      # DAGs    # Errors  Last Runtime    Last Run
------------------------------------  -----  ---------  --------  ----------  --------------  -------------------
/opt/airflow/dags/flight-pipeline.py                           1           0  1.20s           2026-08-19T22:05:58
================================================================================
[2026-08-19T22:06:38.024+0000] {manager.py:878} INFO - 
================================================================================
DAG File Processing Stats

File Path                             PID    Runtime      # DAGs    # Errors  Last Runtime    Last Run
------------------------------------  -----  ---------  --------  ----------  --------------  -------------------
/opt/airflow/dags/flight-pipeline.py                           1           0  1.22s           2026-08-19T22:06:30
================================================================================
[2026-08-19T22:07:08.405+0000] {manager.py:878} INFO - 
================================================================================
DAG File Processing Stats

File Path                             PID    Runtime      # DAGs    # Errors  Last Runtime    Last Run
------------------------------------  -----  ---------  --------  ----------  --------------  -------------------
/opt/airflow/dags/flight-pipeline.py                           1           0  1.16s           2026-08-19T22:07:01
================================================================================
[2026-08-19T22:07:38.782+0000] {manager.py:878} INFO - 
================================================================================
DAG File Processing Stats

File Path                             PID    Runtime      # DAGs    # Errors  Last Runtime    Last Run
------------------------------------  -----  ---------  --------  ----------  --------------  -------------------
/opt/airflow/dags/flight-pipeline.py                           1           0  1.18s           2026-08-19T22:07:32
================================================================================
[2026-08-19T22:08:09.197+0000] {manager.py:878} INFO - 
================================================================================
DAG File Processing Stats

File Path                             PID    Runtime      # DAGs    # Errors  Last Runtime    Last Run
------------------------------------  -----  ---------  --------  ----------  --------------  -------------------
/opt/airflow/dags/flight-pipeline.py                           1           0  1.19s           2026-08-19T22:08:04
================================================================================
[2026-08-19T22:08:39.562+0000] {manager.py:878} INFO - 
================================================================================
DAG File Processing Stats

File Path                             PID    Runtime      # DAGs    # Errors  Last Runtime    Last Run
------------------------------------  -----  ---------  --------  ----------  --------------  -------------------
/opt/airflow/dags/flight-pipeline.py                           1           0  1.18s           2026-08-19T22:08:35
================================================================================
[2026-08-19T22:09:10.450+0000] {manager.py:878} INFO - 
================================================================================
DAG File Processing Stats

File Path                             PID    Runtime      # DAGs    # Errors  Last Runtime    Last Run
------------------------------------  -----  ---------  --------  ----------  --------------  -------------------
/opt/airflow/dags/flight-pipeline.py                           1           0  1.19s           2026-08-19T22:09:07
================================================================================
[2026-08-19T22:15:47.682+0000] {manager.py:737} INFO - Searching for files in /opt/airflow/dags
[2026-08-19T22:15:47.737+0000] {manager.py:740} INFO - There are 1 files in /opt/airflow/dags
[2026-08-19T22:16:14.032+0000] {manager.py:878} INFO - 
================================================================================
DAG File Processing Stats

File Path                             PID    Runtime      # DAGs    # Errors  Last Runtime    Last Run
------------------------------------  -----  ---------  --------  ----------  --------------  -------------------
/opt/airflow/dags/flight-pipeline.py                           1           0  1.37s           2026-08-19T22:15:49
================================================================================
[2026-08-19T22:16:44.052+0000] {manager.py:878} INFO - 
================================================================================
DAG File Processing Stats

File Path                             PID    Runtime      # DAGs    # Errors  Last Runtime    Last Run
------------------------------------  -----  ---------  --------  ----------  --------------  -------------------
/opt/airflow/dags/flight-pipeline.py                           1           0  1.38s           2026-08-19T22:16:20
================================================================================
[2026-08-19T22:17:14.377+0000] {manager.py:878} INFO - 
================================================================================
DAG File Processing Stats

File Path                             PID    Runtime      # DAGs    # Errors  Last Runtime    Last Run
------------------------------------  -----  ---------  --------  ----------  --------------  -------------------
/opt/airflow/dags/flight-pipeline.py                           1           0  1.29s           2026-08-19T22:16:52
================================================================================
[2026-08-19T22:17:44.942+0000] {manager.py:878} INFO - 
================================================================================
DAG File Processing Stats

File Path                             PID    Runtime      # DAGs    # Errors  Last Runtime    Last Run
------------------------------------  -----  ---------  --------  ----------  --------------  -------------------
/opt/airflow/dags/flight-pipeline.py                           1           0  1.37s           2026-08-19T22:17:23
================================================================================
[2026-08-19T22:18:14.952+0000] {manager.py:878} INFO - 
================================================================================
DAG File Processing Stats

File Path                             PID    Runtime      # DAGs    # Errors  Last Runtime    Last Run
------------------------------------  -----  ---------  --------  ----------  --------------  -------------------
/opt/airflow/dags/flight-pipeline.py                           1           0  1.65s           2026-08-19T22:17:55
================================================================================
[2026-08-19T22:18:45.617+0000] {manager.py:878} INFO - 
================================================================================
DAG File Processing Stats

File Path                             PID    Runtime      # DAGs    # Errors  Last Runtime    Last Run
------------------------------------  -----  ---------  --------  ----------  --------------  -------------------
/opt/airflow/dags/flight-pipeline.py                           1           0  2.15s           2026-08-19T22:18:28
================================================================================
[2026-08-19T22:19:16.014+0000] {manager.py:878} INFO - 
================================================================================
DAG File Processing Stats

File Path                             PID    Runtime      # DAGs    # Errors  Last Runtime    Last Run
------------------------------------  -----  ---------  --------  ----------  --------------  -------------------
/opt/airflow/dags/flight-pipeline.py                           1           0  1.47s           2026-08-19T22:19:00
================================================================================
[2026-08-19T22:19:46.076+0000] {manager.py:878} INFO - 
================================================================================
DAG File Processing Stats

File Path                             PID    Runtime      # DAGs    # Errors  Last Runtime    Last Run
------------------------------------  -----  ---------  --------  ----------  --------------  -------------------
/opt/airflow/dags/flight-pipeline.py                           1           0  1.36s           2026-08-19T22:19:31
================================================================================
[2026-08-19T22:20:16.327+0000] {manager.py:878} INFO - 
================================================================================
DAG File Processing Stats

File Path                             PID    Runtime      # DAGs    # Errors  Last Runtime    Last Run
------------------------------------  -----  ---------  --------  ----------  --------------  -------------------
/opt/airflow/dags/flight-pipeline.py                           1           0  1.44s           2026-08-19T22:20:03
================================================================================
[2026-08-19T22:20:47.057+0000] {manager.py:878} INFO - 
================================================================================
DAG File Processing Stats

File Path                             PID    Runtime      # DAGs    # Errors  Last Runtime    Last Run
------------------------------------  -----  ---------  --------  ----------  --------------  -------------------
/opt/airflow/dags/flight-pipeline.py                           1           0  1.13s           2026-08-19T22:20:35
================================================================================
[2026-08-19T22:20:48.067+0000] {manager.py:737} INFO - Searching for files in /opt/airflow/dags
[2026-08-19T22:20:48.106+0000] {manager.py:740} INFO - There are 1 files in /opt/airflow/dags
[2026-08-19T22:21:17.404+0000] {manager.py:878} INFO - 
================================================================================
DAG File Processing Stats

File Path                             PID    Runtime      # DAGs    # Errors  Last Runtime    Last Run
------------------------------------  -----  ---------  --------  ----------  --------------  -------------------
/opt/airflow/dags/flight-pipeline.py                           1           0  1.08s           2026-08-19T22:21:06
================================================================================
[2026-08-19T22:21:47.690+0000] {manager.py:878} INFO - 
================================================================================
DAG File Processing Stats

File Path                             PID    Runtime      # DAGs    # Errors  Last Runtime    Last Run
------------------------------------  -----  ---------  --------  ----------  --------------  -------------------
/opt/airflow/dags/flight-pipeline.py                           1           0  1.07s           2026-08-19T22:21:37
================================================================================
[2026-08-19T22:22:17.988+0000] {manager.py:878} INFO - 
================================================================================
DAG File Processing Stats

File Path                             PID    Runtime      # DAGs    # Errors  Last Runtime    Last Run
------------------------------------  -----  ---------  --------  ----------  --------------  -------------------
/opt/airflow/dags/flight-pipeline.py                           1           0  1.04s           2026-08-19T22:22:08
================================================================================
[2026-08-19T22:22:48.274+0000] {manager.py:878} INFO - 
================================================================================
DAG File Processing Stats

File Path                             PID    Runtime      # DAGs    # Errors  Last Runtime    Last Run
------------------------------------  -----  ---------  --------  ----------  --------------  -------------------
/opt/airflow/dags/flight-pipeline.py                           1           0  1.04s           2026-08-19T22:22:40
================================================================================
[2026-08-19T22:23:18.554+0000] {manager.py:878} INFO - 
================================================================================
DAG File Processing Stats

File Path                             PID    Runtime      # DAGs    # Errors  Last Runtime    Last Run
------------------------------------  -----  ---------  --------  ----------  --------------  -------------------
/opt/airflow/dags/flight-pipeline.py                           1           0  1.08s           2026-08-19T22:23:11
================================================================================
[2026-08-19T22:23:48.839+0000] {manager.py:878} INFO - 
================================================================================
DAG File Processing Stats

File Path                             PID    Runtime      # DAGs    # Errors  Last Runtime    Last Run
------------------------------------  -----  ---------  --------  ----------  --------------  -------------------
/opt/airflow/dags/flight-pipeline.py                           1           0  1.18s           2026-08-19T22:23:42
================================================================================
[2026-08-19T22:24:19.110+0000] {manager.py:878} INFO - 
================================================================================
DAG File Processing Stats

File Path                             PID    Runtime      # DAGs    # Errors  Last Runtime    Last Run
------------------------------------  -----  ---------  --------  ----------  --------------  -------------------
/opt/airflow/dags/flight-pipeline.py                           1           0  1.08s           2026-08-19T22:24:14
================================================================================
[2026-08-19T22:24:49.389+0000] {manager.py:878} INFO - 
================================================================================
DAG File Processing Stats

File Path                             PID    Runtime      # DAGs    # Errors  Last Runtime    Last Run
------------------------------------  -----  ---------  --------  ----------  --------------  -------------------
/opt/airflow/dags/flight-pipeline.py                           1           0  1.12s           2026-08-19T22:24:45
================================================================================
[2026-08-19T22:25:19.740+0000] {manager.py:878} INFO - 
================================================================================
DAG File Processing Stats

File Path                             PID    Runtime      # DAGs    # Errors  Last Runtime    Last Run
------------------------------------  -----  ---------  --------  ----------  --------------  -------------------
/opt/airflow/dags/flight-pipeline.py                           1           0  1.25s           2026-08-19T22:25:16
================================================================================
[2026-08-19T22:25:48.095+0000] {manager.py:737} INFO - Searching for files in /opt/airflow/dags
[2026-08-19T22:25:48.138+0000] {manager.py:740} INFO - There are 1 files in /opt/airflow/dags
[2026-08-19T22:25:50.181+0000] {manager.py:878} INFO - 
================================================================================
DAG File Processing Stats

File Path                             PID    Runtime      # DAGs    # Errors  Last Runtime    Last Run
------------------------------------  -----  ---------  --------  ----------  --------------  -------------------
/opt/airflow/dags/flight-pipeline.py                           1           0  1.20s           2026-08-19T22:25:48
================================================================================
[2026-08-19T22:26:20.476+0000] {manager.py:878} INFO - 
================================================================================
DAG File Processing Stats

File Path                             PID    Runtime      # DAGs    # Errors  Last Runtime    Last Run
------------------------------------  -----  ---------  --------  ----------  --------------  -------------------
/opt/airflow/dags/flight-pipeline.py                           1           0  1.11s           2026-08-19T22:26:19
================================================================================
[2026-08-19T22:26:50.765+0000] {manager.py:878} INFO - 
================================================================================
DAG File Processing Stats

File Path                               PID  Runtime      # DAGs    # Errors  Last Runtime    Last Run
------------------------------------  -----  ---------  --------  ----------  --------------  -------------------
/opt/airflow/dags/flight-pipeline.py    374  1.02s             1           0  1.11s           2026-08-19T22:26:19
================================================================================
[2026-08-19T22:27:21.074+0000] {manager.py:878} INFO - 
================================================================================
DAG File Processing Stats

File Path                               PID  Runtime      # DAGs    # Errors  Last Runtime    Last Run
------------------------------------  -----  ---------  --------  ----------  --------------  -------------------
/opt/airflow/dags/flight-pipeline.py    376  0.01s             1           0  1.07s           2026-08-19T22:26:50
================================================================================
[2026-08-19T22:27:51.332+0000] {manager.py:878} INFO - 
================================================================================
DAG File Processing Stats

File Path                             PID    Runtime      # DAGs    # Errors  Last Runtime    Last Run
------------------------------------  -----  ---------  --------  ----------  --------------  -------------------
/opt/airflow/dags/flight-pipeline.py                           1           0  1.04s           2026-08-19T22:27:22
================================================================================
[2026-08-19T22:28:21.596+0000] {manager.py:878} INFO - 
================================================================================
DAG File Processing Stats

File Path                             PID    Runtime      # DAGs    # Errors  Last Runtime    Last Run
------------------------------------  -----  ---------  --------  ----------  --------------  -------------------
/opt/airflow/dags/flight-pipeline.py                           1           0  1.13s           2026-08-19T22:27:53
================================================================================
[2026-08-19T22:28:51.927+0000] {manager.py:878} INFO - 
================================================================================
DAG File Processing Stats

File Path                             PID    Runtime      # DAGs    # Errors  Last Runtime    Last Run
------------------------------------  -----  ---------  --------  ----------  --------------  -------------------
/opt/airflow/dags/flight-pipeline.py                           1           0  1.01s           2026-08-19T22:28:24
================================================================================
[2026-08-19T22:29:22.238+0000] {manager.py:878} INFO - 
================================================================================
DAG File Processing Stats

File Path                             PID    Runtime      # DAGs    # Errors  Last Runtime    Last Run
------------------------------------  -----  ---------  --------  ----------  --------------  -------------------
/opt/airflow/dags/flight-pipeline.py                           1           0  1.11s           2026-08-19T22:28:56
================================================================================
[2026-08-19T22:29:52.528+0000] {manager.py:878} INFO - 
================================================================================
DAG File Processing Stats

File Path                             PID    Runtime      # DAGs    # Errors  Last Runtime    Last Run
------------------------------------  -----  ---------  --------  ----------  --------------  -------------------
/opt/airflow/dags/flight-pipeline.py                           1           0  1.01s           2026-08-19T22:29:27
================================================================================
[2026-08-19T22:30:22.804+0000] {manager.py:878} INFO - 
================================================================================
DAG File Processing Stats

File Path                             PID    Runtime      # DAGs    # Errors  Last Runtime    Last Run
------------------------------------  -----  ---------  --------  ----------  --------------  -------------------
/opt/airflow/dags/flight-pipeline.py                           1           0  1.06s           2026-08-19T22:29:58
================================================================================
[2026-08-19T22:30:49.033+0000] {manager.py:737} INFO - Searching for files in /opt/airflow/dags
[2026-08-19T22:30:49.070+0000] {manager.py:740} INFO - There are 1 files in /opt/airflow/dags
[2026-08-19T22:30:53.122+0000] {manager.py:878} INFO - 
================================================================================
DAG File Processing Stats

File Path                             PID    Runtime      # DAGs    # Errors  Last Runtime    Last Run
------------------------------------  -----  ---------  --------  ----------  --------------  -------------------
/opt/airflow/dags/flight-pipeline.py                           1           0  1.01s           2026-08-19T22:30:29
================================================================================
[2026-08-19T22:31:23.376+0000] {manager.py:878} INFO - 
================================================================================
DAG File Processing Stats

File Path                             PID    Runtime      # DAGs    # Errors  Last Runtime    Last Run
------------------------------------  -----  ---------  --------  ----------  --------------  -------------------
/opt/airflow/dags/flight-pipeline.py                           1           0  1.00s           2026-08-19T22:31:01
================================================================================
[2026-08-19T22:31:53.662+0000] {manager.py:878} INFO - 
================================================================================
DAG File Processing Stats

File Path                             PID    Runtime      # DAGs    # Errors  Last Runtime    Last Run
------------------------------------  -----  ---------  --------  ----------  --------------  -------------------
/opt/airflow/dags/flight-pipeline.py                           1           0  1.16s           2026-08-19T22:31:32
================================================================================
[2026-08-19T22:32:24.036+0000] {manager.py:878} INFO - 
================================================================================
DAG File Processing Stats

File Path                             PID    Runtime      # DAGs    # Errors  Last Runtime    Last Run
------------------------------------  -----  ---------  --------  ----------  --------------  -------------------
/opt/airflow/dags/flight-pipeline.py                           1           0  1.25s           2026-08-19T22:32:04
================================================================================
[2026-08-19T22:32:54.433+0000] {manager.py:878} INFO - 
================================================================================
DAG File Processing Stats

File Path                             PID    Runtime      # DAGs    # Errors  Last Runtime    Last Run
------------------------------------  -----  ---------  --------  ----------  --------------  -------------------
/opt/airflow/dags/flight-pipeline.py                           1           0  1.17s           2026-08-19T22:32:35
================================================================================
[2026-08-19T22:33:24.731+0000] {manager.py:878} INFO - 
================================================================================
DAG File Processing Stats

File Path                             PID    Runtime      # DAGs    # Errors  Last Runtime    Last Run
------------------------------------  -----  ---------  --------  ----------  --------------  -------------------
/opt/airflow/dags/flight-pipeline.py                           1           0  1.09s           2026-08-19T22:33:06
================================================================================
[2026-08-19T22:33:55.000+0000] {manager.py:878} INFO - 
================================================================================
DAG File Processing Stats

File Path                             PID    Runtime      # DAGs    # Errors  Last Runtime    Last Run
------------------------------------  -----  ---------  --------  ----------  --------------  -------------------
/opt/airflow/dags/flight-pipeline.py                           1           0  1.07s           2026-08-19T22:33:37
================================================================================
[2026-08-19T22:34:25.274+0000] {manager.py:878} INFO - 
================================================================================
DAG File Processing Stats

File Path                             PID    Runtime      # DAGs    # Errors  Last Runtime    Last Run
------------------------------------  -----  ---------  --------  ----------  --------------  -------------------
/opt/airflow/dags/flight-pipeline.py                           1           0  1.00s           2026-08-19T22:34:09
================================================================================
[2026-08-19T22:34:55.574+0000] {manager.py:878} INFO - 
================================================================================
DAG File Processing Stats

File Path                             PID    Runtime      # DAGs    # Errors  Last Runtime    Last Run
------------------------------------  -----  ---------  --------  ----------  --------------  -------------------
/opt/airflow/dags/flight-pipeline.py                           1           0  1.27s           2026-08-19T22:34:40
================================================================================
[2026-08-19T22:35:25.849+0000] {manager.py:878} INFO - 
================================================================================
DAG File Processing Stats

File Path                             PID    Runtime      # DAGs    # Errors  Last Runtime    Last Run
------------------------------------  -----  ---------  --------  ----------  --------------  -------------------
/opt/airflow/dags/flight-pipeline.py                           1           0  1.00s           2026-08-19T22:35:11
================================================================================
[2026-08-19T22:35:49.288+0000] {manager.py:737} INFO - Searching for files in /opt/airflow/dags
[2026-08-19T22:35:49.323+0000] {manager.py:740} INFO - There are 1 files in /opt/airflow/dags
[2026-08-19T22:35:56.408+0000] {manager.py:878} INFO - 
================================================================================
DAG File Processing Stats

File Path                             PID    Runtime      # DAGs    # Errors  Last Runtime    Last Run
------------------------------------  -----  ---------  --------  ----------  --------------  -------------------
/opt/airflow/dags/flight-pipeline.py                           1           0  1.36s           2026-08-19T22:35:43
================================================================================
[2026-08-19T22:36:26.700+0000] {manager.py:878} INFO - 
================================================================================
DAG File Processing Stats

File Path                             PID    Runtime      # DAGs    # Errors  Last Runtime    Last Run
------------------------------------  -----  ---------  --------  ----------  --------------  -------------------
/opt/airflow/dags/flight-pipeline.py                           1           0  1.04s           2026-08-19T22:36:14
================================================================================
[2026-08-19T22:36:57.114+0000] {manager.py:878} INFO - 
================================================================================
DAG File Processing Stats

File Path                             PID    Runtime      # DAGs    # Errors  Last Runtime    Last Run
------------------------------------  -----  ---------  --------  ----------  --------------  -------------------
/opt/airflow/dags/flight-pipeline.py                           1           0  1.17s           2026-08-19T22:36:46
================================================================================
[2026-08-19T22:37:27.407+0000] {manager.py:878} INFO - 
================================================================================
DAG File Processing Stats

File Path                             PID    Runtime      # DAGs    # Errors  Last Runtime    Last Run
------------------------------------  -----  ---------  --------  ----------  --------------  -------------------
/opt/airflow/dags/flight-pipeline.py                           1           0  1.08s           2026-08-19T22:37:17
================================================================================
[2026-08-19T22:37:57.679+0000] {manager.py:878} INFO - 
================================================================================
DAG File Processing Stats

File Path                             PID    Runtime      # DAGs    # Errors  Last Runtime    Last Run
------------------------------------  -----  ---------  --------  ----------  --------------  -------------------
/opt/airflow/dags/flight-pipeline.py                           1           0  1.12s           2026-08-19T22:37:48
================================================================================
[2026-08-19T22:38:28.008+0000] {manager.py:878} INFO - 
================================================================================
DAG File Processing Stats

File Path                             PID    Runtime      # DAGs    # Errors  Last Runtime    Last Run
------------------------------------  -----  ---------  --------  ----------  --------------  -------------------
/opt/airflow/dags/flight-pipeline.py                           1           0  1.06s           2026-08-19T22:38:19
================================================================================
[2026-08-19T22:38:58.314+0000] {manager.py:878} INFO - 
================================================================================
DAG File Processing Stats

File Path                             PID    Runtime      # DAGs    # Errors  Last Runtime    Last Run
------------------------------------  -----  ---------  --------  ----------  --------------  -------------------
/opt/airflow/dags/flight-pipeline.py                           1           0  1.06s           2026-08-19T22:38:51
================================================================================
[2026-08-19T22:39:28.589+0000] {manager.py:878} INFO - 
================================================================================
DAG File Processing Stats

File Path                             PID    Runtime      # DAGs    # Errors  Last Runtime    Last Run
------------------------------------  -----  ---------  --------  ----------  --------------  -------------------
/opt/airflow/dags/flight-pipeline.py                           1           0  1.11s           2026-08-19T22:39:22
================================================================================
[2026-08-19T22:39:58.890+0000] {manager.py:878} INFO - 
================================================================================
DAG File Processing Stats

File Path                             PID    Runtime      # DAGs    # Errors  Last Runtime    Last Run
------------------------------------  -----  ---------  --------  ----------  --------------  -------------------
/opt/airflow/dags/flight-pipeline.py                           1           0  1.18s           2026-08-19T22:39:53
================================================================================
[2026-08-19T22:40:29.172+0000] {manager.py:878} INFO - 
================================================================================
DAG File Processing Stats

File Path                             PID    Runtime      # DAGs    # Errors  Last Runtime    Last Run
------------------------------------  -----  ---------  --------  ----------  --------------  -------------------
/opt/airflow/dags/flight-pipeline.py                           1           0  1.07s           2026-08-19T22:40:25
================================================================================
[2026-08-19T22:40:49.374+0000] {manager.py:737} INFO - Searching for files in /opt/airflow/dags
[2026-08-19T22:40:49.411+0000] {manager.py:740} INFO - There are 1 files in /opt/airflow/dags
[2026-08-19T22:40:59.549+0000] {manager.py:878} INFO - 
================================================================================
DAG File Processing Stats

File Path                             PID    Runtime      # DAGs    # Errors  Last Runtime    Last Run
------------------------------------  -----  ---------  --------  ----------  --------------  -------------------
/opt/airflow/dags/flight-pipeline.py                           1           0  1.09s           2026-08-19T22:40:56
================================================================================
[2026-08-19T22:41:29.836+0000] {manager.py:878} INFO - 
================================================================================
DAG File Processing Stats

File Path                             PID    Runtime      # DAGs    # Errors  Last Runtime    Last Run
------------------------------------  -----  ---------  --------  ----------  --------------  -------------------
/opt/airflow/dags/flight-pipeline.py                           1           0  1.06s           2026-08-19T22:41:27
================================================================================
[2026-08-19T22:42:00.119+0000] {manager.py:878} INFO - 
================================================================================
DAG File Processing Stats

File Path                             PID    Runtime      # DAGs    # Errors  Last Runtime    Last Run
------------------------------------  -----  ---------  --------  ----------  --------------  -------------------
/opt/airflow/dags/flight-pipeline.py                           1           0  1.08s           2026-08-19T22:41:59
================================================================================
[2026-08-19T22:42:30.406+0000] {manager.py:878} INFO - 
================================================================================
DAG File Processing Stats

File Path                             PID    Runtime      # DAGs    # Errors  Last Runtime    Last Run
------------------------------------  -----  ---------  --------  ----------  --------------  -------------------
/opt/airflow/dags/flight-pipeline.py                           1           0  1.01s           2026-08-19T22:42:30
================================================================================
[2026-08-19T22:43:00.676+0000] {manager.py:878} INFO - 
================================================================================
DAG File Processing Stats

File Path                               PID  Runtime      # DAGs    # Errors  Last Runtime    Last Run
------------------------------------  -----  ---------  --------  ----------  --------------  -------------------
/opt/airflow/dags/flight-pipeline.py    456  0.01s             1           0  1.01s           2026-08-19T22:42:30
================================================================================
[2026-08-19T22:43:30.924+0000] {manager.py:878} INFO - 
================================================================================
DAG File Processing Stats

File Path                             PID    Runtime      # DAGs    # Errors  Last Runtime    Last Run
------------------------------------  -----  ---------  --------  ----------  --------------  -------------------
/opt/airflow/dags/flight-pipeline.py                           1           0  1.02s           2026-08-19T22:43:01
================================================================================
[2026-08-19T22:44:01.190+0000] {manager.py:878} INFO - 
================================================================================
DAG File Processing Stats

File Path                             PID    Runtime      # DAGs    # Errors  Last Runtime    Last Run
------------------------------------  -----  ---------  --------  ----------  --------------  -------------------
/opt/airflow/dags/flight-pipeline.py                           1           0  1.00s           2026-08-19T22:43:32
================================================================================
[2026-08-19T22:44:31.475+0000] {manager.py:878} INFO - 
================================================================================
DAG File Processing Stats

File Path                             PID    Runtime      # DAGs    # Errors  Last Runtime    Last Run
------------------------------------  -----  ---------  --------  ----------  --------------  -------------------
/opt/airflow/dags/flight-pipeline.py                           1           0  1.21s           2026-08-19T22:44:04
================================================================================
[2026-08-19T22:45:01.751+0000] {manager.py:878} INFO - 
================================================================================
DAG File Processing Stats

File Path                             PID    Runtime      # DAGs    # Errors  Last Runtime    Last Run
------------------------------------  -----  ---------  --------  ----------  --------------  -------------------
/opt/airflow/dags/flight-pipeline.py                           1           0  1.07s           2026-08-19T22:44:35
================================================================================
[2026-08-19T22:45:32.023+0000] {manager.py:878} INFO - 
================================================================================
DAG File Processing Stats

File Path                             PID    Runtime      # DAGs    # Errors  Last Runtime    Last Run
------------------------------------  -----  ---------  --------  ----------  --------------  -------------------
/opt/airflow/dags/flight-pipeline.py                           1           0  1.05s           2026-08-19T22:45:06
================================================================================
[2026-08-19T22:45:50.216+0000] {manager.py:737} INFO - Searching for files in /opt/airflow/dags
[2026-08-19T22:45:50.254+0000] {manager.py:740} INFO - There are 1 files in /opt/airflow/dags
[2026-08-19T22:46:02.381+0000] {manager.py:878} INFO - 
================================================================================
DAG File Processing Stats

File Path                             PID    Runtime      # DAGs    # Errors  Last Runtime    Last Run
------------------------------------  -----  ---------  --------  ----------  --------------  -------------------
/opt/airflow/dags/flight-pipeline.py                           1           0  1.05s           2026-08-19T22:45:38
================================================================================
[2026-08-19T22:46:32.683+0000] {manager.py:878} INFO - 
================================================================================
DAG File Processing Stats

File Path                             PID    Runtime      # DAGs    # Errors  Last Runtime    Last Run
------------------------------------  -----  ---------  --------  ----------  --------------  -------------------
/opt/airflow/dags/flight-pipeline.py                           1           0  1.08s           2026-08-19T22:46:09
================================================================================
[2026-08-19T22:47:02.958+0000] {manager.py:878} INFO - 
================================================================================
DAG File Processing Stats

File Path                             PID    Runtime      # DAGs    # Errors  Last Runtime    Last Run
------------------------------------  -----  ---------  --------  ----------  --------------  -------------------
/opt/airflow/dags/flight-pipeline.py                           1           0  1.07s           2026-08-19T22:46:40
================================================================================
[2026-08-19T22:47:33.249+0000] {manager.py:878} INFO - 
================================================================================
DAG File Processing Stats

File Path                             PID    Runtime      # DAGs    # Errors  Last Runtime    Last Run
------------------------------------  -----  ---------  --------  ----------  --------------  -------------------
/opt/airflow/dags/flight-pipeline.py                           1           0  1.03s           2026-08-19T22:47:12
================================================================================
[2026-08-19T22:48:03.515+0000] {manager.py:878} INFO - 
================================================================================
DAG File Processing Stats

File Path                             PID    Runtime      # DAGs    # Errors  Last Runtime    Last Run
------------------------------------  -----  ---------  --------  ----------  --------------  -------------------
/opt/airflow/dags/flight-pipeline.py                           1           0  1.03s           2026-08-19T22:47:43
================================================================================
[2026-08-19T22:48:33.798+0000] {manager.py:878} INFO - 
================================================================================
DAG File Processing Stats

File Path                             PID    Runtime      # DAGs    # Errors  Last Runtime    Last Run
------------------------------------  -----  ---------  --------  ----------  --------------  -------------------
/opt/airflow/dags/flight-pipeline.py                           1           0  1.26s           2026-08-19T22:48:14
================================================================================
[2026-08-19T22:49:04.252+0000] {manager.py:878} INFO - 
================================================================================
DAG File Processing Stats

File Path                             PID    Runtime      # DAGs    # Errors  Last Runtime    Last Run
------------------------------------  -----  ---------  --------  ----------  --------------  -------------------
/opt/airflow/dags/flight-pipeline.py                           1           0  1.22s           2026-08-19T22:48:46
================================================================================
[2026-08-19T22:49:34.615+0000] {manager.py:878} INFO - 
================================================================================
DAG File Processing Stats

File Path                             PID    Runtime      # DAGs    # Errors  Last Runtime    Last Run
------------------------------------  -----  ---------  --------  ----------  --------------  -------------------
/opt/airflow/dags/flight-pipeline.py                           1           0  1.13s           2026-08-19T22:49:17
================================================================================
[2026-08-19T22:50:05.027+0000] {manager.py:878} INFO - 
================================================================================
DAG File Processing Stats

File Path                             PID    Runtime      # DAGs    # Errors  Last Runtime    Last Run
------------------------------------  -----  ---------  --------  ----------  --------------  -------------------
/opt/airflow/dags/flight-pipeline.py                           1           0  1.19s           2026-08-19T22:49:48
================================================================================
[2026-08-19T22:50:35.292+0000] {manager.py:878} INFO - 
================================================================================
DAG File Processing Stats

File Path                             PID    Runtime      # DAGs    # Errors  Last Runtime    Last Run
------------------------------------  -----  ---------  --------  ----------  --------------  -------------------
/opt/airflow/dags/flight-pipeline.py                           1           0  1.21s           2026-08-19T22:50:20
================================================================================
[2026-08-19T22:50:50.445+0000] {manager.py:737} INFO - Searching for files in /opt/airflow/dags
[2026-08-19T22:50:50.486+0000] {manager.py:740} INFO - There are 1 files in /opt/airflow/dags
[2026-08-19T22:51:05.650+0000] {manager.py:878} INFO - 
================================================================================
DAG File Processing Stats

File Path                             PID    Runtime      # DAGs    # Errors  Last Runtime    Last Run
------------------------------------  -----  ---------  --------  ----------  --------------  -------------------
/opt/airflow/dags/flight-pipeline.py                           1           0  1.08s           2026-08-19T22:50:51
================================================================================
[2026-08-19T22:51:35.913+0000] {manager.py:878} INFO - 
================================================================================
DAG File Processing Stats

File Path                             PID    Runtime      # DAGs    # Errors  Last Runtime    Last Run
------------------------------------  -----  ---------  --------  ----------  --------------  -------------------
/opt/airflow/dags/flight-pipeline.py                           1           0  1.05s           2026-08-19T22:51:22
================================================================================
[2026-08-19T22:52:06.194+0000] {manager.py:878} INFO - 
================================================================================
DAG File Processing Stats

File Path                             PID    Runtime      # DAGs    # Errors  Last Runtime    Last Run
------------------------------------  -----  ---------  --------  ----------  --------------  -------------------
/opt/airflow/dags/flight-pipeline.py                           1           0  1.16s           2026-08-19T22:51:52
================================================================================
[2026-08-19T22:52:36.557+0000] {manager.py:878} INFO - 
================================================================================
DAG File Processing Stats

File Path                             PID    Runtime      # DAGs    # Errors  Last Runtime    Last Run
------------------------------------  -----  ---------  --------  ----------  --------------  -------------------
/opt/airflow/dags/flight-pipeline.py                           1           0  1.15s           2026-08-19T22:52:23
================================================================================
[2026-08-19T22:53:06.969+0000] {manager.py:878} INFO - 
================================================================================
DAG File Processing Stats

File Path                             PID    Runtime      # DAGs    # Errors  Last Runtime    Last Run
------------------------------------  -----  ---------  --------  ----------  --------------  -------------------
/opt/airflow/dags/flight-pipeline.py                           0           1  1.08s           2026-08-19T22:53:02
================================================================================
[2026-08-19T22:53:37.305+0000] {manager.py:878} INFO - 
================================================================================
DAG File Processing Stats

File Path                               PID  Runtime      # DAGs    # Errors  Last Runtime    Last Run
------------------------------------  -----  ---------  --------  ----------  --------------  -------------------
/opt/airflow/dags/flight-pipeline.py    500  1.02s             0           1  1.08s           2026-08-19T22:53:16
================================================================================
[2026-08-19T22:54:07.586+0000] {manager.py:878} INFO - 
================================================================================
DAG File Processing Stats

File Path                               PID  Runtime      # DAGs    # Errors  Last Runtime    Last Run
------------------------------------  -----  ---------  --------  ----------  --------------  -------------------
/opt/airflow/dags/flight-pipeline.py    502  0.01s             1           0  1.25s           2026-08-19T22:53:37
================================================================================
[2026-08-19T22:54:37.844+0000] {manager.py:878} INFO - 
================================================================================
DAG File Processing Stats

File Path                             PID    Runtime      # DAGs    # Errors  Last Runtime    Last Run
------------------------------------  -----  ---------  --------  ----------  --------------  -------------------
/opt/airflow/dags/flight-pipeline.py                           1           0  1.12s           2026-08-19T22:54:08
================================================================================
[2026-08-19T22:55:08.178+0000] {manager.py:878} INFO - 
================================================================================
DAG File Processing Stats

File Path                             PID    Runtime      # DAGs    # Errors  Last Runtime    Last Run
------------------------------------  -----  ---------  --------  ----------  --------------  -------------------
/opt/airflow/dags/flight-pipeline.py                           1           0  1.57s           2026-08-19T22:54:40
================================================================================
[2026-08-19T22:55:38.988+0000] {manager.py:878} INFO - 
================================================================================
DAG File Processing Stats

File Path                             PID    Runtime      # DAGs    # Errors  Last Runtime    Last Run
------------------------------------  -----  ---------  --------  ----------  --------------  -------------------
/opt/airflow/dags/flight-pipeline.py                           1           0  1.08s           2026-08-19T22:55:11
================================================================================
[2026-08-19T22:55:51.117+0000] {manager.py:737} INFO - Searching for files in /opt/airflow/dags
[2026-08-19T22:55:51.153+0000] {manager.py:740} INFO - There are 1 files in /opt/airflow/dags
[2026-08-19T22:56:09.335+0000] {manager.py:878} INFO - 
================================================================================
DAG File Processing Stats

File Path                             PID    Runtime      # DAGs    # Errors  Last Runtime    Last Run
------------------------------------  -----  ---------  --------  ----------  --------------  -------------------
/opt/airflow/dags/flight-pipeline.py                           1           0  1.22s           2026-08-19T22:55:43
================================================================================
[2026-08-19T22:56:39.671+0000] {manager.py:878} INFO - 
================================================================================
DAG File Processing Stats

File Path                             PID    Runtime      # DAGs    # Errors  Last Runtime    Last Run
------------------------------------  -----  ---------  --------  ----------  --------------  -------------------
/opt/airflow/dags/flight-pipeline.py                           1           0  1.20s           2026-08-19T22:56:14
================================================================================
[2026-08-19T22:57:09.994+0000] {manager.py:878} INFO - 
================================================================================
DAG File Processing Stats

File Path                             PID    Runtime      # DAGs    # Errors  Last Runtime    Last Run
------------------------------------  -----  ---------  --------  ----------  --------------  -------------------
/opt/airflow/dags/flight-pipeline.py                           1           0  1.31s           2026-08-19T22:56:46
================================================================================
[2026-08-19T22:57:40.312+0000] {manager.py:878} INFO - 
================================================================================
DAG File Processing Stats

File Path                             PID    Runtime      # DAGs    # Errors  Last Runtime    Last Run
------------------------------------  -----  ---------  --------  ----------  --------------  -------------------
/opt/airflow/dags/flight-pipeline.py                           1           0  1.13s           2026-08-19T22:57:17
================================================================================
[2026-08-19T22:58:10.673+0000] {manager.py:878} INFO - 
================================================================================
DAG File Processing Stats

File Path                             PID    Runtime      # DAGs    # Errors  Last Runtime    Last Run
------------------------------------  -----  ---------  --------  ----------  --------------  -------------------
/opt/airflow/dags/flight-pipeline.py                           1           0  1.20s           2026-08-19T22:57:48
================================================================================
[2026-08-19T22:58:40.973+0000] {manager.py:878} INFO - 
================================================================================
DAG File Processing Stats

File Path                             PID    Runtime      # DAGs    # Errors  Last Runtime    Last Run
------------------------------------  -----  ---------  --------  ----------  --------------  -------------------
/opt/airflow/dags/flight-pipeline.py                           1           0  1.11s           2026-08-19T22:58:19
================================================================================
[2026-08-19T22:59:11.265+0000] {manager.py:878} INFO - 
================================================================================
DAG File Processing Stats

File Path                             PID    Runtime      # DAGs    # Errors  Last Runtime    Last Run
------------------------------------  -----  ---------  --------  ----------  --------------  -------------------
/opt/airflow/dags/flight-pipeline.py                           1           0  1.13s           2026-08-19T22:58:51
================================================================================
[2026-08-19T22:59:41.595+0000] {manager.py:878} INFO - 
================================================================================
DAG File Processing Stats

File Path                             PID    Runtime      # DAGs    # Errors  Last Runtime    Last Run
------------------------------------  -----  ---------  --------  ----------  --------------  -------------------
/opt/airflow/dags/flight-pipeline.py                           1           0  1.16s           2026-08-19T22:59:22
================================================================================
[2026-08-19T23:00:11.908+0000] {manager.py:878} INFO - 
================================================================================
DAG File Processing Stats

File Path                             PID    Runtime      # DAGs    # Errors  Last Runtime    Last Run
------------------------------------  -----  ---------  --------  ----------  --------------  -------------------
/opt/airflow/dags/flight-pipeline.py                           1           0  1.15s           2026-08-19T22:59:53
================================================================================
[2026-08-19T23:00:42.235+0000] {manager.py:878} INFO - 
================================================================================
DAG File Processing Stats

File Path                             PID    Runtime      # DAGs    # Errors  Last Runtime    Last Run
------------------------------------  -----  ---------  --------  ----------  --------------  -------------------
/opt/airflow/dags/flight-pipeline.py                           1           0  1.21s           2026-08-19T23:00:25
================================================================================
[2026-08-19T23:00:51.320+0000] {manager.py:737} INFO - Searching for files in /opt/airflow/dags
[2026-08-19T23:00:51.362+0000] {manager.py:740} INFO - There are 1 files in /opt/airflow/dags
[2026-08-19T23:01:12.621+0000] {manager.py:878} INFO - 
================================================================================
DAG File Processing Stats

File Path                             PID    Runtime      # DAGs    # Errors  Last Runtime    Last Run
------------------------------------  -----  ---------  --------  ----------  --------------  -------------------
/opt/airflow/dags/flight-pipeline.py                           1           0  1.08s           2026-08-19T23:00:56
================================================================================
[2026-08-19T23:01:42.924+0000] {manager.py:878} INFO - 
================================================================================
DAG File Processing Stats

File Path                             PID    Runtime      # DAGs    # Errors  Last Runtime    Last Run
------------------------------------  -----  ---------  --------  ----------  --------------  -------------------
/opt/airflow/dags/flight-pipeline.py                           1           0  1.01s           2026-08-19T23:01:27
================================================================================
[2026-08-19T23:02:13.208+0000] {manager.py:878} INFO - 
================================================================================
DAG File Processing Stats

File Path                             PID    Runtime      # DAGs    # Errors  Last Runtime    Last Run
------------------------------------  -----  ---------  --------  ----------  --------------  -------------------
/opt/airflow/dags/flight-pipeline.py                           1           0  1.16s           2026-08-19T23:01:59
================================================================================
[2026-08-19T23:02:43.480+0000] {manager.py:878} INFO - 
================================================================================
DAG File Processing Stats

File Path                             PID    Runtime      # DAGs    # Errors  Last Runtime    Last Run
------------------------------------  -----  ---------  --------  ----------  --------------  -------------------
/opt/airflow/dags/flight-pipeline.py                           1           0  1.02s           2026-08-19T23:02:30
================================================================================
[2026-08-19T23:03:13.774+0000] {manager.py:878} INFO - 
================================================================================
DAG File Processing Stats

File Path                             PID    Runtime      # DAGs    # Errors  Last Runtime    Last Run
------------------------------------  -----  ---------  --------  ----------  --------------  -------------------
/opt/airflow/dags/flight-pipeline.py                           1           0  1.09s           2026-08-19T23:03:01
================================================================================
[2026-08-19T23:03:44.060+0000] {manager.py:878} INFO - 
================================================================================
DAG File Processing Stats

File Path                             PID    Runtime      # DAGs    # Errors  Last Runtime    Last Run
------------------------------------  -----  ---------  --------  ----------  --------------  -------------------
/opt/airflow/dags/flight-pipeline.py                           1           0  1.21s           2026-08-19T23:03:33
================================================================================
[2026-08-19T23:04:14.319+0000] {manager.py:878} INFO - 
================================================================================
DAG File Processing Stats

File Path                             PID    Runtime      # DAGs    # Errors  Last Runtime    Last Run
------------------------------------  -----  ---------  --------  ----------  --------------  -------------------
/opt/airflow/dags/flight-pipeline.py                           1           0  1.07s           2026-08-19T23:04:04
================================================================================
[2026-08-19T23:04:44.609+0000] {manager.py:878} INFO - 
================================================================================
DAG File Processing Stats

File Path                             PID    Runtime      # DAGs    # Errors  Last Runtime    Last Run
------------------------------------  -----  ---------  --------  ----------  --------------  -------------------
/opt/airflow/dags/flight-pipeline.py                           1           0  1.10s           2026-08-19T23:04:35
================================================================================
[2026-08-19T23:05:14.922+0000] {manager.py:878} INFO - 
================================================================================
DAG File Processing Stats

File Path                             PID    Runtime      # DAGs    # Errors  Last Runtime    Last Run
------------------------------------  -----  ---------  --------  ----------  --------------  -------------------
/opt/airflow/dags/flight-pipeline.py                           1           0  1.07s           2026-08-19T23:05:06
================================================================================
[2026-08-19T23:05:45.228+0000] {manager.py:878} INFO - 
================================================================================
DAG File Processing Stats

File Path                             PID    Runtime      # DAGs    # Errors  Last Runtime    Last Run
------------------------------------  -----  ---------  --------  ----------  --------------  -------------------
/opt/airflow/dags/flight-pipeline.py                           1           0  1.20s           2026-08-19T23:05:38
================================================================================
[2026-08-19T23:05:51.445+0000] {manager.py:737} INFO - Searching for files in /opt/airflow/dags
[2026-08-19T23:05:51.486+0000] {manager.py:740} INFO - There are 1 files in /opt/airflow/dags
[2026-08-19T23:06:15.508+0000] {manager.py:878} INFO - 
================================================================================
DAG File Processing Stats

File Path                             PID    Runtime      # DAGs    # Errors  Last Runtime    Last Run
------------------------------------  -----  ---------  --------  ----------  --------------  -------------------
/opt/airflow/dags/flight-pipeline.py                           1           0  1.01s           2026-08-19T23:06:09
================================================================================
[2026-08-19T23:06:45.797+0000] {manager.py:878} INFO - 
================================================================================
DAG File Processing Stats

File Path                             PID    Runtime      # DAGs    # Errors  Last Runtime    Last Run
------------------------------------  -----  ---------  --------  ----------  --------------  -------------------
/opt/airflow/dags/flight-pipeline.py                           1           0  1.01s           2026-08-19T23:06:40
================================================================================
[2026-08-19T23:07:16.066+0000] {manager.py:878} INFO - 
================================================================================
DAG File Processing Stats

File Path                             PID    Runtime      # DAGs    # Errors  Last Runtime    Last Run
------------------------------------  -----  ---------  --------  ----------  --------------  -------------------
/opt/airflow/dags/flight-pipeline.py                           1           0  1.02s           2026-08-19T23:07:12
================================================================================
[2026-08-19T23:07:46.372+0000] {manager.py:878} INFO - 
================================================================================
DAG File Processing Stats

File Path                             PID    Runtime      # DAGs    # Errors  Last Runtime    Last Run
------------------------------------  -----  ---------  --------  ----------  --------------  -------------------
/opt/airflow/dags/flight-pipeline.py                           1           0  1.04s           2026-08-19T23:07:43
================================================================================
[2026-08-19T23:08:16.680+0000] {manager.py:878} INFO - 
================================================================================
DAG File Processing Stats

File Path                             PID    Runtime      # DAGs    # Errors  Last Runtime    Last Run
------------------------------------  -----  ---------  --------  ----------  --------------  -------------------
/opt/airflow/dags/flight-pipeline.py                           1           0  1.06s           2026-08-19T23:08:14
================================================================================
[2026-08-19T23:08:46.979+0000] {manager.py:878} INFO - 
================================================================================
DAG File Processing Stats

File Path                             PID    Runtime      # DAGs    # Errors  Last Runtime    Last Run
------------------------------------  -----  ---------  --------  ----------  --------------  -------------------
/opt/airflow/dags/flight-pipeline.py                           1           0  1.11s           2026-08-19T23:08:46
================================================================================
[2026-08-19T23:09:17.252+0000] {manager.py:878} INFO - 
================================================================================
DAG File Processing Stats

File Path                               PID  Runtime      # DAGs    # Errors  Last Runtime    Last Run
------------------------------------  -----  ---------  --------  ----------  --------------  -------------------
/opt/airflow/dags/flight-pipeline.py    650  1.02s             1           0  1.11s           2026-08-19T23:08:46
================================================================================
[2026-08-19T23:09:47.532+0000] {manager.py:878} INFO - 
================================================================================
DAG File Processing Stats

File Path                             PID    Runtime      # DAGs    # Errors  Last Runtime    Last Run
------------------------------------  -----  ---------  --------  ----------  --------------  -------------------
/opt/airflow/dags/flight-pipeline.py                           1           0  1.30s           2026-08-19T23:09:17
================================================================================
[2026-08-19T23:10:18.027+0000] {manager.py:878} INFO - 
================================================================================
DAG File Processing Stats

File Path                             PID    Runtime      # DAGs    # Errors  Last Runtime    Last Run
------------------------------------  -----  ---------  --------  ----------  --------------  -------------------
/opt/airflow/dags/flight-pipeline.py                           1           0  1.04s           2026-08-19T23:09:48
================================================================================
[2026-08-19T23:10:48.322+0000] {manager.py:878} INFO - 
================================================================================
DAG File Processing Stats

File Path                             PID    Runtime      # DAGs    # Errors  Last Runtime    Last Run
------------------------------------  -----  ---------  --------  ----------  --------------  -------------------
/opt/airflow/dags/flight-pipeline.py                           1           0  1.10s           2026-08-19T23:10:20
================================================================================
[2026-08-19T23:10:52.375+0000] {manager.py:737} INFO - Searching for files in /opt/airflow/dags
[2026-08-19T23:10:52.423+0000] {manager.py:740} INFO - There are 1 files in /opt/airflow/dags
[2026-08-19T23:11:18.661+0000] {manager.py:878} INFO - 
================================================================================
DAG File Processing Stats

File Path                             PID    Runtime      # DAGs    # Errors  Last Runtime    Last Run
------------------------------------  -----  ---------  --------  ----------  --------------  -------------------
/opt/airflow/dags/flight-pipeline.py                           1           0  1.02s           2026-08-19T23:10:51
================================================================================
[2026-08-19T23:11:48.956+0000] {manager.py:878} INFO - 
================================================================================
DAG File Processing Stats

File Path                             PID    Runtime      # DAGs    # Errors  Last Runtime    Last Run
------------------------------------  -----  ---------  --------  ----------  --------------  -------------------
/opt/airflow/dags/flight-pipeline.py                           1           0  1.03s           2026-08-19T23:11:22
================================================================================
[2026-08-19T23:12:19.253+0000] {manager.py:878} INFO - 
================================================================================
DAG File Processing Stats

File Path                             PID    Runtime      # DAGs    # Errors  Last Runtime    Last Run
------------------------------------  -----  ---------  --------  ----------  --------------  -------------------
/opt/airflow/dags/flight-pipeline.py                           1           0  1.05s           2026-08-19T23:11:54
================================================================================
[2026-08-19T23:12:49.531+0000] {manager.py:878} INFO - 
================================================================================
DAG File Processing Stats

File Path                             PID    Runtime      # DAGs    # Errors  Last Runtime    Last Run
------------------------------------  -----  ---------  --------  ----------  --------------  -------------------
/opt/airflow/dags/flight-pipeline.py                           1           0  1.13s           2026-08-19T23:12:25
================================================================================
[2026-08-19T23:13:19.885+0000] {manager.py:878} INFO - 
================================================================================
DAG File Processing Stats

File Path                             PID    Runtime      # DAGs    # Errors  Last Runtime    Last Run
------------------------------------  -----  ---------  --------  ----------  --------------  -------------------
/opt/airflow/dags/flight-pipeline.py                           1           0  1.09s           2026-08-19T23:12:56
================================================================================
[2026-08-19T23:13:50.174+0000] {manager.py:878} INFO - 
================================================================================
DAG File Processing Stats

File Path                             PID    Runtime      # DAGs    # Errors  Last Runtime    Last Run
------------------------------------  -----  ---------  --------  ----------  --------------  -------------------
/opt/airflow/dags/flight-pipeline.py                           1           0  1.15s           2026-08-19T23:13:28
================================================================================
[2026-08-19T23:14:20.559+0000] {manager.py:878} INFO - 
================================================================================
DAG File Processing Stats

File Path                             PID    Runtime      # DAGs    # Errors  Last Runtime    Last Run
------------------------------------  -----  ---------  --------  ----------  --------------  -------------------
/opt/airflow/dags/flight-pipeline.py                           1           0  1.42s           2026-08-19T23:13:59
================================================================================
[2026-08-19T23:14:51.130+0000] {manager.py:878} INFO - 
================================================================================
DAG File Processing Stats

File Path                             PID    Runtime      # DAGs    # Errors  Last Runtime    Last Run
------------------------------------  -----  ---------  --------  ----------  --------------  -------------------
/opt/airflow/dags/flight-pipeline.py                           1           0  1.05s           2026-08-19T23:14:30
================================================================================
[2026-08-19T23:15:21.420+0000] {manager.py:878} INFO - 
================================================================================
DAG File Processing Stats

File Path                             PID    Runtime      # DAGs    # Errors  Last Runtime    Last Run
------------------------------------  -----  ---------  --------  ----------  --------------  -------------------
/opt/airflow/dags/flight-pipeline.py                           1           0  1.03s           2026-08-19T23:15:02
================================================================================
[2026-08-19T23:15:51.733+0000] {manager.py:878} INFO - 
================================================================================
DAG File Processing Stats

File Path                             PID    Runtime      # DAGs    # Errors  Last Runtime    Last Run
------------------------------------  -----  ---------  --------  ----------  --------------  -------------------
/opt/airflow/dags/flight-pipeline.py                           1           0  1.04s           2026-08-19T23:15:33
================================================================================
[2026-08-19T23:15:52.742+0000] {manager.py:737} INFO - Searching for files in /opt/airflow/dags
[2026-08-19T23:15:52.788+0000] {manager.py:740} INFO - There are 1 files in /opt/airflow/dags
[2026-08-19T23:16:22.098+0000] {manager.py:878} INFO - 
================================================================================
DAG File Processing Stats

File Path                             PID    Runtime      # DAGs    # Errors  Last Runtime    Last Run
------------------------------------  -----  ---------  --------  ----------  --------------  -------------------
/opt/airflow/dags/flight-pipeline.py                           1           0  1.03s           2026-08-19T23:16:04
================================================================================
[2026-08-19T23:16:52.387+0000] {manager.py:878} INFO - 
================================================================================
DAG File Processing Stats

File Path                             PID    Runtime      # DAGs    # Errors  Last Runtime    Last Run
------------------------------------  -----  ---------  --------  ----------  --------------  -------------------
/opt/airflow/dags/flight-pipeline.py                           1           0  1.06s           2026-08-19T23:16:36
================================================================================
[2026-08-19T23:17:22.672+0000] {manager.py:878} INFO - 
================================================================================
DAG File Processing Stats

File Path                             PID    Runtime      # DAGs    # Errors  Last Runtime    Last Run
------------------------------------  -----  ---------  --------  ----------  --------------  -------------------
/opt/airflow/dags/flight-pipeline.py                           1           0  1.09s           2026-08-19T23:17:07
================================================================================
[2026-08-19T23:17:52.949+0000] {manager.py:878} INFO - 
================================================================================
DAG File Processing Stats

File Path                             PID    Runtime      # DAGs    # Errors  Last Runtime    Last Run
------------------------------------  -----  ---------  --------  ----------  --------------  -------------------
/opt/airflow/dags/flight-pipeline.py                           1           0  1.03s           2026-08-19T23:17:38
================================================================================
[2026-08-19T23:18:23.219+0000] {manager.py:878} INFO - 
================================================================================
DAG File Processing Stats

File Path                             PID    Runtime      # DAGs    # Errors  Last Runtime    Last Run
------------------------------------  -----  ---------  --------  ----------  --------------  -------------------
/opt/airflow/dags/flight-pipeline.py                           1           0  1.03s           2026-08-19T23:18:10
================================================================================
[2026-08-19T23:18:53.498+0000] {manager.py:878} INFO - 
================================================================================
DAG File Processing Stats

File Path                             PID    Runtime      # DAGs    # Errors  Last Runtime    Last Run
------------------------------------  -----  ---------  --------  ----------  --------------  -------------------
/opt/airflow/dags/flight-pipeline.py                           1           0  1.05s           2026-08-19T23:18:41
================================================================================
[2026-08-19T23:19:23.801+0000] {manager.py:878} INFO - 
================================================================================
DAG File Processing Stats

File Path                             PID    Runtime      # DAGs    # Errors  Last Runtime    Last Run
------------------------------------  -----  ---------  --------  ----------  --------------  -------------------
/opt/airflow/dags/flight-pipeline.py                           1           0  1.11s           2026-08-19T23:19:12
================================================================================
[2026-08-19T23:19:54.109+0000] {manager.py:878} INFO - 
================================================================================
DAG File Processing Stats

File Path                             PID    Runtime      # DAGs    # Errors  Last Runtime    Last Run
------------------------------------  -----  ---------  --------  ----------  --------------  -------------------
/opt/airflow/dags/flight-pipeline.py                           1           0  1.21s           2026-08-19T23:19:44
================================================================================
[2026-08-19T23:20:24.392+0000] {manager.py:878} INFO - 
================================================================================
DAG File Processing Stats

File Path                             PID    Runtime      # DAGs    # Errors  Last Runtime    Last Run
------------------------------------  -----  ---------  --------  ----------  --------------  -------------------
/opt/airflow/dags/flight-pipeline.py                           1           0  1.06s           2026-08-19T23:20:15
================================================================================
[2026-08-19T23:20:53.685+0000] {manager.py:737} INFO - Searching for files in /opt/airflow/dags
[2026-08-19T23:20:53.722+0000] {manager.py:740} INFO - There are 1 files in /opt/airflow/dags
[2026-08-19T23:20:54.750+0000] {manager.py:878} INFO - 
================================================================================
DAG File Processing Stats

File Path                             PID    Runtime      # DAGs    # Errors  Last Runtime    Last Run
------------------------------------  -----  ---------  --------  ----------  --------------  -------------------
/opt/airflow/dags/flight-pipeline.py                           1           0  1.04s           2026-08-19T23:20:46
================================================================================
[2026-08-19T23:21:25.022+0000] {manager.py:878} INFO - 
================================================================================
DAG File Processing Stats

File Path                             PID    Runtime      # DAGs    # Errors  Last Runtime    Last Run
------------------------------------  -----  ---------  --------  ----------  --------------  -------------------
/opt/airflow/dags/flight-pipeline.py                           1           0  1.06s           2026-08-19T23:21:17
================================================================================
[2026-08-19T23:21:55.318+0000] {manager.py:878} INFO - 
================================================================================
DAG File Processing Stats

File Path                             PID    Runtime      # DAGs    # Errors  Last Runtime    Last Run
------------------------------------  -----  ---------  --------  ----------  --------------  -------------------
/opt/airflow/dags/flight-pipeline.py                           1           0  1.04s           2026-08-19T23:21:49
================================================================================
[2026-08-19T23:22:25.606+0000] {manager.py:878} INFO - 
================================================================================
DAG File Processing Stats

File Path                             PID    Runtime      # DAGs    # Errors  Last Runtime    Last Run
------------------------------------  -----  ---------  --------  ----------  --------------  -------------------
/opt/airflow/dags/flight-pipeline.py                           1           0  1.05s           2026-08-19T23:22:20
================================================================================
[2026-08-19T23:22:55.869+0000] {manager.py:878} INFO - 
================================================================================
DAG File Processing Stats

File Path                             PID    Runtime      # DAGs    # Errors  Last Runtime    Last Run
------------------------------------  -----  ---------  --------  ----------  --------------  -------------------
/opt/airflow/dags/flight-pipeline.py                           1           0  1.00s           2026-08-19T23:22:51
================================================================================
[2026-08-19T23:23:26.138+0000] {manager.py:878} INFO - 
================================================================================
DAG File Processing Stats

File Path                             PID    Runtime      # DAGs    # Errors  Last Runtime    Last Run
------------------------------------  -----  ---------  --------  ----------  --------------  -------------------
/opt/airflow/dags/flight-pipeline.py                           1           0  1.06s           2026-08-19T23:23:23
================================================================================
[2026-08-19T23:23:56.440+0000] {manager.py:878} INFO - 
================================================================================
DAG File Processing Stats

File Path                             PID    Runtime      # DAGs    # Errors  Last Runtime    Last Run
------------------------------------  -----  ---------  --------  ----------  --------------  -------------------
/opt/airflow/dags/flight-pipeline.py                           1           0  1.10s           2026-08-19T23:23:54
================================================================================
[2026-08-19T23:24:26.709+0000] {manager.py:878} INFO - 
================================================================================
DAG File Processing Stats

File Path                             PID    Runtime      # DAGs    # Errors  Last Runtime    Last Run
------------------------------------  -----  ---------  --------  ----------  --------------  -------------------
/opt/airflow/dags/flight-pipeline.py                           1           0  1.09s           2026-08-19T23:24:25
================================================================================
[2026-08-19T23:24:56.973+0000] {manager.py:878} INFO - 
================================================================================
DAG File Processing Stats

File Path                               PID  Runtime      # DAGs    # Errors  Last Runtime    Last Run
------------------------------------  -----  ---------  --------  ----------  --------------  -------------------
/opt/airflow/dags/flight-pipeline.py    710  1.02s             1           0  1.09s           2026-08-19T23:24:25
================================================================================
[2026-08-19T23:25:27.262+0000] {manager.py:878} INFO - 
================================================================================
DAG File Processing Stats

File Path                               PID  Runtime      # DAGs    # Errors  Last Runtime    Last Run
------------------------------------  -----  ---------  --------  ----------  --------------  -------------------
/opt/airflow/dags/flight-pipeline.py    712  0.01s             1           0  1.08s           2026-08-19T23:24:57
================================================================================
[2026-08-19T23:25:53.865+0000] {manager.py:737} INFO - Searching for files in /opt/airflow/dags
[2026-08-19T23:25:53.906+0000] {manager.py:740} INFO - There are 1 files in /opt/airflow/dags
[2026-08-19T23:25:57.500+0000] {manager.py:878} INFO - 
================================================================================
DAG File Processing Stats

File Path                             PID    Runtime      # DAGs    # Errors  Last Runtime    Last Run
------------------------------------  -----  ---------  --------  ----------  --------------  -------------------
/opt/airflow/dags/flight-pipeline.py                           1           0  1.44s           2026-08-19T23:25:28
================================================================================
[2026-08-19T23:26:28.253+0000] {manager.py:878} INFO - 
================================================================================
DAG File Processing Stats

File Path                             PID    Runtime      # DAGs    # Errors  Last Runtime    Last Run
------------------------------------  -----  ---------  --------  ----------  --------------  -------------------
/opt/airflow/dags/flight-pipeline.py                           1           0  1.14s           2026-08-19T23:26:00
================================================================================
[2026-08-19T23:26:58.510+0000] {manager.py:878} INFO - 
================================================================================
DAG File Processing Stats

File Path                             PID    Runtime      # DAGs    # Errors  Last Runtime    Last Run
------------------------------------  -----  ---------  --------  ----------  --------------  -------------------
/opt/airflow/dags/flight-pipeline.py                           1           0  1.05s           2026-08-19T23:26:31
================================================================================
[2026-08-19T23:27:28.781+0000] {manager.py:878} INFO - 
================================================================================
DAG File Processing Stats

File Path                             PID    Runtime      # DAGs    # Errors  Last Runtime    Last Run
------------------------------------  -----  ---------  --------  ----------  --------------  -------------------
/opt/airflow/dags/flight-pipeline.py                           1           0  1.07s           2026-08-19T23:27:02
================================================================================
[2026-08-19T23:27:59.065+0000] {manager.py:878} INFO - 
================================================================================
DAG File Processing Stats

File Path                             PID    Runtime      # DAGs    # Errors  Last Runtime    Last Run
------------------------------------  -----  ---------  --------  ----------  --------------  -------------------
/opt/airflow/dags/flight-pipeline.py                           1           0  1.11s           2026-08-19T23:27:33
================================================================================
[2026-08-19T23:28:29.387+0000] {manager.py:878} INFO - 
================================================================================
DAG File Processing Stats

File Path                             PID    Runtime      # DAGs    # Errors  Last Runtime    Last Run
------------------------------------  -----  ---------  --------  ----------  --------------  -------------------
/opt/airflow/dags/flight-pipeline.py                           1           0  1.33s           2026-08-19T23:28:05
================================================================================
[2026-08-19T23:28:59.930+0000] {manager.py:878} INFO - 
================================================================================
DAG File Processing Stats

File Path                             PID    Runtime      # DAGs    # Errors  Last Runtime    Last Run
------------------------------------  -----  ---------  --------  ----------  --------------  -------------------
/opt/airflow/dags/flight-pipeline.py                           1           0  1.24s           2026-08-19T23:28:36
================================================================================
[2026-08-19T23:29:30.200+0000] {manager.py:878} INFO - 
================================================================================
DAG File Processing Stats

File Path                             PID    Runtime      # DAGs    # Errors  Last Runtime    Last Run
------------------------------------  -----  ---------  --------  ----------  --------------  -------------------
/opt/airflow/dags/flight-pipeline.py                           1           0  1.15s           2026-08-19T23:29:08
================================================================================
[2026-08-19T23:30:00.489+0000] {manager.py:878} INFO - 
================================================================================
DAG File Processing Stats

File Path                             PID    Runtime      # DAGs    # Errors  Last Runtime    Last Run
------------------------------------  -----  ---------  --------  ----------  --------------  -------------------
/opt/airflow/dags/flight-pipeline.py                           1           0  1.09s           2026-08-19T23:29:39
================================================================================
[2026-08-19T23:30:30.765+0000] {manager.py:878} INFO - 
================================================================================
DAG File Processing Stats

File Path                             PID    Runtime      # DAGs    # Errors  Last Runtime    Last Run
------------------------------------  -----  ---------  --------  ----------  --------------  -------------------
/opt/airflow/dags/flight-pipeline.py                           1           0  1.22s           2026-08-19T23:30:10
================================================================================
[2026-08-19T23:30:53.969+0000] {manager.py:737} INFO - Searching for files in /opt/airflow/dags
[2026-08-19T23:30:54.008+0000] {manager.py:740} INFO - There are 1 files in /opt/airflow/dags
[2026-08-19T23:31:01.088+0000] {manager.py:878} INFO - 
================================================================================
DAG File Processing Stats

File Path                             PID    Runtime      # DAGs    # Errors  Last Runtime    Last Run
------------------------------------  -----  ---------  --------  ----------  --------------  -------------------
/opt/airflow/dags/flight-pipeline.py                           1           0  1.04s           2026-08-19T23:30:41
================================================================================
[2026-08-19T23:31:31.399+0000] {manager.py:878} INFO - 
================================================================================
DAG File Processing Stats

File Path                             PID    Runtime      # DAGs    # Errors  Last Runtime    Last Run
------------------------------------  -----  ---------  --------  ----------  --------------  -------------------
/opt/airflow/dags/flight-pipeline.py                           1           0  1.21s           2026-08-19T23:31:13
================================================================================
[2026-08-19T23:32:01.672+0000] {manager.py:878} INFO - 
================================================================================
DAG File Processing Stats

File Path                             PID    Runtime      # DAGs    # Errors  Last Runtime    Last Run
------------------------------------  -----  ---------  --------  ----------  --------------  -------------------
/opt/airflow/dags/flight-pipeline.py                           1           0  1.14s           2026-08-19T23:31:44
================================================================================
[2026-08-19T23:32:32.049+0000] {manager.py:878} INFO - 
================================================================================
DAG File Processing Stats

File Path                             PID    Runtime      # DAGs    # Errors  Last Runtime    Last Run
------------------------------------  -----  ---------  --------  ----------  --------------  -------------------
/opt/airflow/dags/flight-pipeline.py                           1           0  1.13s           2026-08-19T23:32:15
================================================================================
[2026-08-19T23:33:02.345+0000] {manager.py:878} INFO - 
================================================================================
DAG File Processing Stats

File Path                             PID    Runtime      # DAGs    # Errors  Last Runtime    Last Run
------------------------------------  -----  ---------  --------  ----------  --------------  -------------------
/opt/airflow/dags/flight-pipeline.py                           1           0  1.11s           2026-08-19T23:32:47
================================================================================
[2026-08-19T23:33:32.737+0000] {manager.py:878} INFO - 
================================================================================
DAG File Processing Stats

File Path                             PID    Runtime      # DAGs    # Errors  Last Runtime    Last Run
------------------------------------  -----  ---------  --------  ----------  --------------  -------------------
/opt/airflow/dags/flight-pipeline.py                           1           0  1.13s           2026-08-19T23:33:18
================================================================================
[2026-08-19T23:34:03.495+0000] {manager.py:878} INFO - 
================================================================================
DAG File Processing Stats

File Path                             PID    Runtime      # DAGs    # Errors  Last Runtime    Last Run
------------------------------------  -----  ---------  --------  ----------  --------------  -------------------
/opt/airflow/dags/flight-pipeline.py                           1           0  2.00s           2026-08-19T23:33:51
================================================================================
[2026-08-19T23:34:33.688+0000] {manager.py:878} INFO - 
================================================================================
DAG File Processing Stats

File Path                             PID    Runtime      # DAGs    # Errors  Last Runtime    Last Run
------------------------------------  -----  ---------  --------  ----------  --------------  -------------------
/opt/airflow/dags/flight-pipeline.py                           1           0  1.24s           2026-08-19T23:34:22
================================================================================
[2026-08-19T23:35:03.967+0000] {manager.py:878} INFO - 
================================================================================
DAG File Processing Stats

File Path                             PID    Runtime      # DAGs    # Errors  Last Runtime    Last Run
------------------------------------  -----  ---------  --------  ----------  --------------  -------------------
/opt/airflow/dags/flight-pipeline.py                           1           0  1.17s           2026-08-19T23:34:54
================================================================================
[2026-08-19T23:35:34.387+0000] {manager.py:878} INFO - 
================================================================================
DAG File Processing Stats

File Path                             PID    Runtime      # DAGs    # Errors  Last Runtime    Last Run
------------------------------------  -----  ---------  --------  ----------  --------------  -------------------
/opt/airflow/dags/flight-pipeline.py                           1           0  1.13s           2026-08-19T23:35:25
================================================================================
[2026-08-19T23:35:54.552+0000] {manager.py:737} INFO - Searching for files in /opt/airflow/dags
[2026-08-19T23:35:54.590+0000] {manager.py:740} INFO - There are 1 files in /opt/airflow/dags
[2026-08-19T23:36:04.727+0000] {manager.py:878} INFO - 
================================================================================
DAG File Processing Stats

File Path                             PID    Runtime      # DAGs    # Errors  Last Runtime    Last Run
------------------------------------  -----  ---------  --------  ----------  --------------  -------------------
/opt/airflow/dags/flight-pipeline.py                           1           0  1.21s           2026-08-19T23:35:56
================================================================================
[2026-08-19T23:36:34.982+0000] {manager.py:878} INFO - 
================================================================================
DAG File Processing Stats

File Path                             PID    Runtime      # DAGs    # Errors  Last Runtime    Last Run
------------------------------------  -----  ---------  --------  ----------  --------------  -------------------
/opt/airflow/dags/flight-pipeline.py                           1           0  1.13s           2026-08-19T23:36:28
================================================================================
[2026-08-19T23:37:05.612+0000] {manager.py:878} INFO - 
================================================================================
DAG File Processing Stats

File Path                             PID    Runtime      # DAGs    # Errors  Last Runtime    Last Run
------------------------------------  -----  ---------  --------  ----------  --------------  -------------------
/opt/airflow/dags/flight-pipeline.py                           1           0  1.10s           2026-08-19T23:36:59
================================================================================
[2026-08-19T23:37:35.927+0000] {manager.py:878} INFO - 
================================================================================
DAG File Processing Stats

File Path                             PID    Runtime      # DAGs    # Errors  Last Runtime    Last Run
------------------------------------  -----  ---------  --------  ----------  --------------  -------------------
/opt/airflow/dags/flight-pipeline.py                           1           0  1.34s           2026-08-19T23:37:31
================================================================================
[2026-08-19T23:38:06.475+0000] {manager.py:878} INFO - 
================================================================================
DAG File Processing Stats

File Path                             PID    Runtime      # DAGs    # Errors  Last Runtime    Last Run
------------------------------------  -----  ---------  --------  ----------  --------------  -------------------
/opt/airflow/dags/flight-pipeline.py                           1           0  1.11s           2026-08-19T23:38:02
================================================================================
[2026-08-19T23:38:36.809+0000] {manager.py:878} INFO - 
================================================================================
DAG File Processing Stats

File Path                             PID    Runtime      # DAGs    # Errors  Last Runtime    Last Run
------------------------------------  -----  ---------  --------  ----------  --------------  -------------------
/opt/airflow/dags/flight-pipeline.py                           1           0  1.11s           2026-08-19T23:38:33
================================================================================
[2026-08-19T23:39:07.091+0000] {manager.py:878} INFO - 
================================================================================
DAG File Processing Stats

File Path                             PID    Runtime      # DAGs    # Errors  Last Runtime    Last Run
------------------------------------  -----  ---------  --------  ----------  --------------  -------------------
/opt/airflow/dags/flight-pipeline.py                           1           0  1.09s           2026-08-19T23:39:05
================================================================================
[2026-08-19T23:39:37.369+0000] {manager.py:878} INFO - 
================================================================================
DAG File Processing Stats

File Path                             PID    Runtime      # DAGs    # Errors  Last Runtime    Last Run
------------------------------------  -----  ---------  --------  ----------  --------------  -------------------
/opt/airflow/dags/flight-pipeline.py                           1           0  1.16s           2026-08-19T23:39:36
================================================================================
[2026-08-19T23:40:07.628+0000] {manager.py:878} INFO - 
================================================================================
DAG File Processing Stats

File Path                               PID  Runtime      # DAGs    # Errors  Last Runtime    Last Run
------------------------------------  -----  ---------  --------  ----------  --------------  -------------------
/opt/airflow/dags/flight-pipeline.py    798  1.01s             1           0  1.16s           2026-08-19T23:39:36
================================================================================
[2026-08-19T23:40:37.885+0000] {manager.py:878} INFO - 
================================================================================
DAG File Processing Stats

File Path                               PID  Runtime      # DAGs    # Errors  Last Runtime    Last Run
------------------------------------  -----  ---------  --------  ----------  --------------  -------------------
/opt/airflow/dags/flight-pipeline.py    800  0.01s             1           0  1.12s           2026-08-19T23:40:07
================================================================================
[2026-08-19T23:40:55.076+0000] {manager.py:737} INFO - Searching for files in /opt/airflow/dags
[2026-08-19T23:40:55.112+0000] {manager.py:740} INFO - There are 1 files in /opt/airflow/dags
[2026-08-19T23:41:08.231+0000] {manager.py:878} INFO - 
================================================================================
DAG File Processing Stats

File Path                             PID    Runtime      # DAGs    # Errors  Last Runtime    Last Run
------------------------------------  -----  ---------  --------  ----------  --------------  -------------------
/opt/airflow/dags/flight-pipeline.py                           1           0  1.19s           2026-08-19T23:40:39
================================================================================
[2026-08-19T23:41:38.504+0000] {manager.py:878} INFO - 
================================================================================
DAG File Processing Stats

File Path                             PID    Runtime      # DAGs    # Errors  Last Runtime    Last Run
------------------------------------  -----  ---------  --------  ----------  --------------  -------------------
/opt/airflow/dags/flight-pipeline.py                           1           0  1.12s           2026-08-19T23:41:10
================================================================================
[2026-08-19T23:42:08.791+0000] {manager.py:878} INFO - 
================================================================================
DAG File Processing Stats

File Path                             PID    Runtime      # DAGs    # Errors  Last Runtime    Last Run
------------------------------------  -----  ---------  --------  ----------  --------------  -------------------
/opt/airflow/dags/flight-pipeline.py                           1           0  1.09s           2026-08-19T23:41:41
================================================================================
[2026-08-19T23:42:39.065+0000] {manager.py:878} INFO - 
================================================================================
DAG File Processing Stats

File Path                             PID    Runtime      # DAGs    # Errors  Last Runtime    Last Run
------------------------------------  -----  ---------  --------  ----------  --------------  -------------------
/opt/airflow/dags/flight-pipeline.py                           1           0  1.07s           2026-08-19T23:42:12
================================================================================
[2026-08-19T23:43:09.328+0000] {manager.py:878} INFO - 
================================================================================
DAG File Processing Stats

File Path                             PID    Runtime      # DAGs    # Errors  Last Runtime    Last Run
------------------------------------  -----  ---------  --------  ----------  --------------  -------------------
/opt/airflow/dags/flight-pipeline.py                           1           0  1.08s           2026-08-19T23:42:44
================================================================================
[2026-08-19T23:43:39.597+0000] {manager.py:878} INFO - 
================================================================================
DAG File Processing Stats

File Path                             PID    Runtime      # DAGs    # Errors  Last Runtime    Last Run
------------------------------------  -----  ---------  --------  ----------  --------------  -------------------
/opt/airflow/dags/flight-pipeline.py                           1           0  1.10s           2026-08-19T23:43:15
================================================================================
[2026-08-19T23:44:09.882+0000] {manager.py:878} INFO - 
================================================================================
DAG File Processing Stats

File Path                             PID    Runtime      # DAGs    # Errors  Last Runtime    Last Run
------------------------------------  -----  ---------  --------  ----------  --------------  -------------------
/opt/airflow/dags/flight-pipeline.py                           1           0  1.15s           2026-08-19T23:43:46
================================================================================
[2026-08-19T23:44:40.143+0000] {manager.py:878} INFO - 
================================================================================
DAG File Processing Stats

File Path                             PID    Runtime      # DAGs    # Errors  Last Runtime    Last Run
------------------------------------  -----  ---------  --------  ----------  --------------  -------------------
/opt/airflow/dags/flight-pipeline.py                           1           0  1.06s           2026-08-19T23:44:18
================================================================================
[2026-08-19T23:45:10.411+0000] {manager.py:878} INFO - 
================================================================================
DAG File Processing Stats

File Path                             PID    Runtime      # DAGs    # Errors  Last Runtime    Last Run
------------------------------------  -----  ---------  --------  ----------  --------------  -------------------
/opt/airflow/dags/flight-pipeline.py                           1           0  1.09s           2026-08-19T23:44:49
================================================================================
[2026-08-19T23:45:40.680+0000] {manager.py:878} INFO - 
================================================================================
DAG File Processing Stats

File Path                             PID    Runtime      # DAGs    # Errors  Last Runtime    Last Run
------------------------------------  -----  ---------  --------  ----------  --------------  -------------------
/opt/airflow/dags/flight-pipeline.py                           1           0  1.08s           2026-08-19T23:45:20
================================================================================
[2026-08-19T23:45:55.848+0000] {manager.py:737} INFO - Searching for files in /opt/airflow/dags
[2026-08-19T23:45:55.887+0000] {manager.py:740} INFO - There are 1 files in /opt/airflow/dags
[2026-08-19T23:46:11.022+0000] {manager.py:878} INFO - 
================================================================================
DAG File Processing Stats

File Path                             PID    Runtime      # DAGs    # Errors  Last Runtime    Last Run
------------------------------------  -----  ---------  --------  ----------  --------------  -------------------
/opt/airflow/dags/flight-pipeline.py                           1           0  1.07s           2026-08-19T23:45:51
================================================================================
[2026-08-19T23:46:41.293+0000] {manager.py:878} INFO - 
================================================================================
DAG File Processing Stats

File Path                             PID    Runtime      # DAGs    # Errors  Last Runtime    Last Run
------------------------------------  -----  ---------  --------  ----------  --------------  -------------------
/opt/airflow/dags/flight-pipeline.py                           1           0  1.05s           2026-08-19T23:46:23
================================================================================
[2026-08-19T23:47:11.574+0000] {manager.py:878} INFO - 
================================================================================
DAG File Processing Stats

File Path                             PID    Runtime      # DAGs    # Errors  Last Runtime    Last Run
------------------------------------  -----  ---------  --------  ----------  --------------  -------------------
/opt/airflow/dags/flight-pipeline.py                           1           0  1.04s           2026-08-19T23:46:54
================================================================================
[2026-08-19T23:47:41.845+0000] {manager.py:878} INFO - 
================================================================================
DAG File Processing Stats

File Path                             PID    Runtime      # DAGs    # Errors  Last Runtime    Last Run
------------------------------------  -----  ---------  --------  ----------  --------------  -------------------
/opt/airflow/dags/flight-pipeline.py                           1           0  1.08s           2026-08-19T23:47:25
================================================================================
[2026-08-19T23:48:12.106+0000] {manager.py:878} INFO - 
================================================================================
DAG File Processing Stats

File Path                             PID    Runtime      # DAGs    # Errors  Last Runtime    Last Run
------------------------------------  -----  ---------  --------  ----------  --------------  -------------------
/opt/airflow/dags/flight-pipeline.py                           1           0  1.15s           2026-08-19T23:47:57
================================================================================
[2026-08-19T23:48:42.372+0000] {manager.py:878} INFO - 
================================================================================
DAG File Processing Stats

File Path                             PID    Runtime      # DAGs    # Errors  Last Runtime    Last Run
------------------------------------  -----  ---------  --------  ----------  --------------  -------------------
/opt/airflow/dags/flight-pipeline.py                           1           0  1.02s           2026-08-19T23:48:28
================================================================================
[2026-08-19T23:49:12.753+0000] {manager.py:878} INFO - 
================================================================================
DAG File Processing Stats

File Path                             PID    Runtime      # DAGs    # Errors  Last Runtime    Last Run
------------------------------------  -----  ---------  --------  ----------  --------------  -------------------
/opt/airflow/dags/flight-pipeline.py                           1           0  1.11s           2026-08-19T23:48:59
================================================================================
[2026-08-19T23:49:43.008+0000] {manager.py:878} INFO - 
================================================================================
DAG File Processing Stats

File Path                             PID    Runtime      # DAGs    # Errors  Last Runtime    Last Run
------------------------------------  -----  ---------  --------  ----------  --------------  -------------------
/opt/airflow/dags/flight-pipeline.py                           1           0  1.05s           2026-08-19T23:49:30
================================================================================
[2026-08-19T23:50:13.277+0000] {manager.py:878} INFO - 
================================================================================
DAG File Processing Stats

File Path                             PID    Runtime      # DAGs    # Errors  Last Runtime    Last Run
------------------------------------  -----  ---------  --------  ----------  --------------  -------------------
/opt/airflow/dags/flight-pipeline.py                           1           0  1.10s           2026-08-19T23:50:02
================================================================================
[2026-08-19T23:50:43.545+0000] {manager.py:878} INFO - 
================================================================================
DAG File Processing Stats

File Path                             PID    Runtime      # DAGs    # Errors  Last Runtime    Last Run
------------------------------------  -----  ---------  --------  ----------  --------------  -------------------
/opt/airflow/dags/flight-pipeline.py                           1           0  1.03s           2026-08-19T23:50:33
================================================================================
[2026-08-19T23:50:56.651+0000] {manager.py:737} INFO - Searching for files in /opt/airflow/dags
[2026-08-19T23:50:56.701+0000] {manager.py:740} INFO - There are 1 files in /opt/airflow/dags
[2026-08-19T23:51:13.918+0000] {manager.py:878} INFO - 
================================================================================
DAG File Processing Stats

File Path                             PID    Runtime      # DAGs    # Errors  Last Runtime    Last Run
------------------------------------  -----  ---------  --------  ----------  --------------  -------------------
/opt/airflow/dags/flight-pipeline.py                           1           0  1.03s           2026-08-19T23:51:04
================================================================================
[2026-08-19T23:51:44.220+0000] {manager.py:878} INFO - 
================================================================================
DAG File Processing Stats

File Path                             PID    Runtime      # DAGs    # Errors  Last Runtime    Last Run
------------------------------------  -----  ---------  --------  ----------  --------------  -------------------
/opt/airflow/dags/flight-pipeline.py                           1           0  1.03s           2026-08-19T23:51:36
================================================================================
[2026-08-19T23:52:14.521+0000] {manager.py:878} INFO - 
================================================================================
DAG File Processing Stats

File Path                             PID    Runtime      # DAGs    # Errors  Last Runtime    Last Run
------------------------------------  -----  ---------  --------  ----------  --------------  -------------------
/opt/airflow/dags/flight-pipeline.py                           1           0  1.13s           2026-08-19T23:52:07
================================================================================
[2026-08-19T23:52:44.879+0000] {manager.py:878} INFO - 
================================================================================
DAG File Processing Stats

File Path                             PID    Runtime      # DAGs    # Errors  Last Runtime    Last Run
------------------------------------  -----  ---------  --------  ----------  --------------  -------------------
/opt/airflow/dags/flight-pipeline.py                           1           0  1.11s           2026-08-19T23:52:38
================================================================================
[2026-08-19T23:53:15.179+0000] {manager.py:878} INFO - 
================================================================================
DAG File Processing Stats

File Path                             PID    Runtime      # DAGs    # Errors  Last Runtime    Last Run
------------------------------------  -----  ---------  --------  ----------  --------------  -------------------
/opt/airflow/dags/flight-pipeline.py                           1           0  1.11s           2026-08-19T23:53:10
================================================================================
[2026-08-19T23:53:45.470+0000] {manager.py:878} INFO - 
================================================================================
DAG File Processing Stats

File Path                             PID    Runtime      # DAGs    # Errors  Last Runtime    Last Run
------------------------------------  -----  ---------  --------  ----------  --------------  -------------------
/opt/airflow/dags/flight-pipeline.py                           1           0  1.11s           2026-08-19T23:53:41
================================================================================
[2026-08-19T23:54:15.748+0000] {manager.py:878} INFO - 
================================================================================
DAG File Processing Stats

File Path                             PID    Runtime      # DAGs    # Errors  Last Runtime    Last Run
------------------------------------  -----  ---------  --------  ----------  --------------  -------------------
/opt/airflow/dags/flight-pipeline.py                           1           0  1.06s           2026-08-19T23:54:12
================================================================================
[2026-08-19T23:54:46.032+0000] {manager.py:878} INFO - 
================================================================================
DAG File Processing Stats

File Path                             PID    Runtime      # DAGs    # Errors  Last Runtime    Last Run
------------------------------------  -----  ---------  --------  ----------  --------------  -------------------
/opt/airflow/dags/flight-pipeline.py                           1           0  1.17s           2026-08-19T23:54:44
================================================================================
[2026-08-19T23:55:16.376+0000] {manager.py:878} INFO - 
================================================================================
DAG File Processing Stats

File Path                             PID    Runtime      # DAGs    # Errors  Last Runtime    Last Run
------------------------------------  -----  ---------  --------  ----------  --------------  -------------------
/opt/airflow/dags/flight-pipeline.py                           1           0  1.17s           2026-08-19T23:55:15
================================================================================
[2026-08-19T23:55:46.629+0000] {manager.py:878} INFO - 
================================================================================
DAG File Processing Stats

File Path                               PID  Runtime      # DAGs    # Errors  Last Runtime    Last Run
------------------------------------  -----  ---------  --------  ----------  --------------  -------------------
/opt/airflow/dags/flight-pipeline.py    858  1.02s             1           0  1.17s           2026-08-19T23:55:15
================================================================================
[2026-08-19T23:55:56.735+0000] {manager.py:737} INFO - Searching for files in /opt/airflow/dags
[2026-08-19T23:55:56.774+0000] {manager.py:740} INFO - There are 1 files in /opt/airflow/dags
[2026-08-19T23:56:16.978+0000] {manager.py:878} INFO - 
================================================================================
DAG File Processing Stats

File Path                               PID  Runtime      # DAGs    # Errors  Last Runtime    Last Run
------------------------------------  -----  ---------  --------  ----------  --------------  -------------------
/opt/airflow/dags/flight-pipeline.py    860  0.01s             1           0  1.11s           2026-08-19T23:55:46
================================================================================
[2026-08-19T23:56:47.239+0000] {manager.py:878} INFO - 
================================================================================
DAG File Processing Stats

File Path                             PID    Runtime      # DAGs    # Errors  Last Runtime    Last Run
------------------------------------  -----  ---------  --------  ----------  --------------  -------------------
/opt/airflow/dags/flight-pipeline.py                           1           0  1.23s           2026-08-19T23:56:18
================================================================================
[2026-08-19T23:57:17.634+0000] {manager.py:878} INFO - 
================================================================================
DAG File Processing Stats

File Path                             PID    Runtime      # DAGs    # Errors  Last Runtime    Last Run
------------------------------------  -----  ---------  --------  ----------  --------------  -------------------
/opt/airflow/dags/flight-pipeline.py                           1           0  1.28s           2026-08-19T23:56:49
================================================================================
[2026-08-19T23:57:47.970+0000] {manager.py:878} INFO - 
================================================================================
DAG File Processing Stats

File Path                             PID    Runtime      # DAGs    # Errors  Last Runtime    Last Run
------------------------------------  -----  ---------  --------  ----------  --------------  -------------------
/opt/airflow/dags/flight-pipeline.py                           1           0  1.13s           2026-08-19T23:57:20
================================================================================
[2026-08-19T23:58:18.243+0000] {manager.py:878} INFO - 
================================================================================
DAG File Processing Stats

File Path                             PID    Runtime      # DAGs    # Errors  Last Runtime    Last Run
------------------------------------  -----  ---------  --------  ----------  --------------  -------------------
/opt/airflow/dags/flight-pipeline.py                           1           0  1.21s           2026-08-19T23:57:52
================================================================================
[2026-08-19T23:58:48.526+0000] {manager.py:878} INFO - 
================================================================================
DAG File Processing Stats

File Path                             PID    Runtime      # DAGs    # Errors  Last Runtime    Last Run
------------------------------------  -----  ---------  --------  ----------  --------------  -------------------
/opt/airflow/dags/flight-pipeline.py                           1           0  1.14s           2026-08-19T23:58:23
================================================================================
[2026-08-19T23:59:18.842+0000] {manager.py:878} INFO - 
================================================================================
DAG File Processing Stats

File Path                             PID    Runtime      # DAGs    # Errors  Last Runtime    Last Run
------------------------------------  -----  ---------  --------  ----------  --------------  -------------------
/opt/airflow/dags/flight-pipeline.py                           1           0  1.12s           2026-08-19T23:58:54
================================================================================
[2026-08-19T23:59:49.123+0000] {manager.py:878} INFO - 
================================================================================
DAG File Processing Stats

File Path                             PID    Runtime      # DAGs    # Errors  Last Runtime    Last Run
------------------------------------  -----  ---------  --------  ----------  --------------  -------------------
/opt/airflow/dags/flight-pipeline.py                           1           0  1.11s           2026-08-19T23:59:26
================================================================================
[2026-08-20T00:00:19.414+0000] {manager.py:878} INFO - 
================================================================================
DAG File Processing Stats

File Path                             PID    Runtime      # DAGs    # Errors  Last Runtime    Last Run
------------------------------------  -----  ---------  --------  ----------  --------------  -------------------
/opt/airflow/dags/flight-pipeline.py                           1           0  1.25s           2026-08-19T23:59:57
================================================================================
[2026-08-20T00:00:49.880+0000] {manager.py:878} INFO - 
================================================================================
DAG File Processing Stats

File Path                             PID    Runtime      # DAGs    # Errors  Last Runtime    Last Run
------------------------------------  -----  ---------  --------  ----------  --------------  -------------------
/opt/airflow/dags/flight-pipeline.py                           1           0  1.27s           2026-08-20T00:00:28
================================================================================
[2026-08-20T00:00:56.936+0000] {manager.py:737} INFO - Searching for files in /opt/airflow/dags
[2026-08-20T00:00:56.973+0000] {manager.py:740} INFO - There are 1 files in /opt/airflow/dags
[2026-08-20T00:01:20.205+0000] {manager.py:878} INFO - 
================================================================================
DAG File Processing Stats

File Path                             PID    Runtime      # DAGs    # Errors  Last Runtime    Last Run
------------------------------------  -----  ---------  --------  ----------  --------------  -------------------
/opt/airflow/dags/flight-pipeline.py                           1           0  1.13s           2026-08-20T00:01:00
================================================================================
[2026-08-20T00:01:50.468+0000] {manager.py:878} INFO - 
================================================================================
DAG File Processing Stats

File Path                             PID    Runtime      # DAGs    # Errors  Last Runtime    Last Run
------------------------------------  -----  ---------  --------  ----------  --------------  -------------------
/opt/airflow/dags/flight-pipeline.py                           1           0  1.08s           2026-08-20T00:01:31
================================================================================
[2026-08-20T00:02:20.745+0000] {manager.py:878} INFO - 
================================================================================
DAG File Processing Stats

File Path                             PID    Runtime      # DAGs    # Errors  Last Runtime    Last Run
------------------------------------  -----  ---------  --------  ----------  --------------  -------------------
/opt/airflow/dags/flight-pipeline.py                           1           0  1.05s           2026-08-20T00:02:02
================================================================================
[2026-08-20T00:02:51.038+0000] {manager.py:878} INFO - 
================================================================================
DAG File Processing Stats

File Path                             PID    Runtime      # DAGs    # Errors  Last Runtime    Last Run
------------------------------------  -----  ---------  --------  ----------  --------------  -------------------
/opt/airflow/dags/flight-pipeline.py                           1           0  1.07s           2026-08-20T00:02:33
================================================================================
[2026-08-20T00:03:21.308+0000] {manager.py:878} INFO - 
================================================================================
DAG File Processing Stats

File Path                             PID    Runtime      # DAGs    # Errors  Last Runtime    Last Run
------------------------------------  -----  ---------  --------  ----------  --------------  -------------------
/opt/airflow/dags/flight-pipeline.py                           1           0  1.04s           2026-08-20T00:03:05
================================================================================
[2026-08-20T00:03:51.578+0000] {manager.py:878} INFO - 
================================================================================
DAG File Processing Stats

File Path                             PID    Runtime      # DAGs    # Errors  Last Runtime    Last Run
------------------------------------  -----  ---------  --------  ----------  --------------  -------------------
/opt/airflow/dags/flight-pipeline.py                           1           0  1.04s           2026-08-20T00:03:36
================================================================================
[2026-08-20T00:04:21.848+0000] {manager.py:878} INFO - 
================================================================================
DAG File Processing Stats

File Path                             PID    Runtime      # DAGs    # Errors  Last Runtime    Last Run
------------------------------------  -----  ---------  --------  ----------  --------------  -------------------
/opt/airflow/dags/flight-pipeline.py                           1           0  1.13s           2026-08-20T00:04:07
================================================================================
[2026-08-20T00:04:52.108+0000] {manager.py:878} INFO - 
================================================================================
DAG File Processing Stats

File Path                             PID    Runtime      # DAGs    # Errors  Last Runtime    Last Run
------------------------------------  -----  ---------  --------  ----------  --------------  -------------------
/opt/airflow/dags/flight-pipeline.py                           1           0  1.06s           2026-08-20T00:04:39
================================================================================
[2026-08-20T00:05:22.370+0000] {manager.py:878} INFO - 
================================================================================
DAG File Processing Stats

File Path                             PID    Runtime      # DAGs    # Errors  Last Runtime    Last Run
------------------------------------  -----  ---------  --------  ----------  --------------  -------------------
/opt/airflow/dags/flight-pipeline.py                           1           0  1.08s           2026-08-20T00:05:10
================================================================================
[2026-08-20T00:05:52.639+0000] {manager.py:878} INFO - 
================================================================================
DAG File Processing Stats

File Path                             PID    Runtime      # DAGs    # Errors  Last Runtime    Last Run
------------------------------------  -----  ---------  --------  ----------  --------------  -------------------
/opt/airflow/dags/flight-pipeline.py                           1           0  1.04s           2026-08-20T00:05:41
================================================================================
[2026-08-20T00:05:57.677+0000] {manager.py:737} INFO - Searching for files in /opt/airflow/dags
[2026-08-20T00:05:57.726+0000] {manager.py:740} INFO - There are 1 files in /opt/airflow/dags
[2026-08-20T00:06:22.957+0000] {manager.py:878} INFO - 
================================================================================
DAG File Processing Stats

File Path                             PID    Runtime      # DAGs    # Errors  Last Runtime    Last Run
------------------------------------  -----  ---------  --------  ----------  --------------  -------------------
/opt/airflow/dags/flight-pipeline.py                           1           0  1.03s           2026-08-20T00:06:12
================================================================================
[2026-08-20T00:06:53.225+0000] {manager.py:878} INFO - 
================================================================================
DAG File Processing Stats

File Path                             PID    Runtime      # DAGs    # Errors  Last Runtime    Last Run
------------------------------------  -----  ---------  --------  ----------  --------------  -------------------
/opt/airflow/dags/flight-pipeline.py                           1           0  1.07s           2026-08-20T00:06:44
================================================================================
[2026-08-20T00:07:23.550+0000] {manager.py:878} INFO - 
================================================================================
DAG File Processing Stats

File Path                             PID    Runtime      # DAGs    # Errors  Last Runtime    Last Run
------------------------------------  -----  ---------  --------  ----------  --------------  -------------------
/opt/airflow/dags/flight-pipeline.py                           1           0  1.10s           2026-08-20T00:07:15
================================================================================
[2026-08-20T00:07:53.833+0000] {manager.py:878} INFO - 
================================================================================
DAG File Processing Stats

File Path                             PID    Runtime      # DAGs    # Errors  Last Runtime    Last Run
------------------------------------  -----  ---------  --------  ----------  --------------  -------------------
/opt/airflow/dags/flight-pipeline.py                           1           0  1.22s           2026-08-20T00:07:46
================================================================================
[2026-08-20T00:08:24.255+0000] {manager.py:878} INFO - 
================================================================================
DAG File Processing Stats

File Path                             PID    Runtime      # DAGs    # Errors  Last Runtime    Last Run
------------------------------------  -----  ---------  --------  ----------  --------------  -------------------
/opt/airflow/dags/flight-pipeline.py                           1           0  1.30s           2026-08-20T00:08:18
================================================================================
[2026-08-20T00:08:54.512+0000] {manager.py:878} INFO - 
================================================================================
DAG File Processing Stats

File Path                             PID    Runtime      # DAGs    # Errors  Last Runtime    Last Run
------------------------------------  -----  ---------  --------  ----------  --------------  -------------------
/opt/airflow/dags/flight-pipeline.py                           1           0  1.06s           2026-08-20T00:08:49
================================================================================
[2026-08-20T00:09:24.792+0000] {manager.py:878} INFO - 
================================================================================
DAG File Processing Stats

File Path                             PID    Runtime      # DAGs    # Errors  Last Runtime    Last Run
------------------------------------  -----  ---------  --------  ----------  --------------  -------------------
/opt/airflow/dags/flight-pipeline.py                           1           0  1.22s           2026-08-20T00:09:20
================================================================================
[2026-08-20T00:09:55.050+0000] {manager.py:878} INFO - 
================================================================================
DAG File Processing Stats

File Path                             PID    Runtime      # DAGs    # Errors  Last Runtime    Last Run
------------------------------------  -----  ---------  --------  ----------  --------------  -------------------
/opt/airflow/dags/flight-pipeline.py                           1           0  1.11s           2026-08-20T00:09:52
================================================================================
[2026-08-20T00:10:25.296+0000] {manager.py:878} INFO - 
================================================================================
DAG File Processing Stats

File Path                             PID    Runtime      # DAGs    # Errors  Last Runtime    Last Run
------------------------------------  -----  ---------  --------  ----------  --------------  -------------------
/opt/airflow/dags/flight-pipeline.py                           1           0  1.06s           2026-08-20T00:10:23
================================================================================
[2026-08-20T00:10:55.567+0000] {manager.py:878} INFO - 
================================================================================
DAG File Processing Stats

File Path                             PID    Runtime      # DAGs    # Errors  Last Runtime    Last Run
------------------------------------  -----  ---------  --------  ----------  --------------  -------------------
/opt/airflow/dags/flight-pipeline.py                           1           0  1.17s           2026-08-20T00:10:54
================================================================================
[2026-08-20T00:10:57.727+0000] {manager.py:737} INFO - Searching for files in /opt/airflow/dags
[2026-08-20T00:10:57.784+0000] {manager.py:740} INFO - There are 1 files in /opt/airflow/dags
[2026-08-20T00:11:25.817+0000] {manager.py:878} INFO - 
================================================================================
DAG File Processing Stats

File Path                               PID  Runtime      # DAGs    # Errors  Last Runtime    Last Run
------------------------------------  -----  ---------  --------  ----------  --------------  -------------------
/opt/airflow/dags/flight-pipeline.py    948  1.02s             1           0  1.17s           2026-08-20T00:10:54
================================================================================
[2026-08-20T00:11:56.288+0000] {manager.py:878} INFO - 
================================================================================
DAG File Processing Stats

File Path                               PID  Runtime      # DAGs    # Errors  Last Runtime    Last Run
------------------------------------  -----  ---------  --------  ----------  --------------  -------------------
/opt/airflow/dags/flight-pipeline.py    950  0.01s             1           0  1.25s           2026-08-20T00:11:26
================================================================================
[2026-08-20T00:12:26.533+0000] {manager.py:878} INFO - 
================================================================================
DAG File Processing Stats

File Path                             PID    Runtime      # DAGs    # Errors  Last Runtime    Last Run
------------------------------------  -----  ---------  --------  ----------  --------------  -------------------
/opt/airflow/dags/flight-pipeline.py                           1           0  1.15s           2026-08-20T00:11:57
================================================================================
[2026-08-20T00:12:56.894+0000] {manager.py:878} INFO - 
================================================================================
DAG File Processing Stats

File Path                             PID    Runtime      # DAGs    # Errors  Last Runtime    Last Run
------------------------------------  -----  ---------  --------  ----------  --------------  -------------------
/opt/airflow/dags/flight-pipeline.py                           1           0  1.27s           2026-08-20T00:12:28
================================================================================
[2026-08-20T00:13:27.360+0000] {manager.py:878} INFO - 
================================================================================
DAG File Processing Stats

File Path                             PID    Runtime      # DAGs    # Errors  Last Runtime    Last Run
------------------------------------  -----  ---------  --------  ----------  --------------  -------------------
/opt/airflow/dags/flight-pipeline.py                           1           0  1.35s           2026-08-20T00:13:00
================================================================================
[2026-08-20T00:13:57.733+0000] {manager.py:878} INFO - 
================================================================================
DAG File Processing Stats

File Path                             PID    Runtime      # DAGs    # Errors  Last Runtime    Last Run
------------------------------------  -----  ---------  --------  ----------  --------------  -------------------
/opt/airflow/dags/flight-pipeline.py                           1           0  1.19s           2026-08-20T00:13:31
================================================================================
[2026-08-20T00:14:28.069+0000] {manager.py:878} INFO - 
================================================================================
DAG File Processing Stats

File Path                             PID    Runtime      # DAGs    # Errors  Last Runtime    Last Run
------------------------------------  -----  ---------  --------  ----------  --------------  -------------------
/opt/airflow/dags/flight-pipeline.py                           1           0  1.23s           2026-08-20T00:14:03
================================================================================
[2026-08-20T00:14:58.340+0000] {manager.py:878} INFO - 
================================================================================
DAG File Processing Stats

File Path                             PID    Runtime      # DAGs    # Errors  Last Runtime    Last Run
------------------------------------  -----  ---------  --------  ----------  --------------  -------------------
/opt/airflow/dags/flight-pipeline.py                           1           0  1.15s           2026-08-20T00:14:34
================================================================================
[2026-08-20T00:15:28.599+0000] {manager.py:878} INFO - 
================================================================================
DAG File Processing Stats

File Path                             PID    Runtime      # DAGs    # Errors  Last Runtime    Last Run
------------------------------------  -----  ---------  --------  ----------  --------------  -------------------
/opt/airflow/dags/flight-pipeline.py                           1           0  1.06s           2026-08-20T00:15:05
================================================================================
[2026-08-20T00:15:57.868+0000] {manager.py:737} INFO - Searching for files in /opt/airflow/dags
[2026-08-20T00:15:57.917+0000] {manager.py:740} INFO - There are 1 files in /opt/airflow/dags
[2026-08-20T00:15:58.957+0000] {manager.py:878} INFO - 
================================================================================
DAG File Processing Stats

File Path                             PID    Runtime      # DAGs    # Errors  Last Runtime    Last Run
------------------------------------  -----  ---------  --------  ----------  --------------  -------------------
/opt/airflow/dags/flight-pipeline.py                           1           0  1.06s           2026-08-20T00:15:36
================================================================================
[2026-08-20T00:16:29.237+0000] {manager.py:878} INFO - 
================================================================================
DAG File Processing Stats

File Path                             PID    Runtime      # DAGs    # Errors  Last Runtime    Last Run
------------------------------------  -----  ---------  --------  ----------  --------------  -------------------
/opt/airflow/dags/flight-pipeline.py                           1           0  1.14s           2026-08-20T00:16:08
================================================================================
[2026-08-20T00:16:59.585+0000] {manager.py:878} INFO - 
================================================================================
DAG File Processing Stats

File Path                             PID    Runtime      # DAGs    # Errors  Last Runtime    Last Run
------------------------------------  -----  ---------  --------  ----------  --------------  -------------------
/opt/airflow/dags/flight-pipeline.py                           1           0  1.56s           2026-08-20T00:16:39
================================================================================
[2026-08-20T00:17:30.320+0000] {manager.py:878} INFO - 
================================================================================
DAG File Processing Stats

File Path                             PID    Runtime      # DAGs    # Errors  Last Runtime    Last Run
------------------------------------  -----  ---------  --------  ----------  --------------  -------------------
/opt/airflow/dags/flight-pipeline.py                           1           0  1.13s           2026-08-20T00:17:11
================================================================================
[2026-08-20T00:18:00.644+0000] {manager.py:878} INFO - 
================================================================================
DAG File Processing Stats

File Path                             PID    Runtime      # DAGs    # Errors  Last Runtime    Last Run
------------------------------------  -----  ---------  --------  ----------  --------------  -------------------
/opt/airflow/dags/flight-pipeline.py                           1           0  1.14s           2026-08-20T00:17:42
================================================================================
[2026-08-20T00:18:31.075+0000] {manager.py:878} INFO - 
================================================================================
DAG File Processing Stats

File Path                             PID    Runtime      # DAGs    # Errors  Last Runtime    Last Run
------------------------------------  -----  ---------  --------  ----------  --------------  -------------------
/opt/airflow/dags/flight-pipeline.py                           1           0  1.24s           2026-08-20T00:18:14
================================================================================
[2026-08-20T00:19:01.358+0000] {manager.py:878} INFO - 
================================================================================
DAG File Processing Stats

File Path                             PID    Runtime      # DAGs    # Errors  Last Runtime    Last Run
------------------------------------  -----  ---------  --------  ----------  --------------  -------------------
/opt/airflow/dags/flight-pipeline.py                           1           0  1.15s           2026-08-20T00:18:45
================================================================================
[2026-08-20T00:19:31.674+0000] {manager.py:878} INFO - 
================================================================================
DAG File Processing Stats

File Path                             PID    Runtime      # DAGs    # Errors  Last Runtime    Last Run
------------------------------------  -----  ---------  --------  ----------  --------------  -------------------
/opt/airflow/dags/flight-pipeline.py                           1           0  1.21s           2026-08-20T00:19:16
================================================================================
[2026-08-20T00:20:02.029+0000] {manager.py:878} INFO - 
================================================================================
DAG File Processing Stats

File Path                             PID    Runtime      # DAGs    # Errors  Last Runtime    Last Run
------------------------------------  -----  ---------  --------  ----------  --------------  -------------------
/opt/airflow/dags/flight-pipeline.py                           1           0  1.32s           2026-08-20T00:19:48
================================================================================
[2026-08-20T00:20:32.473+0000] {manager.py:878} INFO - 
================================================================================
DAG File Processing Stats

File Path                             PID    Runtime      # DAGs    # Errors  Last Runtime    Last Run
------------------------------------  -----  ---------  --------  ----------  --------------  -------------------
/opt/airflow/dags/flight-pipeline.py                           1           0  1.25s           2026-08-20T00:20:19
================================================================================
[2026-08-20T00:20:58.748+0000] {manager.py:737} INFO - Searching for files in /opt/airflow/dags
[2026-08-20T00:20:58.788+0000] {manager.py:740} INFO - There are 1 files in /opt/airflow/dags
[2026-08-20T00:21:02.847+0000] {manager.py:878} INFO - 
================================================================================
DAG File Processing Stats

File Path                             PID    Runtime      # DAGs    # Errors  Last Runtime    Last Run
------------------------------------  -----  ---------  --------  ----------  --------------  -------------------
/opt/airflow/dags/flight-pipeline.py                           1           0  1.07s           2026-08-20T00:20:50
================================================================================
[2026-08-20T00:21:33.112+0000] {manager.py:878} INFO - 
================================================================================
DAG File Processing Stats

File Path                             PID    Runtime      # DAGs    # Errors  Last Runtime    Last Run
------------------------------------  -----  ---------  --------  ----------  --------------  -------------------
/opt/airflow/dags/flight-pipeline.py                           1           0  1.03s           2026-08-20T00:21:22
================================================================================
[2026-08-20T00:22:03.381+0000] {manager.py:878} INFO - 
================================================================================
DAG File Processing Stats

File Path                             PID    Runtime      # DAGs    # Errors  Last Runtime    Last Run
------------------------------------  -----  ---------  --------  ----------  --------------  -------------------
/opt/airflow/dags/flight-pipeline.py                           1           0  1.03s           2026-08-20T00:21:53
================================================================================
[2026-08-20T00:22:33.663+0000] {manager.py:878} INFO - 
================================================================================
DAG File Processing Stats

File Path                             PID    Runtime      # DAGs    # Errors  Last Runtime    Last Run
------------------------------------  -----  ---------  --------  ----------  --------------  -------------------
/opt/airflow/dags/flight-pipeline.py                           1           0  1.21s           2026-08-20T00:22:24
================================================================================
[2026-08-20T00:23:03.938+0000] {manager.py:878} INFO - 
================================================================================
DAG File Processing Stats

File Path                             PID    Runtime      # DAGs    # Errors  Last Runtime    Last Run
------------------------------------  -----  ---------  --------  ----------  --------------  -------------------
/opt/airflow/dags/flight-pipeline.py                           1           0  1.08s           2026-08-20T00:22:55
================================================================================
[2026-08-20T00:23:34.211+0000] {manager.py:878} INFO - 
================================================================================
DAG File Processing Stats

File Path                             PID    Runtime      # DAGs    # Errors  Last Runtime    Last Run
------------------------------------  -----  ---------  --------  ----------  --------------  -------------------
/opt/airflow/dags/flight-pipeline.py                           1           0  1.07s           2026-08-20T00:23:27
================================================================================
[2026-08-20T00:24:04.487+0000] {manager.py:878} INFO - 
================================================================================
DAG File Processing Stats

File Path                             PID    Runtime      # DAGs    # Errors  Last Runtime    Last Run
------------------------------------  -----  ---------  --------  ----------  --------------  -------------------
/opt/airflow/dags/flight-pipeline.py                           1           0  1.17s           2026-08-20T00:23:58
================================================================================
[2026-08-20T00:24:34.780+0000] {manager.py:878} INFO - 
================================================================================
DAG File Processing Stats

File Path                             PID    Runtime      # DAGs    # Errors  Last Runtime    Last Run
------------------------------------  -----  ---------  --------  ----------  --------------  -------------------
/opt/airflow/dags/flight-pipeline.py                           1           0  1.06s           2026-08-20T00:24:29
================================================================================
[2026-08-20T00:25:05.060+0000] {manager.py:878} INFO - 
================================================================================
DAG File Processing Stats

File Path                             PID    Runtime      # DAGs    # Errors  Last Runtime    Last Run
------------------------------------  -----  ---------  --------  ----------  --------------  -------------------
/opt/airflow/dags/flight-pipeline.py                           1           0  1.17s           2026-08-20T00:25:01
================================================================================
[2026-08-20T00:25:35.323+0000] {manager.py:878} INFO - 
================================================================================
DAG File Processing Stats

File Path                             PID    Runtime      # DAGs    # Errors  Last Runtime    Last Run
------------------------------------  -----  ---------  --------  ----------  --------------  -------------------
/opt/airflow/dags/flight-pipeline.py                           1           0  1.13s           2026-08-20T00:25:32
================================================================================
[2026-08-20T00:25:59.515+0000] {manager.py:737} INFO - Searching for files in /opt/airflow/dags
[2026-08-20T00:25:59.565+0000] {manager.py:740} INFO - There are 1 files in /opt/airflow/dags
[2026-08-20T00:26:05.670+0000] {manager.py:878} INFO - 
================================================================================
DAG File Processing Stats

File Path                             PID    Runtime      # DAGs    # Errors  Last Runtime    Last Run
------------------------------------  -----  ---------  --------  ----------  --------------  -------------------
/opt/airflow/dags/flight-pipeline.py                           1           0  1.09s           2026-08-20T00:26:03
================================================================================
[2026-08-20T00:26:35.740+0000] {manager.py:878} INFO - 
================================================================================
DAG File Processing Stats

File Path                             PID    Runtime      # DAGs    # Errors  Last Runtime    Last Run
------------------------------------  -----  ---------  --------  ----------  --------------  -------------------
/opt/airflow/dags/flight-pipeline.py                           1           0  1.66s           2026-08-20T00:26:35
================================================================================
[2026-08-20T00:27:05.676+0000] {manager.py:878} INFO - 
================================================================================
DAG File Processing Stats

File Path                             PID    Runtime      # DAGs    # Errors  Last Runtime    Last Run
------------------------------------  -----  ---------  --------  ----------  --------------  -------------------
/opt/airflow/dags/flight-pipeline.py                           1           0  1.66s           2026-08-20T00:26:35
================================================================================
[2026-08-20T00:27:36.397+0000] {manager.py:878} INFO - 
================================================================================
DAG File Processing Stats

File Path                             PID    Runtime      # DAGs    # Errors  Last Runtime    Last Run
------------------------------------  -----  ---------  --------  ----------  --------------  -------------------
/opt/airflow/dags/flight-pipeline.py                           1           0  3.22s           2026-08-20T00:27:09
================================================================================
[2026-08-20T00:28:06.649+0000] {manager.py:878} INFO - 
================================================================================
DAG File Processing Stats

File Path                             PID    Runtime      # DAGs    # Errors  Last Runtime    Last Run
------------------------------------  -----  ---------  --------  ----------  --------------  -------------------
/opt/airflow/dags/flight-pipeline.py                           1           0  1.04s           2026-08-20T00:27:40
================================================================================
[2026-08-20T00:28:36.920+0000] {manager.py:878} INFO - 
================================================================================
DAG File Processing Stats

File Path                             PID    Runtime      # DAGs    # Errors  Last Runtime    Last Run
------------------------------------  -----  ---------  --------  ----------  --------------  -------------------
/opt/airflow/dags/flight-pipeline.py                           1           0  1.06s           2026-08-20T00:28:11
================================================================================
[2026-08-20T00:29:07.189+0000] {manager.py:878} INFO - 
================================================================================
DAG File Processing Stats

File Path                             PID    Runtime      # DAGs    # Errors  Last Runtime    Last Run
------------------------------------  -----  ---------  --------  ----------  --------------  -------------------
/opt/airflow/dags/flight-pipeline.py                           1           0  1.03s           2026-08-20T00:28:43
================================================================================
[2026-08-20T00:29:13.580+0000] {manager.py:452} INFO - Exiting gracefully upon receiving signal 15
[2026-08-20T00:29:13.580+0000] {manager.py:452} INFO - Exiting gracefully upon receiving signal 15
[2026-08-20T00:29:14.202+0000] {manager.py:452} INFO - Exiting gracefully upon receiving signal 15
[2026-08-20T05:07:51.115+0000] {manager.py:470} INFO - Processing files using up to 2 processes at a time 
[2026-08-20T05:07:51.118+0000] {manager.py:471} INFO - Process each file at most once every 30 seconds
[2026-08-20T05:07:51.121+0000] {manager.py:472} INFO - Checking for new files in /opt/airflow/dags every 300 seconds
[2026-08-20T05:07:51.123+0000] {manager.py:737} INFO - Searching for files in /opt/airflow/dags
[2026-08-20T05:07:51.163+0000] {manager.py:740} INFO - There are 1 files in /opt/airflow/dags
[2026-08-20T05:07:51.350+0000] {manager.py:878} INFO - 
================================================================================
DAG File Processing Stats

File Path                               PID  Runtime      # DAGs    # Errors  Last Runtime    Last Run
------------------------------------  -----  ---------  --------  ----------  --------------  ----------
/opt/airflow/dags/flight-pipeline.py     25  0.08s             0           0
================================================================================
[2026-08-20T05:08:21.566+0000] {manager.py:878} INFO - 
================================================================================
DAG File Processing Stats

File Path                             PID    Runtime      # DAGs    # Errors  Last Runtime    Last Run
------------------------------------  -----  ---------  --------  ----------  --------------  -------------------
/opt/airflow/dags/flight-pipeline.py                           1           0  3.33s           2026-08-20T05:07:54
================================================================================
[2026-08-20T05:08:51.822+0000] {manager.py:878} INFO - 
================================================================================
DAG File Processing Stats

File Path                             PID    Runtime      # DAGs    # Errors  Last Runtime    Last Run
------------------------------------  -----  ---------  --------  ----------  --------------  -------------------
/opt/airflow/dags/flight-pipeline.py                           1           0  0.79s           2026-08-20T05:08:25
================================================================================
[2026-08-20T05:09:22.121+0000] {manager.py:878} INFO - 
================================================================================
DAG File Processing Stats

File Path                             PID    Runtime      # DAGs    # Errors  Last Runtime    Last Run
------------------------------------  -----  ---------  --------  ----------  --------------  -------------------
/opt/airflow/dags/flight-pipeline.py                           1           0  1.13s           2026-08-20T05:08:57
================================================================================
[2026-08-20T05:09:52.235+0000] {manager.py:878} INFO - 
================================================================================
DAG File Processing Stats

File Path                             PID    Runtime      # DAGs    # Errors  Last Runtime    Last Run
------------------------------------  -----  ---------  --------  ----------  --------------  -------------------
/opt/airflow/dags/flight-pipeline.py                           1           0  0.80s           2026-08-20T05:09:27
================================================================================
[2026-08-20T05:10:22.345+0000] {manager.py:878} INFO - 
================================================================================
DAG File Processing Stats

File Path                             PID    Runtime      # DAGs    # Errors  Last Runtime    Last Run
------------------------------------  -----  ---------  --------  ----------  --------------  -------------------
/opt/airflow/dags/flight-pipeline.py                           1           0  0.85s           2026-08-20T05:09:59
================================================================================
[2026-08-20T05:10:52.407+0000] {manager.py:878} INFO - 
================================================================================
DAG File Processing Stats

File Path                             PID    Runtime      # DAGs    # Errors  Last Runtime    Last Run
------------------------------------  -----  ---------  --------  ----------  --------------  -------------------
/opt/airflow/dags/flight-pipeline.py                           1           0  0.81s           2026-08-20T05:10:30
================================================================================
[2026-08-20T05:11:22.556+0000] {manager.py:878} INFO - 
================================================================================
DAG File Processing Stats

File Path                             PID    Runtime      # DAGs    # Errors  Last Runtime    Last Run
------------------------------------  -----  ---------  --------  ----------  --------------  -------------------
/opt/airflow/dags/flight-pipeline.py                           1           0  0.91s           2026-08-20T05:11:01
================================================================================
[2026-08-20T05:11:52.563+0000] {manager.py:878} INFO - 
================================================================================
DAG File Processing Stats

File Path                             PID    Runtime      # DAGs    # Errors  Last Runtime    Last Run
------------------------------------  -----  ---------  --------  ----------  --------------  -------------------
/opt/airflow/dags/flight-pipeline.py                           1           0  0.79s           2026-08-20T05:11:32
================================================================================
[2026-08-20T05:12:22.652+0000] {manager.py:878} INFO - 
================================================================================
DAG File Processing Stats

File Path                             PID    Runtime      # DAGs    # Errors  Last Runtime    Last Run
------------------------------------  -----  ---------  --------  ----------  --------------  -------------------
/opt/airflow/dags/flight-pipeline.py                           1           0  0.87s           2026-08-20T05:12:03
================================================================================
[2026-08-20T05:12:51.552+0000] {manager.py:737} INFO - Searching for files in /opt/airflow/dags
[2026-08-20T05:12:51.587+0000] {manager.py:740} INFO - There are 1 files in /opt/airflow/dags
[2026-08-20T05:12:52.854+0000] {manager.py:878} INFO - 
================================================================================
DAG File Processing Stats

File Path                             PID    Runtime      # DAGs    # Errors  Last Runtime    Last Run
------------------------------------  -----  ---------  --------  ----------  --------------  -------------------
/opt/airflow/dags/flight-pipeline.py                           1           0  0.81s           2026-08-20T05:12:34
================================================================================
[2026-08-20T05:13:22.863+0000] {manager.py:878} INFO - 
================================================================================
DAG File Processing Stats

File Path                             PID    Runtime      # DAGs    # Errors  Last Runtime    Last Run
------------------------------------  -----  ---------  --------  ----------  --------------  -------------------
/opt/airflow/dags/flight-pipeline.py                           1           0  0.99s           2026-08-20T05:13:05
================================================================================
[2026-08-20T05:13:53.159+0000] {manager.py:878} INFO - 
================================================================================
DAG File Processing Stats

File Path                             PID    Runtime      # DAGs    # Errors  Last Runtime    Last Run
------------------------------------  -----  ---------  --------  ----------  --------------  -------------------
/opt/airflow/dags/flight-pipeline.py                           1           0  0.96s           2026-08-20T05:13:37
================================================================================
[2026-08-20T05:14:23.362+0000] {manager.py:878} INFO - 
================================================================================
DAG File Processing Stats

File Path                             PID    Runtime      # DAGs    # Errors  Last Runtime    Last Run
------------------------------------  -----  ---------  --------  ----------  --------------  -------------------
/opt/airflow/dags/flight-pipeline.py                           1           0  0.92s           2026-08-20T05:14:08
================================================================================
[2026-08-20T05:14:53.677+0000] {manager.py:878} INFO - 
================================================================================
DAG File Processing Stats

File Path                             PID    Runtime      # DAGs    # Errors  Last Runtime    Last Run
------------------------------------  -----  ---------  --------  ----------  --------------  -------------------
/opt/airflow/dags/flight-pipeline.py                           1           0  1.14s           2026-08-20T05:14:39
================================================================================
[2026-08-20T05:15:23.747+0000] {manager.py:878} INFO - 
================================================================================
DAG File Processing Stats

File Path                             PID    Runtime      # DAGs    # Errors  Last Runtime    Last Run
------------------------------------  -----  ---------  --------  ----------  --------------  -------------------
/opt/airflow/dags/flight-pipeline.py                           1           0  0.83s           2026-08-20T05:15:10
================================================================================
[2026-08-20T05:15:53.920+0000] {manager.py:878} INFO - 
================================================================================
DAG File Processing Stats

File Path                             PID    Runtime      # DAGs    # Errors  Last Runtime    Last Run
------------------------------------  -----  ---------  --------  ----------  --------------  -------------------
/opt/airflow/dags/flight-pipeline.py                           1           0  0.93s           2026-08-20T05:15:41
================================================================================
[2026-08-20T05:16:24.110+0000] {manager.py:878} INFO - 
================================================================================
DAG File Processing Stats

File Path                             PID    Runtime      # DAGs    # Errors  Last Runtime    Last Run
------------------------------------  -----  ---------  --------  ----------  --------------  -------------------
/opt/airflow/dags/flight-pipeline.py                           1           0  0.91s           2026-08-20T05:16:13
================================================================================
[2026-08-20T05:16:54.248+0000] {manager.py:878} INFO - 
================================================================================
DAG File Processing Stats

File Path                             PID    Runtime      # DAGs    # Errors  Last Runtime    Last Run
------------------------------------  -----  ---------  --------  ----------  --------------  -------------------
/opt/airflow/dags/flight-pipeline.py                           1           0  0.88s           2026-08-20T05:16:44
================================================================================
[2026-08-20T05:17:24.405+0000] {manager.py:878} INFO - 
================================================================================
DAG File Processing Stats

File Path                             PID    Runtime      # DAGs    # Errors  Last Runtime    Last Run
------------------------------------  -----  ---------  --------  ----------  --------------  -------------------
/opt/airflow/dags/flight-pipeline.py                           1           0  0.92s           2026-08-20T05:17:15
================================================================================
[2026-08-20T05:17:51.619+0000] {manager.py:737} INFO - Searching for files in /opt/airflow/dags
[2026-08-20T05:17:51.659+0000] {manager.py:740} INFO - There are 1 files in /opt/airflow/dags
[2026-08-20T05:17:54.758+0000] {manager.py:878} INFO - 
================================================================================
DAG File Processing Stats

File Path                             PID    Runtime      # DAGs    # Errors  Last Runtime    Last Run
------------------------------------  -----  ---------  --------  ----------  --------------  -------------------
/opt/airflow/dags/flight-pipeline.py                           1           0  1.09s           2026-08-20T05:17:46
================================================================================
[2026-08-20T05:18:24.891+0000] {manager.py:878} INFO - 
================================================================================
DAG File Processing Stats

File Path                             PID    Runtime      # DAGs    # Errors  Last Runtime    Last Run
------------------------------------  -----  ---------  --------  ----------  --------------  -------------------
/opt/airflow/dags/flight-pipeline.py                           1           0  0.87s           2026-08-20T05:18:17
================================================================================
[2026-08-20T05:18:55.079+0000] {manager.py:878} INFO - 
================================================================================
DAG File Processing Stats

File Path                             PID    Runtime      # DAGs    # Errors  Last Runtime    Last Run
------------------------------------  -----  ---------  --------  ----------  --------------  -------------------
/opt/airflow/dags/flight-pipeline.py                           1           0  0.88s           2026-08-20T05:18:49
================================================================================
[2026-08-20T05:19:25.200+0000] {manager.py:878} INFO - 
================================================================================
DAG File Processing Stats

File Path                             PID    Runtime      # DAGs    # Errors  Last Runtime    Last Run
------------------------------------  -----  ---------  --------  ----------  --------------  -------------------
/opt/airflow/dags/flight-pipeline.py                           1           0  0.87s           2026-08-20T05:19:20
================================================================================
[2026-08-20T05:19:55.338+0000] {manager.py:878} INFO - 
================================================================================
DAG File Processing Stats

File Path                             PID    Runtime      # DAGs    # Errors  Last Runtime    Last Run
------------------------------------  -----  ---------  --------  ----------  --------------  -------------------
/opt/airflow/dags/flight-pipeline.py                           1           0  0.88s           2026-08-20T05:19:51
================================================================================
[2026-08-20T05:20:25.445+0000] {manager.py:878} INFO - 
================================================================================
DAG File Processing Stats

File Path                             PID    Runtime      # DAGs    # Errors  Last Runtime    Last Run
------------------------------------  -----  ---------  --------  ----------  --------------  -------------------
/opt/airflow/dags/flight-pipeline.py                           1           0  0.85s           2026-08-20T05:20:22
================================================================================
[2026-08-20T05:20:55.768+0000] {manager.py:878} INFO - 
================================================================================
DAG File Processing Stats

File Path                             PID    Runtime      # DAGs    # Errors  Last Runtime    Last Run
------------------------------------  -----  ---------  --------  ----------  --------------  -------------------
/opt/airflow/dags/flight-pipeline.py                           1           0  1.26s           2026-08-20T05:20:53
================================================================================
[2026-08-20T05:21:26.153+0000] {manager.py:878} INFO - 
================================================================================
DAG File Processing Stats

File Path                             PID    Runtime      # DAGs    # Errors  Last Runtime    Last Run
------------------------------------  -----  ---------  --------  ----------  --------------  -------------------
/opt/airflow/dags/flight-pipeline.py                           1           0  1.17s           2026-08-20T05:21:25
================================================================================
[2026-08-20T05:21:56.291+0000] {manager.py:878} INFO - 
================================================================================
DAG File Processing Stats

File Path                             PID    Runtime      # DAGs    # Errors  Last Runtime    Last Run
------------------------------------  -----  ---------  --------  ----------  --------------  -------------------
/opt/airflow/dags/flight-pipeline.py                           1           0  0.86s           2026-08-20T05:21:56
================================================================================
[2026-08-20T05:22:26.549+0000] {manager.py:878} INFO - 
================================================================================
DAG File Processing Stats

File Path                               PID  Runtime      # DAGs    # Errors  Last Runtime    Last Run
------------------------------------  -----  ---------  --------  ----------  --------------  -------------------
/opt/airflow/dags/flight-pipeline.py    141  0.01s             1           0  0.86s           2026-08-20T05:21:56
================================================================================
[2026-08-20T05:22:51.835+0000] {manager.py:737} INFO - Searching for files in /opt/airflow/dags
[2026-08-20T05:22:51.876+0000] {manager.py:740} INFO - There are 1 files in /opt/airflow/dags
[2026-08-20T05:22:56.625+0000] {manager.py:878} INFO - 
================================================================================
DAG File Processing Stats

File Path                             PID    Runtime      # DAGs    # Errors  Last Runtime    Last Run
------------------------------------  -----  ---------  --------  ----------  --------------  -------------------
/opt/airflow/dags/flight-pipeline.py                           1           0  0.86s           2026-08-20T05:22:27
================================================================================
[2026-08-20T05:23:26.697+0000] {manager.py:878} INFO - 
================================================================================
DAG File Processing Stats

File Path                             PID    Runtime      # DAGs    # Errors  Last Runtime    Last Run
------------------------------------  -----  ---------  --------  ----------  --------------  -------------------
/opt/airflow/dags/flight-pipeline.py                           1           0  0.84s           2026-08-20T05:22:58
================================================================================
[2026-08-20T05:23:56.753+0000] {manager.py:878} INFO - 
================================================================================
DAG File Processing Stats

File Path                             PID    Runtime      # DAGs    # Errors  Last Runtime    Last Run
------------------------------------  -----  ---------  --------  ----------  --------------  -------------------
/opt/airflow/dags/flight-pipeline.py                           1           0  0.81s           2026-08-20T05:23:29
================================================================================
[2026-08-20T05:24:27.002+0000] {manager.py:878} INFO - 
================================================================================
DAG File Processing Stats

File Path                             PID    Runtime      # DAGs    # Errors  Last Runtime    Last Run
------------------------------------  -----  ---------  --------  ----------  --------------  -------------------
/opt/airflow/dags/flight-pipeline.py                           1           0  1.08s           2026-08-20T05:24:00
================================================================================
[2026-08-20T05:24:57.281+0000] {manager.py:878} INFO - 
================================================================================
DAG File Processing Stats

File Path                             PID    Runtime      # DAGs    # Errors  Last Runtime    Last Run
------------------------------------  -----  ---------  --------  ----------  --------------  -------------------
/opt/airflow/dags/flight-pipeline.py                           1           0  1.11s           2026-08-20T05:24:32
================================================================================
[2026-08-20T05:25:27.384+0000] {manager.py:878} INFO - 
================================================================================
DAG File Processing Stats

File Path                             PID    Runtime      # DAGs    # Errors  Last Runtime    Last Run
------------------------------------  -----  ---------  --------  ----------  --------------  -------------------
/opt/airflow/dags/flight-pipeline.py                           1           0  0.86s           2026-08-20T05:25:03
================================================================================
[2026-08-20T05:25:57.551+0000] {manager.py:878} INFO - 
================================================================================
DAG File Processing Stats

File Path                             PID    Runtime      # DAGs    # Errors  Last Runtime    Last Run
------------------------------------  -----  ---------  --------  ----------  --------------  -------------------
/opt/airflow/dags/flight-pipeline.py                           1           0  0.90s           2026-08-20T05:25:34
================================================================================
[2026-08-20T05:26:27.678+0000] {manager.py:878} INFO - 
================================================================================
DAG File Processing Stats

File Path                             PID    Runtime      # DAGs    # Errors  Last Runtime    Last Run
------------------------------------  -----  ---------  --------  ----------  --------------  -------------------
/opt/airflow/dags/flight-pipeline.py                           1           0  0.86s           2026-08-20T05:26:05
================================================================================
[2026-08-20T05:26:57.773+0000] {manager.py:878} INFO - 
================================================================================
DAG File Processing Stats

File Path                             PID    Runtime      # DAGs    # Errors  Last Runtime    Last Run
------------------------------------  -----  ---------  --------  ----------  --------------  -------------------
/opt/airflow/dags/flight-pipeline.py                           1           0  0.85s           2026-08-20T05:26:36
================================================================================
[2026-08-20T05:27:28.046+0000] {manager.py:878} INFO - 
================================================================================
DAG File Processing Stats

File Path                             PID    Runtime      # DAGs    # Errors  Last Runtime    Last Run
------------------------------------  -----  ---------  --------  ----------  --------------  -------------------
/opt/airflow/dags/flight-pipeline.py                           1           0  1.12s           2026-08-20T05:27:07
================================================================================
[2026-08-20T05:27:52.253+0000] {manager.py:737} INFO - Searching for files in /opt/airflow/dags
[2026-08-20T05:27:52.298+0000] {manager.py:740} INFO - There are 1 files in /opt/airflow/dags
[2026-08-20T05:27:58.373+0000] {manager.py:878} INFO - 
================================================================================
DAG File Processing Stats

File Path                             PID    Runtime      # DAGs    # Errors  Last Runtime    Last Run
------------------------------------  -----  ---------  --------  ----------  --------------  -------------------
/opt/airflow/dags/flight-pipeline.py                           1           0  1.06s           2026-08-20T05:27:39
================================================================================
[2026-08-20T05:28:28.451+0000] {manager.py:878} INFO - 
================================================================================
DAG File Processing Stats

File Path                             PID    Runtime      # DAGs    # Errors  Last Runtime    Last Run
------------------------------------  -----  ---------  --------  ----------  --------------  -------------------
/opt/airflow/dags/flight-pipeline.py                           1           0  0.83s           2026-08-20T05:28:10
================================================================================
[2026-08-20T05:28:58.534+0000] {manager.py:878} INFO - 
================================================================================
DAG File Processing Stats

File Path                             PID    Runtime      # DAGs    # Errors  Last Runtime    Last Run
------------------------------------  -----  ---------  --------  ----------  --------------  -------------------
/opt/airflow/dags/flight-pipeline.py                           1           0  0.83s           2026-08-20T05:28:41
================================================================================
[2026-08-20T05:29:28.608+0000] {manager.py:878} INFO - 
================================================================================
DAG File Processing Stats

File Path                             PID    Runtime      # DAGs    # Errors  Last Runtime    Last Run
------------------------------------  -----  ---------  --------  ----------  --------------  -------------------
/opt/airflow/dags/flight-pipeline.py                           1           0  0.83s           2026-08-20T05:29:12
================================================================================
[2026-08-20T05:29:58.707+0000] {manager.py:878} INFO - 
================================================================================
DAG File Processing Stats

File Path                             PID    Runtime      # DAGs    # Errors  Last Runtime    Last Run
------------------------------------  -----  ---------  --------  ----------  --------------  -------------------
/opt/airflow/dags/flight-pipeline.py                           1           0  0.87s           2026-08-20T05:29:43
================================================================================
[2026-08-20T05:30:28.954+0000] {manager.py:878} INFO - 
================================================================================
DAG File Processing Stats

File Path                             PID    Runtime      # DAGs    # Errors  Last Runtime    Last Run
------------------------------------  -----  ---------  --------  ----------  --------------  -------------------
/opt/airflow/dags/flight-pipeline.py                           1           0  1.12s           2026-08-20T05:30:14
================================================================================
[2026-08-20T05:30:59.056+0000] {manager.py:878} INFO - 
================================================================================
DAG File Processing Stats

File Path                             PID    Runtime      # DAGs    # Errors  Last Runtime    Last Run
------------------------------------  -----  ---------  --------  ----------  --------------  -------------------
/opt/airflow/dags/flight-pipeline.py                           1           0  0.86s           2026-08-20T05:30:45
================================================================================
[2026-08-20T05:31:29.135+0000] {manager.py:878} INFO - 
================================================================================
DAG File Processing Stats

File Path                             PID    Runtime      # DAGs    # Errors  Last Runtime    Last Run
------------------------------------  -----  ---------  --------  ----------  --------------  -------------------
/opt/airflow/dags/flight-pipeline.py                           1           0  0.84s           2026-08-20T05:31:17
================================================================================
[2026-08-20T05:31:59.304+0000] {manager.py:878} INFO - 
================================================================================
DAG File Processing Stats

File Path                             PID    Runtime      # DAGs    # Errors  Last Runtime    Last Run
------------------------------------  -----  ---------  --------  ----------  --------------  -------------------
/opt/airflow/dags/flight-pipeline.py                           1           0  0.86s           2026-08-20T05:31:48
================================================================================
[2026-08-20T05:32:29.524+0000] {manager.py:878} INFO - 
================================================================================
DAG File Processing Stats

File Path                             PID    Runtime      # DAGs    # Errors  Last Runtime    Last Run
------------------------------------  -----  ---------  --------  ----------  --------------  -------------------
/opt/airflow/dags/flight-pipeline.py                           1           0  0.99s           2026-08-20T05:32:19
================================================================================
[2026-08-20T05:32:52.539+0000] {manager.py:737} INFO - Searching for files in /opt/airflow/dags
[2026-08-20T05:32:52.578+0000] {manager.py:740} INFO - There are 1 files in /opt/airflow/dags
[2026-08-20T05:32:59.696+0000] {manager.py:878} INFO - 
================================================================================
DAG File Processing Stats

File Path                             PID    Runtime      # DAGs    # Errors  Last Runtime    Last Run
------------------------------------  -----  ---------  --------  ----------  --------------  -------------------
/opt/airflow/dags/flight-pipeline.py                           1           0  0.84s           2026-08-20T05:32:50
================================================================================
[2026-08-20T05:33:29.937+0000] {manager.py:878} INFO - 
================================================================================
DAG File Processing Stats

File Path                             PID    Runtime      # DAGs    # Errors  Last Runtime    Last Run
------------------------------------  -----  ---------  --------  ----------  --------------  -------------------
/opt/airflow/dags/flight-pipeline.py                           1           0  1.26s           2026-08-20T05:33:22
================================================================================
[2026-08-20T05:34:00.418+0000] {manager.py:878} INFO - 
================================================================================
DAG File Processing Stats

File Path                             PID    Runtime      # DAGs    # Errors  Last Runtime    Last Run
------------------------------------  -----  ---------  --------  ----------  --------------  -------------------
/opt/airflow/dags/flight-pipeline.py                           1           0  1.10s           2026-08-20T05:33:53
================================================================================
[2026-08-20T05:34:30.670+0000] {manager.py:878} INFO - 
================================================================================
DAG File Processing Stats

File Path                             PID    Runtime      # DAGs    # Errors  Last Runtime    Last Run
------------------------------------  -----  ---------  --------  ----------  --------------  -------------------
/opt/airflow/dags/flight-pipeline.py                           1           0  0.98s           2026-08-20T05:34:24
================================================================================
[2026-08-20T05:35:00.775+0000] {manager.py:878} INFO - 
================================================================================
DAG File Processing Stats

File Path                             PID    Runtime      # DAGs    # Errors  Last Runtime    Last Run
------------------------------------  -----  ---------  --------  ----------  --------------  -------------------
/opt/airflow/dags/flight-pipeline.py                           1           0  0.86s           2026-08-20T05:34:55
================================================================================
[2026-08-20T05:35:30.888+0000] {manager.py:878} INFO - 
================================================================================
DAG File Processing Stats

File Path                             PID    Runtime      # DAGs    # Errors  Last Runtime    Last Run
------------------------------------  -----  ---------  --------  ----------  --------------  -------------------
/opt/airflow/dags/flight-pipeline.py                           1           0  0.87s           2026-08-20T05:35:26
================================================================================
[2026-08-20T05:36:00.982+0000] {manager.py:878} INFO - 
================================================================================
DAG File Processing Stats

File Path                             PID    Runtime      # DAGs    # Errors  Last Runtime    Last Run
------------------------------------  -----  ---------  --------  ----------  --------------  -------------------
/opt/airflow/dags/flight-pipeline.py                           1           0  0.83s           2026-08-20T05:35:57
================================================================================
[2026-08-20T05:36:31.254+0000] {manager.py:878} INFO - 
================================================================================
DAG File Processing Stats

File Path                             PID    Runtime      # DAGs    # Errors  Last Runtime    Last Run
------------------------------------  -----  ---------  --------  ----------  --------------  -------------------
/opt/airflow/dags/flight-pipeline.py                           1           0  1.07s           2026-08-20T05:36:29
================================================================================
[2026-08-20T05:37:01.345+0000] {manager.py:878} INFO - 
================================================================================
DAG File Processing Stats

File Path                             PID    Runtime      # DAGs    # Errors  Last Runtime    Last Run
------------------------------------  -----  ---------  --------  ----------  --------------  -------------------
/opt/airflow/dags/flight-pipeline.py                           1           0  0.84s           2026-08-20T05:37:00
================================================================================
[2026-08-20T05:37:31.423+0000] {manager.py:878} INFO - 
================================================================================
DAG File Processing Stats

File Path                             PID    Runtime      # DAGs    # Errors  Last Runtime    Last Run
------------------------------------  -----  ---------  --------  ----------  --------------  -------------------
/opt/airflow/dags/flight-pipeline.py                           1           0  0.83s           2026-08-20T05:37:31
================================================================================
[2026-08-20T05:37:52.585+0000] {manager.py:737} INFO - Searching for files in /opt/airflow/dags
[2026-08-20T05:37:52.622+0000] {manager.py:740} INFO - There are 1 files in /opt/airflow/dags
[2026-08-20T05:38:01.737+0000] {manager.py:878} INFO - 
================================================================================
DAG File Processing Stats

File Path                               PID  Runtime      # DAGs    # Errors  Last Runtime    Last Run
------------------------------------  -----  ---------  --------  ----------  --------------  -------------------
/opt/airflow/dags/flight-pipeline.py    231  0.01s             1           0  0.83s           2026-08-20T05:37:31
================================================================================
[2026-08-20T05:38:31.780+0000] {manager.py:878} INFO - 
================================================================================
DAG File Processing Stats

File Path                             PID    Runtime      # DAGs    # Errors  Last Runtime    Last Run
------------------------------------  -----  ---------  --------  ----------  --------------  -------------------
/opt/airflow/dags/flight-pipeline.py                           1           0  0.83s           2026-08-20T05:38:02
================================================================================
[2026-08-20T05:39:01.916+0000] {manager.py:878} INFO - 
================================================================================
DAG File Processing Stats

File Path                             PID    Runtime      # DAGs    # Errors  Last Runtime    Last Run
------------------------------------  -----  ---------  --------  ----------  --------------  -------------------
/opt/airflow/dags/flight-pipeline.py                           1           0  0.89s           2026-08-20T05:38:33
================================================================================
[2026-08-20T05:39:32.727+0000] {manager.py:878} INFO - 
================================================================================
DAG File Processing Stats

File Path                             PID    Runtime      # DAGs    # Errors  Last Runtime    Last Run
------------------------------------  -----  ---------  --------  ----------  --------------  -------------------
/opt/airflow/dags/flight-pipeline.py                           1           0  1.51s           2026-08-20T05:39:05
================================================================================
[2026-08-20T05:40:02.976+0000] {manager.py:878} INFO - 
================================================================================
DAG File Processing Stats

File Path                             PID    Runtime      # DAGs    # Errors  Last Runtime    Last Run
------------------------------------  -----  ---------  --------  ----------  --------------  -------------------
/opt/airflow/dags/flight-pipeline.py                           1           0  1.13s           2026-08-20T05:39:36
================================================================================
[2026-08-20T05:40:33.042+0000] {manager.py:878} INFO - 
================================================================================
DAG File Processing Stats

File Path                             PID    Runtime      # DAGs    # Errors  Last Runtime    Last Run
------------------------------------  -----  ---------  --------  ----------  --------------  -------------------
/opt/airflow/dags/flight-pipeline.py                           1           0  0.82s           2026-08-20T05:40:07
================================================================================
[2026-08-20T05:41:03.198+0000] {manager.py:878} INFO - 
================================================================================
DAG File Processing Stats

File Path                             PID    Runtime      # DAGs    # Errors  Last Runtime    Last Run
------------------------------------  -----  ---------  --------  ----------  --------------  -------------------
/opt/airflow/dags/flight-pipeline.py                           1           0  0.86s           2026-08-20T05:40:39
================================================================================
[2026-08-20T05:41:33.274+0000] {manager.py:878} INFO - 
================================================================================
DAG File Processing Stats

File Path                             PID    Runtime      # DAGs    # Errors  Last Runtime    Last Run
------------------------------------  -----  ---------  --------  ----------  --------------  -------------------
/opt/airflow/dags/flight-pipeline.py                           1           0  0.84s           2026-08-20T05:41:10
================================================================================
[2026-08-20T05:42:03.365+0000] {manager.py:878} INFO - 
================================================================================
DAG File Processing Stats

File Path                             PID    Runtime      # DAGs    # Errors  Last Runtime    Last Run
------------------------------------  -----  ---------  --------  ----------  --------------  -------------------
/opt/airflow/dags/flight-pipeline.py                           1           0  0.84s           2026-08-20T05:41:41
================================================================================
[2026-08-20T05:42:33.669+0000] {manager.py:878} INFO - 
================================================================================
DAG File Processing Stats

File Path                             PID    Runtime      # DAGs    # Errors  Last Runtime    Last Run
------------------------------------  -----  ---------  --------  ----------  --------------  -------------------
/opt/airflow/dags/flight-pipeline.py                           1           0  1.41s           2026-08-20T05:42:12
================================================================================
[2026-08-20T05:42:53.266+0000] {manager.py:737} INFO - Searching for files in /opt/airflow/dags
[2026-08-20T05:42:53.314+0000] {manager.py:740} INFO - There are 1 files in /opt/airflow/dags
[2026-08-20T05:43:04.433+0000] {manager.py:878} INFO - 
================================================================================
DAG File Processing Stats

File Path                             PID    Runtime      # DAGs    # Errors  Last Runtime    Last Run
------------------------------------  -----  ---------  --------  ----------  --------------  -------------------
/opt/airflow/dags/flight-pipeline.py                           1           0  1.21s           2026-08-20T05:42:44
================================================================================
[2026-08-20T05:43:34.544+0000] {manager.py:878} INFO - 
================================================================================
DAG File Processing Stats

File Path                             PID    Runtime      # DAGs    # Errors  Last Runtime    Last Run
------------------------------------  -----  ---------  --------  ----------  --------------  -------------------
/opt/airflow/dags/flight-pipeline.py                           1           0  0.87s           2026-08-20T05:43:15
================================================================================
[2026-08-20T05:44:04.677+0000] {manager.py:878} INFO - 
================================================================================
DAG File Processing Stats

File Path                             PID    Runtime      # DAGs    # Errors  Last Runtime    Last Run
------------------------------------  -----  ---------  --------  ----------  --------------  -------------------
/opt/airflow/dags/flight-pipeline.py                           1           0  0.89s           2026-08-20T05:43:46
================================================================================
[2026-08-20T05:44:34.847+0000] {manager.py:878} INFO - 
================================================================================
DAG File Processing Stats

File Path                             PID    Runtime      # DAGs    # Errors  Last Runtime    Last Run
------------------------------------  -----  ---------  --------  ----------  --------------  -------------------
/opt/airflow/dags/flight-pipeline.py                           1           0  0.85s           2026-08-20T05:44:17
================================================================================
[2026-08-20T05:45:04.921+0000] {manager.py:878} INFO - 
================================================================================
DAG File Processing Stats

File Path                             PID    Runtime      # DAGs    # Errors  Last Runtime    Last Run
------------------------------------  -----  ---------  --------  ----------  --------------  -------------------
/opt/airflow/dags/flight-pipeline.py                           1           0  0.83s           2026-08-20T05:44:48
================================================================================
[2026-08-20T05:45:35.207+0000] {manager.py:878} INFO - 
================================================================================
DAG File Processing Stats

File Path                             PID    Runtime      # DAGs    # Errors  Last Runtime    Last Run
------------------------------------  -----  ---------  --------  ----------  --------------  -------------------
/opt/airflow/dags/flight-pipeline.py                           1           0  1.12s           2026-08-20T05:45:20
================================================================================
[2026-08-20T05:46:05.465+0000] {manager.py:878} INFO - 
================================================================================
DAG File Processing Stats

File Path                             PID    Runtime      # DAGs    # Errors  Last Runtime    Last Run
------------------------------------  -----  ---------  --------  ----------  --------------  -------------------
/opt/airflow/dags/flight-pipeline.py                           1           0  1.08s           2026-08-20T05:45:51
================================================================================
[2026-08-20T05:46:35.600+0000] {manager.py:878} INFO - 
================================================================================
DAG File Processing Stats

File Path                             PID    Runtime      # DAGs    # Errors  Last Runtime    Last Run
------------------------------------  -----  ---------  --------  ----------  --------------  -------------------
/opt/airflow/dags/flight-pipeline.py                           1           0  0.85s           2026-08-20T05:46:22
================================================================================
[2026-08-20T05:47:05.787+0000] {manager.py:878} INFO - 
================================================================================
DAG File Processing Stats

File Path                             PID    Runtime      # DAGs    # Errors  Last Runtime    Last Run
------------------------------------  -----  ---------  --------  ----------  --------------  -------------------
/opt/airflow/dags/flight-pipeline.py                           1           0  0.86s           2026-08-20T05:46:53
================================================================================
[2026-08-20T05:47:35.987+0000] {manager.py:878} INFO - 
================================================================================
DAG File Processing Stats

File Path                             PID    Runtime      # DAGs    # Errors  Last Runtime    Last Run
------------------------------------  -----  ---------  --------  ----------  --------------  -------------------
/opt/airflow/dags/flight-pipeline.py                           1           0  0.96s           2026-08-20T05:47:24
================================================================================
[2026-08-20T05:47:53.275+0000] {manager.py:737} INFO - Searching for files in /opt/airflow/dags
[2026-08-20T05:47:53.316+0000] {manager.py:740} INFO - There are 1 files in /opt/airflow/dags
[2026-08-20T05:48:06.217+0000] {manager.py:878} INFO - 
================================================================================
DAG File Processing Stats

File Path                             PID    Runtime      # DAGs    # Errors  Last Runtime    Last Run
------------------------------------  -----  ---------  --------  ----------  --------------  -------------------
/opt/airflow/dags/flight-pipeline.py                           1           0  0.98s           2026-08-20T05:47:56
================================================================================
[2026-08-20T05:48:36.465+0000] {manager.py:878} INFO - 
================================================================================
DAG File Processing Stats

File Path                             PID    Runtime      # DAGs    # Errors  Last Runtime    Last Run
------------------------------------  -----  ---------  --------  ----------  --------------  -------------------
/opt/airflow/dags/flight-pipeline.py                           1           0  1.13s           2026-08-20T05:48:27
================================================================================
[2026-08-20T05:49:06.812+0000] {manager.py:878} INFO - 
================================================================================
DAG File Processing Stats

File Path                             PID    Runtime      # DAGs    # Errors  Last Runtime    Last Run
------------------------------------  -----  ---------  --------  ----------  --------------  -------------------
/opt/airflow/dags/flight-pipeline.py                           1           0  1.13s           2026-08-20T05:48:58
================================================================================
[2026-08-20T05:49:36.981+0000] {manager.py:878} INFO - 
================================================================================
DAG File Processing Stats

File Path                             PID    Runtime      # DAGs    # Errors  Last Runtime    Last Run
------------------------------------  -----  ---------  --------  ----------  --------------  -------------------
/opt/airflow/dags/flight-pipeline.py                           1           0  0.89s           2026-08-20T05:49:29
================================================================================
[2026-08-20T05:50:07.111+0000] {manager.py:878} INFO - 
================================================================================
DAG File Processing Stats

File Path                             PID    Runtime      # DAGs    # Errors  Last Runtime    Last Run
------------------------------------  -----  ---------  --------  ----------  --------------  -------------------
/opt/airflow/dags/flight-pipeline.py                           1           0  0.87s           2026-08-20T05:50:01
================================================================================
[2026-08-20T05:50:37.216+0000] {manager.py:878} INFO - 
================================================================================
DAG File Processing Stats

File Path                             PID    Runtime      # DAGs    # Errors  Last Runtime    Last Run
------------------------------------  -----  ---------  --------  ----------  --------------  -------------------
/opt/airflow/dags/flight-pipeline.py                           1           0  0.85s           2026-08-20T05:50:32
================================================================================
[2026-08-20T05:51:07.464+0000] {manager.py:878} INFO - 
================================================================================
DAG File Processing Stats

File Path                             PID    Runtime      # DAGs    # Errors  Last Runtime    Last Run
------------------------------------  -----  ---------  --------  ----------  --------------  -------------------
/opt/airflow/dags/flight-pipeline.py                           1           0  1.07s           2026-08-20T05:51:03
================================================================================
[2026-08-20T05:51:37.732+0000] {manager.py:878} INFO - 
================================================================================
DAG File Processing Stats

File Path                             PID    Runtime      # DAGs    # Errors  Last Runtime    Last Run
------------------------------------  -----  ---------  --------  ----------  --------------  -------------------
/opt/airflow/dags/flight-pipeline.py                           1           0  1.22s           2026-08-20T05:51:34
================================================================================
[2026-08-20T05:52:08.018+0000] {manager.py:878} INFO - 
================================================================================
DAG File Processing Stats

File Path                             PID    Runtime      # DAGs    # Errors  Last Runtime    Last Run
------------------------------------  -----  ---------  --------  ----------  --------------  -------------------
/opt/airflow/dags/flight-pipeline.py                           1           0  1.07s           2026-08-20T05:52:06
================================================================================
[2026-08-20T05:52:38.272+0000] {manager.py:878} INFO - 
================================================================================
DAG File Processing Stats

File Path                             PID    Runtime      # DAGs    # Errors  Last Runtime    Last Run
------------------------------------  -----  ---------  --------  ----------  --------------  -------------------
/opt/airflow/dags/flight-pipeline.py                           1           0  0.97s           2026-08-20T05:52:37
================================================================================
[2026-08-20T05:52:53.399+0000] {manager.py:737} INFO - Searching for files in /opt/airflow/dags
[2026-08-20T05:52:53.449+0000] {manager.py:740} INFO - There are 1 files in /opt/airflow/dags
[2026-08-20T05:53:08.429+0000] {manager.py:878} INFO - 
================================================================================
DAG File Processing Stats

File Path                             PID    Runtime      # DAGs    # Errors  Last Runtime    Last Run
------------------------------------  -----  ---------  --------  ----------  --------------  -------------------
/opt/airflow/dags/flight-pipeline.py                           1           0  0.82s           2026-08-20T05:53:08
================================================================================
[2026-08-20T05:53:38.704+0000] {manager.py:878} INFO - 
================================================================================
DAG File Processing Stats

File Path                               PID  Runtime      # DAGs    # Errors  Last Runtime    Last Run
------------------------------------  -----  ---------  --------  ----------  --------------  -------------------
/opt/airflow/dags/flight-pipeline.py    291  0.01s             1           0  0.82s           2026-08-20T05:53:08
================================================================================
[2026-08-20T05:54:08.749+0000] {manager.py:878} INFO - 
================================================================================
DAG File Processing Stats

File Path                             PID    Runtime      # DAGs    # Errors  Last Runtime    Last Run
------------------------------------  -----  ---------  --------  ----------  --------------  -------------------
/opt/airflow/dags/flight-pipeline.py                           1           0  0.84s           2026-08-20T05:53:39
================================================================================
[2026-08-20T05:54:39.000+0000] {manager.py:878} INFO - 
================================================================================
DAG File Processing Stats

File Path                             PID    Runtime      # DAGs    # Errors  Last Runtime    Last Run
------------------------------------  -----  ---------  --------  ----------  --------------  -------------------
/opt/airflow/dags/flight-pipeline.py                           1           0  1.07s           2026-08-20T05:54:10
================================================================================
[2026-08-20T05:55:09.319+0000] {manager.py:878} INFO - 
================================================================================
DAG File Processing Stats

File Path                             PID    Runtime      # DAGs    # Errors  Last Runtime    Last Run
------------------------------------  -----  ---------  --------  ----------  --------------  -------------------
/opt/airflow/dags/flight-pipeline.py                           1           0  1.09s           2026-08-20T05:54:42
================================================================================
[2026-08-20T05:55:39.585+0000] {manager.py:878} INFO - 
================================================================================
DAG File Processing Stats

File Path                             PID    Runtime      # DAGs    # Errors  Last Runtime    Last Run
------------------------------------  -----  ---------  --------  ----------  --------------  -------------------
/opt/airflow/dags/flight-pipeline.py                           1           0  1.05s           2026-08-20T05:55:13
================================================================================
[2026-08-20T05:56:09.660+0000] {manager.py:878} INFO - 
================================================================================
DAG File Processing Stats

File Path                             PID    Runtime      # DAGs    # Errors  Last Runtime    Last Run
------------------------------------  -----  ---------  --------  ----------  --------------  -------------------
/opt/airflow/dags/flight-pipeline.py                           1           0  0.83s           2026-08-20T05:55:44
================================================================================
[2026-08-20T05:56:39.890+0000] {manager.py:878} INFO - 
================================================================================
DAG File Processing Stats

File Path                             PID    Runtime      # DAGs    # Errors  Last Runtime    Last Run
------------------------------------  -----  ---------  --------  ----------  --------------  -------------------
/opt/airflow/dags/flight-pipeline.py                           1           0  0.99s           2026-08-20T05:56:15
================================================================================
[2026-08-20T05:57:10.001+0000] {manager.py:878} INFO - 
================================================================================
DAG File Processing Stats

File Path                             PID    Runtime      # DAGs    # Errors  Last Runtime    Last Run
------------------------------------  -----  ---------  --------  ----------  --------------  -------------------
/opt/airflow/dags/flight-pipeline.py                           1           0  0.86s           2026-08-20T05:56:46
================================================================================
[2026-08-20T05:57:40.266+0000] {manager.py:878} INFO - 
================================================================================
DAG File Processing Stats

File Path                             PID    Runtime      # DAGs    # Errors  Last Runtime    Last Run
------------------------------------  -----  ---------  --------  ----------  --------------  -------------------
/opt/airflow/dags/flight-pipeline.py                           1           0  1.13s           2026-08-20T05:57:18
================================================================================
[2026-08-20T05:57:53.452+0000] {manager.py:737} INFO - Searching for files in /opt/airflow/dags
[2026-08-20T05:57:53.499+0000] {manager.py:740} INFO - There are 1 files in /opt/airflow/dags
[2026-08-20T05:58:10.652+0000] {manager.py:878} INFO - 
================================================================================
DAG File Processing Stats

File Path                             PID    Runtime      # DAGs    # Errors  Last Runtime    Last Run
------------------------------------  -----  ---------  --------  ----------  --------------  -------------------
/opt/airflow/dags/flight-pipeline.py                           1           0  1.08s           2026-08-20T05:57:49
================================================================================
[2026-08-20T05:58:40.918+0000] {manager.py:878} INFO - 
================================================================================
DAG File Processing Stats

File Path                             PID    Runtime      # DAGs    # Errors  Last Runtime    Last Run
------------------------------------  -----  ---------  --------  ----------  --------------  -------------------
/opt/airflow/dags/flight-pipeline.py                           1           0  1.05s           2026-08-20T05:58:20
================================================================================
[2026-08-20T05:59:10.926+0000] {manager.py:878} INFO - 
================================================================================
DAG File Processing Stats

File Path                             PID    Runtime      # DAGs    # Errors  Last Runtime    Last Run
------------------------------------  -----  ---------  --------  ----------  --------------  -------------------
/opt/airflow/dags/flight-pipeline.py                           1           0  0.77s           2026-08-20T05:58:51
================================================================================
[2026-08-20T05:59:40.944+0000] {manager.py:878} INFO - 
================================================================================
DAG File Processing Stats

File Path                             PID    Runtime      # DAGs    # Errors  Last Runtime    Last Run
------------------------------------  -----  ---------  --------  ----------  --------------  -------------------
/opt/airflow/dags/flight-pipeline.py                           1           0  0.78s           2026-08-20T05:59:22
================================================================================
[2026-08-20T06:00:11.001+0000] {manager.py:878} INFO - 
================================================================================
DAG File Processing Stats

File Path                             PID    Runtime      # DAGs    # Errors  Last Runtime    Last Run
------------------------------------  -----  ---------  --------  ----------  --------------  -------------------
/opt/airflow/dags/flight-pipeline.py                           1           0  0.82s           2026-08-20T05:59:53
================================================================================
[2026-08-20T06:00:41.241+0000] {manager.py:878} INFO - 
================================================================================
DAG File Processing Stats

File Path                             PID    Runtime      # DAGs    # Errors  Last Runtime    Last Run
------------------------------------  -----  ---------  --------  ----------  --------------  -------------------
/opt/airflow/dags/flight-pipeline.py                           1           0  1.18s           2026-08-20T06:00:25
================================================================================
[2026-08-20T06:01:11.504+0000] {manager.py:878} INFO - 
================================================================================
DAG File Processing Stats

File Path                             PID    Runtime      # DAGs    # Errors  Last Runtime    Last Run
------------------------------------  -----  ---------  --------  ----------  --------------  -------------------
/opt/airflow/dags/flight-pipeline.py                           1           0  1.00s           2026-08-20T06:00:56
================================================================================
[2026-08-20T06:01:41.782+0000] {manager.py:878} INFO - 
================================================================================
DAG File Processing Stats

File Path                             PID    Runtime      # DAGs    # Errors  Last Runtime    Last Run
------------------------------------  -----  ---------  --------  ----------  --------------  -------------------
/opt/airflow/dags/flight-pipeline.py                           1           0  1.05s           2026-08-20T06:01:27
================================================================================
[2026-08-20T06:02:11.814+0000] {manager.py:878} INFO - 
================================================================================
DAG File Processing Stats

File Path                             PID    Runtime      # DAGs    # Errors  Last Runtime    Last Run
------------------------------------  -----  ---------  --------  ----------  --------------  -------------------
/opt/airflow/dags/flight-pipeline.py                           1           0  0.77s           2026-08-20T06:01:58
================================================================================
[2026-08-20T06:02:41.842+0000] {manager.py:878} INFO - 
================================================================================
DAG File Processing Stats

File Path                             PID    Runtime      # DAGs    # Errors  Last Runtime    Last Run
------------------------------------  -----  ---------  --------  ----------  --------------  -------------------
/opt/airflow/dags/flight-pipeline.py                           1           0  0.78s           2026-08-20T06:02:29
================================================================================
[2026-08-20T06:02:53.929+0000] {manager.py:737} INFO - Searching for files in /opt/airflow/dags
[2026-08-20T06:02:53.975+0000] {manager.py:740} INFO - There are 1 files in /opt/airflow/dags
[2026-08-20T06:03:12.010+0000] {manager.py:878} INFO - 
================================================================================
DAG File Processing Stats

File Path                             PID    Runtime      # DAGs    # Errors  Last Runtime    Last Run
------------------------------------  -----  ---------  --------  ----------  --------------  -------------------
/opt/airflow/dags/flight-pipeline.py                           1           0  0.86s           2026-08-20T06:03:00
================================================================================
[2026-08-20T06:03:42.261+0000] {manager.py:878} INFO - 
================================================================================
DAG File Processing Stats

File Path                             PID    Runtime      # DAGs    # Errors  Last Runtime    Last Run
------------------------------------  -----  ---------  --------  ----------  --------------  -------------------
/opt/airflow/dags/flight-pipeline.py                           1           0  1.00s           2026-08-20T06:03:32
================================================================================
[2026-08-20T06:04:12.518+0000] {manager.py:878} INFO - 
================================================================================
DAG File Processing Stats

File Path                             PID    Runtime      # DAGs    # Errors  Last Runtime    Last Run
------------------------------------  -----  ---------  --------  ----------  --------------  -------------------
/opt/airflow/dags/flight-pipeline.py                           1           0  1.03s           2026-08-20T06:04:03
================================================================================
[2026-08-20T06:04:42.587+0000] {manager.py:878} INFO - 
================================================================================
DAG File Processing Stats

File Path                             PID    Runtime      # DAGs    # Errors  Last Runtime    Last Run
------------------------------------  -----  ---------  --------  ----------  --------------  -------------------
/opt/airflow/dags/flight-pipeline.py                           1           0  0.80s           2026-08-20T06:04:34
================================================================================
[2026-08-20T06:05:12.819+0000] {manager.py:878} INFO - 
================================================================================
DAG File Processing Stats

File Path                             PID    Runtime      # DAGs    # Errors  Last Runtime    Last Run
------------------------------------  -----  ---------  --------  ----------  --------------  -------------------
/opt/airflow/dags/flight-pipeline.py                           1           0  0.97s           2026-08-20T06:05:05
================================================================================
[2026-08-20T06:05:42.867+0000] {manager.py:878} INFO - 
================================================================================
DAG File Processing Stats

File Path                             PID    Runtime      # DAGs    # Errors  Last Runtime    Last Run
------------------------------------  -----  ---------  --------  ----------  --------------  -------------------
/opt/airflow/dags/flight-pipeline.py                           1           0  0.81s           2026-08-20T06:05:36
================================================================================
[2026-08-20T06:06:13.145+0000] {manager.py:878} INFO - 
================================================================================
DAG File Processing Stats

File Path                             PID    Runtime      # DAGs    # Errors  Last Runtime    Last Run
------------------------------------  -----  ---------  --------  ----------  --------------  -------------------
/opt/airflow/dags/flight-pipeline.py                           1           0  1.06s           2026-08-20T06:06:08
================================================================================
[2026-08-20T06:06:43.413+0000] {manager.py:878} INFO - 
================================================================================
DAG File Processing Stats

File Path                             PID    Runtime      # DAGs    # Errors  Last Runtime    Last Run
------------------------------------  -----  ---------  --------  ----------  --------------  -------------------
/opt/airflow/dags/flight-pipeline.py                           1           0  1.03s           2026-08-20T06:06:39
================================================================================
[2026-08-20T06:07:13.681+0000] {manager.py:878} INFO - 
================================================================================
DAG File Processing Stats

File Path                             PID    Runtime      # DAGs    # Errors  Last Runtime    Last Run
------------------------------------  -----  ---------  --------  ----------  --------------  -------------------
/opt/airflow/dags/flight-pipeline.py                           1           0  1.01s           2026-08-20T06:07:10
================================================================================
[2026-08-20T06:07:43.983+0000] {manager.py:878} INFO - 
================================================================================
DAG File Processing Stats

File Path                             PID    Runtime      # DAGs    # Errors  Last Runtime    Last Run
------------------------------------  -----  ---------  --------  ----------  --------------  -------------------
/opt/airflow/dags/flight-pipeline.py                           1           0  1.07s           2026-08-20T06:07:42
================================================================================
[2026-08-20T06:07:54.073+0000] {manager.py:737} INFO - Searching for files in /opt/airflow/dags
[2026-08-20T06:07:54.122+0000] {manager.py:740} INFO - There are 1 files in /opt/airflow/dags
[2026-08-20T06:08:14.129+0000] {manager.py:878} INFO - 
================================================================================
DAG File Processing Stats

File Path                             PID    Runtime      # DAGs    # Errors  Last Runtime    Last Run
------------------------------------  -----  ---------  --------  ----------  --------------  -------------------
/opt/airflow/dags/flight-pipeline.py                           1           0  0.80s           2026-08-20T06:08:13
================================================================================
[2026-08-20T06:08:44.261+0000] {manager.py:878} INFO - 
================================================================================
DAG File Processing Stats

File Path                             PID    Runtime      # DAGs    # Errors  Last Runtime    Last Run
------------------------------------  -----  ---------  --------  ----------  --------------  -------------------
/opt/airflow/dags/flight-pipeline.py                           1           0  0.81s           2026-08-20T06:08:44
================================================================================
[2026-08-20T06:09:14.533+0000] {manager.py:878} INFO - 
================================================================================
DAG File Processing Stats

File Path                               PID  Runtime      # DAGs    # Errors  Last Runtime    Last Run
------------------------------------  -----  ---------  --------  ----------  --------------  -------------------
/opt/airflow/dags/flight-pipeline.py    381  0.01s             1           0  0.81s           2026-08-20T06:08:44
================================================================================
[2026-08-20T06:09:44.784+0000] {manager.py:878} INFO - 
================================================================================
DAG File Processing Stats

File Path                             PID    Runtime      # DAGs    # Errors  Last Runtime    Last Run
------------------------------------  -----  ---------  --------  ----------  --------------  -------------------
/opt/airflow/dags/flight-pipeline.py                           1           0  1.15s           2026-08-20T06:09:15
================================================================================
[2026-08-20T06:10:15.124+0000] {manager.py:878} INFO - 
================================================================================
DAG File Processing Stats

File Path                             PID    Runtime      # DAGs    # Errors  Last Runtime    Last Run
------------------------------------  -----  ---------  --------  ----------  --------------  -------------------
/opt/airflow/dags/flight-pipeline.py                           1           0  1.18s           2026-08-20T06:09:46
================================================================================
[2026-08-20T06:10:45.263+0000] {manager.py:878} INFO - 
================================================================================
DAG File Processing Stats

File Path                             PID    Runtime      # DAGs    # Errors  Last Runtime    Last Run
------------------------------------  -----  ---------  --------  ----------  --------------  -------------------
/opt/airflow/dags/flight-pipeline.py                           1           0  1.90s           2026-08-20T06:10:19
================================================================================
[2026-08-20T06:11:15.348+0000] {manager.py:878} INFO - 
================================================================================
DAG File Processing Stats

File Path                             PID    Runtime      # DAGs    # Errors  Last Runtime    Last Run
------------------------------------  -----  ---------  --------  ----------  --------------  -------------------
/opt/airflow/dags/flight-pipeline.py                           1           0  0.85s           2026-08-20T06:10:50
================================================================================
[2026-08-20T06:11:45.426+0000] {manager.py:878} INFO - 
================================================================================
DAG File Processing Stats

File Path                             PID    Runtime      # DAGs    # Errors  Last Runtime    Last Run
------------------------------------  -----  ---------  --------  ----------  --------------  -------------------
/opt/airflow/dags/flight-pipeline.py                           1           0  0.84s           2026-08-20T06:11:21
================================================================================
[2026-08-20T06:12:15.481+0000] {manager.py:878} INFO - 
================================================================================
DAG File Processing Stats

File Path                             PID    Runtime      # DAGs    # Errors  Last Runtime    Last Run
------------------------------------  -----  ---------  --------  ----------  --------------  -------------------
/opt/airflow/dags/flight-pipeline.py                           1           0  0.82s           2026-08-20T06:11:52
================================================================================
[2026-08-20T06:12:45.733+0000] {manager.py:878} INFO - 
================================================================================
DAG File Processing Stats

File Path                             PID    Runtime      # DAGs    # Errors  Last Runtime    Last Run
------------------------------------  -----  ---------  --------  ----------  --------------  -------------------
/opt/airflow/dags/flight-pipeline.py                           1           0  1.04s           2026-08-20T06:12:23
================================================================================
[2026-08-20T06:12:54.823+0000] {manager.py:737} INFO - Searching for files in /opt/airflow/dags
[2026-08-20T06:12:54.875+0000] {manager.py:740} INFO - There are 1 files in /opt/airflow/dags
[2026-08-20T06:13:16.077+0000] {manager.py:878} INFO - 
================================================================================
DAG File Processing Stats

File Path                             PID    Runtime      # DAGs    # Errors  Last Runtime    Last Run
------------------------------------  -----  ---------  --------  ----------  --------------  -------------------
/opt/airflow/dags/flight-pipeline.py                           1           0  1.09s           2026-08-20T06:12:54
================================================================================
[2026-08-20T06:13:46.340+0000] {manager.py:878} INFO - 
================================================================================
DAG File Processing Stats

File Path                             PID    Runtime      # DAGs    # Errors  Last Runtime    Last Run
------------------------------------  -----  ---------  --------  ----------  --------------  -------------------
/opt/airflow/dags/flight-pipeline.py                           1           0  1.14s           2026-08-20T06:13:26
================================================================================
[2026-08-20T06:14:16.376+0000] {manager.py:878} INFO - 
================================================================================
DAG File Processing Stats

File Path                             PID    Runtime      # DAGs    # Errors  Last Runtime    Last Run
------------------------------------  -----  ---------  --------  ----------  --------------  -------------------
/opt/airflow/dags/flight-pipeline.py                           1           0  0.79s           2026-08-20T06:13:57
================================================================================
[2026-08-20T06:14:46.439+0000] {manager.py:878} INFO - 
================================================================================
DAG File Processing Stats

File Path                             PID    Runtime      # DAGs    # Errors  Last Runtime    Last Run
------------------------------------  -----  ---------  --------  ----------  --------------  -------------------
/opt/airflow/dags/flight-pipeline.py                           1           0  0.83s           2026-08-20T06:14:28
================================================================================
[2026-08-20T06:15:16.457+0000] {manager.py:878} INFO - 
================================================================================
DAG File Processing Stats

File Path                             PID    Runtime      # DAGs    # Errors  Last Runtime    Last Run
------------------------------------  -----  ---------  --------  ----------  --------------  -------------------
/opt/airflow/dags/flight-pipeline.py                           1           0  0.79s           2026-08-20T06:14:59
================================================================================
[2026-08-20T06:15:46.721+0000] {manager.py:878} INFO - 
================================================================================
DAG File Processing Stats

File Path                             PID    Runtime      # DAGs    # Errors  Last Runtime    Last Run
------------------------------------  -----  ---------  --------  ----------  --------------  -------------------
/opt/airflow/dags/flight-pipeline.py                           1           0  1.08s           2026-08-20T06:15:30
================================================================================
[2026-08-20T06:20:33.287+0000] {manager.py:737} INFO - Searching for files in /opt/airflow/dags
[2026-08-20T06:20:33.330+0000] {manager.py:740} INFO - There are 1 files in /opt/airflow/dags
[2026-08-20T06:20:42.786+0000] {manager.py:878} INFO - 
================================================================================
DAG File Processing Stats

File Path                             PID    Runtime      # DAGs    # Errors  Last Runtime    Last Run
------------------------------------  -----  ---------  --------  ----------  --------------  -------------------
/opt/airflow/dags/flight-pipeline.py                           1           0  1.36s           2026-08-20T06:20:34
================================================================================
[2026-08-20T06:21:13.039+0000] {manager.py:878} INFO - 
================================================================================
DAG File Processing Stats

File Path                             PID    Runtime      # DAGs    # Errors  Last Runtime    Last Run
------------------------------------  -----  ---------  --------  ----------  --------------  -------------------
/opt/airflow/dags/flight-pipeline.py                           1           0  1.12s           2026-08-20T06:21:06
================================================================================
[2026-08-20T06:21:43.296+0000] {manager.py:878} INFO - 
================================================================================
DAG File Processing Stats

File Path                             PID    Runtime      # DAGs    # Errors  Last Runtime    Last Run
------------------------------------  -----  ---------  --------  ----------  --------------  -------------------
/opt/airflow/dags/flight-pipeline.py                           1           0  0.94s           2026-08-20T06:21:37
================================================================================
[2026-08-20T06:22:13.519+0000] {manager.py:878} INFO - 
================================================================================
DAG File Processing Stats

File Path                             PID    Runtime      # DAGs    # Errors  Last Runtime    Last Run
------------------------------------  -----  ---------  --------  ----------  --------------  -------------------
/opt/airflow/dags/flight-pipeline.py                           1           0  0.97s           2026-08-20T06:22:08
================================================================================
[2026-08-20T06:22:43.851+0000] {manager.py:878} INFO - 
================================================================================
DAG File Processing Stats

File Path                             PID    Runtime      # DAGs    # Errors  Last Runtime    Last Run
------------------------------------  -----  ---------  --------  ----------  --------------  -------------------
/opt/airflow/dags/flight-pipeline.py                           1           0  1.15s           2026-08-20T06:22:39
================================================================================
[2026-08-20T06:23:14.173+0000] {manager.py:878} INFO - 
================================================================================
DAG File Processing Stats

File Path                             PID    Runtime      # DAGs    # Errors  Last Runtime    Last Run
------------------------------------  -----  ---------  --------  ----------  --------------  -------------------
/opt/airflow/dags/flight-pipeline.py                           1           0  1.09s           2026-08-20T06:23:11
================================================================================
[2026-08-20T06:23:44.499+0000] {manager.py:878} INFO - 
================================================================================
DAG File Processing Stats

File Path                             PID    Runtime      # DAGs    # Errors  Last Runtime    Last Run
------------------------------------  -----  ---------  --------  ----------  --------------  -------------------
/opt/airflow/dags/flight-pipeline.py                           1           0  1.06s           2026-08-20T06:23:42
================================================================================
[2026-08-20T06:24:14.773+0000] {manager.py:878} INFO - 
================================================================================
DAG File Processing Stats

File Path                             PID    Runtime      # DAGs    # Errors  Last Runtime    Last Run
------------------------------------  -----  ---------  --------  ----------  --------------  -------------------
/opt/airflow/dags/flight-pipeline.py                           1           0  1.42s           2026-08-20T06:24:14
================================================================================
[2026-08-20T06:24:45.056+0000] {manager.py:878} INFO - 
================================================================================
DAG File Processing Stats

File Path                               PID  Runtime      # DAGs    # Errors  Last Runtime    Last Run
------------------------------------  -----  ---------  --------  ----------  --------------  -------------------
/opt/airflow/dags/flight-pipeline.py    455  0.64s             1           0  1.42s           2026-08-20T06:24:14
================================================================================
[2026-08-20T06:25:15.431+0000] {manager.py:878} INFO - 
================================================================================
DAG File Processing Stats

File Path                               PID  Runtime      # DAGs    # Errors  Last Runtime    Last Run
------------------------------------  -----  ---------  --------  ----------  --------------  -------------------
/opt/airflow/dags/flight-pipeline.py    457  0.01s             1           0  0.89s           2026-08-20T06:24:45
================================================================================
[2026-08-20T06:25:33.425+0000] {manager.py:737} INFO - Searching for files in /opt/airflow/dags
[2026-08-20T06:25:33.462+0000] {manager.py:740} INFO - There are 1 files in /opt/airflow/dags
[2026-08-20T06:25:45.648+0000] {manager.py:878} INFO - 
================================================================================
DAG File Processing Stats

File Path                             PID    Runtime      # DAGs    # Errors  Last Runtime    Last Run
------------------------------------  -----  ---------  --------  ----------  --------------  -------------------
/opt/airflow/dags/flight-pipeline.py                           1           0  0.87s           2026-08-20T06:25:16
================================================================================
[2026-08-20T06:26:15.977+0000] {manager.py:878} INFO - 
================================================================================
DAG File Processing Stats

File Path                             PID    Runtime      # DAGs    # Errors  Last Runtime    Last Run
------------------------------------  -----  ---------  --------  ----------  --------------  -------------------
/opt/airflow/dags/flight-pipeline.py                           1           0  1.10s           2026-08-20T06:25:47
================================================================================
[2026-08-20T06:26:46.363+0000] {manager.py:878} INFO - 
================================================================================
DAG File Processing Stats

File Path                             PID    Runtime      # DAGs    # Errors  Last Runtime    Last Run
------------------------------------  -----  ---------  --------  ----------  --------------  -------------------
/opt/airflow/dags/flight-pipeline.py                           1           0  1.21s           2026-08-20T06:26:19
================================================================================
[2026-08-20T06:27:16.718+0000] {manager.py:878} INFO - 
================================================================================
DAG File Processing Stats

File Path                             PID    Runtime      # DAGs    # Errors  Last Runtime    Last Run
------------------------------------  -----  ---------  --------  ----------  --------------  -------------------
/opt/airflow/dags/flight-pipeline.py                           1           0  1.14s           2026-08-20T06:26:50
================================================================================
[2026-08-20T06:27:46.995+0000] {manager.py:878} INFO - 
================================================================================
DAG File Processing Stats

File Path                             PID    Runtime      # DAGs    # Errors  Last Runtime    Last Run
------------------------------------  -----  ---------  --------  ----------  --------------  -------------------
/opt/airflow/dags/flight-pipeline.py                           1           0  1.13s           2026-08-20T06:27:21
================================================================================
[2026-08-20T06:28:17.123+0000] {manager.py:878} INFO - 
================================================================================
DAG File Processing Stats

File Path                             PID    Runtime      # DAGs    # Errors  Last Runtime    Last Run
------------------------------------  -----  ---------  --------  ----------  --------------  -------------------
/opt/airflow/dags/flight-pipeline.py                           1           0  0.88s           2026-08-20T06:27:52
================================================================================
[2026-08-20T06:28:47.267+0000] {manager.py:878} INFO - 
================================================================================
DAG File Processing Stats

File Path                             PID    Runtime      # DAGs    # Errors  Last Runtime    Last Run
------------------------------------  -----  ---------  --------  ----------  --------------  -------------------
/opt/airflow/dags/flight-pipeline.py                           1           0  0.86s           2026-08-20T06:28:24
================================================================================
[2026-08-20T06:29:17.529+0000] {manager.py:878} INFO - 
================================================================================
DAG File Processing Stats

File Path                             PID    Runtime      # DAGs    # Errors  Last Runtime    Last Run
------------------------------------  -----  ---------  --------  ----------  --------------  -------------------
/opt/airflow/dags/flight-pipeline.py                           1           0  1.13s           2026-08-20T06:28:55
================================================================================
[2026-08-20T06:29:47.863+0000] {manager.py:878} INFO - 
================================================================================
DAG File Processing Stats

File Path                             PID    Runtime      # DAGs    # Errors  Last Runtime    Last Run
------------------------------------  -----  ---------  --------  ----------  --------------  -------------------
/opt/airflow/dags/flight-pipeline.py                           1           0  1.09s           2026-08-20T06:29:26
================================================================================
[2026-08-20T06:30:18.151+0000] {manager.py:878} INFO - 
================================================================================
DAG File Processing Stats

File Path                             PID    Runtime      # DAGs    # Errors  Last Runtime    Last Run
------------------------------------  -----  ---------  --------  ----------  --------------  -------------------
/opt/airflow/dags/flight-pipeline.py                           1           0  1.08s           2026-08-20T06:29:58
================================================================================
[2026-08-20T06:30:33.544+0000] {manager.py:737} INFO - Searching for files in /opt/airflow/dags
[2026-08-20T06:30:33.589+0000] {manager.py:740} INFO - There are 1 files in /opt/airflow/dags
[2026-08-20T06:30:48.444+0000] {manager.py:878} INFO - 
================================================================================
DAG File Processing Stats

File Path                             PID    Runtime      # DAGs    # Errors  Last Runtime    Last Run
------------------------------------  -----  ---------  --------  ----------  --------------  -------------------
/opt/airflow/dags/flight-pipeline.py                           1           0  1.27s           2026-08-20T06:30:29
================================================================================
[2026-08-20T06:31:18.603+0000] {manager.py:878} INFO - 
================================================================================
DAG File Processing Stats

File Path                             PID    Runtime      # DAGs    # Errors  Last Runtime    Last Run
------------------------------------  -----  ---------  --------  ----------  --------------  -------------------
/opt/airflow/dags/flight-pipeline.py                           1           0  0.91s           2026-08-20T06:31:00
================================================================================
[2026-08-20T06:31:48.897+0000] {manager.py:878} INFO - 
================================================================================
DAG File Processing Stats

File Path                             PID    Runtime      # DAGs    # Errors  Last Runtime    Last Run
------------------------------------  -----  ---------  --------  ----------  --------------  -------------------
/opt/airflow/dags/flight-pipeline.py                           1           0  1.13s           2026-08-20T06:31:31
================================================================================
[2026-08-20T06:32:19.195+0000] {manager.py:878} INFO - 
================================================================================
DAG File Processing Stats

File Path                             PID    Runtime      # DAGs    # Errors  Last Runtime    Last Run
------------------------------------  -----  ---------  --------  ----------  --------------  -------------------
/opt/airflow/dags/flight-pipeline.py                           1           0  1.18s           2026-08-20T06:32:03
================================================================================
[2026-08-20T06:32:49.552+0000] {manager.py:878} INFO - 
================================================================================
DAG File Processing Stats

File Path                             PID    Runtime      # DAGs    # Errors  Last Runtime    Last Run
------------------------------------  -----  ---------  --------  ----------  --------------  -------------------
/opt/airflow/dags/flight-pipeline.py                           1           0  1.14s           2026-08-20T06:32:34
================================================================================
[2026-08-20T06:33:19.855+0000] {manager.py:878} INFO - 
================================================================================
DAG File Processing Stats

File Path                             PID    Runtime      # DAGs    # Errors  Last Runtime    Last Run
------------------------------------  -----  ---------  --------  ----------  --------------  -------------------
/opt/airflow/dags/flight-pipeline.py                           1           0  1.09s           2026-08-20T06:33:05
================================================================================
[2026-08-20T06:33:50.134+0000] {manager.py:878} INFO - 
================================================================================
DAG File Processing Stats

File Path                             PID    Runtime      # DAGs    # Errors  Last Runtime    Last Run
------------------------------------  -----  ---------  --------  ----------  --------------  -------------------
/opt/airflow/dags/flight-pipeline.py                           1           0  1.12s           2026-08-20T06:33:37
================================================================================
[2026-08-20T06:34:20.374+0000] {manager.py:878} INFO - 
================================================================================
DAG File Processing Stats

File Path                             PID    Runtime      # DAGs    # Errors  Last Runtime    Last Run
------------------------------------  -----  ---------  --------  ----------  --------------  -------------------
/opt/airflow/dags/flight-pipeline.py                           1           0  0.99s           2026-08-20T06:34:08
================================================================================
[2026-08-20T06:34:50.669+0000] {manager.py:878} INFO - 
================================================================================
DAG File Processing Stats

File Path                             PID    Runtime      # DAGs    # Errors  Last Runtime    Last Run
------------------------------------  -----  ---------  --------  ----------  --------------  -------------------
/opt/airflow/dags/flight-pipeline.py                           1           0  1.52s           2026-08-20T06:34:40
================================================================================
[2026-08-20T06:35:20.864+0000] {manager.py:878} INFO - 
================================================================================
DAG File Processing Stats

File Path                             PID    Runtime      # DAGs    # Errors  Last Runtime    Last Run
------------------------------------  -----  ---------  --------  ----------  --------------  -------------------
/opt/airflow/dags/flight-pipeline.py                           1           0  1.33s           2026-08-20T06:35:11
================================================================================
[2026-08-20T06:35:33.686+0000] {manager.py:737} INFO - Searching for files in /opt/airflow/dags
[2026-08-20T06:35:33.737+0000] {manager.py:740} INFO - There are 1 files in /opt/airflow/dags
[2026-08-20T06:35:45.585+0000] {manager.py:452} INFO - Exiting gracefully upon receiving signal 15
[2026-08-20T08:47:13.169+0000] {manager.py:470} INFO - Processing files using up to 2 processes at a time 
[2026-08-20T08:47:13.173+0000] {manager.py:471} INFO - Process each file at most once every 30 seconds
[2026-08-20T08:47:13.176+0000] {manager.py:472} INFO - Checking for new files in /opt/airflow/dags every 300 seconds
[2026-08-20T08:47:13.180+0000] {manager.py:737} INFO - Searching for files in /opt/airflow/dags
[2026-08-20T08:47:13.228+0000] {manager.py:740} INFO - There are 1 files in /opt/airflow/dags
[2026-08-20T08:47:13.500+0000] {manager.py:878} INFO - 
================================================================================
DAG File Processing Stats

File Path                               PID  Runtime      # DAGs    # Errors  Last Runtime    Last Run
------------------------------------  -----  ---------  --------  ----------  --------------  ----------
/opt/airflow/dags/flight-pipeline.py     25  0.12s             0           0
================================================================================
[2026-08-20T08:47:43.746+0000] {manager.py:878} INFO - 
================================================================================
DAG File Processing Stats

File Path                             PID    Runtime      # DAGs    # Errors  Last Runtime    Last Run
------------------------------------  -----  ---------  --------  ----------  --------------  -------------------
/opt/airflow/dags/flight-pipeline.py                           1           0  4.24s           2026-08-20T08:47:17
================================================================================
[2026-08-20T08:48:14.045+0000] {manager.py:878} INFO - 
================================================================================
DAG File Processing Stats

File Path                             PID    Runtime      # DAGs    # Errors  Last Runtime    Last Run
------------------------------------  -----  ---------  --------  ----------  --------------  -------------------
/opt/airflow/dags/flight-pipeline.py                           1           0  1.02s           2026-08-20T08:47:48
================================================================================
[2026-08-20T08:48:34.387+0000] {manager.py:452} INFO - Exiting gracefully upon receiving signal 15
[2026-08-20T08:52:57.188+0000] {manager.py:470} INFO - Processing files using up to 2 processes at a time 
[2026-08-20T08:52:57.192+0000] {manager.py:471} INFO - Process each file at most once every 30 seconds
[2026-08-20T08:52:57.195+0000] {manager.py:472} INFO - Checking for new files in /opt/airflow/dags every 300 seconds
[2026-08-20T08:52:57.199+0000] {manager.py:737} INFO - Searching for files in /opt/airflow/dags
[2026-08-20T08:52:57.242+0000] {manager.py:740} INFO - There are 1 files in /opt/airflow/dags
[2026-08-20T08:52:57.510+0000] {manager.py:878} INFO - 
================================================================================
DAG File Processing Stats

File Path                               PID  Runtime      # DAGs    # Errors  Last Runtime    Last Run
------------------------------------  -----  ---------  --------  ----------  --------------  ----------
/opt/airflow/dags/flight-pipeline.py     25  0.12s             0           0
================================================================================
[2026-08-20T08:53:27.757+0000] {manager.py:878} INFO - 
================================================================================
DAG File Processing Stats

File Path                             PID    Runtime      # DAGs    # Errors  Last Runtime    Last Run
------------------------------------  -----  ---------  --------  ----------  --------------  -------------------
/opt/airflow/dags/flight-pipeline.py                           1           0  3.61s           2026-08-20T08:53:00
================================================================================
[2026-08-20T08:53:58.050+0000] {manager.py:878} INFO - 
================================================================================
DAG File Processing Stats

File Path                             PID    Runtime      # DAGs    # Errors  Last Runtime    Last Run
------------------------------------  -----  ---------  --------  ----------  --------------  -------------------
/opt/airflow/dags/flight-pipeline.py                           1           0  1.00s           2026-08-20T08:53:32
================================================================================
[2026-08-20T08:54:28.843+0000] {manager.py:878} INFO - 
================================================================================
DAG File Processing Stats

File Path                             PID    Runtime      # DAGs    # Errors  Last Runtime    Last Run
------------------------------------  -----  ---------  --------  ----------  --------------  -------------------
/opt/airflow/dags/flight-pipeline.py                           1           0  1.11s           2026-08-20T08:54:03
================================================================================
[2026-08-20T08:54:59.135+0000] {manager.py:878} INFO - 
================================================================================
DAG File Processing Stats

File Path                             PID    Runtime      # DAGs    # Errors  Last Runtime    Last Run
------------------------------------  -----  ---------  --------  ----------  --------------  -------------------
/opt/airflow/dags/flight-pipeline.py                           1           0  0.95s           2026-08-20T08:54:34
================================================================================
[2026-08-20T08:55:29.418+0000] {manager.py:878} INFO - 
================================================================================
DAG File Processing Stats

File Path                             PID    Runtime      # DAGs    # Errors  Last Runtime    Last Run
------------------------------------  -----  ---------  --------  ----------  --------------  -------------------
/opt/airflow/dags/flight-pipeline.py                           1           0  0.97s           2026-08-20T08:55:06
================================================================================
[2026-08-20T08:55:59.670+0000] {manager.py:878} INFO - 
================================================================================
DAG File Processing Stats

File Path                             PID    Runtime      # DAGs    # Errors  Last Runtime    Last Run
------------------------------------  -----  ---------  --------  ----------  --------------  -------------------
/opt/airflow/dags/flight-pipeline.py                           1           0  0.92s           2026-08-20T08:55:37
================================================================================
[2026-08-20T08:56:29.894+0000] {manager.py:878} INFO - 
================================================================================
DAG File Processing Stats

File Path                             PID    Runtime      # DAGs    # Errors  Last Runtime    Last Run
------------------------------------  -----  ---------  --------  ----------  --------------  -------------------
/opt/airflow/dags/flight-pipeline.py                           1           0  0.92s           2026-08-20T08:56:08
================================================================================
[2026-08-20T08:57:00.103+0000] {manager.py:878} INFO - 
================================================================================
DAG File Processing Stats

File Path                             PID    Runtime      # DAGs    # Errors  Last Runtime    Last Run
------------------------------------  -----  ---------  --------  ----------  --------------  -------------------
/opt/airflow/dags/flight-pipeline.py                           1           0  0.88s           2026-08-20T08:56:39
================================================================================
[2026-08-20T08:57:30.455+0000] {manager.py:878} INFO - 
================================================================================
DAG File Processing Stats

File Path                             PID    Runtime      # DAGs    # Errors  Last Runtime    Last Run
------------------------------------  -----  ---------  --------  ----------  --------------  -------------------
/opt/airflow/dags/flight-pipeline.py                           1           0  1.23s           2026-08-20T08:57:11
================================================================================
[2026-08-20T08:57:57.704+0000] {manager.py:737} INFO - Searching for files in /opt/airflow/dags
[2026-08-20T08:57:57.763+0000] {manager.py:740} INFO - There are 1 files in /opt/airflow/dags
[2026-08-20T08:58:00.826+0000] {manager.py:878} INFO - 
================================================================================
DAG File Processing Stats

File Path                             PID    Runtime      # DAGs    # Errors  Last Runtime    Last Run
------------------------------------  -----  ---------  --------  ----------  --------------  -------------------
/opt/airflow/dags/flight-pipeline.py                           1           0  0.89s           2026-08-20T08:57:42
================================================================================
[2026-08-20T08:58:31.162+0000] {manager.py:878} INFO - 
================================================================================
DAG File Processing Stats

File Path                             PID    Runtime      # DAGs    # Errors  Last Runtime    Last Run
------------------------------------  -----  ---------  --------  ----------  --------------  -------------------
/opt/airflow/dags/flight-pipeline.py                           1           0  1.06s           2026-08-20T08:58:14
================================================================================
[2026-08-20T08:59:01.573+0000] {manager.py:878} INFO - 
================================================================================
DAG File Processing Stats

File Path                             PID    Runtime      # DAGs    # Errors  Last Runtime    Last Run
------------------------------------  -----  ---------  --------  ----------  --------------  -------------------
/opt/airflow/dags/flight-pipeline.py                           1           0  1.27s           2026-08-20T08:58:45
================================================================================
[2026-08-20T08:59:31.770+0000] {manager.py:878} INFO - 
================================================================================
DAG File Processing Stats

File Path                             PID    Runtime      # DAGs    # Errors  Last Runtime    Last Run
------------------------------------  -----  ---------  --------  ----------  --------------  -------------------
/opt/airflow/dags/flight-pipeline.py                           1           0  0.91s           2026-08-20T08:59:16
================================================================================
[2026-08-20T09:00:02.093+0000] {manager.py:878} INFO - 
================================================================================
DAG File Processing Stats

File Path                             PID    Runtime      # DAGs    # Errors  Last Runtime    Last Run
------------------------------------  -----  ---------  --------  ----------  --------------  -------------------
/opt/airflow/dags/flight-pipeline.py                           1           0  1.29s           2026-08-20T08:59:48
================================================================================
[2026-08-20T09:00:32.391+0000] {manager.py:878} INFO - 
================================================================================
DAG File Processing Stats

File Path                             PID    Runtime      # DAGs    # Errors  Last Runtime    Last Run
------------------------------------  -----  ---------  --------  ----------  --------------  -------------------
/opt/airflow/dags/flight-pipeline.py                           1           0  1.11s           2026-08-20T09:00:19
================================================================================
[2026-08-20T09:01:02.718+0000] {manager.py:878} INFO - 
================================================================================
DAG File Processing Stats

File Path                             PID    Runtime      # DAGs    # Errors  Last Runtime    Last Run
------------------------------------  -----  ---------  --------  ----------  --------------  -------------------
/opt/airflow/dags/flight-pipeline.py                           1           0  1.05s           2026-08-20T09:00:50
================================================================================
[2026-08-20T09:01:32.986+0000] {manager.py:878} INFO - 
================================================================================
DAG File Processing Stats

File Path                             PID    Runtime      # DAGs    # Errors  Last Runtime    Last Run
------------------------------------  -----  ---------  --------  ----------  --------------  -------------------
/opt/airflow/dags/flight-pipeline.py                           1           0  0.96s           2026-08-20T09:01:21
================================================================================
[2026-08-20T09:02:03.392+0000] {manager.py:878} INFO - 
================================================================================
DAG File Processing Stats

File Path                             PID    Runtime      # DAGs    # Errors  Last Runtime    Last Run
------------------------------------  -----  ---------  --------  ----------  --------------  -------------------
/opt/airflow/dags/flight-pipeline.py                           1           0  1.25s           2026-08-20T09:01:53
================================================================================
[2026-08-20T09:02:33.684+0000] {manager.py:878} INFO - 
================================================================================
DAG File Processing Stats

File Path                             PID    Runtime      # DAGs    # Errors  Last Runtime    Last Run
------------------------------------  -----  ---------  --------  ----------  --------------  -------------------
/opt/airflow/dags/flight-pipeline.py                           1           0  0.96s           2026-08-20T09:02:24
================================================================================
[2026-08-20T09:02:58.143+0000] {manager.py:737} INFO - Searching for files in /opt/airflow/dags
[2026-08-20T09:02:58.199+0000] {manager.py:740} INFO - There are 1 files in /opt/airflow/dags
[2026-08-20T09:03:04.293+0000] {manager.py:878} INFO - 
================================================================================
DAG File Processing Stats

File Path                             PID    Runtime      # DAGs    # Errors  Last Runtime    Last Run
------------------------------------  -----  ---------  --------  ----------  --------------  -------------------
/opt/airflow/dags/flight-pipeline.py                           1           0  1.22s           2026-08-20T09:02:56
================================================================================
[2026-08-20T09:03:34.643+0000] {manager.py:878} INFO - 
================================================================================
DAG File Processing Stats

File Path                             PID    Runtime      # DAGs    # Errors  Last Runtime    Last Run
------------------------------------  -----  ---------  --------  ----------  --------------  -------------------
/opt/airflow/dags/flight-pipeline.py                           1           0  1.00s           2026-08-20T09:03:27
================================================================================
[2026-08-20T09:04:05.000+0000] {manager.py:878} INFO - 
================================================================================
DAG File Processing Stats

File Path                             PID    Runtime      # DAGs    # Errors  Last Runtime    Last Run
------------------------------------  -----  ---------  --------  ----------  --------------  -------------------
/opt/airflow/dags/flight-pipeline.py                           1           0  1.05s           2026-08-20T09:03:58
================================================================================
[2026-08-20T09:04:35.282+0000] {manager.py:878} INFO - 
================================================================================
DAG File Processing Stats

File Path                             PID    Runtime      # DAGs    # Errors  Last Runtime    Last Run
------------------------------------  -----  ---------  --------  ----------  --------------  -------------------
/opt/airflow/dags/flight-pipeline.py                           1           0  0.94s           2026-08-20T09:04:30
================================================================================
[2026-08-20T09:05:05.598+0000] {manager.py:878} INFO - 
================================================================================
DAG File Processing Stats

File Path                             PID    Runtime      # DAGs    # Errors  Last Runtime    Last Run
------------------------------------  -----  ---------  --------  ----------  --------------  -------------------
/opt/airflow/dags/flight-pipeline.py                           1           0  0.99s           2026-08-20T09:05:01
================================================================================
[2026-08-20T09:05:35.862+0000] {manager.py:878} INFO - 
================================================================================
DAG File Processing Stats

File Path                             PID    Runtime      # DAGs    # Errors  Last Runtime    Last Run
------------------------------------  -----  ---------  --------  ----------  --------------  -------------------
/opt/airflow/dags/flight-pipeline.py                           1           0  0.93s           2026-08-20T09:05:32
================================================================================
[2026-08-20T09:06:06.230+0000] {manager.py:878} INFO - 
================================================================================
DAG File Processing Stats

File Path                             PID    Runtime      # DAGs    # Errors  Last Runtime    Last Run
------------------------------------  -----  ---------  --------  ----------  --------------  -------------------
/opt/airflow/dags/flight-pipeline.py                           1           0  1.37s           2026-08-20T09:06:04
================================================================================
[2026-08-20T09:06:36.535+0000] {manager.py:878} INFO - 
================================================================================
DAG File Processing Stats

File Path                             PID    Runtime      # DAGs    # Errors  Last Runtime    Last Run
------------------------------------  -----  ---------  --------  ----------  --------------  -------------------
/opt/airflow/dags/flight-pipeline.py                           1           0  0.94s           2026-08-20T09:06:35
================================================================================
[2026-08-20T09:07:06.844+0000] {manager.py:878} INFO - 
================================================================================
DAG File Processing Stats

File Path                             PID    Runtime      # DAGs    # Errors  Last Runtime    Last Run
------------------------------------  -----  ---------  --------  ----------  --------------  -------------------
/opt/airflow/dags/flight-pipeline.py                           1           0  0.94s           2026-08-20T09:07:06
================================================================================
[2026-08-20T09:07:37.175+0000] {manager.py:878} INFO - 
================================================================================
DAG File Processing Stats

File Path                               PID  Runtime      # DAGs    # Errors  Last Runtime    Last Run
------------------------------------  -----  ---------  --------  ----------  --------------  -------------------
/opt/airflow/dags/flight-pipeline.py    141  0.01s             1           0  0.94s           2026-08-20T09:07:06
================================================================================
[2026-08-20T09:07:58.312+0000] {manager.py:737} INFO - Searching for files in /opt/airflow/dags
[2026-08-20T09:07:58.370+0000] {manager.py:740} INFO - There are 1 files in /opt/airflow/dags
[2026-08-20T09:08:07.494+0000] {manager.py:878} INFO - 
================================================================================
DAG File Processing Stats

File Path                             PID    Runtime      # DAGs    # Errors  Last Runtime    Last Run
------------------------------------  -----  ---------  --------  ----------  --------------  -------------------
/opt/airflow/dags/flight-pipeline.py                           1           0  0.95s           2026-08-20T09:07:38
================================================================================
[2026-08-20T09:08:37.832+0000] {manager.py:878} INFO - 
================================================================================
DAG File Processing Stats

File Path                             PID    Runtime      # DAGs    # Errors  Last Runtime    Last Run
------------------------------------  -----  ---------  --------  ----------  --------------  -------------------
/opt/airflow/dags/flight-pipeline.py                           1           0  1.09s           2026-08-20T09:08:09
================================================================================
[2026-08-20T09:09:08.252+0000] {manager.py:878} INFO - 
================================================================================
DAG File Processing Stats

File Path                             PID    Runtime      # DAGs    # Errors  Last Runtime    Last Run
------------------------------------  -----  ---------  --------  ----------  --------------  -------------------
/opt/airflow/dags/flight-pipeline.py                           1           0  1.18s           2026-08-20T09:08:41
================================================================================
[2026-08-20T09:09:38.629+0000] {manager.py:878} INFO - 
================================================================================
DAG File Processing Stats

File Path                             PID    Runtime      # DAGs    # Errors  Last Runtime    Last Run
------------------------------------  -----  ---------  --------  ----------  --------------  -------------------
/opt/airflow/dags/flight-pipeline.py                           1           0  1.27s           2026-08-20T09:09:12
================================================================================
[2026-08-20T09:10:09.210+0000] {manager.py:878} INFO - 
================================================================================
DAG File Processing Stats

File Path                             PID    Runtime      # DAGs    # Errors  Last Runtime    Last Run
------------------------------------  -----  ---------  --------  ----------  --------------  -------------------
/opt/airflow/dags/flight-pipeline.py                           1           0  1.63s           2026-08-20T09:09:44
================================================================================
[2026-08-20T09:10:39.940+0000] {manager.py:878} INFO - 
================================================================================
DAG File Processing Stats

File Path                             PID    Runtime      # DAGs    # Errors  Last Runtime    Last Run
------------------------------------  -----  ---------  --------  ----------  --------------  -------------------
/opt/airflow/dags/flight-pipeline.py                           1           0  1.08s           2026-08-20T09:10:15
================================================================================
[2026-08-20T09:11:10.286+0000] {manager.py:878} INFO - 
================================================================================
DAG File Processing Stats

File Path                             PID    Runtime      # DAGs    # Errors  Last Runtime    Last Run
------------------------------------  -----  ---------  --------  ----------  --------------  -------------------
/opt/airflow/dags/flight-pipeline.py                           1           0  0.96s           2026-08-20T09:10:47
================================================================================
[2026-08-20T09:11:40.598+0000] {manager.py:878} INFO - 
================================================================================
DAG File Processing Stats

File Path                             PID    Runtime      # DAGs    # Errors  Last Runtime    Last Run
------------------------------------  -----  ---------  --------  ----------  --------------  -------------------
/opt/airflow/dags/flight-pipeline.py                           1           0  1.03s           2026-08-20T09:11:18
================================================================================
[2026-08-20T09:12:10.829+0000] {manager.py:878} INFO - 
================================================================================
DAG File Processing Stats

File Path                             PID    Runtime      # DAGs    # Errors  Last Runtime    Last Run
------------------------------------  -----  ---------  --------  ----------  --------------  -------------------
/opt/airflow/dags/flight-pipeline.py                           1           0  0.89s           2026-08-20T09:11:49
================================================================================
[2026-08-20T09:12:41.311+0000] {manager.py:878} INFO - 
================================================================================
DAG File Processing Stats

File Path                             PID    Runtime      # DAGs    # Errors  Last Runtime    Last Run
------------------------------------  -----  ---------  --------  ----------  --------------  -------------------
/opt/airflow/dags/flight-pipeline.py                           1           0  1.45s           2026-08-20T09:12:21
================================================================================
[2026-08-20T09:12:58.786+0000] {manager.py:737} INFO - Searching for files in /opt/airflow/dags
[2026-08-20T09:12:58.846+0000] {manager.py:740} INFO - There are 1 files in /opt/airflow/dags
[2026-08-20T09:13:12.015+0000] {manager.py:878} INFO - 
================================================================================
DAG File Processing Stats

File Path                             PID    Runtime      # DAGs    # Errors  Last Runtime    Last Run
------------------------------------  -----  ---------  --------  ----------  --------------  -------------------
/opt/airflow/dags/flight-pipeline.py                           1           0  1.10s           2026-08-20T09:12:52
================================================================================
[2026-08-20T09:13:42.311+0000] {manager.py:878} INFO - 
================================================================================
DAG File Processing Stats

File Path                             PID    Runtime      # DAGs    # Errors  Last Runtime    Last Run
------------------------------------  -----  ---------  --------  ----------  --------------  -------------------
/opt/airflow/dags/flight-pipeline.py                           1           0  0.97s           2026-08-20T09:13:24
================================================================================
[2026-08-20T09:14:12.641+0000] {manager.py:878} INFO - 
================================================================================
DAG File Processing Stats

File Path                             PID    Runtime      # DAGs    # Errors  Last Runtime    Last Run
------------------------------------  -----  ---------  --------  ----------  --------------  -------------------
/opt/airflow/dags/flight-pipeline.py                           1           0  1.02s           2026-08-20T09:13:55
================================================================================
[2026-08-20T09:14:42.956+0000] {manager.py:878} INFO - 
================================================================================
DAG File Processing Stats

File Path                             PID    Runtime      # DAGs    # Errors  Last Runtime    Last Run
------------------------------------  -----  ---------  --------  ----------  --------------  -------------------
/opt/airflow/dags/flight-pipeline.py                           1           0  0.98s           2026-08-20T09:14:26
================================================================================
[2026-08-20T09:15:13.315+0000] {manager.py:878} INFO - 
================================================================================
DAG File Processing Stats

File Path                             PID    Runtime      # DAGs    # Errors  Last Runtime    Last Run
------------------------------------  -----  ---------  --------  ----------  --------------  -------------------
/opt/airflow/dags/flight-pipeline.py                           1           0  1.15s           2026-08-20T09:14:58
================================================================================
[2026-08-20T09:15:43.706+0000] {manager.py:878} INFO - 
================================================================================
DAG File Processing Stats

File Path                             PID    Runtime      # DAGs    # Errors  Last Runtime    Last Run
------------------------------------  -----  ---------  --------  ----------  --------------  -------------------
/opt/airflow/dags/flight-pipeline.py                           1           0  1.29s           2026-08-20T09:15:29
================================================================================
[2026-08-20T09:16:14.043+0000] {manager.py:878} INFO - 
================================================================================
DAG File Processing Stats

File Path                             PID    Runtime      # DAGs    # Errors  Last Runtime    Last Run
------------------------------------  -----  ---------  --------  ----------  --------------  -------------------
/opt/airflow/dags/flight-pipeline.py                           1           0  1.02s           2026-08-20T09:16:00
================================================================================
[2026-08-20T09:16:44.370+0000] {manager.py:878} INFO - 
================================================================================
DAG File Processing Stats

File Path                             PID    Runtime      # DAGs    # Errors  Last Runtime    Last Run
------------------------------------  -----  ---------  --------  ----------  --------------  -------------------
/opt/airflow/dags/flight-pipeline.py                           1           0  1.03s           2026-08-20T09:16:32
================================================================================
[2026-08-20T09:17:14.666+0000] {manager.py:878} INFO - 
================================================================================
DAG File Processing Stats

File Path                             PID    Runtime      # DAGs    # Errors  Last Runtime    Last Run
------------------------------------  -----  ---------  --------  ----------  --------------  -------------------
/opt/airflow/dags/flight-pipeline.py                           1           0  0.93s           2026-08-20T09:17:03
================================================================================
[2026-08-20T09:17:44.935+0000] {manager.py:878} INFO - 
================================================================================
DAG File Processing Stats

File Path                             PID    Runtime      # DAGs    # Errors  Last Runtime    Last Run
------------------------------------  -----  ---------  --------  ----------  --------------  -------------------
/opt/airflow/dags/flight-pipeline.py                           1           0  0.93s           2026-08-20T09:17:34
================================================================================
[2026-08-20T09:17:59.077+0000] {manager.py:737} INFO - Searching for files in /opt/airflow/dags
[2026-08-20T09:17:59.140+0000] {manager.py:740} INFO - There are 1 files in /opt/airflow/dags
[2026-08-20T09:18:15.380+0000] {manager.py:878} INFO - 
================================================================================
DAG File Processing Stats

File Path                             PID    Runtime      # DAGs    # Errors  Last Runtime    Last Run
------------------------------------  -----  ---------  --------  ----------  --------------  -------------------
/opt/airflow/dags/flight-pipeline.py                           1           0  1.37s           2026-08-20T09:18:06
================================================================================
[2026-08-20T09:18:45.596+0000] {manager.py:878} INFO - 
================================================================================
DAG File Processing Stats

File Path                             PID    Runtime      # DAGs    # Errors  Last Runtime    Last Run
------------------------------------  -----  ---------  --------  ----------  --------------  -------------------
/opt/airflow/dags/flight-pipeline.py                           1           0  1.59s           2026-08-20T09:18:38
================================================================================
[2026-08-20T09:19:15.904+0000] {manager.py:878} INFO - 
================================================================================
DAG File Processing Stats

File Path                             PID    Runtime      # DAGs    # Errors  Last Runtime    Last Run
------------------------------------  -----  ---------  --------  ----------  --------------  -------------------
/opt/airflow/dags/flight-pipeline.py                           1           0  0.98s           2026-08-20T09:19:09
================================================================================
[2026-08-20T09:19:46.216+0000] {manager.py:878} INFO - 
================================================================================
DAG File Processing Stats

File Path                             PID    Runtime      # DAGs    # Errors  Last Runtime    Last Run
------------------------------------  -----  ---------  --------  ----------  --------------  -------------------
/opt/airflow/dags/flight-pipeline.py                           1           0  1.15s           2026-08-20T09:19:41
================================================================================
[2026-08-20T09:20:16.544+0000] {manager.py:878} INFO - 
================================================================================
DAG File Processing Stats

File Path                             PID    Runtime      # DAGs    # Errors  Last Runtime    Last Run
------------------------------------  -----  ---------  --------  ----------  --------------  -------------------
/opt/airflow/dags/flight-pipeline.py                           1           0  1.00s           2026-08-20T09:20:12
================================================================================
[2026-08-20T09:20:46.852+0000] {manager.py:878} INFO - 
================================================================================
DAG File Processing Stats

File Path                             PID    Runtime      # DAGs    # Errors  Last Runtime    Last Run
------------------------------------  -----  ---------  --------  ----------  --------------  -------------------
/opt/airflow/dags/flight-pipeline.py                           1           0  0.97s           2026-08-20T09:20:43
================================================================================
[2026-08-20T09:21:17.358+0000] {manager.py:878} INFO - 
================================================================================
DAG File Processing Stats

File Path                             PID    Runtime      # DAGs    # Errors  Last Runtime    Last Run
------------------------------------  -----  ---------  --------  ----------  --------------  -------------------
/opt/airflow/dags/flight-pipeline.py                           1           0  1.28s           2026-08-20T09:21:15
================================================================================
[2026-08-20T09:21:47.892+0000] {manager.py:878} INFO - 
================================================================================
DAG File Processing Stats

File Path                             PID    Runtime      # DAGs    # Errors  Last Runtime    Last Run
------------------------------------  -----  ---------  --------  ----------  --------------  -------------------
/opt/airflow/dags/flight-pipeline.py                           1           0  1.31s           2026-08-20T09:21:46
================================================================================
[2026-08-20T09:22:18.162+0000] {manager.py:878} INFO - 
================================================================================
DAG File Processing Stats

File Path                             PID    Runtime      # DAGs    # Errors  Last Runtime    Last Run
------------------------------------  -----  ---------  --------  ----------  --------------  -------------------
/opt/airflow/dags/flight-pipeline.py                           1           0  0.93s           2026-08-20T09:22:18
================================================================================
[2026-08-20T09:22:48.500+0000] {manager.py:878} INFO - 
================================================================================
DAG File Processing Stats

File Path                               PID  Runtime      # DAGs    # Errors  Last Runtime    Last Run
------------------------------------  -----  ---------  --------  ----------  --------------  -------------------
/opt/airflow/dags/flight-pipeline.py    199  0.01s             1           0  0.93s           2026-08-20T09:22:18
================================================================================
[2026-08-20T09:22:59.699+0000] {manager.py:737} INFO - Searching for files in /opt/airflow/dags
[2026-08-20T09:22:59.757+0000] {manager.py:740} INFO - There are 1 files in /opt/airflow/dags
[2026-08-20T09:23:18.985+0000] {manager.py:878} INFO - 
================================================================================
DAG File Processing Stats

File Path                             PID    Runtime      # DAGs    # Errors  Last Runtime    Last Run
------------------------------------  -----  ---------  --------  ----------  --------------  -------------------
/opt/airflow/dags/flight-pipeline.py                           1           0  1.10s           2026-08-20T09:22:49
================================================================================
[2026-08-20T09:23:49.312+0000] {manager.py:878} INFO - 
================================================================================
DAG File Processing Stats

File Path                             PID    Runtime      # DAGs    # Errors  Last Runtime    Last Run
------------------------------------  -----  ---------  --------  ----------  --------------  -------------------
/opt/airflow/dags/flight-pipeline.py                           1           0  1.00s           2026-08-20T09:23:21
================================================================================
[2026-08-20T09:24:19.670+0000] {manager.py:878} INFO - 
================================================================================
DAG File Processing Stats

File Path                             PID    Runtime      # DAGs    # Errors  Last Runtime    Last Run
------------------------------------  -----  ---------  --------  ----------  --------------  -------------------
/opt/airflow/dags/flight-pipeline.py                           1           0  1.00s           2026-08-20T09:23:52
================================================================================
[2026-08-20T09:24:50.011+0000] {manager.py:878} INFO - 
================================================================================
DAG File Processing Stats

File Path                             PID    Runtime      # DAGs    # Errors  Last Runtime    Last Run
------------------------------------  -----  ---------  --------  ----------  --------------  -------------------
/opt/airflow/dags/flight-pipeline.py                           1           0  1.30s           2026-08-20T09:24:24
================================================================================
